solid OpenSCAD_Model
  facet normal -0.4539904997395467 0.8910065241883679 0
    outer loop
      vertex -9.101049646137003 -26.296818135360986 19
      vertex -9.101049646137003 -26.296818135360986 11
      vertex -10.5 -27.00961894323342 19
    endloop
  endfacet
  facet normal -0.3583679495453003 0.9335804264972017 0
    outer loop
      vertex -9.101049646137003 -26.296818135360986 19
      vertex -7.635254915624209 -25.734152255572695 19
      vertex -9.101049646137003 -26.296818135360986 11
    endloop
  endfacet
  facet normal -0.5446390350150283 0.8386705679454233 0
    outer loop
      vertex -11.816778784387097 -27.86474508437579 19
      vertex -10.5 -27.00961894323342 19
      vertex -10.5 -27.00961894323342 11
    endloop
  endfacet
  facet normal -0.6293203910498376 0.7771459614569707 0
    outer loop
      vertex -11.816778784387097 -27.86474508437579 19
      vertex -13.03695909538287 -28.852827617839086 11
      vertex -13.03695909538287 -28.852827617839086 19
    endloop
  endfacet
  facet normal 0 0 1
    outer loop
      vertex -16.703181864639014 -33.898950353863 19
      vertex -17.265847744427305 -35.36474508437579 19
      vertex 8 -25 19
    endloop
  endfacet
  facet normal 0 0 1
    outer loop
      vertex -17.265847744427305 -35.36474508437579 19
      vertex -17.672214011007085 -36.88132463773361 19
      vertex 8 -25 19
    endloop
  endfacet
  facet normal -0.7071067811865452 0.7071067811865498 0
    outer loop
      vertex -14.147172382160917 -29.963040904617127 19
      vertex -13.03695909538287 -28.852827617839086 19
      vertex -14.147172382160917 -29.963040904617127 11
    endloop
  endfacet
  facet normal -0.7771459614569727 0.6293203910498352 0
    outer loop
      vertex -14.147172382160917 -29.963040904617127 19
      vertex -14.147172382160917 -29.963040904617127 11
      vertex -15.135254915624209 -31.183221215612903 19
    endloop
  endfacet
  facet normal -0.8386705679454233 0.5446390350150283 0
    outer loop
      vertex -15.135254915624209 -31.183221215612903 19
      vertex -15.99038105676658 -32.5 11
      vertex -15.99038105676658 -32.5 19
    endloop
  endfacet
  facet normal 0 0 1
    outer loop
      vertex -11.816778784387097 -27.86474508437579 19
      vertex 8 -25 19
      vertex -10.5 -27.00961894323342 19
    endloop
  endfacet
  facet normal 0 0 1
    outer loop
      vertex -9.101049646137003 -26.296818135360986 19
      vertex -10.5 -27.00961894323342 19
      vertex 8 -25 19
    endloop
  endfacet
  facet normal 0 0 1
    outer loop
      vertex -14.147172382160917 -29.963040904617127 19
      vertex -15.135254915624209 -31.183221215612903 19
      vertex 8 -25 19
    endloop
  endfacet
  facet normal 0 0 1
    outer loop
      vertex -14.147172382160917 -29.963040904617127 19
      vertex 8 -25 19
      vertex -13.03695909538287 -28.852827617839086 19
    endloop
  endfacet
  facet normal 0 0 1
    outer loop
      vertex -11.816778784387097 -27.86474508437579 19
      vertex -13.03695909538287 -28.852827617839086 19
      vertex 8 -25 19
    endloop
  endfacet
  facet normal 0 0 1
    outer loop
      vertex -9.101049646137003 -26.296818135360986 19
      vertex 8 -25 19
      vertex -7.635254915624209 -25.734152255572695 19
    endloop
  endfacet
  facet normal 0 0 1
    outer loop
      vertex -7.635254915624209 -25.734152255572695 19
      vertex 8 -25 19
      vertex -6.118675362266391 -25.327785988992915 19
    endloop
  endfacet
  facet normal 0 0 1
    outer loop
      vertex -6.118675362266391 -25.327785988992915 19
      vertex 8 -25 19
      vertex -4.567926949014801 -25.082171569475896 19
    endloop
  endfacet
  facet normal 0 0 1
    outer loop
      vertex -4.567926949014801 -25.082171569475896 19
      vertex 8 -25 19
      vertex -3 -25 19
    endloop
  endfacet
  facet normal -0.2588190451025211 0.9659258262890683 0
    outer loop
      vertex -7.635254915624209 -25.734152255572695 19
      vertex -6.118675362266391 -25.327785988992915 19
      vertex -7.635254915624209 -25.734152255572695 11
    endloop
  endfacet
  facet normal -0.1564344650402324 0.9876883405951375 0
    outer loop
      vertex -6.118675362266391 -25.327785988992915 19
      vertex -4.567926949014801 -25.082171569475896 19
      vertex -4.567926949014801 -25.082171569475896 11
    endloop
  endfacet
  facet normal -0.05233595624294164 0.9986295347545739 0
    outer loop
      vertex -4.567926949014801 -25.082171569475896 19
      vertex -3 -25 19
      vertex -3 -25 11
    endloop
  endfacet
  facet normal 0 1 0
    outer loop
      vertex -3 -25 19
      vertex 8.284081190460528 -25 16.29714801936913
      vertex -3 -25 11
    endloop
  endfacet
  facet normal 0 0 1
    outer loop
      vertex -15.135254915624209 -31.183221215612903 19
      vertex -15.99038105676658 -32.5 19
      vertex 8 -25 19
    endloop
  endfacet
  facet normal 0 0 1
    outer loop
      vertex -15.99038105676658 -32.5 19
      vertex -16.703181864639014 -33.898950353863 19
      vertex 8 -25 19
    endloop
  endfacet
  facet normal -0.4539904997395467 0.8910065241883679 0
    outer loop
      vertex -10.5 -27.00961894323342 19
      vertex -9.101049646137003 -26.296818135360986 11
      vertex -10.5 -27.00961894323342 11
    endloop
  endfacet
  facet normal -0.5446390350150283 0.8386705679454233 0
    outer loop
      vertex -11.816778784387097 -27.86474508437579 19
      vertex -10.5 -27.00961894323342 11
      vertex -11.816778784387097 -27.86474508437579 11
    endloop
  endfacet
  facet normal -0.6293203910498376 0.7771459614569707 0
    outer loop
      vertex -11.816778784387097 -27.86474508437579 19
      vertex -11.816778784387097 -27.86474508437579 11
      vertex -13.03695909538287 -28.852827617839086 11
    endloop
  endfacet
  facet normal -0.7071067811865452 0.7071067811865498 0
    outer loop
      vertex -13.03695909538287 -28.852827617839086 19
      vertex -13.03695909538287 -28.852827617839086 11
      vertex -14.147172382160917 -29.963040904617127 11
    endloop
  endfacet
  facet normal -0.7771459614569727 0.6293203910498352 0
    outer loop
      vertex -15.135254915624209 -31.183221215612903 19
      vertex -14.147172382160917 -29.963040904617127 11
      vertex -15.135254915624209 -31.183221215612903 11
    endloop
  endfacet
  facet normal -0.8386705679454233 0.5446390350150283 0
    outer loop
      vertex -15.135254915624209 -31.183221215612903 19
      vertex -15.135254915624209 -31.183221215612903 11
      vertex -15.99038105676658 -32.5 11
    endloop
  endfacet
  facet normal -0.3583679495453003 0.9335804264972017 0
    outer loop
      vertex -7.635254915624209 -25.734152255572695 19
      vertex -7.635254915624209 -25.734152255572695 11
      vertex -9.101049646137003 -26.296818135360986 11
    endloop
  endfacet
  facet normal -0.2588190451025211 0.9659258262890683 0
    outer loop
      vertex -6.118675362266391 -25.327785988992915 19
      vertex -6.118675362266391 -25.327785988992915 11
      vertex -7.635254915624209 -25.734152255572695 11
    endloop
  endfacet
  facet normal -0.1564344650402324 0.9876883405951375 0
    outer loop
      vertex -6.118675362266391 -25.327785988992915 19
      vertex -4.567926949014801 -25.082171569475896 11
      vertex -6.118675362266391 -25.327785988992915 11
    endloop
  endfacet
  facet normal -0.05233595624294164 0.9986295347545739 0
    outer loop
      vertex -4.567926949014801 -25.082171569475896 19
      vertex -3 -25 11
      vertex -4.567926949014801 -25.082171569475896 11
    endloop
  endfacet
  facet normal 0 0 1
    outer loop
      vertex -17.672214011007085 -36.88132463773361 19
      vertex -17.917828430524104 -38.432073050985196 19
      vertex 8 -25 19
    endloop
  endfacet
  facet normal 0 0 1
    outer loop
      vertex -17.917828430524104 -38.432073050985196 19
      vertex -18 -40 19
      vertex 8 -25 19
    endloop
  endfacet
  facet normal -0.8910065241883685 0.4539904997395458 0
    outer loop
      vertex -15.99038105676658 -32.5 19
      vertex -15.99038105676658 -32.5 11
      vertex -16.703181864639014 -33.898950353863 19
    endloop
  endfacet
  facet normal -0.9335804264972015 0.35836794954530105 0
    outer loop
      vertex -16.703181864639014 -33.898950353863 19
      vertex -17.265847744427305 -35.36474508437579 11
      vertex -17.265847744427305 -35.36474508437579 19
    endloop
  endfacet
  facet normal -0.9659258262890684 0.2588190451025205 0
    outer loop
      vertex -17.265847744427305 -35.36474508437579 19
      vertex -17.265847744427305 -35.36474508437579 11
      vertex -17.672214011007085 -36.88132463773361 19
    endloop
  endfacet
  facet normal 0 0 1
    outer loop
      vertex -18 -40 19
      vertex -17.917828430524104 -41.567926949014804 19
      vertex 4 -36 19
    endloop
  endfacet
  facet normal 0 0 1
    outer loop
      vertex -17.917828430524104 -41.567926949014804 19
      vertex -3.8228993532094613 -38.867376207875076 19
      vertex -3.6999999999999993 -38.787564434701785 19
    endloop
  endfacet
  facet normal 0 0 1
    outer loop
      vertex -17.917828430524104 -41.567926949014804 19
      vertex -3.6999999999999993 -38.787564434701785 19
      vertex -3.569431300306121 -38.721036359300356 19
    endloop
  endfacet
  facet normal 0 0 1
    outer loop
      vertex -17.917828430524104 -41.567926949014804 19
      vertex -3.569431300306121 -38.721036359300356 19
      vertex -3.432623792124925 -38.668520877186786 19
    endloop
  endfacet
  facet normal 0 0 1
    outer loop
      vertex -17.917828430524104 -41.567926949014804 19
      vertex -3.9367828489024 -38.95959724433165 19
      vertex -3.8228993532094613 -38.867376207875076 19
    endloop
  endfacet
  facet normal 0 0 1
    outer loop
      vertex -17.917828430524104 -41.567926949014804 19
      vertex -4.040402755668353 -39.0632171510976 19
      vertex -3.9367828489024 -38.95959724433165 19
    endloop
  endfacet
  facet normal 0 0 1
    outer loop
      vertex -17.917828430524104 -41.567926949014804 19
      vertex -4.1326237921249245 -39.177100646790535 19
      vertex -4.040402755668353 -39.0632171510976 19
    endloop
  endfacet
  facet normal -0.9876883405951373 0.1564344650402331 0
    outer loop
      vertex -17.672214011007085 -36.88132463773361 19
      vertex -17.917828430524104 -38.432073050985196 11
      vertex -17.917828430524104 -38.432073050985196 19
    endloop
  endfacet
  facet normal -0.9986295347545739 0.05233595624294152 0
    outer loop
      vertex -17.917828430524104 -38.432073050985196 19
      vertex -18 -40 11
      vertex -18 -40 19
    endloop
  endfacet
  facet normal 0 0 1
    outer loop
      vertex -18 -40 19
      vertex 4 -36 19
      vertex 8 -25 19
    endloop
  endfacet
  facet normal 0 0 1
    outer loop
      vertex -17.917828430524104 -41.567926949014804 19
      vertex -3.432623792124925 -38.668520877186786 19
      vertex -3.291076367144864 -38.630593358972675 19
    endloop
  endfacet
  facet normal 0 0 1
    outer loop
      vertex -17.917828430524104 -41.567926949014804 19
      vertex -3.291076367144864 -38.630593358972675 19
      vertex 4 -36 19
    endloop
  endfacet
  facet normal 0 0 1
    outer loop
      vertex 4 -36 19
      vertex -3.291076367144864 -38.630593358972675 19
      vertex -3.1463398485747156 -38.607669346484414 19
    endloop
  endfacet
  facet normal 0 0 1
    outer loop
      vertex 4 -36 19
      vertex -3.1463398485747156 -38.607669346484414 19
      vertex -3 -38.6 19
    endloop
  endfacet
  facet normal 0 0 1
    outer loop
      vertex 4 -36 19
      vertex -3 -38.6 19
      vertex -2.8536601514252844 -38.607669346484414 19
    endloop
  endfacet
  facet normal 0 0 1
    outer loop
      vertex 4 -36 19
      vertex -2.8536601514252844 -38.607669346484414 19
      vertex -2.708923632855136 -38.630593358972675 19
    endloop
  endfacet
  facet normal 0 0 1
    outer loop
      vertex 4 -36 19
      vertex -2.708923632855136 -38.630593358972675 19
      vertex -2.567376207875075 -38.668520877186786 19
    endloop
  endfacet
  facet normal 0 0 1
    outer loop
      vertex 4 -36 19
      vertex -2.567376207875075 -38.668520877186786 19
      vertex -2.430568699693879 -38.721036359300356 19
    endloop
  endfacet
  facet normal 0 0 1
    outer loop
      vertex 4 -36 19
      vertex -2.430568699693879 -38.721036359300356 19
      vertex -2.3000000000000007 -38.787564434701785 19
    endloop
  endfacet
  facet normal 0 0 1
    outer loop
      vertex 4 -36 19
      vertex -2.3000000000000007 -38.787564434701785 19
      vertex -2.1771006467905387 -38.867376207875076 19
    endloop
  endfacet
  facet normal 0 0 1
    outer loop
      vertex 4 -36 19
      vertex -2.1771006467905387 -38.867376207875076 19
      vertex -2.0632171510976 -38.95959724433165 19
    endloop
  endfacet
  facet normal 0 0 1
    outer loop
      vertex 4 -36 19
      vertex -2.0632171510976 -38.95959724433165 19
      vertex -1.959597244331647 -39.0632171510976 19
    endloop
  endfacet
  facet normal 0 0 1
    outer loop
      vertex 4 -36 19
      vertex -1.959597244331647 -39.0632171510976 19
      vertex -1.8673762078750755 -39.177100646790535 19
    endloop
  endfacet
  facet normal 0 0 1
    outer loop
      vertex 4 -36 19
      vertex -1.8673762078750755 -39.177100646790535 19
      vertex -1.7875644347017854 -39.3 19
    endloop
  endfacet
  facet normal 0 0 1
    outer loop
      vertex 4 -36 19
      vertex -1.7875644347017854 -39.3 19
      vertex -1.72103635930036 -39.43056869969388 19
    endloop
  endfacet
  facet normal 0 0 1
    outer loop
      vertex -1.6685208771867863 -39.56737620787507 19
      vertex 4 -36 19
      vertex -1.72103635930036 -39.43056869969388 19
    endloop
  endfacet
  facet normal 0 0 1
    outer loop
      vertex 4 -36 19
      vertex -1.6685208771867863 -39.56737620787507 19
      vertex -1.6305933589726713 -39.70892363285514 19
    endloop
  endfacet
  facet normal 0 0 1
    outer loop
      vertex 4 -36 19
      vertex -1.6305933589726713 -39.70892363285514 19
      vertex -1.6076693464844176 -39.85366015142529 19
    endloop
  endfacet
  facet normal 0 0 1
    outer loop
      vertex 4 -36 19
      vertex -1.6076693464844176 -39.85366015142529 19
      vertex -1.6000000000000014 -40 19
    endloop
  endfacet
  facet normal 0 0 1
    outer loop
      vertex 4 -36 19
      vertex -1.6000000000000014 -40 19
      vertex -1.6076693464844176 -40.14633984857471 19
    endloop
  endfacet
  facet normal 0 0 1
    outer loop
      vertex 4 -36 19
      vertex -1.6076693464844176 -40.14633984857471 19
      vertex -1.6305933589726713 -40.29107636714486 19
    endloop
  endfacet
  facet normal 0 0 1
    outer loop
      vertex 4 -36 19
      vertex -1.6305933589726713 -40.29107636714486 19
      vertex -1.6685208771867863 -40.43262379212493 19
    endloop
  endfacet
  facet normal 0 0 1
    outer loop
      vertex 4 -36 19
      vertex -1.6685208771867863 -40.43262379212493 19
      vertex -1.72103635930036 -40.56943130030612 19
    endloop
  endfacet
  facet normal 0 0 1
    outer loop
      vertex -1.8673762078750755 -40.822899353209465 19
      vertex 4 -36 19
      vertex -1.7875644347017854 -40.7 19
    endloop
  endfacet
  facet normal 0 0 1
    outer loop
      vertex 4 -36 19
      vertex -1.72103635930036 -40.56943130030612 19
      vertex -1.7875644347017854 -40.7 19
    endloop
  endfacet
  facet normal -0.8910065241883685 0.4539904997395458 0
    outer loop
      vertex -16.703181864639014 -33.898950353863 19
      vertex -15.99038105676658 -32.5 11
      vertex -16.703181864639014 -33.898950353863 11
    endloop
  endfacet
  facet normal -0.9335804264972015 0.35836794954530105 0
    outer loop
      vertex -16.703181864639014 -33.898950353863 19
      vertex -16.703181864639014 -33.898950353863 11
      vertex -17.265847744427305 -35.36474508437579 11
    endloop
  endfacet
  facet normal -0.9659258262890684 0.2588190451025205 0
    outer loop
      vertex -17.672214011007085 -36.88132463773361 19
      vertex -17.265847744427305 -35.36474508437579 11
      vertex -17.672214011007085 -36.88132463773361 11
    endloop
  endfacet
  facet normal -0.9876883405951373 0.1564344650402331 0
    outer loop
      vertex -17.672214011007085 -36.88132463773361 19
      vertex -17.672214011007085 -36.88132463773361 11
      vertex -17.917828430524104 -38.432073050985196 11
    endloop
  endfacet
  facet normal -0.9986295347545739 0.05233595624294152 0
    outer loop
      vertex -17.917828430524104 -38.432073050985196 19
      vertex -17.917828430524104 -38.432073050985196 11
      vertex -18 -40 11
    endloop
  endfacet
  facet normal 0 1 0
    outer loop
      vertex -3 -25 19
      vertex 8 -25 19
      vertex 8.071215360212445 -25 17.641129977520507
    endloop
  endfacet
  facet normal 0 1 0
    outer loop
      vertex -3 -25 19
      vertex 8.071215360212445 -25 17.641129977520507
      vertex 8.284081190460528 -25 16.29714801936913
    endloop
  endfacet
  facet normal 0 0 1
    outer loop
      vertex 8 -25 19
      vertex 4 -36 19
      vertex 8 -36 19
    endloop
  endfacet
  facet normal 0 1 0
    outer loop
      vertex -3 -25 11
      vertex 8.284081190460528 -25 16.29714801936913
      vertex 8.636265288163003 -25 14.982779073125684
    endloop
  endfacet
  facet normal 0 1 0
    outer loop
      vertex -3 -25 11
      vertex 8.636265288163003 -25 14.982779073125684
      vertex 9.123909050646189 -25 13.712423640014597
    endloop
  endfacet
  facet normal 0 1 0
    outer loop
      vertex -3 -25 11
      vertex 9.123909050646189 -25 13.712423640014597
      vertex 9.741669750802298 -25 12.5
    endloop
  endfacet
  facet normal 0 1 0
    outer loop
      vertex -3 -25 11
      vertex 9.741669750802298 -25 12.5
      vertex 10.482779073125684 -25 11.35879172019785
    endloop
  endfacet
  facet normal 0 1 0
    outer loop
      vertex -3 -25 11
      vertex 10.482779073125684 -25 11.35879172019785
      vertex 11.339117268793874 -25 10.301302117334842
    endloop
  endfacet
  facet normal -0.5100482193168202 0.3312291865212133 -0.7938123455630028
    outer loop
      vertex -15.135254915624209 -31.183221215612903 11
      vertex 6 -25 0
      vertex -15.99038105676658 -32.5 11
    endloop
  endfacet
  facet normal -0.5007641730641266 0.2551520903712043 -0.8271231188611561
    outer loop
      vertex -15.99038105676658 -32.5 11
      vertex 6 -25 0
      vertex -16.703181864639014 -33.898950353863 11
    endloop
  endfacet
  facet normal -0.48669449143504345 0.18682451131176586 -0.8533610455017878
    outer loop
      vertex -16.703181864639014 -33.898950353863 11
      vertex 6 -25 0
      vertex -17.265847744427305 -35.36474508437579 11
    endloop
  endfacet
  facet normal -0.4692672761394844 0.12573978767592736 -0.8740581956253494
    outer loop
      vertex -17.265847744427305 -35.36474508437579 11
      vertex 6 -25 0
      vertex -17.672214011007085 -36.88132463773361 11
    endloop
  endfacet
  facet normal -0.33478329576474797 0.8721403028388955 -0.3567792553400113
    outer loop
      vertex -9.101049646137003 -26.296818135360986 11
      vertex -7.635254915624209 -25.734152255572695 11
      vertex 6 -25 0
    endloop
  endfacet
  facet normal -0.45377916701518406 0.6987586405956457 -0.5530106958964995
    outer loop
      vertex -11.816778784387097 -27.86474508437579 11
      vertex -10.5 -27.00961894323342 11
      vertex 6 -25 0
    endloop
  endfacet
  facet normal -0.40308368402798517 0.7910962728710426 -0.46009806641625034
    outer loop
      vertex -9.101049646137003 -26.296818135360986 11
      vertex 6 -25 0
      vertex -10.5 -27.00961894323342 11
    endloop
  endfacet
  facet normal -0.48736799559405214 0.6018493519452821 -0.6326529810517609
    outer loop
      vertex -11.816778784387097 -27.86474508437579 11
      vertex 6 -25 0
      vertex -13.03695909538287 -28.852827617839086 11
    endloop
  endfacet
  facet normal -0.5060171016664757 0.506017101666479 -0.6984936546899448
    outer loop
      vertex -14.147172382160917 -29.963040904617127 11
      vertex -13.03695909538287 -28.852827617839086 11
      vertex 6 -25 0
    endloop
  endfacet
  facet normal -0.5126191727375637 0.41511082119250997 -0.7516013503651625
    outer loop
      vertex -14.147172382160917 -29.963040904617127 11
      vertex 6 -25 0
      vertex -15.135254915624209 -31.183221215612903 11
    endloop
  endfacet
  facet normal -0.2507118687322187 0.935669432169178 -0.24832694694899013
    outer loop
      vertex -7.635254915624209 -25.734152255572695 11
      vertex -6.118675362266391 -25.327785988992915 11
      vertex 6 -25 0
    endloop
  endfacet
  facet normal -0.15486103759523284 0.9777541106810403 -0.1414742311562623
    outer loop
      vertex -6.118675362266391 -25.327785988992915 11
      vertex -4.567926949014801 -25.082171569475896 11
      vertex 6 -25 0
    endloop
  endfacet
  facet normal -0.052288041031402374 0.9977152580537718 -0.04278112448023831
    outer loop
      vertex -4.567926949014801 -25.082171569475896 11
      vertex -3 -25 11
      vertex 6 -25 0
    endloop
  endfacet
  facet normal -0.44950156185294043 0.07119405329908393 -0.8904379555402018
    outer loop
      vertex -17.672214011007085 -36.88132463773361 11
      vertex 6 -25 0
      vertex -17.917828430524104 -38.432073050985196 11
    endloop
  endfacet
  facet normal -0.428104140093752 0.02243598728418851 -0.9034508684533836
    outer loop
      vertex -17.917828430524104 -38.432073050985196 11
      vertex 6 -25 0
      vertex -18 -40 11
    endloop
  endfacet
  facet normal 0 1 0
    outer loop
      vertex -3 -25 11
      vertex 11.339117268793874 -25 10.301302117334842
      vertex 6 -25 0
    endloop
  endfacet
  facet normal 0 1 0
    outer loop
      vertex 6 -25 0
      vertex 11.339117268793874 -25 10.301302117334842
      vertex 12.301302117334842 -25 9.339117268793874
    endloop
  endfacet
  facet normal 0 1 0
    outer loop
      vertex 6 -25 0
      vertex 12.301302117334842 -25 9.339117268793874
      vertex 13.35879172019785 -25 8.482779073125684
    endloop
  endfacet
  facet normal 0 1 0
    outer loop
      vertex 6 -25 0
      vertex 13.35879172019785 -25 8.482779073125684
      vertex 14.5 -25 7.7416697508022985
    endloop
  endfacet
  facet normal 0 1 0
    outer loop
      vertex 6 -25 0
      vertex 14.5 -25 7.7416697508022985
      vertex 15.712423640014597 -25 7.123909050646189
    endloop
  endfacet
  facet normal 0 1 0
    outer loop
      vertex 6 -25 0
      vertex 15.712423640014597 -25 7.123909050646189
      vertex 16.982779073125684 -25 6.636265288163003
    endloop
  endfacet
  facet normal 0 1 0
    outer loop
      vertex 6 -25 0
      vertex 16.982779073125684 -25 6.636265288163003
      vertex 18.29714801936913 -25 6.284081190460528
    endloop
  endfacet
  facet normal 0 1 0
    outer loop
      vertex 6 -25 0
      vertex 18.29714801936913 -25 6.284081190460528
      vertex 19.641129977520507 -25 6.071215360212445
    endloop
  endfacet
  facet normal 0 1 0
    outer loop
      vertex 6 -25 0
      vertex 19.641129977520507 -25 6.071215360212445
      vertex 21 -25 6
    endloop
  endfacet
  facet normal 0 1 0
    outer loop
      vertex 6 -25 0
      vertex 21 -25 6
      vertex 22.358870022479493 -25 6.071215360212445
    endloop
  endfacet
  facet normal 0 1 0
    outer loop
      vertex 6 -25 0
      vertex 22.358870022479493 -25 6.071215360212445
      vertex 23.70285198063087 -25 6.284081190460528
    endloop
  endfacet
  facet normal 0 0 -1
    outer loop
      vertex 6 -25 0
      vertex 19.454915028125264 -35.24471741852423 0
      vertex 18.966316784621 -35.43227271178699 0
    endloop
  endfacet
  facet normal 0 0 -1
    outer loop
      vertex 6 -25 0
      vertex 18.5 -35.66987298107781 0
      vertex 18.061073738537633 -35.954915028125264 0
    endloop
  endfacet
  facet normal 0 0 -1
    outer loop
      vertex 6 -25 0
      vertex 18.061073738537633 -35.954915028125264 0
      vertex 17.654346968205708 -36.28427587261303 0
    endloop
  endfacet
  facet normal 0 0 -1
    outer loop
      vertex 6 -25 0
      vertex 18.966316784621 -35.43227271178699 0
      vertex 18.5 -35.66987298107781 0
    endloop
  endfacet
  facet normal 0 0 -1
    outer loop
      vertex 6 -25 0
      vertex 19.960441545911202 -35.10926199633097 0
      vertex 19.454915028125264 -35.24471741852423 0
    endloop
  endfacet
  facet normal 0 0 -1
    outer loop
      vertex 6 -25 0
      vertex 20.477357683661733 -35.02739052315863 0
      vertex 19.960441545911202 -35.10926199633097 0
    endloop
  endfacet
  facet normal 0 0 -1
    outer loop
      vertex 6 -25 0
      vertex 21 -35 0
      vertex 20.477357683661733 -35.02739052315863 0
    endloop
  endfacet
  facet normal 0 0 -1
    outer loop
      vertex 6 -25 0
      vertex 21.522642316338267 -35.02739052315863 0
      vertex 21 -35 0
    endloop
  endfacet
  facet normal 0 0 -1
    outer loop
      vertex 6 -25 0
      vertex 22.039558454088798 -35.10926199633097 0
      vertex 21.522642316338267 -35.02739052315863 0
    endloop
  endfacet
  facet normal 0 0 -1
    outer loop
      vertex 6 -25 0
      vertex 22.545084971874736 -35.24471741852423 0
      vertex 22.039558454088798 -35.10926199633097 0
    endloop
  endfacet
  facet normal 0 0 -1
    outer loop
      vertex 6 -25 0
      vertex 8.430568699693879 -38.721036359300356 0
      vertex 8.3 -38.787564434701785 0
    endloop
  endfacet
  facet normal 0 0 -1
    outer loop
      vertex 6 -25 0
      vertex 8.3 -38.787564434701785 0
      vertex 8.177100646790537 -38.867376207875076 0
    endloop
  endfacet
  facet normal 0 0 -1
    outer loop
      vertex 6 -25 0
      vertex 8.177100646790537 -38.867376207875076 0
      vertex 8.063217151097598 -38.95959724433165 0
    endloop
  endfacet
  facet normal 0 0 -1
    outer loop
      vertex 6 -25 0
      vertex 8.063217151097598 -38.95959724433165 0
      vertex 7.959597244331649 -39.0632171510976 0
    endloop
  endfacet
  facet normal 0 0 -1
    outer loop
      vertex 6 -25 0
      vertex 8.567376207875073 -38.668520877186786 0
      vertex 8.430568699693879 -38.721036359300356 0
    endloop
  endfacet
  facet normal 0 0 -1
    outer loop
      vertex 6 -25 0
      vertex 8.853660151425284 -38.607669346484414 0
      vertex 8.708923632855138 -38.630593358972675 0
    endloop
  endfacet
  facet normal 0 0 -1
    outer loop
      vertex 6 -25 0
      vertex 8.708923632855138 -38.630593358972675 0
      vertex 8.567376207875073 -38.668520877186786 0
    endloop
  endfacet
  facet normal 0 0 -1
    outer loop
      vertex 6 -25 0
      vertex 9 -38.6 0
      vertex 8.853660151425284 -38.607669346484414 0
    endloop
  endfacet
  facet normal 0 0 -1
    outer loop
      vertex 6 -25 0
      vertex 9.146339848574716 -38.607669346484414 0
      vertex 9 -38.6 0
    endloop
  endfacet
  facet normal 0 0 -1
    outer loop
      vertex 6 -25 0
      vertex 9.291076367144862 -38.630593358972675 0
      vertex 9.146339848574716 -38.607669346484414 0
    endloop
  endfacet
  facet normal 0 0 -1
    outer loop
      vertex 6 -25 0
      vertex 9.432623792124927 -38.668520877186786 0
      vertex 9.291076367144862 -38.630593358972675 0
    endloop
  endfacet
  facet normal 0 0 -1
    outer loop
      vertex 6 -25 0
      vertex 9.569431300306121 -38.721036359300356 0
      vertex 9.432623792124927 -38.668520877186786 0
    endloop
  endfacet
  facet normal 0 0 -1
    outer loop
      vertex 6 -25 0
      vertex 9.7 -38.787564434701785 0
      vertex 9.569431300306121 -38.721036359300356 0
    endloop
  endfacet
  facet normal 0 0 -1
    outer loop
      vertex 6 -25 0
      vertex 9.822899353209463 -38.867376207875076 0
      vertex 9.7 -38.787564434701785 0
    endloop
  endfacet
  facet normal 0 0 -1
    outer loop
      vertex 6 -25 0
      vertex 9.936782848902402 -38.95959724433165 0
      vertex 9.822899353209463 -38.867376207875076 0
    endloop
  endfacet
  facet normal 0 0 -1
    outer loop
      vertex 6 -25 0
      vertex 10.040402755668351 -39.0632171510976 0
      vertex 9.936782848902402 -38.95959724433165 0
    endloop
  endfacet
  facet normal 0 0 -1
    outer loop
      vertex 6 -25 0
      vertex 16.244717418524232 -38.454915028125264 0
      vertex 10.040402755668351 -39.0632171510976 0
    endloop
  endfacet
  facet normal 0 0 -1
    outer loop
      vertex 6 -25 0
      vertex 7.959597244331649 -39.0632171510976 0
      vertex 7.867376207875074 -39.177100646790535 0
    endloop
  endfacet
  facet normal 0 0 -1
    outer loop
      vertex 6 -25 0
      vertex 7.867376207875074 -39.177100646790535 0
      vertex 7.787564434701785 -39.3 0
    endloop
  endfacet
  facet normal 0 0 -1
    outer loop
      vertex 6 -25 0
      vertex 7.787564434701785 -39.3 0
      vertex 7.721036359300358 -39.43056869969388 0
    endloop
  endfacet
  facet normal 0 0 -1
    outer loop
      vertex 6 -25 0
      vertex 7.721036359300358 -39.43056869969388 0
      vertex 7.6685208771867845 -39.56737620787507 0
    endloop
  endfacet
  facet normal 0 0 -1
    outer loop
      vertex 6 -25 0
      vertex 7.6685208771867845 -39.56737620787507 0
      vertex 7.630593358972671 -39.70892363285514 0
    endloop
  endfacet
  facet normal 0 0 -1
    outer loop
      vertex 6 -25 0
      vertex 7.630593358972671 -39.70892363285514 0
      vertex 7.607669346484418 -39.85366015142529 0
    endloop
  endfacet
  facet normal 0 0 -1
    outer loop
      vertex 6 -25 0
      vertex 7.607669346484418 -39.85366015142529 0
      vertex 7.6 -40 0
    endloop
  endfacet
  facet normal 0 0 -1
    outer loop
      vertex 6 -25 0
      vertex 7.6 -40 0
      vertex 7.607669346484418 -40.14633984857471 0
    endloop
  endfacet
  facet normal 0 0 -1
    outer loop
      vertex 6 -25 0
      vertex 17.654346968205708 -36.28427587261303 0
      vertex 17.28427587261303 -36.65434696820571 0
    endloop
  endfacet
  facet normal 0 0 -1
    outer loop
      vertex 6 -25 0
      vertex 17.28427587261303 -36.65434696820571 0
      vertex 16.954915028125264 -37.06107373853764 0
    endloop
  endfacet
  facet normal 0 0 -1
    outer loop
      vertex 6 -25 0
      vertex 16.954915028125264 -37.06107373853764 0
      vertex 16.66987298107781 -37.5 0
    endloop
  endfacet
  facet normal 0 0 -1
    outer loop
      vertex 6 -25 0
      vertex 16.66987298107781 -37.5 0
      vertex 16.432272711786997 -37.966316784621 0
    endloop
  endfacet
  facet normal 0 0 -1
    outer loop
      vertex 6 -25 0
      vertex 16.432272711786997 -37.966316784621 0
      vertex 16.244717418524232 -38.454915028125264 0
    endloop
  endfacet
  facet normal 0 0 -1
    outer loop
      vertex 10.040402755668351 -39.0632171510976 0
      vertex 16.244717418524232 -38.454915028125264 0
      vertex 10.132623792124926 -39.177100646790535 0
    endloop
  endfacet
  facet normal 0 0 -1
    outer loop
      vertex 10.132623792124926 -39.177100646790535 0
      vertex 16.244717418524232 -38.454915028125264 0
      vertex 10.212435565298215 -39.3 0
    endloop
  endfacet
  facet normal 0 0 -1
    outer loop
      vertex 10.212435565298215 -39.3 0
      vertex 16.10926199633097 -38.9604415459112 0
      vertex 10.278963640699642 -39.43056869969388 0
    endloop
  endfacet
  facet normal 0 0 -1
    outer loop
      vertex 10.278963640699642 -39.43056869969388 0
      vertex 16.10926199633097 -38.9604415459112 0
      vertex 10.331479122813215 -39.56737620787507 0
    endloop
  endfacet
  facet normal 0 0 -1
    outer loop
      vertex 10.331479122813215 -39.56737620787507 0
      vertex 16.027390523158633 -39.47735768366173 0
      vertex 10.369406641027329 -39.70892363285514 0
    endloop
  endfacet
  facet normal 0 0 -1
    outer loop
      vertex 10.369406641027329 -39.70892363285514 0
      vertex 16 -40 0
      vertex 10.392330653515582 -39.85366015142529 0
    endloop
  endfacet
  facet normal 0 0 -1
    outer loop
      vertex 10.392330653515582 -39.85366015142529 0
      vertex 16 -40 0
      vertex 10.4 -40 0
    endloop
  endfacet
  facet normal 0 0 -1
    outer loop
      vertex 10.212435565298215 -39.3 0
      vertex 16.244717418524232 -38.454915028125264 0
      vertex 16.10926199633097 -38.9604415459112 0
    endloop
  endfacet
  facet normal 0 0 -1
    outer loop
      vertex 10.331479122813215 -39.56737620787507 0
      vertex 16.10926199633097 -38.9604415459112 0
      vertex 16.027390523158633 -39.47735768366173 0
    endloop
  endfacet
  facet normal 0 0 -1
    outer loop
      vertex 10.369406641027329 -39.70892363285514 0
      vertex 16.027390523158633 -39.47735768366173 0
      vertex 16 -40 0
    endloop
  endfacet
  facet normal 0 0 1
    outer loop
      vertex -17.917828430524104 -41.567926949014804 19
      vertex -17.672214011007085 -43.11867536226639 19
      vertex -4.399999999999999 -40 19
    endloop
  endfacet
  facet normal 0 0 1
    outer loop
      vertex -17.917828430524104 -41.567926949014804 19
      vertex -4.369406641027329 -39.70892363285514 19
      vertex -4.331479122813214 -39.56737620787507 19
    endloop
  endfacet
  facet normal 0 0 1
    outer loop
      vertex -17.917828430524104 -41.567926949014804 19
      vertex -4.392330653515582 -39.85366015142529 19
      vertex -4.369406641027329 -39.70892363285514 19
    endloop
  endfacet
  facet normal 0 0 1
    outer loop
      vertex -17.917828430524104 -41.567926949014804 19
      vertex -4.212435565298215 -39.3 19
      vertex -4.1326237921249245 -39.177100646790535 19
    endloop
  endfacet
  facet normal 0 0 1
    outer loop
      vertex -17.917828430524104 -41.567926949014804 19
      vertex -4.27896364069964 -39.43056869969388 19
      vertex -4.212435565298215 -39.3 19
    endloop
  endfacet
  facet normal 0 0 1
    outer loop
      vertex -17.917828430524104 -41.567926949014804 19
      vertex -4.331479122813214 -39.56737620787507 19
      vertex -4.27896364069964 -39.43056869969388 19
    endloop
  endfacet
  facet normal 0 0 1
    outer loop
      vertex -17.917828430524104 -41.567926949014804 19
      vertex -4.399999999999999 -40 19
      vertex -4.392330653515582 -39.85366015142529 19
    endloop
  endfacet
  facet normal 0 0 1
    outer loop
      vertex -17.672214011007085 -43.11867536226639 19
      vertex -4.392330653515582 -40.14633984857471 19
      vertex -4.399999999999999 -40 19
    endloop
  endfacet
  facet normal 0 0 1
    outer loop
      vertex -17.672214011007085 -43.11867536226639 19
      vertex -4.369406641027329 -40.29107636714486 19
      vertex -4.392330653515582 -40.14633984857471 19
    endloop
  endfacet
  facet normal 0 0 1
    outer loop
      vertex -17.265847744427305 -44.63525491562421 19
      vertex -4.331479122813214 -40.43262379212493 19
      vertex -4.369406641027329 -40.29107636714486 19
    endloop
  endfacet
  facet normal 0 0 1
    outer loop
      vertex -17.672214011007085 -43.11867536226639 19
      vertex -17.265847744427305 -44.63525491562421 19
      vertex -4.369406641027329 -40.29107636714486 19
    endloop
  endfacet
  facet normal 0 0 1
    outer loop
      vertex -17.265847744427305 -44.63525491562421 19
      vertex -4.27896364069964 -40.56943130030612 19
      vertex -4.331479122813214 -40.43262379212493 19
    endloop
  endfacet
  facet normal 0 0 1
    outer loop
      vertex -17.265847744427305 -44.63525491562421 19
      vertex -4.212435565298215 -40.7 19
      vertex -4.27896364069964 -40.56943130030612 19
    endloop
  endfacet
  facet normal 0 0 1
    outer loop
      vertex -17.265847744427305 -44.63525491562421 19
      vertex -4.1326237921249245 -40.822899353209465 19
      vertex -4.212435565298215 -40.7 19
    endloop
  endfacet
  facet normal 0 0 1
    outer loop
      vertex -17.265847744427305 -44.63525491562421 19
      vertex -4.040402755668353 -40.9367828489024 19
      vertex -4.1326237921249245 -40.822899353209465 19
    endloop
  endfacet
  facet normal 0 0 1
    outer loop
      vertex -17.265847744427305 -44.63525491562421 19
      vertex -3.9367828489024 -41.04040275566835 19
      vertex -4.040402755668353 -40.9367828489024 19
    endloop
  endfacet
  facet normal 0 0 1
    outer loop
      vertex -17.265847744427305 -44.63525491562421 19
      vertex -3.8228993532094613 -41.132623792124924 19
      vertex -3.9367828489024 -41.04040275566835 19
    endloop
  endfacet
  facet normal -0.9986295347545739 -0.05233595624294152 0
    outer loop
      vertex -18 -40 19
      vertex -18 -40 11
      vertex -17.917828430524104 -41.567926949014804 19
    endloop
  endfacet
  facet normal -0.9876883405951373 -0.1564344650402331 0
    outer loop
      vertex -17.917828430524104 -41.567926949014804 19
      vertex -17.672214011007085 -43.11867536226639 11
      vertex -17.672214011007085 -43.11867536226639 19
    endloop
  endfacet
  facet normal -0.9659258262890684 -0.2588190451025205 0
    outer loop
      vertex -17.672214011007085 -43.11867536226639 19
      vertex -17.672214011007085 -43.11867536226639 11
      vertex -17.265847744427305 -44.63525491562421 19
    endloop
  endfacet
  facet normal 0 0 1
    outer loop
      vertex -17.265847744427305 -44.63525491562421 19
      vertex -16.703181864639014 -46.101049646137 19
      vertex -3.8228993532094613 -41.132623792124924 19
    endloop
  endfacet
  facet normal 0 0 1
    outer loop
      vertex -16.703181864639014 -46.101049646137 19
      vertex -15.99038105676658 -47.5 19
      vertex 4 -44 19
    endloop
  endfacet
  facet normal 0 0 1
    outer loop
      vertex -15.99038105676658 -47.5 19
      vertex -15.135254915624209 -48.8167787843871 19
      vertex 4 -44 19
    endloop
  endfacet
  facet normal -0.9335804264972015 -0.35836794954530105 0
    outer loop
      vertex -17.265847744427305 -44.63525491562421 19
      vertex -17.265847744427305 -44.63525491562421 11
      vertex -16.703181864639014 -46.101049646137 19
    endloop
  endfacet
  facet normal -0.8910065241883685 -0.4539904997395458 0
    outer loop
      vertex -16.703181864639014 -46.101049646137 19
      vertex -15.99038105676658 -47.5 11
      vertex -15.99038105676658 -47.5 19
    endloop
  endfacet
  facet normal 0 0 1
    outer loop
      vertex -16.703181864639014 -46.101049646137 19
      vertex -3.6999999999999993 -41.212435565298215 19
      vertex -3.8228993532094613 -41.132623792124924 19
    endloop
  endfacet
  facet normal 0 0 1
    outer loop
      vertex -16.703181864639014 -46.101049646137 19
      vertex -3.569431300306121 -41.278963640699644 19
      vertex -3.6999999999999993 -41.212435565298215 19
    endloop
  endfacet
  facet normal 0 0 1
    outer loop
      vertex -16.703181864639014 -46.101049646137 19
      vertex -3.432623792124925 -41.331479122813214 19
      vertex -3.569431300306121 -41.278963640699644 19
    endloop
  endfacet
  facet normal 0 0 1
    outer loop
      vertex -16.703181864639014 -46.101049646137 19
      vertex -3.291076367144864 -41.369406641027325 19
      vertex -3.432623792124925 -41.331479122813214 19
    endloop
  endfacet
  facet normal 0 0 1
    outer loop
      vertex -16.703181864639014 -46.101049646137 19
      vertex -3.1463398485747156 -41.392330653515586 19
      vertex -3.291076367144864 -41.369406641027325 19
    endloop
  endfacet
  facet normal 0 0 1
    outer loop
      vertex -16.703181864639014 -46.101049646137 19
      vertex -3 -41.4 19
      vertex -3.1463398485747156 -41.392330653515586 19
    endloop
  endfacet
  facet normal 0 0 1
    outer loop
      vertex -16.703181864639014 -46.101049646137 19
      vertex -2.8536601514252844 -41.392330653515586 19
      vertex -3 -41.4 19
    endloop
  endfacet
  facet normal 0 0 1
    outer loop
      vertex 4 -44 19
      vertex -2.430568699693879 -41.278963640699644 19
      vertex -2.567376207875075 -41.331479122813214 19
    endloop
  endfacet
  facet normal 0 0 1
    outer loop
      vertex 4 -44 19
      vertex -2.708923632855136 -41.369406641027325 19
      vertex -2.8536601514252844 -41.392330653515586 19
    endloop
  endfacet
  facet normal 0 0 1
    outer loop
      vertex 4 -44 19
      vertex -2.567376207875075 -41.331479122813214 19
      vertex -2.708923632855136 -41.369406641027325 19
    endloop
  endfacet
  facet normal 0 0 1
    outer loop
      vertex 4 -44 19
      vertex -2.0632171510976 -41.04040275566835 19
      vertex -2.1771006467905387 -41.132623792124924 19
    endloop
  endfacet
  facet normal 0 0 1
    outer loop
      vertex 4 -44 19
      vertex -1.8673762078750755 -40.822899353209465 19
      vertex -1.959597244331647 -40.9367828489024 19
    endloop
  endfacet
  facet normal 0 0 1
    outer loop
      vertex 4 -44 19
      vertex -1.959597244331647 -40.9367828489024 19
      vertex -2.0632171510976 -41.04040275566835 19
    endloop
  endfacet
  facet normal 0 0 1
    outer loop
      vertex 4 -44 19
      vertex -2.3000000000000007 -41.212435565298215 19
      vertex -2.430568699693879 -41.278963640699644 19
    endloop
  endfacet
  facet normal 0 0 1
    outer loop
      vertex 4 -44 19
      vertex -2.1771006467905387 -41.132623792124924 19
      vertex -2.3000000000000007 -41.212435565298215 19
    endloop
  endfacet
  facet normal 0 0 1
    outer loop
      vertex -16.703181864639014 -46.101049646137 19
      vertex 4 -44 19
      vertex -2.8536601514252844 -41.392330653515586 19
    endloop
  endfacet
  facet normal 0 0 1
    outer loop
      vertex -11.816778784387097 -52.13525491562421 19
      vertex 8 -44 19
      vertex 4 -44 19
    endloop
  endfacet
  facet normal -0.9986295347545739 -0.05233595624294152 0
    outer loop
      vertex -17.917828430524104 -41.567926949014804 19
      vertex -18 -40 11
      vertex -17.917828430524104 -41.567926949014804 11
    endloop
  endfacet
  facet normal -0.9876883405951373 -0.1564344650402331 0
    outer loop
      vertex -17.917828430524104 -41.567926949014804 19
      vertex -17.917828430524104 -41.567926949014804 11
      vertex -17.672214011007085 -43.11867536226639 11
    endloop
  endfacet
  facet normal -0.9659258262890684 -0.2588190451025205 0
    outer loop
      vertex -17.265847744427305 -44.63525491562421 19
      vertex -17.672214011007085 -43.11867536226639 11
      vertex -17.265847744427305 -44.63525491562421 11
    endloop
  endfacet
  facet normal -0.9335804264972015 -0.35836794954530105 0
    outer loop
      vertex -16.703181864639014 -46.101049646137 19
      vertex -17.265847744427305 -44.63525491562421 11
      vertex -16.703181864639014 -46.101049646137 11
    endloop
  endfacet
  facet normal -0.8910065241883685 -0.4539904997395458 0
    outer loop
      vertex -16.703181864639014 -46.101049646137 19
      vertex -16.703181864639014 -46.101049646137 11
      vertex -15.99038105676658 -47.5 11
    endloop
  endfacet
  facet normal 0 0 1
    outer loop
      vertex -15.135254915624209 -48.8167787843871 19
      vertex -14.147172382160917 -50.03695909538287 19
      vertex 4 -44 19
    endloop
  endfacet
  facet normal -0.8386705679454233 -0.5446390350150283 0
    outer loop
      vertex -15.99038105676658 -47.5 19
      vertex -15.99038105676658 -47.5 11
      vertex -15.135254915624209 -48.8167787843871 19
    endloop
  endfacet
  facet normal -0.7771459614569719 -0.6293203910498364 0
    outer loop
      vertex -15.135254915624209 -48.8167787843871 19
      vertex -14.147172382160917 -50.03695909538287 11
      vertex -14.147172382160917 -50.03695909538287 19
    endloop
  endfacet
  facet normal -0.7071067811865475 -0.7071067811865475 0
    outer loop
      vertex -14.147172382160917 -50.03695909538287 19
      vertex -14.147172382160917 -50.03695909538287 11
      vertex -13.03695909538287 -51.14717238216092 19
    endloop
  endfacet
  facet normal -0.6293203910498364 -0.7771459614569719 0
    outer loop
      vertex -13.03695909538287 -51.14717238216092 19
      vertex -11.816778784387097 -52.13525491562421 11
      vertex -11.816778784387097 -52.13525491562421 19
    endloop
  endfacet
  facet normal -0.5446390350150283 -0.8386705679454233 0
    outer loop
      vertex -11.816778784387097 -52.13525491562421 19
      vertex -11.816778784387097 -52.13525491562421 11
      vertex -10.5 -52.99038105676658 19
    endloop
  endfacet
  facet normal -0.4539904997395467 -0.8910065241883679 0
    outer loop
      vertex -10.5 -52.99038105676658 19
      vertex -9.101049646137003 -53.703181864639014 11
      vertex -9.101049646137003 -53.703181864639014 19
    endloop
  endfacet
  facet normal 0 0 1
    outer loop
      vertex -14.147172382160917 -50.03695909538287 19
      vertex -13.03695909538287 -51.14717238216092 19
      vertex 4 -44 19
    endloop
  endfacet
  facet normal 0 0 1
    outer loop
      vertex -13.03695909538287 -51.14717238216092 19
      vertex -11.816778784387097 -52.13525491562421 19
      vertex 4 -44 19
    endloop
  endfacet
  facet normal 0 0 1
    outer loop
      vertex -11.816778784387097 -52.13525491562421 19
      vertex -10.5 -52.99038105676658 19
      vertex 8 -44 19
    endloop
  endfacet
  facet normal 0 0 1
    outer loop
      vertex -10.5 -52.99038105676658 19
      vertex -9.101049646137003 -53.703181864639014 19
      vertex 8 -44 19
    endloop
  endfacet
  facet normal 0 0 1
    outer loop
      vertex -9.101049646137003 -53.703181864639014 19
      vertex -7.635254915624209 -54.265847744427305 19
      vertex 8 -44 19
    endloop
  endfacet
  facet normal 0 0 1
    outer loop
      vertex -7.635254915624209 -54.265847744427305 19
      vertex -6.118675362266391 -54.672214011007085 19
      vertex 8 -44 19
    endloop
  endfacet
  facet normal 0 0 1
    outer loop
      vertex -6.118675362266391 -54.672214011007085 19
      vertex -4.567926949014801 -54.917828430524104 19
      vertex 8 -44 19
    endloop
  endfacet
  facet normal 0 0 1
    outer loop
      vertex -4.567926949014801 -54.917828430524104 19
      vertex -3 -55 19
      vertex 8 -44 19
    endloop
  endfacet
  facet normal -0.3583679495453003 -0.9335804264972017 0
    outer loop
      vertex -9.101049646137003 -53.703181864639014 19
      vertex -7.635254915624209 -54.265847744427305 11
      vertex -7.635254915624209 -54.265847744427305 19
    endloop
  endfacet
  facet normal -0.2588190451025211 -0.9659258262890683 0
    outer loop
      vertex -7.635254915624209 -54.265847744427305 19
      vertex -6.118675362266391 -54.672214011007085 11
      vertex -6.118675362266391 -54.672214011007085 19
    endloop
  endfacet
  facet normal -0.1564344650402324 -0.9876883405951375 0
    outer loop
      vertex -6.118675362266391 -54.672214011007085 19
      vertex -6.118675362266391 -54.672214011007085 11
      vertex -4.567926949014801 -54.917828430524104 19
    endloop
  endfacet
  facet normal -0.05233595624294164 -0.9986295347545739 0
    outer loop
      vertex -4.567926949014801 -54.917828430524104 19
      vertex -3 -55 11
      vertex -3 -55 19
    endloop
  endfacet
  facet normal 0 -1 0
    outer loop
      vertex -3 -55 19
      vertex -3 -55 11
      vertex 8.071215360212445 -55 17.641129977520507
    endloop
  endfacet
  facet normal -0.8386705679454233 -0.5446390350150283 0
    outer loop
      vertex -15.135254915624209 -48.8167787843871 19
      vertex -15.99038105676658 -47.5 11
      vertex -15.135254915624209 -48.8167787843871 11
    endloop
  endfacet
  facet normal -0.7771459614569719 -0.6293203910498364 0
    outer loop
      vertex -15.135254915624209 -48.8167787843871 19
      vertex -15.135254915624209 -48.8167787843871 11
      vertex -14.147172382160917 -50.03695909538287 11
    endloop
  endfacet
  facet normal -0.7071067811865475 -0.7071067811865475 0
    outer loop
      vertex -13.03695909538287 -51.14717238216092 19
      vertex -14.147172382160917 -50.03695909538287 11
      vertex -13.03695909538287 -51.14717238216092 11
    endloop
  endfacet
  facet normal -0.6293203910498364 -0.7771459614569719 0
    outer loop
      vertex -13.03695909538287 -51.14717238216092 19
      vertex -13.03695909538287 -51.14717238216092 11
      vertex -11.816778784387097 -52.13525491562421 11
    endloop
  endfacet
  facet normal -0.5446390350150283 -0.8386705679454233 0
    outer loop
      vertex -10.5 -52.99038105676658 19
      vertex -11.816778784387097 -52.13525491562421 11
      vertex -10.5 -52.99038105676658 11
    endloop
  endfacet
  facet normal -0.4539904997395467 -0.8910065241883679 0
    outer loop
      vertex -10.5 -52.99038105676658 19
      vertex -10.5 -52.99038105676658 11
      vertex -9.101049646137003 -53.703181864639014 11
    endloop
  endfacet
  facet normal -0.3583679495453003 -0.9335804264972017 0
    outer loop
      vertex -9.101049646137003 -53.703181864639014 19
      vertex -9.101049646137003 -53.703181864639014 11
      vertex -7.635254915624209 -54.265847744427305 11
    endloop
  endfacet
  facet normal -0.2588190451025211 -0.9659258262890683 0
    outer loop
      vertex -7.635254915624209 -54.265847744427305 19
      vertex -7.635254915624209 -54.265847744427305 11
      vertex -6.118675362266391 -54.672214011007085 11
    endloop
  endfacet
  facet normal -0.1564344650402324 -0.9876883405951375 0
    outer loop
      vertex -4.567926949014801 -54.917828430524104 19
      vertex -6.118675362266391 -54.672214011007085 11
      vertex -4.567926949014801 -54.917828430524104 11
    endloop
  endfacet
  facet normal -0.05233595624294164 -0.9986295347545739 0
    outer loop
      vertex -4.567926949014801 -54.917828430524104 19
      vertex -4.567926949014801 -54.917828430524104 11
      vertex -3 -55 11
    endloop
  endfacet
  facet normal 0 0 1
    outer loop
      vertex -1.8673762078750755 -40.822899353209465 19
      vertex 4 -44 19
      vertex 4 -36 19
    endloop
  endfacet
  facet normal 0 0 1
    outer loop
      vertex -3 -55 19
      vertex 8 -55 19
      vertex 8 -44 19
    endloop
  endfacet
  facet normal 0 -1 0
    outer loop
      vertex -3 -55 19
      vertex 8.071215360212445 -55 17.641129977520507
      vertex 8 -55 19
    endloop
  endfacet
  facet normal 0 -1 0
    outer loop
      vertex -3 -55 11
      vertex 8.284081190460528 -55 16.29714801936913
      vertex 8.071215360212445 -55 17.641129977520507
    endloop
  endfacet
  facet normal 0 -1 0
    outer loop
      vertex -3 -55 11
      vertex 8.636265288163003 -55 14.982779073125684
      vertex 8.284081190460528 -55 16.29714801936913
    endloop
  endfacet
  facet normal 0 -1 0
    outer loop
      vertex -3 -55 11
      vertex 9.123909050646189 -55 13.712423640014597
      vertex 8.636265288163003 -55 14.982779073125684
    endloop
  endfacet
  facet normal 0 -1 0
    outer loop
      vertex -3 -55 11
      vertex 9.741669750802298 -55 12.5
      vertex 9.123909050646189 -55 13.712423640014597
    endloop
  endfacet
  facet normal 0 -1 0
    outer loop
      vertex -3 -55 11
      vertex 10.482779073125684 -55 11.35879172019785
      vertex 9.741669750802298 -55 12.5
    endloop
  endfacet
  facet normal -0.428104140093752 -0.02243598728418851 -0.9034508684533836
    outer loop
      vertex -18 -40 11
      vertex 6 -55 0
      vertex -17.917828430524104 -41.567926949014804 11
    endloop
  endfacet
  facet normal -0.4495015618529405 -0.07119405329908395 -0.8904379555402018
    outer loop
      vertex -17.917828430524104 -41.567926949014804 11
      vertex 6 -55 0
      vertex -17.672214011007085 -43.11867536226639 11
    endloop
  endfacet
  facet normal -0.4166547104932136 0 -0.9090648228942843
    outer loop
      vertex 6 -25 0
      vertex 6 -55 0
      vertex -18 -40 11
    endloop
  endfacet
  facet normal -0.4692672761394844 -0.12573978767592736 -0.8740581956253494
    outer loop
      vertex -17.672214011007085 -43.11867536226639 11
      vertex 6 -55 0
      vertex -17.265847744427305 -44.63525491562421 11
    endloop
  endfacet
  facet normal -0.48669449143504345 -0.18682451131176586 -0.8533610455017877
    outer loop
      vertex -17.265847744427305 -44.63525491562421 11
      vertex 6 -55 0
      vertex -16.703181864639014 -46.101049646137 11
    endloop
  endfacet
  facet normal -0.5007641730641266 -0.2551520903712043 -0.8271231188611562
    outer loop
      vertex -16.703181864639014 -46.101049646137 11
      vertex 6 -55 0
      vertex -15.99038105676658 -47.5 11
    endloop
  endfacet
  facet normal -0.5100482193168202 -0.3312291865212133 -0.7938123455630027
    outer loop
      vertex -15.99038105676658 -47.5 11
      vertex 6 -55 0
      vertex -15.135254915624209 -48.8167787843871 11
    endloop
  endfacet
  facet normal -0.5126191727375637 -0.41511082119251125 -0.7516013503651618
    outer loop
      vertex -15.135254915624209 -48.8167787843871 11
      vertex 6 -55 0
      vertex -14.147172382160917 -50.03695909538287 11
    endloop
  endfacet
  facet normal -0.5060171016664761 -0.5060171016664761 -0.6984936546899467
    outer loop
      vertex -14.147172382160917 -50.03695909538287 11
      vertex 6 -55 0
      vertex -13.03695909538287 -51.14717238216092 11
    endloop
  endfacet
  facet normal -0.48736799559405175 -0.6018493519452838 -0.6326529810517598
    outer loop
      vertex -13.03695909538287 -51.14717238216092 11
      vertex 6 -55 0
      vertex -11.816778784387097 -52.13525491562421 11
    endloop
  endfacet
  facet normal -0.45377916701518406 -0.6987586405956457 -0.5530106958964995
    outer loop
      vertex -11.816778784387097 -52.13525491562421 11
      vertex 6 -55 0
      vertex -10.5 -52.99038105676658 11
    endloop
  endfacet
  facet normal -0.40308368402798517 -0.7910962728710426 -0.46009806641625034
    outer loop
      vertex -10.5 -52.99038105676658 11
      vertex 6 -55 0
      vertex -9.101049646137003 -53.703181864639014 11
    endloop
  endfacet
  facet normal -0.33478329576474797 -0.8721403028388955 -0.3567792553400113
    outer loop
      vertex -9.101049646137003 -53.703181864639014 11
      vertex 6 -55 0
      vertex -7.635254915624209 -54.265847744427305 11
    endloop
  endfacet
  facet normal -0.2507118687322187 -0.935669432169178 -0.24832694694899013
    outer loop
      vertex -7.635254915624209 -54.265847744427305 11
      vertex 6 -55 0
      vertex -6.118675362266391 -54.672214011007085 11
    endloop
  endfacet
  facet normal -0.15486103759523284 -0.9777541106810403 -0.1414742311562623
    outer loop
      vertex -6.118675362266391 -54.672214011007085 11
      vertex 6 -55 0
      vertex -4.567926949014801 -54.917828430524104 11
    endloop
  endfacet
  facet normal -0.052288041031402374 -0.9977152580537718 -0.04278112448023831
    outer loop
      vertex -4.567926949014801 -54.917828430524104 11
      vertex 6 -55 0
      vertex -3 -55 11
    endloop
  endfacet
  facet normal 0 0 -1
    outer loop
      vertex 6 -25 0
      vertex 7.607669346484418 -40.14633984857471 0
      vertex 6 -55 0
    endloop
  endfacet
  facet normal 0 0 -1
    outer loop
      vertex 6 -55 0
      vertex 7.607669346484418 -40.14633984857471 0
      vertex 7.630593358972671 -40.29107636714486 0
    endloop
  endfacet
  facet normal 0 0 -1
    outer loop
      vertex 6 -55 0
      vertex 7.630593358972671 -40.29107636714486 0
      vertex 7.6685208771867845 -40.43262379212493 0
    endloop
  endfacet
  facet normal 0 0 -1
    outer loop
      vertex 6 -55 0
      vertex 7.6685208771867845 -40.43262379212493 0
      vertex 7.721036359300358 -40.56943130030612 0
    endloop
  endfacet
  facet normal 0 0 -1
    outer loop
      vertex 6 -55 0
      vertex 7.721036359300358 -40.56943130030612 0
      vertex 7.787564434701785 -40.7 0
    endloop
  endfacet
  facet normal 0 0 -1
    outer loop
      vertex 6 -55 0
      vertex 7.787564434701785 -40.7 0
      vertex 7.867376207875074 -40.822899353209465 0
    endloop
  endfacet
  facet normal 0 0 -1
    outer loop
      vertex 6 -55 0
      vertex 7.867376207875074 -40.822899353209465 0
      vertex 7.959597244331649 -40.9367828489024 0
    endloop
  endfacet
  facet normal 0 0 -1
    outer loop
      vertex 6 -55 0
      vertex 10.040402755668351 -40.9367828489024 0
      vertex 10.132623792124926 -40.822899353209465 0
    endloop
  endfacet
  facet normal 0 0 -1
    outer loop
      vertex 6 -55 0
      vertex 7.959597244331649 -40.9367828489024 0
      vertex 8.063217151097598 -41.04040275566835 0
    endloop
  endfacet
  facet normal 0 0 -1
    outer loop
      vertex 6 -55 0
      vertex 8.063217151097598 -41.04040275566835 0
      vertex 8.177100646790537 -41.132623792124924 0
    endloop
  endfacet
  facet normal 0 0 -1
    outer loop
      vertex 6 -55 0
      vertex 8.177100646790537 -41.132623792124924 0
      vertex 8.3 -41.212435565298215 0
    endloop
  endfacet
  facet normal 0 0 -1
    outer loop
      vertex 6 -55 0
      vertex 8.3 -41.212435565298215 0
      vertex 8.430568699693879 -41.278963640699644 0
    endloop
  endfacet
  facet normal 0 0 -1
    outer loop
      vertex 6 -55 0
      vertex 8.430568699693879 -41.278963640699644 0
      vertex 8.567376207875073 -41.331479122813214 0
    endloop
  endfacet
  facet normal 0 0 -1
    outer loop
      vertex 6 -55 0
      vertex 8.567376207875073 -41.331479122813214 0
      vertex 8.708923632855138 -41.369406641027325 0
    endloop
  endfacet
  facet normal 0 0 -1
    outer loop
      vertex 6 -55 0
      vertex 8.708923632855138 -41.369406641027325 0
      vertex 8.853660151425284 -41.392330653515586 0
    endloop
  endfacet
  facet normal 0 0 -1
    outer loop
      vertex 6 -55 0
      vertex 8.853660151425284 -41.392330653515586 0
      vertex 9 -41.4 0
    endloop
  endfacet
  facet normal 0 0 -1
    outer loop
      vertex 6 -55 0
      vertex 9 -41.4 0
      vertex 9.146339848574716 -41.392330653515586 0
    endloop
  endfacet
  facet normal 0 0 -1
    outer loop
      vertex 6 -55 0
      vertex 9.146339848574716 -41.392330653515586 0
      vertex 9.291076367144862 -41.369406641027325 0
    endloop
  endfacet
  facet normal 0 0 -1
    outer loop
      vertex 6 -55 0
      vertex 9.7 -41.212435565298215 0
      vertex 9.822899353209463 -41.132623792124924 0
    endloop
  endfacet
  facet normal 0 0 -1
    outer loop
      vertex 6 -55 0
      vertex 9.569431300306121 -41.278963640699644 0
      vertex 9.7 -41.212435565298215 0
    endloop
  endfacet
  facet normal 0 0 -1
    outer loop
      vertex 6 -55 0
      vertex 9.936782848902402 -41.04040275566835 0
      vertex 10.040402755668351 -40.9367828489024 0
    endloop
  endfacet
  facet normal 0 0 -1
    outer loop
      vertex 6 -55 0
      vertex 9.822899353209463 -41.132623792124924 0
      vertex 9.936782848902402 -41.04040275566835 0
    endloop
  endfacet
  facet normal 0 0 -1
    outer loop
      vertex 6 -55 0
      vertex 9.291076367144862 -41.369406641027325 0
      vertex 9.432623792124927 -41.331479122813214 0
    endloop
  endfacet
  facet normal 0 0 -1
    outer loop
      vertex 6 -55 0
      vertex 9.432623792124927 -41.331479122813214 0
      vertex 9.569431300306121 -41.278963640699644 0
    endloop
  endfacet
  facet normal 0 0 -1
    outer loop
      vertex 6 -55 0
      vertex 10.132623792124926 -40.822899353209465 0
      vertex 16.432272711786997 -42.033683215379 0
    endloop
  endfacet
  facet normal 0 0 -1
    outer loop
      vertex 10.4 -40 0
      vertex 16.027390523158633 -40.52264231633827 0
      vertex 10.392330653515582 -40.14633984857471 0
    endloop
  endfacet
  facet normal 0 0 -1
    outer loop
      vertex 10.392330653515582 -40.14633984857471 0
      vertex 16.027390523158633 -40.52264231633827 0
      vertex 10.369406641027329 -40.29107636714486 0
    endloop
  endfacet
  facet normal 0 0 -1
    outer loop
      vertex 10.369406641027329 -40.29107636714486 0
      vertex 16.10926199633097 -41.0395584540888 0
      vertex 10.331479122813215 -40.43262379212493 0
    endloop
  endfacet
  facet normal 0 0 -1
    outer loop
      vertex 10.331479122813215 -40.43262379212493 0
      vertex 16.10926199633097 -41.0395584540888 0
      vertex 10.278963640699642 -40.56943130030612 0
    endloop
  endfacet
  facet normal 0 0 -1
    outer loop
      vertex 10.278963640699642 -40.56943130030612 0
      vertex 16.244717418524232 -41.545084971874736 0
      vertex 10.212435565298215 -40.7 0
    endloop
  endfacet
  facet normal 0 0 -1
    outer loop
      vertex 10.212435565298215 -40.7 0
      vertex 16.244717418524232 -41.545084971874736 0
      vertex 10.132623792124926 -40.822899353209465 0
    endloop
  endfacet
  facet normal 0 0 -1
    outer loop
      vertex 10.4 -40 0
      vertex 16 -40 0
      vertex 16.027390523158633 -40.52264231633827 0
    endloop
  endfacet
  facet normal 0 0 -1
    outer loop
      vertex 10.369406641027329 -40.29107636714486 0
      vertex 16.027390523158633 -40.52264231633827 0
      vertex 16.10926199633097 -41.0395584540888 0
    endloop
  endfacet
  facet normal 0 0 -1
    outer loop
      vertex 10.278963640699642 -40.56943130030612 0
      vertex 16.10926199633097 -41.0395584540888 0
      vertex 16.244717418524232 -41.545084971874736 0
    endloop
  endfacet
  facet normal 0 0 -1
    outer loop
      vertex 10.132623792124926 -40.822899353209465 0
      vertex 16.244717418524232 -41.545084971874736 0
      vertex 16.432272711786997 -42.033683215379 0
    endloop
  endfacet
  facet normal 0 0 -1
    outer loop
      vertex 6 -55 0
      vertex 16.432272711786997 -42.033683215379 0
      vertex 16.66987298107781 -42.5 0
    endloop
  endfacet
  facet normal 0 0 -1
    outer loop
      vertex 6 -55 0
      vertex 16.66987298107781 -42.5 0
      vertex 16.954915028125264 -42.93892626146236 0
    endloop
  endfacet
  facet normal 0 0 -1
    outer loop
      vertex 6 -55 0
      vertex 16.954915028125264 -42.93892626146236 0
      vertex 17.28427587261303 -43.34565303179429 0
    endloop
  endfacet
  facet normal 0 0 -1
    outer loop
      vertex 6 -55 0
      vertex 17.28427587261303 -43.34565303179429 0
      vertex 17.654346968205708 -43.71572412738697 0
    endloop
  endfacet
  facet normal 0 -1 0
    outer loop
      vertex -3 -55 11
      vertex 6 -55 0
      vertex 10.482779073125684 -55 11.35879172019785
    endloop
  endfacet
  facet normal 0 -1 0
    outer loop
      vertex 6 -55 0
      vertex 11.339117268793874 -55 10.301302117334842
      vertex 10.482779073125684 -55 11.35879172019785
    endloop
  endfacet
  facet normal 0 -1 0
    outer loop
      vertex 6 -55 0
      vertex 12.301302117334842 -55 9.339117268793874
      vertex 11.339117268793874 -55 10.301302117334842
    endloop
  endfacet
  facet normal 0 -1 0
    outer loop
      vertex 6 -55 0
      vertex 13.35879172019785 -55 8.482779073125684
      vertex 12.301302117334842 -55 9.339117268793874
    endloop
  endfacet
  facet normal 0 -1 0
    outer loop
      vertex 6 -55 0
      vertex 14.5 -55 7.7416697508022985
      vertex 13.35879172019785 -55 8.482779073125684
    endloop
  endfacet
  facet normal 0 -1 0
    outer loop
      vertex 6 -55 0
      vertex 15.712423640014597 -55 7.123909050646189
      vertex 14.5 -55 7.7416697508022985
    endloop
  endfacet
  facet normal 0 0 -1
    outer loop
      vertex 6 -55 0
      vertex 17.654346968205708 -43.71572412738697 0
      vertex 18.061073738537633 -44.045084971874736 0
    endloop
  endfacet
  facet normal 0 0 -1
    outer loop
      vertex 6 -55 0
      vertex 18.061073738537633 -44.045084971874736 0
      vertex 18.5 -44.33012701892219 0
    endloop
  endfacet
  facet normal 0 0 -1
    outer loop
      vertex 6 -55 0
      vertex 18.5 -44.33012701892219 0
      vertex 18.966316784621 -44.56772728821301 0
    endloop
  endfacet
  facet normal 0 0 -1
    outer loop
      vertex 6 -55 0
      vertex 18.966316784621 -44.56772728821301 0
      vertex 19.454915028125264 -44.75528258147577 0
    endloop
  endfacet
  facet normal 0 -1 0
    outer loop
      vertex 6 -55 0
      vertex 16.982779073125684 -55 6.636265288163003
      vertex 15.712423640014597 -55 7.123909050646189
    endloop
  endfacet
  facet normal 0 -1 0
    outer loop
      vertex 6 -55 0
      vertex 18.29714801936913 -55 6.284081190460528
      vertex 16.982779073125684 -55 6.636265288163003
    endloop
  endfacet
  facet normal 0 -1 0
    outer loop
      vertex 6 -55 0
      vertex 19.641129977520507 -55 6.071215360212445
      vertex 18.29714801936913 -55 6.284081190460528
    endloop
  endfacet
  facet normal 0 -1 0
    outer loop
      vertex 6 -55 0
      vertex 21 -55 6
      vertex 19.641129977520507 -55 6.071215360212445
    endloop
  endfacet
  facet normal 0 -1 0
    outer loop
      vertex 6 -55 0
      vertex 22.358870022479493 -55 6.071215360212445
      vertex 21 -55 6
    endloop
  endfacet
  facet normal 0 -1 0
    outer loop
      vertex 6 -55 0
      vertex 23.70285198063087 -55 6.284081190460528
      vertex 22.358870022479493 -55 6.071215360212445
    endloop
  endfacet
  facet normal 0 0 -1
    outer loop
      vertex 6 -55 0
      vertex 19.454915028125264 -44.75528258147577 0
      vertex 36 -55 0
    endloop
  endfacet
  facet normal 0 1 0
    outer loop
      vertex 45 -25 19
      vertex 33.92878463978755 -25 17.641129977520507
      vertex 34 -25 19
    endloop
  endfacet
  facet normal 0 0 1
    outer loop
      vertex 45 -25 19
      vertex 34 -25 19
      vertex 34 -36 19
    endloop
  endfacet
  facet normal 0 1 0
    outer loop
      vertex 45 -25 11
      vertex 33.715918809539474 -25 16.29714801936913
      vertex 33.92878463978755 -25 17.641129977520507
    endloop
  endfacet
  facet normal 0 1 0
    outer loop
      vertex 45 -25 11
      vertex 33.363734711837 -25 14.982779073125684
      vertex 33.715918809539474 -25 16.29714801936913
    endloop
  endfacet
  facet normal 0 1 0
    outer loop
      vertex 45 -25 11
      vertex 32.87609094935381 -25 13.712423640014597
      vertex 33.363734711837 -25 14.982779073125684
    endloop
  endfacet
  facet normal 0 1 0
    outer loop
      vertex 45 -25 11
      vertex 32.2583302491977 -25 12.5
      vertex 32.87609094935381 -25 13.712423640014597
    endloop
  endfacet
  facet normal 0 1 0
    outer loop
      vertex 45 -25 11
      vertex 29.698697882665158 -25 9.339117268793874
      vertex 30.660882731206126 -25 10.301302117334842
    endloop
  endfacet
  facet normal 0 1 0
    outer loop
      vertex 45 -25 11
      vertex 28.64120827980215 -25 8.482779073125684
      vertex 29.698697882665158 -25 9.339117268793874
    endloop
  endfacet
  facet normal 0 1 0
    outer loop
      vertex 45 -25 11
      vertex 31.517220926874316 -25 11.35879172019785
      vertex 32.2583302491977 -25 12.5
    endloop
  endfacet
  facet normal 0 1 0
    outer loop
      vertex 45 -25 11
      vertex 30.660882731206126 -25 10.301302117334842
      vertex 31.517220926874316 -25 11.35879172019785
    endloop
  endfacet
  facet normal 0 0 1
    outer loop
      vertex 45 -25 19
      vertex 52.5 -27.00961894323342 19
      vertex 46.567926949014804 -25.082171569475896 19
    endloop
  endfacet
  facet normal 0 0 1
    outer loop
      vertex 46.567926949014804 -25.082171569475896 19
      vertex 52.5 -27.00961894323342 19
      vertex 48.11867536226639 -25.327785988992915 19
    endloop
  endfacet
  facet normal 0 0 1
    outer loop
      vertex 48.11867536226639 -25.327785988992915 19
      vertex 52.5 -27.00961894323342 19
      vertex 49.63525491562421 -25.734152255572695 19
    endloop
  endfacet
  facet normal 0 1 0
    outer loop
      vertex 45 -25 19
      vertex 45 -25 11
      vertex 33.92878463978755 -25 17.641129977520507
    endloop
  endfacet
  facet normal 0.05233595624294152 0.9986295347545739 0
    outer loop
      vertex 45 -25 19
      vertex 46.567926949014804 -25.082171569475896 19
      vertex 46.567926949014804 -25.082171569475896 11
    endloop
  endfacet
  facet normal 0.1564344650402331 0.9876883405951373 0
    outer loop
      vertex 46.567926949014804 -25.082171569475896 19
      vertex 48.11867536226639 -25.327785988992915 19
      vertex 46.567926949014804 -25.082171569475896 11
    endloop
  endfacet
  facet normal 0.2588190451025205 0.9659258262890684 0
    outer loop
      vertex 48.11867536226639 -25.327785988992915 19
      vertex 49.63525491562421 -25.734152255572695 19
      vertex 48.11867536226639 -25.327785988992915 11
    endloop
  endfacet
  facet normal 0 0 1
    outer loop
      vertex 45 -25 19
      vertex 34 -36 19
      vertex 52.5 -27.00961894323342 19
    endloop
  endfacet
  facet normal 0 0 1
    outer loop
      vertex 49.63525491562421 -25.734152255572695 19
      vertex 52.5 -27.00961894323342 19
      vertex 51.101049646137 -26.296818135360986 19
    endloop
  endfacet
  facet normal 0 0 1
    outer loop
      vertex 52.5 -27.00961894323342 19
      vertex 55.03695909538287 -28.852827617839086 19
      vertex 53.8167787843871 -27.86474508437579 19
    endloop
  endfacet
  facet normal 0 0 1
    outer loop
      vertex 52.5 -27.00961894323342 19
      vertex 56.14717238216092 -29.963040904617127 19
      vertex 55.03695909538287 -28.852827617839086 19
    endloop
  endfacet
  facet normal 0.35836794954530105 0.9335804264972015 0
    outer loop
      vertex 49.63525491562421 -25.734152255572695 19
      vertex 51.101049646137 -26.296818135360986 19
      vertex 51.101049646137 -26.296818135360986 11
    endloop
  endfacet
  facet normal 0.4539904997395458 0.8910065241883685 0
    outer loop
      vertex 51.101049646137 -26.296818135360986 19
      vertex 52.5 -27.00961894323342 19
      vertex 51.101049646137 -26.296818135360986 11
    endloop
  endfacet
  facet normal 0.5446390350150283 0.8386705679454233 0
    outer loop
      vertex 52.5 -27.00961894323342 19
      vertex 53.8167787843871 -27.86474508437579 19
      vertex 53.8167787843871 -27.86474508437579 11
    endloop
  endfacet
  facet normal 0.6293203910498376 0.7771459614569707 0
    outer loop
      vertex 53.8167787843871 -27.86474508437579 19
      vertex 55.03695909538287 -28.852827617839086 19
      vertex 53.8167787843871 -27.86474508437579 11
    endloop
  endfacet
  facet normal 0 0 1
    outer loop
      vertex 52.5 -27.00961894323342 19
      vertex 57.13525491562421 -31.183221215612903 19
      vertex 56.14717238216092 -29.963040904617127 19
    endloop
  endfacet
  facet normal 0 0 1
    outer loop
      vertex 52.5 -27.00961894323342 19
      vertex 57.99038105676658 -32.5 19
      vertex 57.13525491562421 -31.183221215612903 19
    endloop
  endfacet
  facet normal 0 0 1
    outer loop
      vertex 52.5 -27.00961894323342 19
      vertex 58.703181864639014 -33.898950353863 19
      vertex 57.99038105676658 -32.5 19
    endloop
  endfacet
  facet normal 0 0 1
    outer loop
      vertex 52.5 -27.00961894323342 19
      vertex 59.265847744427305 -35.36474508437579 19
      vertex 58.703181864639014 -33.898950353863 19
    endloop
  endfacet
  facet normal 0.7071067811865452 0.7071067811865498 0
    outer loop
      vertex 55.03695909538287 -28.852827617839086 19
      vertex 56.14717238216092 -29.963040904617127 19
      vertex 56.14717238216092 -29.963040904617127 11
    endloop
  endfacet
  facet normal 0.7771459614569727 0.6293203910498352 0
    outer loop
      vertex 56.14717238216092 -29.963040904617127 19
      vertex 57.13525491562421 -31.183221215612903 19
      vertex 57.13525491562421 -31.183221215612903 11
    endloop
  endfacet
  facet normal 0.8386705679454233 0.5446390350150283 0
    outer loop
      vertex 57.13525491562421 -31.183221215612903 19
      vertex 57.99038105676658 -32.5 19
      vertex 57.13525491562421 -31.183221215612903 11
    endloop
  endfacet
  facet normal 0.05233595624294152 0.9986295347545739 0
    outer loop
      vertex 45 -25 19
      vertex 46.567926949014804 -25.082171569475896 11
      vertex 45 -25 11
    endloop
  endfacet
  facet normal 0.1564344650402331 0.9876883405951373 0
    outer loop
      vertex 48.11867536226639 -25.327785988992915 19
      vertex 48.11867536226639 -25.327785988992915 11
      vertex 46.567926949014804 -25.082171569475896 11
    endloop
  endfacet
  facet normal 0.2588190451025205 0.9659258262890684 0
    outer loop
      vertex 49.63525491562421 -25.734152255572695 19
      vertex 49.63525491562421 -25.734152255572695 11
      vertex 48.11867536226639 -25.327785988992915 11
    endloop
  endfacet
  facet normal 0.35836794954530105 0.9335804264972015 0
    outer loop
      vertex 49.63525491562421 -25.734152255572695 19
      vertex 51.101049646137 -26.296818135360986 11
      vertex 49.63525491562421 -25.734152255572695 11
    endloop
  endfacet
  facet normal 0.4539904997395458 0.8910065241883685 0
    outer loop
      vertex 52.5 -27.00961894323342 19
      vertex 52.5 -27.00961894323342 11
      vertex 51.101049646137 -26.296818135360986 11
    endloop
  endfacet
  facet normal 0.5446390350150283 0.8386705679454233 0
    outer loop
      vertex 52.5 -27.00961894323342 19
      vertex 53.8167787843871 -27.86474508437579 11
      vertex 52.5 -27.00961894323342 11
    endloop
  endfacet
  facet normal 0.6293203910498376 0.7771459614569707 0
    outer loop
      vertex 55.03695909538287 -28.852827617839086 19
      vertex 55.03695909538287 -28.852827617839086 11
      vertex 53.8167787843871 -27.86474508437579 11
    endloop
  endfacet
  facet normal 0.7071067811865452 0.7071067811865498 0
    outer loop
      vertex 55.03695909538287 -28.852827617839086 19
      vertex 56.14717238216092 -29.963040904617127 11
      vertex 55.03695909538287 -28.852827617839086 11
    endloop
  endfacet
  facet normal 0.7771459614569727 0.6293203910498352 0
    outer loop
      vertex 56.14717238216092 -29.963040904617127 19
      vertex 57.13525491562421 -31.183221215612903 11
      vertex 56.14717238216092 -29.963040904617127 11
    endloop
  endfacet
  facet normal 0.8386705679454233 0.5446390350150283 0
    outer loop
      vertex 57.13525491562421 -31.183221215612903 11
      vertex 57.99038105676658 -32.5 19
      vertex 57.99038105676658 -32.5 11
    endloop
  endfacet
  facet normal 0 0 1
    outer loop
      vertex 52.5 -27.00961894323342 19
      vertex 34 -36 19
      vertex 38 -36 19
    endloop
  endfacet
  facet normal 0 0 1
    outer loop
      vertex 52.5 -27.00961894323342 19
      vertex 38 -36 19
      vertex 44.177100646790535 -38.867376207875076 19
    endloop
  endfacet
  facet normal 0 0 1
    outer loop
      vertex 52.5 -27.00961894323342 19
      vertex 44.3 -38.787564434701785 19
      vertex 44.43056869969388 -38.721036359300356 19
    endloop
  endfacet
  facet normal 0 0 1
    outer loop
      vertex 52.5 -27.00961894323342 19
      vertex 44.43056869969388 -38.721036359300356 19
      vertex 44.56737620787507 -38.668520877186786 19
    endloop
  endfacet
  facet normal 0 0 1
    outer loop
      vertex 52.5 -27.00961894323342 19
      vertex 44.56737620787507 -38.668520877186786 19
      vertex 44.70892363285513 -38.630593358972675 19
    endloop
  endfacet
  facet normal 0 0 1
    outer loop
      vertex 52.5 -27.00961894323342 19
      vertex 44.70892363285513 -38.630593358972675 19
      vertex 44.85366015142529 -38.607669346484414 19
    endloop
  endfacet
  facet normal 0 0 1
    outer loop
      vertex 52.5 -27.00961894323342 19
      vertex 44.85366015142529 -38.607669346484414 19
      vertex 45 -38.6 19
    endloop
  endfacet
  facet normal 0 0 1
    outer loop
      vertex 52.5 -27.00961894323342 19
      vertex 45 -38.6 19
      vertex 45.14633984857471 -38.607669346484414 19
    endloop
  endfacet
  facet normal 0 0 1
    outer loop
      vertex 52.5 -27.00961894323342 19
      vertex 45.14633984857471 -38.607669346484414 19
      vertex 45.29107636714487 -38.630593358972675 19
    endloop
  endfacet
  facet normal 0 0 1
    outer loop
      vertex 52.5 -27.00961894323342 19
      vertex 45.29107636714487 -38.630593358972675 19
      vertex 45.43262379212493 -38.668520877186786 19
    endloop
  endfacet
  facet normal 0 0 1
    outer loop
      vertex 52.5 -27.00961894323342 19
      vertex 44.177100646790535 -38.867376207875076 19
      vertex 44.3 -38.787564434701785 19
    endloop
  endfacet
  facet normal 0 0 1
    outer loop
      vertex 52.5 -27.00961894323342 19
      vertex 45.43262379212493 -38.668520877186786 19
      vertex 45.56943130030612 -38.721036359300356 19
    endloop
  endfacet
  facet normal 0 0 1
    outer loop
      vertex 52.5 -27.00961894323342 19
      vertex 45.56943130030612 -38.721036359300356 19
      vertex 45.7 -38.787564434701785 19
    endloop
  endfacet
  facet normal 0 0 1
    outer loop
      vertex 52.5 -27.00961894323342 19
      vertex 45.7 -38.787564434701785 19
      vertex 45.822899353209465 -38.867376207875076 19
    endloop
  endfacet
  facet normal 0 0 1
    outer loop
      vertex 52.5 -27.00961894323342 19
      vertex 45.822899353209465 -38.867376207875076 19
      vertex 45.936782848902396 -38.95959724433165 19
    endloop
  endfacet
  facet normal 0 0 1
    outer loop
      vertex 52.5 -27.00961894323342 19
      vertex 45.936782848902396 -38.95959724433165 19
      vertex 46.04040275566835 -39.0632171510976 19
    endloop
  endfacet
  facet normal 0 0 1
    outer loop
      vertex 52.5 -27.00961894323342 19
      vertex 46.04040275566835 -39.0632171510976 19
      vertex 46.132623792124924 -39.177100646790535 19
    endloop
  endfacet
  facet normal 0 0 1
    outer loop
      vertex 52.5 -27.00961894323342 19
      vertex 46.132623792124924 -39.177100646790535 19
      vertex 46.212435565298215 -39.3 19
    endloop
  endfacet
  facet normal 0 0 1
    outer loop
      vertex 52.5 -27.00961894323342 19
      vertex 46.212435565298215 -39.3 19
      vertex 46.278963640699644 -39.43056869969388 19
    endloop
  endfacet
  facet normal 0 0 1
    outer loop
      vertex 52.5 -27.00961894323342 19
      vertex 46.278963640699644 -39.43056869969388 19
      vertex 46.331479122813214 -39.56737620787507 19
    endloop
  endfacet
  facet normal 0 0 1
    outer loop
      vertex 52.5 -27.00961894323342 19
      vertex 46.331479122813214 -39.56737620787507 19
      vertex 46.369406641027325 -39.70892363285514 19
    endloop
  endfacet
  facet normal 0 0 1
    outer loop
      vertex 52.5 -27.00961894323342 19
      vertex 46.369406641027325 -39.70892363285514 19
      vertex 46.392330653515586 -39.85366015142529 19
    endloop
  endfacet
  facet normal 0 0 1
    outer loop
      vertex 52.5 -27.00961894323342 19
      vertex 46.392330653515586 -39.85366015142529 19
      vertex 46.4 -40 19
    endloop
  endfacet
  facet normal 0 0 1
    outer loop
      vertex 52.5 -27.00961894323342 19
      vertex 46.4 -40 19
      vertex 46.392330653515586 -40.14633984857471 19
    endloop
  endfacet
  facet normal 0 0 1
    outer loop
      vertex 52.5 -27.00961894323342 19
      vertex 46.392330653515586 -40.14633984857471 19
      vertex 46.369406641027325 -40.29107636714486 19
    endloop
  endfacet
  facet normal 0 0 1
    outer loop
      vertex 52.5 -27.00961894323342 19
      vertex 46.369406641027325 -40.29107636714486 19
      vertex 46.331479122813214 -40.43262379212493 19
    endloop
  endfacet
  facet normal 0 0 1
    outer loop
      vertex 52.5 -27.00961894323342 19
      vertex 46.331479122813214 -40.43262379212493 19
      vertex 46.278963640699644 -40.56943130030612 19
    endloop
  endfacet
  facet normal 0 0 1
    outer loop
      vertex 38 -36 19
      vertex 43.95959724433165 -39.0632171510976 19
      vertex 44.063217151097604 -38.95959724433165 19
    endloop
  endfacet
  facet normal 0 0 1
    outer loop
      vertex 38 -36 19
      vertex 43.867376207875076 -39.177100646790535 19
      vertex 43.95959724433165 -39.0632171510976 19
    endloop
  endfacet
  facet normal 0 0 1
    outer loop
      vertex 38 -36 19
      vertex 44.063217151097604 -38.95959724433165 19
      vertex 44.177100646790535 -38.867376207875076 19
    endloop
  endfacet
  facet normal 0 0 1
    outer loop
      vertex 38 -36 19
      vertex 43.787564434701785 -39.3 19
      vertex 43.867376207875076 -39.177100646790535 19
    endloop
  endfacet
  facet normal 0 0 1
    outer loop
      vertex 38 -36 19
      vertex 43.721036359300356 -39.43056869969388 19
      vertex 43.787564434701785 -39.3 19
    endloop
  endfacet
  facet normal 0 0 1
    outer loop
      vertex 38 -36 19
      vertex 43.668520877186786 -39.56737620787507 19
      vertex 43.721036359300356 -39.43056869969388 19
    endloop
  endfacet
  facet normal 0 0 1
    outer loop
      vertex 38 -36 19
      vertex 43.630593358972675 -39.70892363285514 19
      vertex 43.668520877186786 -39.56737620787507 19
    endloop
  endfacet
  facet normal 0 0 1
    outer loop
      vertex 38 -36 19
      vertex 43.607669346484414 -39.85366015142529 19
      vertex 43.630593358972675 -39.70892363285514 19
    endloop
  endfacet
  facet normal 0 0 1
    outer loop
      vertex 38 -36 19
      vertex 43.6 -40 19
      vertex 43.607669346484414 -39.85366015142529 19
    endloop
  endfacet
  facet normal 0 0 1
    outer loop
      vertex 52.5 -27.00961894323342 19
      vertex 59.672214011007085 -36.88132463773361 19
      vertex 59.265847744427305 -35.36474508437579 19
    endloop
  endfacet
  facet normal 0 0 1
    outer loop
      vertex 52.5 -27.00961894323342 19
      vertex 59.917828430524104 -38.432073050985196 19
      vertex 59.672214011007085 -36.88132463773361 19
    endloop
  endfacet
  facet normal 0 0 1
    outer loop
      vertex 52.5 -27.00961894323342 19
      vertex 60 -40 19
      vertex 59.917828430524104 -38.432073050985196 19
    endloop
  endfacet
  facet normal 0 0 1
    outer loop
      vertex 52.5 -27.00961894323342 19
      vertex 59.917828430524104 -41.567926949014804 19
      vertex 60 -40 19
    endloop
  endfacet
  facet normal 0.8910065241883685 0.4539904997395458 0
    outer loop
      vertex 57.99038105676658 -32.5 19
      vertex 58.703181864639014 -33.898950353863 19
      vertex 58.703181864639014 -33.898950353863 11
    endloop
  endfacet
  facet normal 0.9335804264972015 0.35836794954530105 0
    outer loop
      vertex 58.703181864639014 -33.898950353863 19
      vertex 59.265847744427305 -35.36474508437579 19
      vertex 58.703181864639014 -33.898950353863 11
    endloop
  endfacet
  facet normal 0.9659258262890684 0.2588190451025205 0
    outer loop
      vertex 59.265847744427305 -35.36474508437579 19
      vertex 59.672214011007085 -36.88132463773361 19
      vertex 59.265847744427305 -35.36474508437579 11
    endloop
  endfacet
  facet normal 0 0 1
    outer loop
      vertex 52.5 -27.00961894323342 19
      vertex 59.672214011007085 -43.11867536226639 19
      vertex 59.917828430524104 -41.567926949014804 19
    endloop
  endfacet
  facet normal 0 0 1
    outer loop
      vertex 52.5 -27.00961894323342 19
      vertex 59.265847744427305 -44.63525491562421 19
      vertex 59.672214011007085 -43.11867536226639 19
    endloop
  endfacet
  facet normal 0 0 1
    outer loop
      vertex 52.5 -27.00961894323342 19
      vertex 58.703181864639014 -46.101049646137 19
      vertex 59.265847744427305 -44.63525491562421 19
    endloop
  endfacet
  facet normal 0.9876883405951373 0.1564344650402331 0
    outer loop
      vertex 59.672214011007085 -36.88132463773361 19
      vertex 59.917828430524104 -38.432073050985196 19
      vertex 59.917828430524104 -38.432073050985196 11
    endloop
  endfacet
  facet normal 0.9986295347545739 0.05233595624294152 0
    outer loop
      vertex 59.917828430524104 -38.432073050985196 19
      vertex 60 -40 19
      vertex 60 -40 11
    endloop
  endfacet
  facet normal 0.8910065241883685 0.4539904997395458 0
    outer loop
      vertex 57.99038105676658 -32.5 19
      vertex 58.703181864639014 -33.898950353863 11
      vertex 57.99038105676658 -32.5 11
    endloop
  endfacet
  facet normal 0.9335804264972015 0.35836794954530105 0
    outer loop
      vertex 59.265847744427305 -35.36474508437579 19
      vertex 59.265847744427305 -35.36474508437579 11
      vertex 58.703181864639014 -33.898950353863 11
    endloop
  endfacet
  facet normal 0.9659258262890684 0.2588190451025205 0
    outer loop
      vertex 59.672214011007085 -36.88132463773361 19
      vertex 59.672214011007085 -36.88132463773361 11
      vertex 59.265847744427305 -35.36474508437579 11
    endloop
  endfacet
  facet normal 0.9876883405951373 0.1564344650402331 0
    outer loop
      vertex 59.672214011007085 -36.88132463773361 19
      vertex 59.917828430524104 -38.432073050985196 11
      vertex 59.672214011007085 -36.88132463773361 11
    endloop
  endfacet
  facet normal 0.9986295347545739 0.05233595624294152 0
    outer loop
      vertex 59.917828430524104 -38.432073050985196 19
      vertex 60 -40 11
      vertex 59.917828430524104 -38.432073050985196 11
    endloop
  endfacet
  facet normal 0 1 0
    outer loop
      vertex 6 -25 0
      vertex 23.70285198063087 -25 6.284081190460528
      vertex 45 -25 11
    endloop
  endfacet
  facet normal 0 1 0
    outer loop
      vertex 45 -25 11
      vertex 26.2875763599854 -25 7.123909050646189
      vertex 27.5 -25 7.7416697508022985
    endloop
  endfacet
  facet normal 0 1 0
    outer loop
      vertex 45 -25 11
      vertex 27.5 -25 7.7416697508022985
      vertex 28.64120827980215 -25 8.482779073125684
    endloop
  endfacet
  facet normal 0 1 0
    outer loop
      vertex 45 -25 11
      vertex 23.70285198063087 -25 6.284081190460528
      vertex 25.017220926874316 -25 6.636265288163003
    endloop
  endfacet
  facet normal 0 1 0
    outer loop
      vertex 45 -25 11
      vertex 25.017220926874316 -25 6.636265288163003
      vertex 26.2875763599854 -25 7.123909050646189
    endloop
  endfacet
  facet normal 0 1 0
    outer loop
      vertex 6 -25 0
      vertex 45 -25 11
      vertex 36 -25 0
    endloop
  endfacet
  facet normal 0 0 -1
    outer loop
      vertex 6 -25 0
      vertex 36 -25 0
      vertex 22.545084971874736 -35.24471741852423 0
    endloop
  endfacet
  facet normal 0 0 -1
    outer loop
      vertex 36 -25 0
      vertex 23.033683215379 -35.43227271178699 0
      vertex 22.545084971874736 -35.24471741852423 0
    endloop
  endfacet
  facet normal 0 0 -1
    outer loop
      vertex 36 -25 0
      vertex 23.5 -35.66987298107781 0
      vertex 23.033683215379 -35.43227271178699 0
    endloop
  endfacet
  facet normal 0 0 -1
    outer loop
      vertex 36 -25 0
      vertex 23.938926261462367 -35.954915028125264 0
      vertex 23.5 -35.66987298107781 0
    endloop
  endfacet
  facet normal 0 0 -1
    outer loop
      vertex 36 -25 0
      vertex 24.345653031794292 -36.28427587261303 0
      vertex 23.938926261462367 -35.954915028125264 0
    endloop
  endfacet
  facet normal 0 0 -1
    outer loop
      vertex 36 -25 0
      vertex 24.71572412738697 -36.65434696820571 0
      vertex 24.345653031794292 -36.28427587261303 0
    endloop
  endfacet
  facet normal 0 0 -1
    outer loop
      vertex 36 -25 0
      vertex 25.045084971874736 -37.06107373853764 0
      vertex 24.71572412738697 -36.65434696820571 0
    endloop
  endfacet
  facet normal 0 0 -1
    outer loop
      vertex 36 -25 0
      vertex 25.33012701892219 -37.5 0
      vertex 25.045084971874736 -37.06107373853764 0
    endloop
  endfacet
  facet normal 0 0 -1
    outer loop
      vertex 32.177100646790535 -38.867376207875076 0
      vertex 25.567727288213003 -37.966316784621 0
      vertex 25.33012701892219 -37.5 0
    endloop
  endfacet
  facet normal 0 0 -1
    outer loop
      vertex 31.867376207875076 -39.177100646790535 0
      vertex 25.755282581475768 -38.454915028125264 0
      vertex 25.567727288213003 -37.966316784621 0
    endloop
  endfacet
  facet normal 0 0 -1
    outer loop
      vertex 31.721036359300356 -39.43056869969388 0
      vertex 25.89073800366903 -38.9604415459112 0
      vertex 25.755282581475768 -38.454915028125264 0
    endloop
  endfacet
  facet normal 0 0 -1
    outer loop
      vertex 31.63059335897267 -39.70892363285514 0
      vertex 25.972609476841367 -39.47735768366173 0
      vertex 25.89073800366903 -38.9604415459112 0
    endloop
  endfacet
  facet normal 0 0 -1
    outer loop
      vertex 25.972609476841367 -39.47735768366173 0
      vertex 31.6 -40 0
      vertex 26 -40 0
    endloop
  endfacet
  facet normal 0 0 -1
    outer loop
      vertex 32.56737620787507 -38.668520877186786 0
      vertex 32.43056869969388 -38.721036359300356 0
      vertex 25.33012701892219 -37.5 0
    endloop
  endfacet
  facet normal 0 0 -1
    outer loop
      vertex 32.43056869969388 -38.721036359300356 0
      vertex 32.3 -38.787564434701785 0
      vertex 25.33012701892219 -37.5 0
    endloop
  endfacet
  facet normal 0 0 -1
    outer loop
      vertex 32.3 -38.787564434701785 0
      vertex 32.177100646790535 -38.867376207875076 0
      vertex 25.33012701892219 -37.5 0
    endloop
  endfacet
  facet normal 0 0 -1
    outer loop
      vertex 32.70892363285514 -38.630593358972675 0
      vertex 32.56737620787507 -38.668520877186786 0
      vertex 25.33012701892219 -37.5 0
    endloop
  endfacet
  facet normal 0 0 -1
    outer loop
      vertex 31.867376207875076 -39.177100646790535 0
      vertex 25.567727288213003 -37.966316784621 0
      vertex 31.959597244331647 -39.0632171510976 0
    endloop
  endfacet
  facet normal 0 0 -1
    outer loop
      vertex 32.177100646790535 -38.867376207875076 0
      vertex 32.0632171510976 -38.95959724433165 0
      vertex 25.567727288213003 -37.966316784621 0
    endloop
  endfacet
  facet normal 0 0 -1
    outer loop
      vertex 31.959597244331647 -39.0632171510976 0
      vertex 25.567727288213003 -37.966316784621 0
      vertex 32.0632171510976 -38.95959724433165 0
    endloop
  endfacet
  facet normal 0 0 -1
    outer loop
      vertex 31.787564434701785 -39.3 0
      vertex 25.755282581475768 -38.454915028125264 0
      vertex 31.867376207875076 -39.177100646790535 0
    endloop
  endfacet
  facet normal 0 0 -1
    outer loop
      vertex 31.721036359300356 -39.43056869969388 0
      vertex 25.755282581475768 -38.454915028125264 0
      vertex 31.787564434701785 -39.3 0
    endloop
  endfacet
  facet normal 0 0 -1
    outer loop
      vertex 31.668520877186786 -39.56737620787507 0
      vertex 25.89073800366903 -38.9604415459112 0
      vertex 31.721036359300356 -39.43056869969388 0
    endloop
  endfacet
  facet normal 0 0 -1
    outer loop
      vertex 31.63059335897267 -39.70892363285514 0
      vertex 25.89073800366903 -38.9604415459112 0
      vertex 31.668520877186786 -39.56737620787507 0
    endloop
  endfacet
  facet normal 0 0 -1
    outer loop
      vertex 31.607669346484418 -39.85366015142529 0
      vertex 25.972609476841367 -39.47735768366173 0
      vertex 31.63059335897267 -39.70892363285514 0
    endloop
  endfacet
  facet normal 0 0 -1
    outer loop
      vertex 31.6 -40 0
      vertex 25.972609476841367 -39.47735768366173 0
      vertex 31.607669346484418 -39.85366015142529 0
    endloop
  endfacet
  facet normal 0 0 -1
    outer loop
      vertex 36 -25 0
      vertex 32.70892363285514 -38.630593358972675 0
      vertex 25.33012701892219 -37.5 0
    endloop
  endfacet
  facet normal 0 0 -1
    outer loop
      vertex 36 -25 0
      vertex 32.85366015142529 -38.607669346484414 0
      vertex 32.70892363285514 -38.630593358972675 0
    endloop
  endfacet
  facet normal 0 0 -1
    outer loop
      vertex 36 -25 0
      vertex 33 -38.6 0
      vertex 32.85366015142529 -38.607669346484414 0
    endloop
  endfacet
  facet normal 0 0 -1
    outer loop
      vertex 36 -25 0
      vertex 33.14633984857471 -38.607669346484414 0
      vertex 33 -38.6 0
    endloop
  endfacet
  facet normal 0 0 -1
    outer loop
      vertex 36 -25 0
      vertex 33.29107636714486 -38.630593358972675 0
      vertex 33.14633984857471 -38.607669346484414 0
    endloop
  endfacet
  facet normal 0 0 -1
    outer loop
      vertex 36 -25 0
      vertex 33.43262379212493 -38.668520877186786 0
      vertex 33.29107636714486 -38.630593358972675 0
    endloop
  endfacet
  facet normal 0 0 -1
    outer loop
      vertex 36 -25 0
      vertex 33.56943130030612 -38.721036359300356 0
      vertex 33.43262379212493 -38.668520877186786 0
    endloop
  endfacet
  facet normal 0 0 -1
    outer loop
      vertex 36 -25 0
      vertex 33.7 -38.787564434701785 0
      vertex 33.56943130030612 -38.721036359300356 0
    endloop
  endfacet
  facet normal 0 0 -1
    outer loop
      vertex 36 -25 0
      vertex 33.822899353209465 -38.867376207875076 0
      vertex 33.7 -38.787564434701785 0
    endloop
  endfacet
  facet normal 0 0 -1
    outer loop
      vertex 36 -25 0
      vertex 33.9367828489024 -38.95959724433165 0
      vertex 33.822899353209465 -38.867376207875076 0
    endloop
  endfacet
  facet normal 0 0 -1
    outer loop
      vertex 36 -25 0
      vertex 34.04040275566835 -39.0632171510976 0
      vertex 33.9367828489024 -38.95959724433165 0
    endloop
  endfacet
  facet normal 0 0 -1
    outer loop
      vertex 36 -25 0
      vertex 34.132623792124924 -39.177100646790535 0
      vertex 34.04040275566835 -39.0632171510976 0
    endloop
  endfacet
  facet normal 0 0 -1
    outer loop
      vertex 36 -25 0
      vertex 34.212435565298215 -39.3 0
      vertex 34.132623792124924 -39.177100646790535 0
    endloop
  endfacet
  facet normal 0 0 -1
    outer loop
      vertex 36 -25 0
      vertex 34.278963640699644 -39.43056869969388 0
      vertex 34.212435565298215 -39.3 0
    endloop
  endfacet
  facet normal 0 0 -1
    outer loop
      vertex 36 -25 0
      vertex 34.331479122813214 -39.56737620787507 0
      vertex 34.278963640699644 -39.43056869969388 0
    endloop
  endfacet
  facet normal 0 0 -1
    outer loop
      vertex 36 -25 0
      vertex 34.369406641027325 -39.70892363285514 0
      vertex 34.331479122813214 -39.56737620787507 0
    endloop
  endfacet
  facet normal 0 0 -1
    outer loop
      vertex 36 -25 0
      vertex 34.392330653515586 -39.85366015142529 0
      vertex 34.369406641027325 -39.70892363285514 0
    endloop
  endfacet
  facet normal 0 0 -1
    outer loop
      vertex 36 -25 0
      vertex 34.4 -40 0
      vertex 34.392330653515586 -39.85366015142529 0
    endloop
  endfacet
  facet normal 0.052288041031402256 0.9977152580537718 -0.042781124480238214
    outer loop
      vertex 45 -25 11
      vertex 46.567926949014804 -25.082171569475896 11
      vertex 36 -25 0
    endloop
  endfacet
  facet normal 0.1548610375952335 0.9777541106810401 -0.14147423115626295
    outer loop
      vertex 46.567926949014804 -25.082171569475896 11
      vertex 48.11867536226639 -25.327785988992915 11
      vertex 36 -25 0
    endloop
  endfacet
  facet normal 0.2507118687322182 0.9356694321691783 -0.2483269469489895
    outer loop
      vertex 48.11867536226639 -25.327785988992915 11
      vertex 49.63525491562421 -25.734152255572695 11
      vertex 36 -25 0
    endloop
  endfacet
  facet normal 0.3347832957647485 0.872140302838895 -0.3567792553400121
    outer loop
      vertex 49.63525491562421 -25.734152255572695 11
      vertex 51.101049646137 -26.296818135360986 11
      vertex 36 -25 0
    endloop
  endfacet
  facet normal 0.4030836840279846 0.7910962728710434 -0.4600980664162493
    outer loop
      vertex 51.101049646137 -26.296818135360986 11
      vertex 52.5 -27.00961894323342 11
      vertex 36 -25 0
    endloop
  endfacet
  facet normal 0.4537791670151841 0.6987586405956459 -0.5530106958964995
    outer loop
      vertex 52.5 -27.00961894323342 11
      vertex 53.8167787843871 -27.86474508437579 11
      vertex 36 -25 0
    endloop
  endfacet
  facet normal 0.48736799559405214 0.6018493519452821 -0.6326529810517609
    outer loop
      vertex 53.8167787843871 -27.86474508437579 11
      vertex 55.03695909538287 -28.852827617839086 11
      vertex 36 -25 0
    endloop
  endfacet
  facet normal 0.5060171016664757 0.506017101666479 -0.6984936546899448
    outer loop
      vertex 55.03695909538287 -28.852827617839086 11
      vertex 56.14717238216092 -29.963040904617127 11
      vertex 36 -25 0
    endloop
  endfacet
  facet normal 0.5126191727375637 0.41511082119250997 -0.7516013503651625
    outer loop
      vertex 56.14717238216092 -29.963040904617127 11
      vertex 57.13525491562421 -31.183221215612903 11
      vertex 36 -25 0
    endloop
  endfacet
  facet normal 0.5100482193168202 0.3312291865212133 -0.7938123455630028
    outer loop
      vertex 57.13525491562421 -31.183221215612903 11
      vertex 57.99038105676658 -32.5 11
      vertex 36 -25 0
    endloop
  endfacet
  facet normal 0.5007641730641266 0.2551520903712043 -0.8271231188611561
    outer loop
      vertex 57.99038105676658 -32.5 11
      vertex 58.703181864639014 -33.898950353863 11
      vertex 36 -25 0
    endloop
  endfacet
  facet normal 0.48669449143504345 0.18682451131176586 -0.8533610455017878
    outer loop
      vertex 58.703181864639014 -33.898950353863 11
      vertex 59.265847744427305 -35.36474508437579 11
      vertex 36 -25 0
    endloop
  endfacet
  facet normal 0.4692672761394844 0.12573978767592736 -0.8740581956253494
    outer loop
      vertex 59.265847744427305 -35.36474508437579 11
      vertex 59.672214011007085 -36.88132463773361 11
      vertex 36 -25 0
    endloop
  endfacet
  facet normal 0.44950156185294043 0.07119405329908393 -0.8904379555402018
    outer loop
      vertex 59.672214011007085 -36.88132463773361 11
      vertex 59.917828430524104 -38.432073050985196 11
      vertex 36 -25 0
    endloop
  endfacet
  facet normal 0.428104140093752 0.02243598728418851 -0.9034508684533836
    outer loop
      vertex 59.917828430524104 -38.432073050985196 11
      vertex 60 -40 11
      vertex 36 -25 0
    endloop
  endfacet
  facet normal 0 0 1
    outer loop
      vertex 38 -36 19
      vertex 38 -44 19
      vertex 43.6 -40 19
    endloop
  endfacet
  facet normal 0 0 1
    outer loop
      vertex 45 -55 19
      vertex 38 -44 19
      vertex 34 -44 19
    endloop
  endfacet
  facet normal 0 0 1
    outer loop
      vertex 45 -55 19
      vertex 34 -44 19
      vertex 34 -55 19
    endloop
  endfacet
  facet normal 0 -1 0
    outer loop
      vertex 45 -55 19
      vertex 34 -55 19
      vertex 33.92878463978755 -55 17.641129977520507
    endloop
  endfacet
  facet normal 0 -1 0
    outer loop
      vertex 45 -55 19
      vertex 33.92878463978755 -55 17.641129977520507
      vertex 33.715918809539474 -55 16.29714801936913
    endloop
  endfacet
  facet normal 0 -1 0
    outer loop
      vertex 45 -55 11
      vertex 33.715918809539474 -55 16.29714801936913
      vertex 33.363734711837 -55 14.982779073125684
    endloop
  endfacet
  facet normal 0 -1 0
    outer loop
      vertex 45 -55 11
      vertex 33.363734711837 -55 14.982779073125684
      vertex 32.87609094935381 -55 13.712423640014597
    endloop
  endfacet
  facet normal 0 -1 0
    outer loop
      vertex 45 -55 11
      vertex 32.87609094935381 -55 13.712423640014597
      vertex 32.2583302491977 -55 12.5
    endloop
  endfacet
  facet normal 0 -1 0
    outer loop
      vertex 45 -55 11
      vertex 30.660882731206126 -55 10.301302117334842
      vertex 29.698697882665158 -55 9.339117268793874
    endloop
  endfacet
  facet normal 0 -1 0
    outer loop
      vertex 45 -55 11
      vertex 29.698697882665158 -55 9.339117268793874
      vertex 28.64120827980215 -55 8.482779073125684
    endloop
  endfacet
  facet normal 0 -1 0
    outer loop
      vertex 45 -55 11
      vertex 32.2583302491977 -55 12.5
      vertex 31.517220926874316 -55 11.35879172019785
    endloop
  endfacet
  facet normal 0 -1 0
    outer loop
      vertex 45 -55 11
      vertex 31.517220926874316 -55 11.35879172019785
      vertex 30.660882731206126 -55 10.301302117334842
    endloop
  endfacet
  facet normal 0 0 1
    outer loop
      vertex 38 -44 19
      vertex 43.607669346484414 -40.14633984857471 19
      vertex 43.6 -40 19
    endloop
  endfacet
  facet normal 0 0 1
    outer loop
      vertex 38 -44 19
      vertex 43.630593358972675 -40.29107636714486 19
      vertex 43.607669346484414 -40.14633984857471 19
    endloop
  endfacet
  facet normal 0 0 1
    outer loop
      vertex 38 -44 19
      vertex 43.668520877186786 -40.43262379212493 19
      vertex 43.630593358972675 -40.29107636714486 19
    endloop
  endfacet
  facet normal 0 0 1
    outer loop
      vertex 38 -44 19
      vertex 43.721036359300356 -40.56943130030612 19
      vertex 43.668520877186786 -40.43262379212493 19
    endloop
  endfacet
  facet normal 0 0 1
    outer loop
      vertex 38 -44 19
      vertex 43.787564434701785 -40.7 19
      vertex 43.721036359300356 -40.56943130030612 19
    endloop
  endfacet
  facet normal 0 0 1
    outer loop
      vertex 38 -44 19
      vertex 43.867376207875076 -40.822899353209465 19
      vertex 43.787564434701785 -40.7 19
    endloop
  endfacet
  facet normal 0 0 1
    outer loop
      vertex 38 -44 19
      vertex 43.95959724433165 -40.9367828489024 19
      vertex 43.867376207875076 -40.822899353209465 19
    endloop
  endfacet
  facet normal 0 0 1
    outer loop
      vertex 52.5 -27.00961894323342 19
      vertex 46.278963640699644 -40.56943130030612 19
      vertex 45 -55 19
    endloop
  endfacet
  facet normal 0 0 1
    outer loop
      vertex 45 -55 19
      vertex 43.95959724433165 -40.9367828489024 19
      vertex 38 -44 19
    endloop
  endfacet
  facet normal 0 0 1
    outer loop
      vertex 45 -55 19
      vertex 44.063217151097604 -41.04040275566835 19
      vertex 43.95959724433165 -40.9367828489024 19
    endloop
  endfacet
  facet normal 0 0 1
    outer loop
      vertex 45 -55 19
      vertex 44.177100646790535 -41.132623792124924 19
      vertex 44.063217151097604 -41.04040275566835 19
    endloop
  endfacet
  facet normal 0 0 1
    outer loop
      vertex 45 -55 19
      vertex 44.3 -41.212435565298215 19
      vertex 44.177100646790535 -41.132623792124924 19
    endloop
  endfacet
  facet normal 0 0 1
    outer loop
      vertex 45 -55 19
      vertex 44.43056869969388 -41.278963640699644 19
      vertex 44.3 -41.212435565298215 19
    endloop
  endfacet
  facet normal 0 0 1
    outer loop
      vertex 45 -55 19
      vertex 44.56737620787507 -41.331479122813214 19
      vertex 44.43056869969388 -41.278963640699644 19
    endloop
  endfacet
  facet normal 0 0 1
    outer loop
      vertex 45 -55 19
      vertex 44.70892363285513 -41.369406641027325 19
      vertex 44.56737620787507 -41.331479122813214 19
    endloop
  endfacet
  facet normal 0 0 1
    outer loop
      vertex 45 -55 19
      vertex 44.85366015142529 -41.392330653515586 19
      vertex 44.70892363285513 -41.369406641027325 19
    endloop
  endfacet
  facet normal 0 0 1
    outer loop
      vertex 45 -55 19
      vertex 45 -41.4 19
      vertex 44.85366015142529 -41.392330653515586 19
    endloop
  endfacet
  facet normal 0 0 1
    outer loop
      vertex 45 -55 19
      vertex 45.14633984857471 -41.392330653515586 19
      vertex 45 -41.4 19
    endloop
  endfacet
  facet normal 0 0 1
    outer loop
      vertex 45 -55 19
      vertex 45.29107636714487 -41.369406641027325 19
      vertex 45.14633984857471 -41.392330653515586 19
    endloop
  endfacet
  facet normal 0 0 1
    outer loop
      vertex 45 -55 19
      vertex 45.43262379212493 -41.331479122813214 19
      vertex 45.29107636714487 -41.369406641027325 19
    endloop
  endfacet
  facet normal 0 0 1
    outer loop
      vertex 45 -55 19
      vertex 45.56943130030612 -41.278963640699644 19
      vertex 45.43262379212493 -41.331479122813214 19
    endloop
  endfacet
  facet normal 0 0 1
    outer loop
      vertex 45 -55 19
      vertex 46.278963640699644 -40.56943130030612 19
      vertex 46.212435565298215 -40.7 19
    endloop
  endfacet
  facet normal 0 0 1
    outer loop
      vertex 45 -55 19
      vertex 46.212435565298215 -40.7 19
      vertex 46.132623792124924 -40.822899353209465 19
    endloop
  endfacet
  facet normal 0 0 1
    outer loop
      vertex 45 -55 19
      vertex 46.132623792124924 -40.822899353209465 19
      vertex 46.04040275566835 -40.9367828489024 19
    endloop
  endfacet
  facet normal 0 0 1
    outer loop
      vertex 52.5 -27.00961894323342 19
      vertex 46.567926949014804 -54.917828430524104 19
      vertex 48.11867536226639 -54.672214011007085 19
    endloop
  endfacet
  facet normal 0 0 1
    outer loop
      vertex 52.5 -27.00961894323342 19
      vertex 48.11867536226639 -54.672214011007085 19
      vertex 49.63525491562421 -54.265847744427305 19
    endloop
  endfacet
  facet normal 0 0 1
    outer loop
      vertex 45 -55 19
      vertex 46.04040275566835 -40.9367828489024 19
      vertex 45.936782848902396 -41.04040275566835 19
    endloop
  endfacet
  facet normal 0 0 1
    outer loop
      vertex 45 -55 19
      vertex 45.936782848902396 -41.04040275566835 19
      vertex 45.822899353209465 -41.132623792124924 19
    endloop
  endfacet
  facet normal 0 0 1
    outer loop
      vertex 45 -55 19
      vertex 45.822899353209465 -41.132623792124924 19
      vertex 45.7 -41.212435565298215 19
    endloop
  endfacet
  facet normal 0 0 1
    outer loop
      vertex 45 -55 19
      vertex 45.7 -41.212435565298215 19
      vertex 45.56943130030612 -41.278963640699644 19
    endloop
  endfacet
  facet normal 0 0 1
    outer loop
      vertex 52.5 -27.00961894323342 19
      vertex 45 -55 19
      vertex 46.567926949014804 -54.917828430524104 19
    endloop
  endfacet
  facet normal 0 0 1
    outer loop
      vertex 52.5 -27.00961894323342 19
      vertex 55.03695909538287 -51.14717238216092 19
      vertex 56.14717238216092 -50.03695909538287 19
    endloop
  endfacet
  facet normal 0 0 1
    outer loop
      vertex 52.5 -27.00961894323342 19
      vertex 53.8167787843871 -52.13525491562421 19
      vertex 55.03695909538287 -51.14717238216092 19
    endloop
  endfacet
  facet normal 0 0 1
    outer loop
      vertex 52.5 -27.00961894323342 19
      vertex 57.99038105676658 -47.5 19
      vertex 58.703181864639014 -46.101049646137 19
    endloop
  endfacet
  facet normal 0 0 1
    outer loop
      vertex 52.5 -27.00961894323342 19
      vertex 57.13525491562421 -48.8167787843871 19
      vertex 57.99038105676658 -47.5 19
    endloop
  endfacet
  facet normal 0 0 1
    outer loop
      vertex 52.5 -27.00961894323342 19
      vertex 56.14717238216092 -50.03695909538287 19
      vertex 57.13525491562421 -48.8167787843871 19
    endloop
  endfacet
  facet normal 0.9986295347545739 -0.05233595624294152 0
    outer loop
      vertex 60 -40 19
      vertex 59.917828430524104 -41.567926949014804 19
      vertex 60 -40 11
    endloop
  endfacet
  facet normal 0.9876883405951373 -0.1564344650402331 0
    outer loop
      vertex 59.917828430524104 -41.567926949014804 19
      vertex 59.672214011007085 -43.11867536226639 19
      vertex 59.672214011007085 -43.11867536226639 11
    endloop
  endfacet
  facet normal 0.9659258262890684 -0.2588190451025205 0
    outer loop
      vertex 59.672214011007085 -43.11867536226639 19
      vertex 59.265847744427305 -44.63525491562421 19
      vertex 59.672214011007085 -43.11867536226639 11
    endloop
  endfacet
  facet normal 0 0 1
    outer loop
      vertex 52.5 -27.00961894323342 19
      vertex 51.101049646137 -53.703181864639014 19
      vertex 52.5 -52.99038105676658 19
    endloop
  endfacet
  facet normal 0 0 1
    outer loop
      vertex 52.5 -27.00961894323342 19
      vertex 49.63525491562421 -54.265847744427305 19
      vertex 51.101049646137 -53.703181864639014 19
    endloop
  endfacet
  facet normal 0 0 1
    outer loop
      vertex 52.5 -27.00961894323342 19
      vertex 52.5 -52.99038105676658 19
      vertex 53.8167787843871 -52.13525491562421 19
    endloop
  endfacet
  facet normal 0.9335804264972015 -0.35836794954530105 0
    outer loop
      vertex 59.265847744427305 -44.63525491562421 19
      vertex 58.703181864639014 -46.101049646137 19
      vertex 59.265847744427305 -44.63525491562421 11
    endloop
  endfacet
  facet normal 0.8910065241883685 -0.4539904997395458 0
    outer loop
      vertex 58.703181864639014 -46.101049646137 19
      vertex 57.99038105676658 -47.5 19
      vertex 58.703181864639014 -46.101049646137 11
    endloop
  endfacet
  facet normal 0.9986295347545739 -0.05233595624294152 0
    outer loop
      vertex 59.917828430524104 -41.567926949014804 19
      vertex 59.917828430524104 -41.567926949014804 11
      vertex 60 -40 11
    endloop
  endfacet
  facet normal 0.9876883405951373 -0.1564344650402331 0
    outer loop
      vertex 59.917828430524104 -41.567926949014804 19
      vertex 59.672214011007085 -43.11867536226639 11
      vertex 59.917828430524104 -41.567926949014804 11
    endloop
  endfacet
  facet normal 0.9659258262890684 -0.2588190451025205 0
    outer loop
      vertex 59.265847744427305 -44.63525491562421 19
      vertex 59.265847744427305 -44.63525491562421 11
      vertex 59.672214011007085 -43.11867536226639 11
    endloop
  endfacet
  facet normal 0.9335804264972015 -0.35836794954530105 0
    outer loop
      vertex 58.703181864639014 -46.101049646137 19
      vertex 58.703181864639014 -46.101049646137 11
      vertex 59.265847744427305 -44.63525491562421 11
    endloop
  endfacet
  facet normal 0.8910065241883685 -0.4539904997395458 0
    outer loop
      vertex 58.703181864639014 -46.101049646137 11
      vertex 57.99038105676658 -47.5 19
      vertex 57.99038105676658 -47.5 11
    endloop
  endfacet
  facet normal 0 -1 0
    outer loop
      vertex 45 -55 19
      vertex 33.715918809539474 -55 16.29714801936913
      vertex 45 -55 11
    endloop
  endfacet
  facet normal 0.05233595624294152 -0.9986295347545739 0
    outer loop
      vertex 45 -55 19
      vertex 45 -55 11
      vertex 46.567926949014804 -54.917828430524104 19
    endloop
  endfacet
  facet normal 0.1564344650402331 -0.9876883405951373 0
    outer loop
      vertex 46.567926949014804 -54.917828430524104 19
      vertex 46.567926949014804 -54.917828430524104 11
      vertex 48.11867536226639 -54.672214011007085 19
    endloop
  endfacet
  facet normal 0.2588190451025205 -0.9659258262890684 0
    outer loop
      vertex 48.11867536226639 -54.672214011007085 19
      vertex 48.11867536226639 -54.672214011007085 11
      vertex 49.63525491562421 -54.265847744427305 19
    endloop
  endfacet
  facet normal 0.8386705679454233 -0.5446390350150283 0
    outer loop
      vertex 57.13525491562421 -48.8167787843871 19
      vertex 57.99038105676658 -47.5 11
      vertex 57.99038105676658 -47.5 19
    endloop
  endfacet
  facet normal 0.7771459614569719 -0.6293203910498364 0
    outer loop
      vertex 57.13525491562421 -48.8167787843871 19
      vertex 56.14717238216092 -50.03695909538287 19
      vertex 56.14717238216092 -50.03695909538287 11
    endloop
  endfacet
  facet normal 0.7071067811865475 -0.7071067811865475 0
    outer loop
      vertex 55.03695909538287 -51.14717238216092 19
      vertex 56.14717238216092 -50.03695909538287 11
      vertex 56.14717238216092 -50.03695909538287 19
    endloop
  endfacet
  facet normal 0.6293203910498364 -0.7771459614569719 0
    outer loop
      vertex 55.03695909538287 -51.14717238216092 19
      vertex 53.8167787843871 -52.13525491562421 19
      vertex 53.8167787843871 -52.13525491562421 11
    endloop
  endfacet
  facet normal 0.5446390350150283 -0.8386705679454233 0
    outer loop
      vertex 52.5 -52.99038105676658 19
      vertex 52.5 -52.99038105676658 11
      vertex 53.8167787843871 -52.13525491562421 19
    endloop
  endfacet
  facet normal 0.35836794954530105 -0.9335804264972015 0
    outer loop
      vertex 49.63525491562421 -54.265847744427305 19
      vertex 51.101049646137 -53.703181864639014 11
      vertex 51.101049646137 -53.703181864639014 19
    endloop
  endfacet
  facet normal 0.4539904997395458 -0.8910065241883685 0
    outer loop
      vertex 52.5 -52.99038105676658 19
      vertex 51.101049646137 -53.703181864639014 19
      vertex 52.5 -52.99038105676658 11
    endloop
  endfacet
  facet normal 0.05233595624294152 -0.9986295347545739 0
    outer loop
      vertex 46.567926949014804 -54.917828430524104 19
      vertex 45 -55 11
      vertex 46.567926949014804 -54.917828430524104 11
    endloop
  endfacet
  facet normal 0.1564344650402331 -0.9876883405951373 0
    outer loop
      vertex 48.11867536226639 -54.672214011007085 19
      vertex 46.567926949014804 -54.917828430524104 11
      vertex 48.11867536226639 -54.672214011007085 11
    endloop
  endfacet
  facet normal 0.2588190451025205 -0.9659258262890684 0
    outer loop
      vertex 49.63525491562421 -54.265847744427305 19
      vertex 48.11867536226639 -54.672214011007085 11
      vertex 49.63525491562421 -54.265847744427305 11
    endloop
  endfacet
  facet normal 0.35836794954530105 -0.9335804264972015 0
    outer loop
      vertex 49.63525491562421 -54.265847744427305 19
      vertex 49.63525491562421 -54.265847744427305 11
      vertex 51.101049646137 -53.703181864639014 11
    endloop
  endfacet
  facet normal 0.8386705679454233 -0.5446390350150283 0
    outer loop
      vertex 57.13525491562421 -48.8167787843871 19
      vertex 57.13525491562421 -48.8167787843871 11
      vertex 57.99038105676658 -47.5 11
    endloop
  endfacet
  facet normal 0.7771459614569719 -0.6293203910498364 0
    outer loop
      vertex 57.13525491562421 -48.8167787843871 19
      vertex 56.14717238216092 -50.03695909538287 11
      vertex 57.13525491562421 -48.8167787843871 11
    endloop
  endfacet
  facet normal 0.7071067811865475 -0.7071067811865475 0
    outer loop
      vertex 55.03695909538287 -51.14717238216092 19
      vertex 55.03695909538287 -51.14717238216092 11
      vertex 56.14717238216092 -50.03695909538287 11
    endloop
  endfacet
  facet normal 0.6293203910498364 -0.7771459614569719 0
    outer loop
      vertex 55.03695909538287 -51.14717238216092 19
      vertex 53.8167787843871 -52.13525491562421 11
      vertex 55.03695909538287 -51.14717238216092 11
    endloop
  endfacet
  facet normal 0.5446390350150283 -0.8386705679454233 0
    outer loop
      vertex 53.8167787843871 -52.13525491562421 19
      vertex 52.5 -52.99038105676658 11
      vertex 53.8167787843871 -52.13525491562421 11
    endloop
  endfacet
  facet normal 0.4539904997395458 -0.8910065241883685 0
    outer loop
      vertex 51.101049646137 -53.703181864639014 19
      vertex 51.101049646137 -53.703181864639014 11
      vertex 52.5 -52.99038105676658 11
    endloop
  endfacet
  facet normal 0 0 -1
    outer loop
      vertex 31.63059335897267 -40.29107636714486 0
      vertex 25.972609476841367 -40.52264231633827 0
      vertex 26 -40 0
    endloop
  endfacet
  facet normal 0 0 -1
    outer loop
      vertex 31.668520877186786 -40.43262379212493 0
      vertex 25.89073800366903 -41.0395584540888 0
      vertex 25.972609476841367 -40.52264231633827 0
    endloop
  endfacet
  facet normal 0 0 -1
    outer loop
      vertex 31.787564434701785 -40.7 0
      vertex 25.755282581475768 -41.545084971874736 0
      vertex 25.89073800366903 -41.0395584540888 0
    endloop
  endfacet
  facet normal 0 0 -1
    outer loop
      vertex 31.959597244331647 -40.9367828489024 0
      vertex 25.567727288213003 -42.033683215379 0
      vertex 25.755282581475768 -41.545084971874736 0
    endloop
  endfacet
  facet normal 0 0 -1
    outer loop
      vertex 31.607669346484418 -40.14633984857471 0
      vertex 26 -40 0
      vertex 31.6 -40 0
    endloop
  endfacet
  facet normal 0 0 -1
    outer loop
      vertex 31.63059335897267 -40.29107636714486 0
      vertex 26 -40 0
      vertex 31.607669346484418 -40.14633984857471 0
    endloop
  endfacet
  facet normal 0 0 -1
    outer loop
      vertex 31.668520877186786 -40.43262379212493 0
      vertex 25.972609476841367 -40.52264231633827 0
      vertex 31.63059335897267 -40.29107636714486 0
    endloop
  endfacet
  facet normal 0 0 -1
    outer loop
      vertex 31.721036359300356 -40.56943130030612 0
      vertex 25.89073800366903 -41.0395584540888 0
      vertex 31.668520877186786 -40.43262379212493 0
    endloop
  endfacet
  facet normal 0 0 -1
    outer loop
      vertex 31.787564434701785 -40.7 0
      vertex 25.89073800366903 -41.0395584540888 0
      vertex 31.721036359300356 -40.56943130030612 0
    endloop
  endfacet
  facet normal 0 0 -1
    outer loop
      vertex 31.867376207875076 -40.822899353209465 0
      vertex 25.755282581475768 -41.545084971874736 0
      vertex 31.787564434701785 -40.7 0
    endloop
  endfacet
  facet normal 0 0 -1
    outer loop
      vertex 31.959597244331647 -40.9367828489024 0
      vertex 25.755282581475768 -41.545084971874736 0
      vertex 31.867376207875076 -40.822899353209465 0
    endloop
  endfacet
  facet normal 0 0 -1
    outer loop
      vertex 32.0632171510976 -41.04040275566835 0
      vertex 25.567727288213003 -42.033683215379 0
      vertex 31.959597244331647 -40.9367828489024 0
    endloop
  endfacet
  facet normal 0 0 -1
    outer loop
      vertex 32.177100646790535 -41.132623792124924 0
      vertex 25.567727288213003 -42.033683215379 0
      vertex 32.0632171510976 -41.04040275566835 0
    endloop
  endfacet
  facet normal 0 0 -1
    outer loop
      vertex 32.3 -41.212435565298215 0
      vertex 25.567727288213003 -42.033683215379 0
      vertex 32.177100646790535 -41.132623792124924 0
    endloop
  endfacet
  facet normal 0 0 -1
    outer loop
      vertex 32.3 -41.212435565298215 0
      vertex 32.43056869969388 -41.278963640699644 0
      vertex 25.567727288213003 -42.033683215379 0
    endloop
  endfacet
  facet normal 0 0 -1
    outer loop
      vertex 32.56737620787507 -41.331479122813214 0
      vertex 25.33012701892219 -42.5 0
      vertex 32.43056869969388 -41.278963640699644 0
    endloop
  endfacet
  facet normal 0 0 -1
    outer loop
      vertex 32.43056869969388 -41.278963640699644 0
      vertex 25.33012701892219 -42.5 0
      vertex 25.567727288213003 -42.033683215379 0
    endloop
  endfacet
  facet normal 0 0 -1
    outer loop
      vertex 36 -55 0
      vertex 25.045084971874736 -42.93892626146236 0
      vertex 25.33012701892219 -42.5 0
    endloop
  endfacet
  facet normal 0 0 -1
    outer loop
      vertex 36 -55 0
      vertex 24.71572412738697 -43.34565303179429 0
      vertex 25.045084971874736 -42.93892626146236 0
    endloop
  endfacet
  facet normal 0 0 -1
    outer loop
      vertex 36 -55 0
      vertex 24.345653031794292 -43.71572412738697 0
      vertex 24.71572412738697 -43.34565303179429 0
    endloop
  endfacet
  facet normal 0 0 -1
    outer loop
      vertex 36 -25 0
      vertex 36 -55 0
      vertex 34.4 -40 0
    endloop
  endfacet
  facet normal 0 0 -1
    outer loop
      vertex 36 -55 0
      vertex 34.392330653515586 -40.14633984857471 0
      vertex 34.4 -40 0
    endloop
  endfacet
  facet normal 0 0 -1
    outer loop
      vertex 36 -55 0
      vertex 34.369406641027325 -40.29107636714486 0
      vertex 34.392330653515586 -40.14633984857471 0
    endloop
  endfacet
  facet normal 0 0 -1
    outer loop
      vertex 36 -55 0
      vertex 34.331479122813214 -40.43262379212493 0
      vertex 34.369406641027325 -40.29107636714486 0
    endloop
  endfacet
  facet normal 0 0 -1
    outer loop
      vertex 36 -55 0
      vertex 34.278963640699644 -40.56943130030612 0
      vertex 34.331479122813214 -40.43262379212493 0
    endloop
  endfacet
  facet normal 0 0 -1
    outer loop
      vertex 36 -55 0
      vertex 34.212435565298215 -40.7 0
      vertex 34.278963640699644 -40.56943130030612 0
    endloop
  endfacet
  facet normal 0 0 -1
    outer loop
      vertex 36 -55 0
      vertex 34.132623792124924 -40.822899353209465 0
      vertex 34.212435565298215 -40.7 0
    endloop
  endfacet
  facet normal 0 0 -1
    outer loop
      vertex 36 -55 0
      vertex 34.04040275566835 -40.9367828489024 0
      vertex 34.132623792124924 -40.822899353209465 0
    endloop
  endfacet
  facet normal 0 0 -1
    outer loop
      vertex 36 -55 0
      vertex 25.33012701892219 -42.5 0
      vertex 32.56737620787507 -41.331479122813214 0
    endloop
  endfacet
  facet normal 0 0 -1
    outer loop
      vertex 36 -55 0
      vertex 32.56737620787507 -41.331479122813214 0
      vertex 32.70892363285514 -41.369406641027325 0
    endloop
  endfacet
  facet normal 0 0 -1
    outer loop
      vertex 36 -55 0
      vertex 32.70892363285514 -41.369406641027325 0
      vertex 32.85366015142529 -41.392330653515586 0
    endloop
  endfacet
  facet normal 0 0 -1
    outer loop
      vertex 36 -55 0
      vertex 32.85366015142529 -41.392330653515586 0
      vertex 33 -41.4 0
    endloop
  endfacet
  facet normal 0 0 -1
    outer loop
      vertex 36 -55 0
      vertex 33 -41.4 0
      vertex 33.14633984857471 -41.392330653515586 0
    endloop
  endfacet
  facet normal 0 0 -1
    outer loop
      vertex 36 -55 0
      vertex 33.29107636714486 -41.369406641027325 0
      vertex 33.43262379212493 -41.331479122813214 0
    endloop
  endfacet
  facet normal 0 0 -1
    outer loop
      vertex 36 -55 0
      vertex 33.14633984857471 -41.392330653515586 0
      vertex 33.29107636714486 -41.369406641027325 0
    endloop
  endfacet
  facet normal 0 0 -1
    outer loop
      vertex 36 -55 0
      vertex 33.43262379212493 -41.331479122813214 0
      vertex 33.56943130030612 -41.278963640699644 0
    endloop
  endfacet
  facet normal 0 0 -1
    outer loop
      vertex 36 -55 0
      vertex 33.9367828489024 -41.04040275566835 0
      vertex 34.04040275566835 -40.9367828489024 0
    endloop
  endfacet
  facet normal 0 0 -1
    outer loop
      vertex 36 -55 0
      vertex 33.822899353209465 -41.132623792124924 0
      vertex 33.9367828489024 -41.04040275566835 0
    endloop
  endfacet
  facet normal 0 0 -1
    outer loop
      vertex 36 -55 0
      vertex 33.7 -41.212435565298215 0
      vertex 33.822899353209465 -41.132623792124924 0
    endloop
  endfacet
  facet normal 0 0 -1
    outer loop
      vertex 36 -55 0
      vertex 33.56943130030612 -41.278963640699644 0
      vertex 33.7 -41.212435565298215 0
    endloop
  endfacet
  facet normal 0 -1 0
    outer loop
      vertex 6 -55 0
      vertex 45 -55 11
      vertex 23.70285198063087 -55 6.284081190460528
    endloop
  endfacet
  facet normal 0 -1 0
    outer loop
      vertex 45 -55 11
      vertex 27.5 -55 7.7416697508022985
      vertex 26.2875763599854 -55 7.123909050646189
    endloop
  endfacet
  facet normal 0 -1 0
    outer loop
      vertex 45 -55 11
      vertex 28.64120827980215 -55 8.482779073125684
      vertex 27.5 -55 7.7416697508022985
    endloop
  endfacet
  facet normal 0 -1 0
    outer loop
      vertex 45 -55 11
      vertex 25.017220926874316 -55 6.636265288163003
      vertex 23.70285198063087 -55 6.284081190460528
    endloop
  endfacet
  facet normal 0 -1 0
    outer loop
      vertex 45 -55 11
      vertex 26.2875763599854 -55 7.123909050646189
      vertex 25.017220926874316 -55 6.636265288163003
    endloop
  endfacet
  facet normal 0 0 -1
    outer loop
      vertex 36 -55 0
      vertex 19.454915028125264 -44.75528258147577 0
      vertex 19.960441545911202 -44.89073800366903 0
    endloop
  endfacet
  facet normal 0 0 -1
    outer loop
      vertex 36 -55 0
      vertex 19.960441545911202 -44.89073800366903 0
      vertex 20.477357683661733 -44.97260947684137 0
    endloop
  endfacet
  facet normal 0 0 -1
    outer loop
      vertex 36 -55 0
      vertex 20.477357683661733 -44.97260947684137 0
      vertex 21 -45 0
    endloop
  endfacet
  facet normal 0 0 -1
    outer loop
      vertex 36 -55 0
      vertex 21 -45 0
      vertex 21.522642316338267 -44.97260947684137 0
    endloop
  endfacet
  facet normal 0 0 -1
    outer loop
      vertex 36 -55 0
      vertex 21.522642316338267 -44.97260947684137 0
      vertex 22.039558454088798 -44.89073800366903 0
    endloop
  endfacet
  facet normal 0 0 -1
    outer loop
      vertex 36 -55 0
      vertex 22.039558454088798 -44.89073800366903 0
      vertex 22.545084971874736 -44.75528258147577 0
    endloop
  endfacet
  facet normal 0 0 -1
    outer loop
      vertex 36 -55 0
      vertex 23.033683215379 -44.56772728821301 0
      vertex 23.5 -44.33012701892219 0
    endloop
  endfacet
  facet normal 0 0 -1
    outer loop
      vertex 36 -55 0
      vertex 23.938926261462367 -44.045084971874736 0
      vertex 24.345653031794292 -43.71572412738697 0
    endloop
  endfacet
  facet normal 0 0 -1
    outer loop
      vertex 36 -55 0
      vertex 23.5 -44.33012701892219 0
      vertex 23.938926261462367 -44.045084971874736 0
    endloop
  endfacet
  facet normal 0 0 -1
    outer loop
      vertex 36 -55 0
      vertex 22.545084971874736 -44.75528258147577 0
      vertex 23.033683215379 -44.56772728821301 0
    endloop
  endfacet
  facet normal 0 -1 0
    outer loop
      vertex 6 -55 0
      vertex 36 -55 0
      vertex 45 -55 11
    endloop
  endfacet
  facet normal 0.428104140093752 -0.02243598728418851 -0.9034508684533836
    outer loop
      vertex 60 -40 11
      vertex 59.917828430524104 -41.567926949014804 11
      vertex 36 -55 0
    endloop
  endfacet
  facet normal 0.4495015618529405 -0.07119405329908395 -0.8904379555402018
    outer loop
      vertex 59.917828430524104 -41.567926949014804 11
      vertex 59.672214011007085 -43.11867536226639 11
      vertex 36 -55 0
    endloop
  endfacet
  facet normal 0.4166547104932136 0 -0.9090648228942843
    outer loop
      vertex 36 -25 0
      vertex 60 -40 11
      vertex 36 -55 0
    endloop
  endfacet
  facet normal 0.052288041031402256 -0.9977152580537718 -0.042781124480238214
    outer loop
      vertex 45 -55 11
      vertex 36 -55 0
      vertex 46.567926949014804 -54.917828430524104 11
    endloop
  endfacet
  facet normal 0.1548610375952335 -0.9777541106810401 -0.14147423115626295
    outer loop
      vertex 46.567926949014804 -54.917828430524104 11
      vertex 36 -55 0
      vertex 48.11867536226639 -54.672214011007085 11
    endloop
  endfacet
  facet normal 0.2507118687322182 -0.9356694321691783 -0.2483269469489895
    outer loop
      vertex 48.11867536226639 -54.672214011007085 11
      vertex 36 -55 0
      vertex 49.63525491562421 -54.265847744427305 11
    endloop
  endfacet
  facet normal 0.5126191727375637 -0.41511082119251125 -0.7516013503651618
    outer loop
      vertex 57.13525491562421 -48.8167787843871 11
      vertex 56.14717238216092 -50.03695909538287 11
      vertex 36 -55 0
    endloop
  endfacet
  facet normal 0.5060171016664761 -0.5060171016664761 -0.6984936546899467
    outer loop
      vertex 55.03695909538287 -51.14717238216092 11
      vertex 36 -55 0
      vertex 56.14717238216092 -50.03695909538287 11
    endloop
  endfacet
  facet normal 0.48736799559405175 -0.6018493519452838 -0.6326529810517598
    outer loop
      vertex 55.03695909538287 -51.14717238216092 11
      vertex 53.8167787843871 -52.13525491562421 11
      vertex 36 -55 0
    endloop
  endfacet
  facet normal 0.4030836840279846 -0.7910962728710434 -0.4600980664162493
    outer loop
      vertex 52.5 -52.99038105676658 11
      vertex 51.101049646137 -53.703181864639014 11
      vertex 36 -55 0
    endloop
  endfacet
  facet normal 0.4537791670151841 -0.6987586405956459 -0.5530106958964995
    outer loop
      vertex 52.5 -52.99038105676658 11
      vertex 36 -55 0
      vertex 53.8167787843871 -52.13525491562421 11
    endloop
  endfacet
  facet normal 0.3347832957647485 -0.872140302838895 -0.3567792553400121
    outer loop
      vertex 49.63525491562421 -54.265847744427305 11
      vertex 36 -55 0
      vertex 51.101049646137 -53.703181864639014 11
    endloop
  endfacet
  facet normal 0.4692672761394844 -0.12573978767592736 -0.8740581956253494
    outer loop
      vertex 59.672214011007085 -43.11867536226639 11
      vertex 59.265847744427305 -44.63525491562421 11
      vertex 36 -55 0
    endloop
  endfacet
  facet normal 0.48669449143504345 -0.18682451131176586 -0.8533610455017877
    outer loop
      vertex 59.265847744427305 -44.63525491562421 11
      vertex 58.703181864639014 -46.101049646137 11
      vertex 36 -55 0
    endloop
  endfacet
  facet normal 0.5007641730641266 -0.2551520903712043 -0.8271231188611562
    outer loop
      vertex 58.703181864639014 -46.101049646137 11
      vertex 57.99038105676658 -47.5 11
      vertex 36 -55 0
    endloop
  endfacet
  facet normal 0.5100482193168202 -0.3312291865212133 -0.7938123455630028
    outer loop
      vertex 57.13525491562421 -48.8167787843871 11
      vertex 36 -55 0
      vertex 57.99038105676658 -47.5 11
    endloop
  endfacet
  facet normal 0.9986295347545739 0 0.052335956242942884
    outer loop
      vertex 8.071215360212445 -36 17.641129977520507
      vertex 8.071215360212445 -25 17.641129977520507
      vertex 8 -25 19
    endloop
  endfacet
  facet normal 0.9876883405951374 0 0.15643446504023245
    outer loop
      vertex 8.071215360212445 -36 17.641129977520507
      vertex 8.284081190460528 -25 16.29714801936913
      vertex 8.071215360212445 -25 17.641129977520507
    endloop
  endfacet
  facet normal 0.9659258262890686 0 0.2588190451025195
    outer loop
      vertex 8.284081190460528 -36 16.29714801936913
      vertex 8.636265288163003 -25 14.982779073125684
      vertex 8.284081190460528 -25 16.29714801936913
    endloop
  endfacet
  facet normal 0.9335804264972014 0 0.358367949545301
    outer loop
      vertex 8.636265288163003 -36 14.982779073125684
      vertex 9.123909050646189 -25 13.712423640014597
      vertex 8.636265288163003 -25 14.982779073125684
    endloop
  endfacet
  facet normal 0.9986295347545739 0 0.052335956242942884
    outer loop
      vertex 8.071215360212445 -36 17.641129977520507
      vertex 8 -25 19
      vertex 8 -36 19
    endloop
  endfacet
  facet normal 0.9876883405951374 0 0.15643446504023245
    outer loop
      vertex 8.071215360212445 -36 17.641129977520507
      vertex 8.284081190460528 -36 16.29714801936913
      vertex 8.284081190460528 -25 16.29714801936913
    endloop
  endfacet
  facet normal 0.9659258262890686 0 0.2588190451025195
    outer loop
      vertex 8.284081190460528 -36 16.29714801936913
      vertex 8.636265288163003 -36 14.982779073125684
      vertex 8.636265288163003 -25 14.982779073125684
    endloop
  endfacet
  facet normal 0.8910065241883678 0 0.4539904997395471
    outer loop
      vertex 9.123909050646189 -36 13.712423640014597
      vertex 9.741669750802298 -25 12.5
      vertex 9.123909050646189 -25 13.712423640014597
    endloop
  endfacet
  facet normal 0.838670567945424 0 0.5446390350150271
    outer loop
      vertex 9.741669750802298 -36 12.5
      vertex 10.482779073125684 -25 11.35879172019785
      vertex 9.741669750802298 -25 12.5
    endloop
  endfacet
  facet normal 0.7771459614569718 0 0.6293203910498362
    outer loop
      vertex 10.482779073125684 -36 11.35879172019785
      vertex 11.339117268793874 -25 10.301302117334842
      vertex 10.482779073125684 -25 11.35879172019785
    endloop
  endfacet
  facet normal 0.9335804264972014 0 0.358367949545301
    outer loop
      vertex 8.636265288163003 -36 14.982779073125684
      vertex 9.123909050646189 -36 13.712423640014597
      vertex 9.123909050646189 -25 13.712423640014597
    endloop
  endfacet
  facet normal 0.8910065241883678 0 0.4539904997395471
    outer loop
      vertex 9.123909050646189 -36 13.712423640014597
      vertex 9.741669750802298 -36 12.5
      vertex 9.741669750802298 -25 12.5
    endloop
  endfacet
  facet normal 0.838670567945424 0 0.5446390350150271
    outer loop
      vertex 9.741669750802298 -36 12.5
      vertex 10.482779073125684 -36 11.35879172019785
      vertex 10.482779073125684 -25 11.35879172019785
    endloop
  endfacet
  facet normal 0.7771459614569718 0 0.6293203910498362
    outer loop
      vertex 10.482779073125684 -36 11.35879172019785
      vertex 11.339117268793874 -36 10.301302117334842
      vertex 11.339117268793874 -25 10.301302117334842
    endloop
  endfacet
  facet normal 0.7071067811865476 0 0.7071067811865476
    outer loop
      vertex 11.339117268793874 -36 10.301302117334842
      vertex 12.301302117334842 -25 9.339117268793874
      vertex 11.339117268793874 -25 10.301302117334842
    endloop
  endfacet
  facet normal 0.7071067811865476 0 0.7071067811865476
    outer loop
      vertex 11.339117268793874 -36 10.301302117334842
      vertex 12.301302117334842 -36 9.339117268793874
      vertex 12.301302117334842 -25 9.339117268793874
    endloop
  endfacet
  facet normal 0.6293203910498362 0 0.7771459614569718
    outer loop
      vertex 12.301302117334842 -36 9.339117268793874
      vertex 13.35879172019785 -25 8.482779073125684
      vertex 12.301302117334842 -25 9.339117268793874
    endloop
  endfacet
  facet normal 0.5446390350150271 0 0.838670567945424
    outer loop
      vertex 13.35879172019785 -36 8.482779073125684
      vertex 14.5 -25 7.7416697508022985
      vertex 13.35879172019785 -25 8.482779073125684
    endloop
  endfacet
  facet normal 0.4539904997395471 0 0.8910065241883678
    outer loop
      vertex 14.5 -36 7.7416697508022985
      vertex 15.712423640014597 -25 7.123909050646189
      vertex 14.5 -25 7.7416697508022985
    endloop
  endfacet
  facet normal 0.358367949545301 0 0.9335804264972014
    outer loop
      vertex 15.712423640014597 -36 7.123909050646189
      vertex 16.982779073125684 -25 6.636265288163003
      vertex 15.712423640014597 -25 7.123909050646189
    endloop
  endfacet
  facet normal 0.2588190451025195 0 0.9659258262890686
    outer loop
      vertex 16.982779073125684 -36 6.636265288163003
      vertex 18.29714801936913 -25 6.284081190460528
      vertex 16.982779073125684 -25 6.636265288163003
    endloop
  endfacet
  facet normal 0.15643446504023242 -2.5807815537021252e-17 0.9876883405951374
    outer loop
      vertex 18.5 -35.66987298107781 6.251952593039583
      vertex 19.641129977520507 -25 6.071215360212445
      vertex 18.29714801936913 -25 6.284081190460528
    endloop
  endfacet
  facet normal 0.052335956242942884 6.280101094235471e-17 0.9986295347545738
    outer loop
      vertex 19.960441545911202 -35.10926199633097 6.054480950013705
      vertex 21 -25 6
      vertex 19.641129977520507 -25 6.071215360212445
    endloop
  endfacet
  facet normal 0.6293203910498362 0 0.7771459614569718
    outer loop
      vertex 12.301302117334842 -36 9.339117268793874
      vertex 13.35879172019785 -36 8.482779073125684
      vertex 13.35879172019785 -25 8.482779073125684
    endloop
  endfacet
  facet normal 0.5446390350150271 0 0.838670567945424
    outer loop
      vertex 13.35879172019785 -36 8.482779073125684
      vertex 14.5 -36 7.7416697508022985
      vertex 14.5 -25 7.7416697508022985
    endloop
  endfacet
  facet normal 0.4539904997395471 0 0.8910065241883678
    outer loop
      vertex 14.5 -36 7.7416697508022985
      vertex 15.712423640014597 -36 7.123909050646189
      vertex 15.712423640014597 -25 7.123909050646189
    endloop
  endfacet
  facet normal 0.358367949545301 0 0.9335804264972014
    outer loop
      vertex 15.712423640014597 -36 7.123909050646189
      vertex 16.982779073125684 -36 6.636265288163003
      vertex 16.982779073125684 -25 6.636265288163003
    endloop
  endfacet
  facet normal 0.25881904510251913 5.243363916439072e-17 0.9659258262890688
    outer loop
      vertex 16.982779073125684 -36 6.636265288163003
      vertex 18.00539843496706 -36 6.362255255993178
      vertex 18.29714801936913 -25 6.284081190460528
    endloop
  endfacet
  facet normal 0.2588190451025197 0 0.9659258262890686
    outer loop
      vertex 18.061073738537633 -35.954915028125264 6.347337103363085
      vertex 18.29714801936913 -35.80160659759465 6.284081190460528
      vertex 18.29714801936913 -25 6.284081190460528
    endloop
  endfacet
  facet normal 0.15643446504023373 0 0.9876883405951372
    outer loop
      vertex 18.29714801936913 -35.80160659759465 6.284081190460528
      vertex 18.5 -35.66987298107781 6.251952593039583
      vertex 18.29714801936913 -25 6.284081190460528
    endloop
  endfacet
  facet normal 0.2588190451025262 -1.5098776810879305e-16 0.9659258262890668
    outer loop
      vertex 18.00539843496706 -36 6.362255255993178
      vertex 18.061073738537633 -35.954915028125264 6.347337103363085
      vertex 18.29714801936913 -25 6.284081190460528
    endloop
  endfacet
  facet normal 0.05233595624294089 0 0.9986295347545739
    outer loop
      vertex 19.641129977520507 -35.194821273215176 6.071215360212445
      vertex 19.960441545911202 -35.10926199633097 6.054480950013705
      vertex 19.641129977520507 -25 6.071215360212445
    endloop
  endfacet
  facet normal 0.15643446504023298 3.860621068086754e-17 0.9876883405951374
    outer loop
      vertex 18.966316784621 -35.43227271178699 6.178095270093449
      vertex 19.454915028125264 -35.24471741852423 6.1007089107524735
      vertex 19.641129977520507 -25 6.071215360212445
    endloop
  endfacet
  facet normal 0.1564344650402351 0 0.987688340595137
    outer loop
      vertex 19.454915028125264 -35.24471741852423 6.1007089107524735
      vertex 19.641129977520507 -35.194821273215176 6.071215360212445
      vertex 19.641129977520507 -25 6.071215360212445
    endloop
  endfacet
  facet normal 0.15643446504023012 2.3309082042997343e-16 0.9876883405951379
    outer loop
      vertex 18.5 -35.66987298107781 6.251952593039583
      vertex 18.966316784621 -35.43227271178699 6.178095270093449
      vertex 19.641129977520507 -25 6.071215360212445
    endloop
  endfacet
  facet normal 0.05233595624294308 4.31356843766955e-17 0.9986295347545739
    outer loop
      vertex 19.960441545911202 -35.10926199633097 6.054480950013705
      vertex 20.477357683661733 -35.02739052315863 6.027390523158633
      vertex 21 -25 6
    endloop
  endfacet
  facet normal 0.0523359562429439 0 0.9986295347545739
    outer loop
      vertex 20.477357683661733 -35.02739052315863 6.027390523158633
      vertex 21 -35 6
      vertex 21 -25 6
    endloop
  endfacet
  facet normal 0.9986295347545739 0 0.052335956242942884
    outer loop
      vertex 8.071215360212445 -44 17.641129977520507
      vertex 8 -44 19
      vertex 8 -55 19
    endloop
  endfacet
  facet normal 0.9876883405951374 0 0.15643446504023245
    outer loop
      vertex 8.071215360212445 -44 17.641129977520507
      vertex 8.071215360212445 -55 17.641129977520507
      vertex 8.284081190460528 -44 16.29714801936913
    endloop
  endfacet
  facet normal 0.9659258262890686 0 0.2588190451025195
    outer loop
      vertex 8.284081190460528 -44 16.29714801936913
      vertex 8.284081190460528 -55 16.29714801936913
      vertex 8.636265288163003 -44 14.982779073125684
    endloop
  endfacet
  facet normal 0.9335804264972014 0 0.358367949545301
    outer loop
      vertex 8.636265288163003 -44 14.982779073125684
      vertex 8.636265288163003 -55 14.982779073125684
      vertex 9.123909050646189 -44 13.712423640014597
    endloop
  endfacet
  facet normal 0.9986295347545739 0 0.052335956242942884
    outer loop
      vertex 8.071215360212445 -44 17.641129977520507
      vertex 8 -55 19
      vertex 8.071215360212445 -55 17.641129977520507
    endloop
  endfacet
  facet normal 0.9876883405951374 0 0.15643446504023245
    outer loop
      vertex 8.284081190460528 -44 16.29714801936913
      vertex 8.071215360212445 -55 17.641129977520507
      vertex 8.284081190460528 -55 16.29714801936913
    endloop
  endfacet
  facet normal 0.9659258262890686 0 0.2588190451025195
    outer loop
      vertex 8.636265288163003 -44 14.982779073125684
      vertex 8.284081190460528 -55 16.29714801936913
      vertex 8.636265288163003 -55 14.982779073125684
    endloop
  endfacet
  facet normal 0.8910065241883678 0 0.4539904997395471
    outer loop
      vertex 9.123909050646189 -44 13.712423640014597
      vertex 9.123909050646189 -55 13.712423640014597
      vertex 9.741669750802298 -44 12.5
    endloop
  endfacet
  facet normal 0.838670567945424 0 0.5446390350150271
    outer loop
      vertex 9.741669750802298 -44 12.5
      vertex 9.741669750802298 -55 12.5
      vertex 10.482779073125684 -44 11.35879172019785
    endloop
  endfacet
  facet normal 0.7771459614569718 0 0.6293203910498362
    outer loop
      vertex 10.482779073125684 -44 11.35879172019785
      vertex 10.482779073125684 -55 11.35879172019785
      vertex 11.339117268793874 -44 10.301302117334842
    endloop
  endfacet
  facet normal 0.9335804264972014 0 0.358367949545301
    outer loop
      vertex 9.123909050646189 -44 13.712423640014597
      vertex 8.636265288163003 -55 14.982779073125684
      vertex 9.123909050646189 -55 13.712423640014597
    endloop
  endfacet
  facet normal 0.8910065241883678 0 0.4539904997395471
    outer loop
      vertex 9.741669750802298 -44 12.5
      vertex 9.123909050646189 -55 13.712423640014597
      vertex 9.741669750802298 -55 12.5
    endloop
  endfacet
  facet normal 0.838670567945424 0 0.5446390350150271
    outer loop
      vertex 10.482779073125684 -44 11.35879172019785
      vertex 9.741669750802298 -55 12.5
      vertex 10.482779073125684 -55 11.35879172019785
    endloop
  endfacet
  facet normal 0.7771459614569718 0 0.6293203910498362
    outer loop
      vertex 11.339117268793874 -44 10.301302117334842
      vertex 10.482779073125684 -55 11.35879172019785
      vertex 11.339117268793874 -55 10.301302117334842
    endloop
  endfacet
  facet normal 0.7071067811865476 0 0.7071067811865476
    outer loop
      vertex 11.339117268793874 -44 10.301302117334842
      vertex 11.339117268793874 -55 10.301302117334842
      vertex 12.301302117334842 -44 9.339117268793874
    endloop
  endfacet
  facet normal 0.7071067811865476 0 0.7071067811865476
    outer loop
      vertex 12.301302117334842 -44 9.339117268793874
      vertex 11.339117268793874 -55 10.301302117334842
      vertex 12.301302117334842 -55 9.339117268793874
    endloop
  endfacet
  facet normal 0.6293203910498362 0 0.7771459614569718
    outer loop
      vertex 12.301302117334842 -44 9.339117268793874
      vertex 12.301302117334842 -55 9.339117268793874
      vertex 13.35879172019785 -44 8.482779073125684
    endloop
  endfacet
  facet normal 0.5446390350150271 0 0.838670567945424
    outer loop
      vertex 13.35879172019785 -44 8.482779073125684
      vertex 13.35879172019785 -55 8.482779073125684
      vertex 14.5 -44 7.7416697508022985
    endloop
  endfacet
  facet normal 0.4539904997395471 0 0.8910065241883678
    outer loop
      vertex 14.5 -44 7.7416697508022985
      vertex 14.5 -55 7.7416697508022985
      vertex 15.712423640014597 -44 7.123909050646189
    endloop
  endfacet
  facet normal 0.358367949545301 0 0.9335804264972014
    outer loop
      vertex 15.712423640014597 -44 7.123909050646189
      vertex 15.712423640014597 -55 7.123909050646189
      vertex 16.982779073125684 -44 6.636265288163003
    endloop
  endfacet
  facet normal 0.25881904510251913 0 0.9659258262890688
    outer loop
      vertex 16.982779073125684 -44 6.636265288163003
      vertex 16.982779073125684 -55 6.636265288163003
      vertex 18.00539843496706 -44 6.362255255993178
    endloop
  endfacet
  facet normal 0.2588190451025256 -6.513829511015701e-16 0.965925826289067
    outer loop
      vertex 18.00539843496706 -44 6.362255255993178
      vertex 16.982779073125684 -55 6.636265288163003
      vertex 18.061073738537633 -44.045084971874736 6.347337103363085
    endloop
  endfacet
  facet normal 0.25881904510251963 -1.948753048180029e-17 0.9659258262890685
    outer loop
      vertex 18.061073738537633 -44.045084971874736 6.347337103363085
      vertex 16.982779073125684 -55 6.636265288163003
      vertex 18.29714801936913 -44.19839340240535 6.284081190460528
    endloop
  endfacet
  facet normal 0.15643446504023373 0 0.9876883405951372
    outer loop
      vertex 18.29714801936913 -44.19839340240535 6.284081190460528
      vertex 18.29714801936913 -55 6.284081190460528
      vertex 18.5 -44.33012701892219 6.251952593039583
    endloop
  endfacet
  facet normal 0.15643446504023023 6.889290901672651e-17 0.9876883405951378
    outer loop
      vertex 18.5 -44.33012701892219 6.251952593039583
      vertex 18.29714801936913 -55 6.284081190460528
      vertex 18.966316784621 -44.56772728821301 6.178095270093449
    endloop
  endfacet
  facet normal 0.15643446504023295 -1.1154094776256953e-16 0.9876883405951373
    outer loop
      vertex 18.966316784621 -44.56772728821301 6.178095270093449
      vertex 18.29714801936913 -55 6.284081190460528
      vertex 19.454915028125264 -44.75528258147577 6.1007089107524735
    endloop
  endfacet
  facet normal 0.156434465040235 -3.4520338865160725e-16 0.987688340595137
    outer loop
      vertex 19.454915028125264 -44.75528258147577 6.1007089107524735
      vertex 18.29714801936913 -55 6.284081190460528
      vertex 19.641129977520507 -44.805178726784824 6.071215360212445
    endloop
  endfacet
  facet normal 0.05233595624294089 0 0.9986295347545739
    outer loop
      vertex 19.641129977520507 -44.805178726784824 6.071215360212445
      vertex 19.641129977520507 -55 6.071215360212445
      vertex 19.960441545911202 -44.89073800366903 6.054480950013705
    endloop
  endfacet
  facet normal 0.052335956242943064 -6.894045743184895e-17 0.9986295347545739
    outer loop
      vertex 19.960441545911202 -44.89073800366903 6.054480950013705
      vertex 19.641129977520507 -55 6.071215360212445
      vertex 20.477357683661733 -44.97260947684137 6.027390523158633
    endloop
  endfacet
  facet normal 0.05233595624294388 -1.3757023875967833e-16 0.9986295347545739
    outer loop
      vertex 20.477357683661733 -44.97260947684137 6.027390523158633
      vertex 19.641129977520507 -55 6.071215360212445
      vertex 21 -45 6
    endloop
  endfacet
  facet normal 0.6293203910498362 0 0.7771459614569718
    outer loop
      vertex 13.35879172019785 -44 8.482779073125684
      vertex 12.301302117334842 -55 9.339117268793874
      vertex 13.35879172019785 -55 8.482779073125684
    endloop
  endfacet
  facet normal 0.5446390350150271 0 0.838670567945424
    outer loop
      vertex 14.5 -44 7.7416697508022985
      vertex 13.35879172019785 -55 8.482779073125684
      vertex 14.5 -55 7.7416697508022985
    endloop
  endfacet
  facet normal 0.4539904997395471 0 0.8910065241883678
    outer loop
      vertex 15.712423640014597 -44 7.123909050646189
      vertex 14.5 -55 7.7416697508022985
      vertex 15.712423640014597 -55 7.123909050646189
    endloop
  endfacet
  facet normal 0.358367949545301 0 0.9335804264972014
    outer loop
      vertex 16.982779073125684 -44 6.636265288163003
      vertex 15.712423640014597 -55 7.123909050646189
      vertex 16.982779073125684 -55 6.636265288163003
    endloop
  endfacet
  facet normal 0.2588190451025195 0 0.9659258262890686
    outer loop
      vertex 18.29714801936913 -44.19839340240535 6.284081190460528
      vertex 16.982779073125684 -55 6.636265288163003
      vertex 18.29714801936913 -55 6.284081190460528
    endloop
  endfacet
  facet normal 0.15643446504023245 0 0.9876883405951374
    outer loop
      vertex 19.641129977520507 -44.805178726784824 6.071215360212445
      vertex 18.29714801936913 -55 6.284081190460528
      vertex 19.641129977520507 -55 6.071215360212445
    endloop
  endfacet
  facet normal 0.052335956242942884 0 0.9986295347545739
    outer loop
      vertex 21 -45 6
      vertex 19.641129977520507 -55 6.071215360212445
      vertex 21 -55 6
    endloop
  endfacet
  facet normal -0.9986295347545738 0 0.052335956242945486
    outer loop
      vertex 33.92878463978755 -36 17.641129977520507
      vertex 34 -25 19
      vertex 33.92878463978755 -25 17.641129977520507
    endloop
  endfacet
  facet normal -0.9876883405951381 0 0.15643446504022862
    outer loop
      vertex 33.715918809539474 -36 16.29714801936913
      vertex 33.92878463978755 -25 17.641129977520507
      vertex 33.715918809539474 -25 16.29714801936913
    endloop
  endfacet
  facet normal -0.9659258262890683 0 0.25881904510252074
    outer loop
      vertex 33.363734711837 -36 14.982779073125684
      vertex 33.715918809539474 -25 16.29714801936913
      vertex 33.363734711837 -25 14.982779073125684
    endloop
  endfacet
  facet normal -0.9986295347545738 0 0.052335956242945486
    outer loop
      vertex 33.92878463978755 -36 17.641129977520507
      vertex 34 -36 19
      vertex 34 -25 19
    endloop
  endfacet
  facet normal -0.9876883405951381 0 0.15643446504022862
    outer loop
      vertex 33.92878463978755 -36 17.641129977520507
      vertex 33.92878463978755 -25 17.641129977520507
      vertex 33.715918809539474 -36 16.29714801936913
    endloop
  endfacet
  facet normal -0.9659258262890683 0 0.25881904510252074
    outer loop
      vertex 33.363734711837 -36 14.982779073125684
      vertex 33.715918809539474 -36 16.29714801936913
      vertex 33.715918809539474 -25 16.29714801936913
    endloop
  endfacet
  facet normal -0.9335804264972011 0 0.35836794954530216
    outer loop
      vertex 32.87609094935381 -36 13.712423640014597
      vertex 33.363734711837 -36 14.982779073125684
      vertex 33.363734711837 -25 14.982779073125684
    endloop
  endfacet
  facet normal -0.7071067811865476 0 0.7071067811865476
    outer loop
      vertex 29.698697882665158 -36 9.339117268793874
      vertex 30.660882731206126 -25 10.301302117334842
      vertex 29.698697882665158 -25 9.339117268793874
    endloop
  endfacet
  facet normal -0.7071067811865476 0 0.7071067811865476
    outer loop
      vertex 29.698697882665158 -36 9.339117268793874
      vertex 30.660882731206126 -36 10.301302117334842
      vertex 30.660882731206126 -25 10.301302117334842
    endloop
  endfacet
  facet normal -0.9335804264972011 0 0.35836794954530216
    outer loop
      vertex 32.87609094935381 -36 13.712423640014597
      vertex 33.363734711837 -25 14.982779073125684
      vertex 32.87609094935381 -25 13.712423640014597
    endloop
  endfacet
  facet normal -0.8910065241883671 0 0.4539904997395481
    outer loop
      vertex 32.2583302491977 -36 12.5
      vertex 32.87609094935381 -25 13.712423640014597
      vertex 32.2583302491977 -25 12.5
    endloop
  endfacet
  facet normal -0.8386705679454253 0 0.5446390350150253
    outer loop
      vertex 31.517220926874316 -36 11.35879172019785
      vertex 32.2583302491977 -25 12.5
      vertex 31.517220926874316 -25 11.35879172019785
    endloop
  endfacet
  facet normal -0.7771459614569718 0 0.6293203910498362
    outer loop
      vertex 30.660882731206126 -36 10.301302117334842
      vertex 31.517220926874316 -25 11.35879172019785
      vertex 30.660882731206126 -25 10.301302117334842
    endloop
  endfacet
  facet normal -0.8910065241883671 0 0.4539904997395481
    outer loop
      vertex 32.87609094935381 -36 13.712423640014597
      vertex 32.87609094935381 -25 13.712423640014597
      vertex 32.2583302491977 -36 12.5
    endloop
  endfacet
  facet normal -0.8386705679454253 0 0.5446390350150253
    outer loop
      vertex 31.517220926874316 -36 11.35879172019785
      vertex 32.2583302491977 -36 12.5
      vertex 32.2583302491977 -25 12.5
    endloop
  endfacet
  facet normal -0.7771459614569718 0 0.6293203910498362
    outer loop
      vertex 30.660882731206126 -36 10.301302117334842
      vertex 31.517220926874316 -36 11.35879172019785
      vertex 31.517220926874316 -25 11.35879172019785
    endloop
  endfacet
  facet normal -0.6293203910498362 0 0.7771459614569718
    outer loop
      vertex 28.64120827980215 -36 8.482779073125684
      vertex 29.698697882665158 -25 9.339117268793874
      vertex 28.64120827980215 -25 8.482779073125684
    endloop
  endfacet
  facet normal -0.5446390350150271 0 0.838670567945424
    outer loop
      vertex 27.5 -36 7.7416697508022985
      vertex 28.64120827980215 -25 8.482779073125684
      vertex 27.5 -25 7.7416697508022985
    endloop
  endfacet
  facet normal -0.4539904997395466 0 0.891006524188368
    outer loop
      vertex 26.2875763599854 -36 7.123909050646189
      vertex 27.5 -25 7.7416697508022985
      vertex 26.2875763599854 -25 7.123909050646189
    endloop
  endfacet
  facet normal -0.052335956242942884 0 0.9986295347545739
    outer loop
      vertex 21 -35 6
      vertex 22.358870022479493 -25 6.071215360212445
      vertex 21 -25 6
    endloop
  endfacet
  facet normal -0.15643446504023245 0 0.9876883405951374
    outer loop
      vertex 22.358870022479493 -35.194821273215176 6.071215360212445
      vertex 23.70285198063087 -25 6.284081190460528
      vertex 22.358870022479493 -25 6.071215360212445
    endloop
  endfacet
  facet normal -0.3583679495453014 0 0.9335804264972012
    outer loop
      vertex 25.017220926874316 -36 6.636265288163003
      vertex 26.2875763599854 -25 7.123909050646189
      vertex 25.017220926874316 -25 6.636265288163003
    endloop
  endfacet
  facet normal -0.2588190451025195 0 0.9659258262890686
    outer loop
      vertex 23.70285198063087 -35.80160659759465 6.284081190460528
      vertex 25.017220926874316 -25 6.636265288163003
      vertex 23.70285198063087 -25 6.284081190460528
    endloop
  endfacet
  facet normal -0.6293203910498362 0 0.7771459614569718
    outer loop
      vertex 28.64120827980215 -36 8.482779073125684
      vertex 29.698697882665158 -36 9.339117268793874
      vertex 29.698697882665158 -25 9.339117268793874
    endloop
  endfacet
  facet normal -0.5446390350150271 0 0.838670567945424
    outer loop
      vertex 27.5 -36 7.7416697508022985
      vertex 28.64120827980215 -36 8.482779073125684
      vertex 28.64120827980215 -25 8.482779073125684
    endloop
  endfacet
  facet normal -0.4539904997395466 0 0.891006524188368
    outer loop
      vertex 26.2875763599854 -36 7.123909050646189
      vertex 27.5 -36 7.7416697508022985
      vertex 27.5 -25 7.7416697508022985
    endloop
  endfacet
  facet normal -0.05233595624294389 1.3822846956714091e-16 0.9986295347545739
    outer loop
      vertex 21 -35 6
      vertex 21.522642316338267 -35.02739052315863 6.027390523158633
      vertex 22.358870022479493 -25 6.071215360212445
    endloop
  endfacet
  facet normal -0.052335956242943064 6.861059878384967e-17 0.9986295347545739
    outer loop
      vertex 21.522642316338267 -35.02739052315863 6.027390523158633
      vertex 22.039558454088798 -35.10926199633097 6.054480950013705
      vertex 22.358870022479493 -25 6.071215360212445
    endloop
  endfacet
  facet normal -0.05233595624294089 0 0.9986295347545739
    outer loop
      vertex 22.039558454088798 -35.10926199633097 6.054480950013705
      vertex 22.358870022479493 -35.194821273215176 6.071215360212445
      vertex 22.358870022479493 -25 6.071215360212445
    endloop
  endfacet
  facet normal -0.15643446504023298 1.1285319420683506e-16 0.9876883405951373
    outer loop
      vertex 22.545084971874736 -35.24471741852423 6.1007089107524735
      vertex 23.033683215379 -35.43227271178699 6.178095270093449
      vertex 23.70285198063087 -25 6.284081190460528
    endloop
  endfacet
  facet normal -0.15643446504023498 3.4520338865160725e-16 0.987688340595137
    outer loop
      vertex 22.358870022479493 -35.194821273215176 6.071215360212445
      vertex 22.545084971874736 -35.24471741852423 6.1007089107524735
      vertex 23.70285198063087 -25 6.284081190460528
    endloop
  endfacet
  facet normal -0.1564344650402302 -6.82108010066599e-17 0.9876883405951378
    outer loop
      vertex 23.033683215379 -35.43227271178699 6.178095270093449
      vertex 23.5 -35.66987298107781 6.251952593039583
      vertex 23.70285198063087 -25 6.284081190460528
    endloop
  endfacet
  facet normal -0.3583679495453014 0 0.9335804264972012
    outer loop
      vertex 25.017220926874316 -36 6.636265288163003
      vertex 26.2875763599854 -36 7.123909050646189
      vertex 26.2875763599854 -25 7.123909050646189
    endloop
  endfacet
  facet normal -0.25881904510251913 0 0.9659258262890688
    outer loop
      vertex 25.017220926874316 -36 6.636265288163003
      vertex 25.017220926874316 -25 6.636265288163003
      vertex 23.99460156503294 -36 6.362255255993178
    endloop
  endfacet
  facet normal -0.15643446504023378 0 0.9876883405951372
    outer loop
      vertex 23.5 -35.66987298107781 6.251952593039583
      vertex 23.70285198063087 -35.80160659759465 6.284081190460528
      vertex 23.70285198063087 -25 6.284081190460528
    endloop
  endfacet
  facet normal -0.25881904510251963 1.948753048180029e-17 0.9659258262890685
    outer loop
      vertex 23.70285198063087 -35.80160659759465 6.284081190460528
      vertex 23.938926261462367 -35.954915028125264 6.347337103363085
      vertex 25.017220926874316 -25 6.636265288163003
    endloop
  endfacet
  facet normal -0.2588190451025256 6.513829511015701e-16 0.965925826289067
    outer loop
      vertex 23.938926261462367 -35.954915028125264 6.347337103363085
      vertex 23.99460156503294 -36 6.362255255993178
      vertex 25.017220926874316 -25 6.636265288163003
    endloop
  endfacet
  facet normal -0.9986295347545738 0 0.052335956242945486
    outer loop
      vertex 33.92878463978755 -44 17.641129977520507
      vertex 33.92878463978755 -55 17.641129977520507
      vertex 34 -44 19
    endloop
  endfacet
  facet normal -0.9876883405951381 0 0.15643446504022862
    outer loop
      vertex 33.92878463978755 -44 17.641129977520507
      vertex 33.715918809539474 -44 16.29714801936913
      vertex 33.715918809539474 -55 16.29714801936913
    endloop
  endfacet
  facet normal -0.9659258262890683 0 0.25881904510252074
    outer loop
      vertex 33.363734711837 -44 14.982779073125684
      vertex 33.363734711837 -55 14.982779073125684
      vertex 33.715918809539474 -44 16.29714801936913
    endloop
  endfacet
  facet normal -0.9986295347545738 0 0.052335956242945486
    outer loop
      vertex 34 -55 19
      vertex 34 -44 19
      vertex 33.92878463978755 -55 17.641129977520507
    endloop
  endfacet
  facet normal -0.9876883405951381 0 0.15643446504022862
    outer loop
      vertex 33.92878463978755 -44 17.641129977520507
      vertex 33.715918809539474 -55 16.29714801936913
      vertex 33.92878463978755 -55 17.641129977520507
    endloop
  endfacet
  facet normal -0.9659258262890683 0 0.25881904510252074
    outer loop
      vertex 33.715918809539474 -44 16.29714801936913
      vertex 33.363734711837 -55 14.982779073125684
      vertex 33.715918809539474 -55 16.29714801936913
    endloop
  endfacet
  facet normal -0.9335804264972011 0 0.35836794954530216
    outer loop
      vertex 33.363734711837 -44 14.982779073125684
      vertex 32.87609094935381 -55 13.712423640014597
      vertex 33.363734711837 -55 14.982779073125684
    endloop
  endfacet
  facet normal -0.7071067811865476 0 0.7071067811865476
    outer loop
      vertex 29.698697882665158 -44 9.339117268793874
      vertex 29.698697882665158 -55 9.339117268793874
      vertex 30.660882731206126 -44 10.301302117334842
    endloop
  endfacet
  facet normal -0.7071067811865476 0 0.7071067811865476
    outer loop
      vertex 30.660882731206126 -44 10.301302117334842
      vertex 29.698697882665158 -55 9.339117268793874
      vertex 30.660882731206126 -55 10.301302117334842
    endloop
  endfacet
  facet normal -0.9335804264972011 0 0.35836794954530216
    outer loop
      vertex 32.87609094935381 -44 13.712423640014597
      vertex 32.87609094935381 -55 13.712423640014597
      vertex 33.363734711837 -44 14.982779073125684
    endloop
  endfacet
  facet normal -0.8910065241883671 0 0.4539904997395481
    outer loop
      vertex 32.87609094935381 -44 13.712423640014597
      vertex 32.2583302491977 -44 12.5
      vertex 32.2583302491977 -55 12.5
    endloop
  endfacet
  facet normal -0.8386705679454253 0 0.5446390350150253
    outer loop
      vertex 31.517220926874316 -44 11.35879172019785
      vertex 31.517220926874316 -55 11.35879172019785
      vertex 32.2583302491977 -44 12.5
    endloop
  endfacet
  facet normal -0.7771459614569718 0 0.6293203910498362
    outer loop
      vertex 30.660882731206126 -44 10.301302117334842
      vertex 30.660882731206126 -55 10.301302117334842
      vertex 31.517220926874316 -44 11.35879172019785
    endloop
  endfacet
  facet normal -0.8910065241883671 0 0.4539904997395481
    outer loop
      vertex 32.87609094935381 -44 13.712423640014597
      vertex 32.2583302491977 -55 12.5
      vertex 32.87609094935381 -55 13.712423640014597
    endloop
  endfacet
  facet normal -0.8386705679454253 0 0.5446390350150253
    outer loop
      vertex 32.2583302491977 -44 12.5
      vertex 31.517220926874316 -55 11.35879172019785
      vertex 32.2583302491977 -55 12.5
    endloop
  endfacet
  facet normal -0.7771459614569718 0 0.6293203910498362
    outer loop
      vertex 31.517220926874316 -44 11.35879172019785
      vertex 30.660882731206126 -55 10.301302117334842
      vertex 31.517220926874316 -55 11.35879172019785
    endloop
  endfacet
  facet normal -0.6293203910498362 0 0.7771459614569718
    outer loop
      vertex 28.64120827980215 -44 8.482779073125684
      vertex 28.64120827980215 -55 8.482779073125684
      vertex 29.698697882665158 -44 9.339117268793874
    endloop
  endfacet
  facet normal -0.5446390350150271 0 0.838670567945424
    outer loop
      vertex 27.5 -44 7.7416697508022985
      vertex 27.5 -55 7.7416697508022985
      vertex 28.64120827980215 -44 8.482779073125684
    endloop
  endfacet
  facet normal -0.4539904997395466 0 0.891006524188368
    outer loop
      vertex 26.2875763599854 -44 7.123909050646189
      vertex 26.2875763599854 -55 7.123909050646189
      vertex 27.5 -44 7.7416697508022985
    endloop
  endfacet
  facet normal -0.0523359562429439 0 0.9986295347545739
    outer loop
      vertex 21.522642316338267 -44.97260947684137 6.027390523158633
      vertex 21 -45 6
      vertex 21 -55 6
    endloop
  endfacet
  facet normal -0.05233595624294308 -4.2798686842502563e-17 0.9986295347545739
    outer loop
      vertex 21.522642316338267 -44.97260947684137 6.027390523158633
      vertex 21 -55 6
      vertex 22.039558454088798 -44.89073800366903 6.054480950013705
    endloop
  endfacet
  facet normal -0.15643446504023006 -2.3309082042997333e-16 0.9876883405951378
    outer loop
      vertex 23.033683215379 -44.56772728821301 6.178095270093449
      vertex 22.358870022479493 -55 6.071215360212445
      vertex 23.5 -44.33012701892219 6.251952593039583
    endloop
  endfacet
  facet normal -0.156434465040233 -3.860621068086754e-17 0.9876883405951374
    outer loop
      vertex 22.545084971874736 -44.75528258147577 6.1007089107524735
      vertex 22.358870022479493 -55 6.071215360212445
      vertex 23.033683215379 -44.56772728821301 6.178095270093449
    endloop
  endfacet
  facet normal -0.1564344650402351 0 0.987688340595137
    outer loop
      vertex 22.358870022479493 -44.805178726784824 6.071215360212445
      vertex 22.358870022479493 -55 6.071215360212445
      vertex 22.545084971874736 -44.75528258147577 6.1007089107524735
    endloop
  endfacet
  facet normal -0.05233595624294089 0 0.9986295347545739
    outer loop
      vertex 22.039558454088798 -44.89073800366903 6.054480950013705
      vertex 22.358870022479493 -55 6.071215360212445
      vertex 22.358870022479493 -44.805178726784824 6.071215360212445
    endloop
  endfacet
  facet normal -0.3583679495453014 0 0.9335804264972012
    outer loop
      vertex 25.017220926874316 -44 6.636265288163003
      vertex 25.017220926874316 -55 6.636265288163003
      vertex 26.2875763599854 -44 7.123909050646189
    endloop
  endfacet
  facet normal -0.25881904510252624 1.5168678555374123e-16 0.9659258262890669
    outer loop
      vertex 23.938926261462367 -44.045084971874736 6.347337103363085
      vertex 23.70285198063087 -55 6.284081190460528
      vertex 23.99460156503294 -44 6.362255255993178
    endloop
  endfacet
  facet normal -0.15643446504023378 0 0.9876883405951372
    outer loop
      vertex 23.5 -44.33012701892219 6.251952593039583
      vertex 23.70285198063087 -55 6.284081190460528
      vertex 23.70285198063087 -44.19839340240535 6.284081190460528
    endloop
  endfacet
  facet normal -0.2588190451025197 0 0.9659258262890686
    outer loop
      vertex 23.70285198063087 -44.19839340240535 6.284081190460528
      vertex 23.70285198063087 -55 6.284081190460528
      vertex 23.938926261462367 -44.045084971874736 6.347337103363085
    endloop
  endfacet
  facet normal -0.25881904510251913 -5.243363916439072e-17 0.9659258262890688
    outer loop
      vertex 25.017220926874316 -44 6.636265288163003
      vertex 23.99460156503294 -44 6.362255255993178
      vertex 23.70285198063087 -55 6.284081190460528
    endloop
  endfacet
  facet normal -0.6293203910498362 0 0.7771459614569718
    outer loop
      vertex 29.698697882665158 -44 9.339117268793874
      vertex 28.64120827980215 -55 8.482779073125684
      vertex 29.698697882665158 -55 9.339117268793874
    endloop
  endfacet
  facet normal -0.5446390350150271 0 0.838670567945424
    outer loop
      vertex 28.64120827980215 -44 8.482779073125684
      vertex 27.5 -55 7.7416697508022985
      vertex 28.64120827980215 -55 8.482779073125684
    endloop
  endfacet
  facet normal -0.4539904997395466 0 0.891006524188368
    outer loop
      vertex 27.5 -44 7.7416697508022985
      vertex 26.2875763599854 -55 7.123909050646189
      vertex 27.5 -55 7.7416697508022985
    endloop
  endfacet
  facet normal -0.052335956242942884 -6.280101094235471e-17 0.9986295347545738
    outer loop
      vertex 22.039558454088798 -44.89073800366903 6.054480950013705
      vertex 21 -55 6
      vertex 22.358870022479493 -55 6.071215360212445
    endloop
  endfacet
  facet normal -0.15643446504023242 2.5807815537021252e-17 0.9876883405951374
    outer loop
      vertex 23.5 -44.33012701892219 6.251952593039583
      vertex 22.358870022479493 -55 6.071215360212445
      vertex 23.70285198063087 -55 6.284081190460528
    endloop
  endfacet
  facet normal -0.3583679495453014 0 0.9335804264972012
    outer loop
      vertex 26.2875763599854 -44 7.123909050646189
      vertex 25.017220926874316 -55 6.636265288163003
      vertex 26.2875763599854 -55 7.123909050646189
    endloop
  endfacet
  facet normal -0.2588190451025195 0 0.9659258262890686
    outer loop
      vertex 25.017220926874316 -44 6.636265288163003
      vertex 23.70285198063087 -55 6.284081190460528
      vertex 25.017220926874316 -55 6.636265288163003
    endloop
  endfacet
  facet normal 0 -1 0
    outer loop
      vertex 4.093127778739351 -36 17.22301612444989
      vertex 8 -36 19
      vertex 4 -36 19
    endloop
  endfacet
  facet normal 0 -1 0
    outer loop
      vertex 4.093127778739351 -36 17.22301612444989
      vertex 4.371490787525307 -36 15.465501256098092
      vertex 8 -36 19
    endloop
  endfacet
  facet normal 0 -1 0
    outer loop
      vertex 4.832039222982388 -36 13.746711095625894
      vertex 8.071215360212445 -36 17.641129977520507
      vertex 8 -36 19
    endloop
  endfacet
  facet normal 0 -1 0
    outer loop
      vertex 4.371490787525307 -36 15.465501256098092
      vertex 4.832039222982388 -36 13.746711095625894
      vertex 8 -36 19
    endloop
  endfacet
  facet normal 0 -1 0
    outer loop
      vertex 4.832039222982388 -36 13.746711095625894
      vertex 8.284081190460528 -36 16.29714801936913
      vertex 8.071215360212445 -36 17.641129977520507
    endloop
  endfacet
  facet normal 0 -1 0
    outer loop
      vertex 8.284081190460528 -36 16.29714801936913
      vertex 5.469727220075786 -36 12.085477067711397
      vertex 8.636265288163003 -36 14.982779073125684
    endloop
  endfacet
  facet normal 0.9986295347545739 0 0.05233595624294268
    outer loop
      vertex 4.093127778739351 -36 17.22301612444989
      vertex 4 -36 19
      vertex 4.093127778739351 -44 17.22301612444989
    endloop
  endfacet
  facet normal 0.9876883405951372 0 0.15643446504023348
    outer loop
      vertex 4.093127778739351 -36 17.22301612444989
      vertex 4.371490787525307 -44 15.465501256098092
      vertex 4.371490787525307 -36 15.465501256098092
    endloop
  endfacet
  facet normal 0.9659258262890688 0 0.2588190451025187
    outer loop
      vertex 4.371490787525307 -36 15.465501256098092
      vertex 4.832039222982388 -44 13.746711095625894
      vertex 4.832039222982388 -36 13.746711095625894
    endloop
  endfacet
  facet normal 0 -1 0
    outer loop
      vertex 4.832039222982388 -36 13.746711095625894
      vertex 5.469727220075786 -36 12.085477067711397
      vertex 8.284081190460528 -36 16.29714801936913
    endloop
  endfacet
  facet normal 0 -1 0
    outer loop
      vertex 6.277568135664543 -36 10.5
      vertex 9.123909050646189 -36 13.712423640014597
      vertex 8.636265288163003 -36 14.982779073125684
    endloop
  endfacet
  facet normal 0 -1 0
    outer loop
      vertex 5.469727220075786 -36 12.085477067711397
      vertex 6.277568135664543 -36 10.5
      vertex 8.636265288163003 -36 14.982779073125684
    endloop
  endfacet
  facet normal 0 -1 0
    outer loop
      vertex 6.277568135664543 -36 10.5
      vertex 9.741669750802298 -36 12.5
      vertex 9.123909050646189 -36 13.712423640014597
    endloop
  endfacet
  facet normal 0 -1 0
    outer loop
      vertex 7.246711095625896 -36 9.007650711027956
      vertex 10.482779073125684 -36 11.35879172019785
      vertex 9.741669750802298 -36 12.5
    endloop
  endfacet
  facet normal 0 -1 0
    outer loop
      vertex 6.277568135664543 -36 10.5
      vertex 7.246711095625896 -36 9.007650711027956
      vertex 9.741669750802298 -36 12.5
    endloop
  endfacet
  facet normal 0 -1 0
    outer loop
      vertex 8.366537966884298 -36 7.624779691899409
      vertex 11.339117268793874 -36 10.301302117334842
      vertex 10.482779073125684 -36 11.35879172019785
    endloop
  endfacet
  facet normal 0.9335804264972013 0 0.35836794954530127
    outer loop
      vertex 4.832039222982388 -36 13.746711095625894
      vertex 5.469727220075786 -44 12.085477067711397
      vertex 5.469727220075786 -36 12.085477067711397
    endloop
  endfacet
  facet normal 0.891006524188368 0 0.4539904997395464
    outer loop
      vertex 5.469727220075786 -36 12.085477067711397
      vertex 6.277568135664543 -44 10.5
      vertex 6.277568135664543 -36 10.5
    endloop
  endfacet
  facet normal 0.8386705679454236 0 0.5446390350150278
    outer loop
      vertex 6.277568135664543 -36 10.5
      vertex 7.246711095625896 -44 9.007650711027956
      vertex 7.246711095625896 -36 9.007650711027956
    endloop
  endfacet
  facet normal 0 -1 0
    outer loop
      vertex 7.246711095625896 -36 9.007650711027956
      vertex 8.366537966884298 -36 7.624779691899409
      vertex 10.482779073125684 -36 11.35879172019785
    endloop
  endfacet
  facet normal 0 -1 0
    outer loop
      vertex 11.339117268793874 -36 10.301302117334842
      vertex 9.624779691899409 -36 6.366537966884298
      vertex 12.301302117334842 -36 9.339117268793874
    endloop
  endfacet
  facet normal 0 -1 0
    outer loop
      vertex 8.366537966884298 -36 7.624779691899409
      vertex 9.624779691899409 -36 6.366537966884298
      vertex 11.339117268793874 -36 10.301302117334842
    endloop
  endfacet
  facet normal 0 -1 0
    outer loop
      vertex 12.301302117334842 -36 9.339117268793874
      vertex 9.624779691899409 -36 6.366537966884298
      vertex 11.007650711027956 -36 5.246711095625896
    endloop
  endfacet
  facet normal 0.77714596145697 -8.928221875285301e-16 0.6293203910498384
    outer loop
      vertex 7.246711095625896 -36 9.007650711027956
      vertex 7.959597244331649 -39.0632171510976 8.127309633057996
      vertex 8.063217151097598 -38.95959724433165 7.999349704832298
    endloop
  endfacet
  facet normal 0.7771459614569723 1.921161067127958e-16 0.6293203910498356
    outer loop
      vertex 7.246711095625896 -36 9.007650711027956
      vertex 7.867376207875074 -39.177100646790535 8.241193128750936
      vertex 7.959597244331649 -39.0632171510976 8.127309633057996
    endloop
  endfacet
  facet normal 0.7771459614569716 0 0.6293203910498364
    outer loop
      vertex 7.246711095625896 -36 9.007650711027956
      vertex 8.366537966884298 -38.75366164721662 7.624779691899409
      vertex 8.366537966884298 -36 7.624779691899409
    endloop
  endfacet
  facet normal 0.7771459614569717 3.2751822648682647e-16 0.6293203910498364
    outer loop
      vertex 7.246711095625896 -36 9.007650711027956
      vertex 8.177100646790537 -38.867376207875076 7.858715299824816
      vertex 8.3 -38.787564434701785 7.706947238006451
    endloop
  endfacet
  facet normal 0.7771459614569715 0 0.6293203910498368
    outer loop
      vertex 7.246711095625896 -36 9.007650711027956
      vertex 8.3 -38.787564434701785 7.706947238006451
      vertex 8.366537966884298 -38.75366164721662 7.624779691899409
    endloop
  endfacet
  facet normal 0.7771459614569719 1.69440728393998e-16 0.6293203910498364
    outer loop
      vertex 7.246711095625896 -36 9.007650711027956
      vertex 8.063217151097598 -38.95959724433165 7.999349704832298
      vertex 8.177100646790537 -38.867376207875076 7.858715299824816
    endloop
  endfacet
  facet normal 0.7071067811865476 0 0.7071067811865476
    outer loop
      vertex 8.366537966884298 -36 7.624779691899409
      vertex 8.366537966884298 -38.75366164721662 7.624779691899409
      vertex 8.430568699693879 -38.721036359300356 7.560748959089828
    endloop
  endfacet
  facet normal 0.7071067811865475 0 0.7071067811865475
    outer loop
      vertex 8.366537966884298 -36 7.624779691899409
      vertex 8.430568699693879 -38.721036359300356 7.560748959089828
      vertex 8.567376207875073 -38.668520877186786 7.423941450908634
    endloop
  endfacet
  facet normal 0.7071067811865476 0 0.7071067811865476
    outer loop
      vertex 8.366537966884298 -36 7.624779691899409
      vertex 8.567376207875073 -38.668520877186786 7.423941450908634
      vertex 8.708923632855138 -38.630593358972675 7.2823940259285695
    endloop
  endfacet
  facet normal 0.7071067811865475 0 0.7071067811865475
    outer loop
      vertex 8.366537966884298 -36 7.624779691899409
      vertex 8.708923632855138 -38.630593358972675 7.2823940259285695
      vertex 8.853660151425284 -38.607669346484414 7.137657507358423
    endloop
  endfacet
  facet normal 0.7771459614569731 3.564008330918041e-16 0.6293203910498348
    outer loop
      vertex 7.246711095625896 -36 9.007650711027956
      vertex 7.6685208771867845 -39.56737620787507 8.486759011179743
      vertex 7.721036359300358 -39.43056869969388 8.421907791643623
    endloop
  endfacet
  facet normal 0.7771459614569719 8.957153714039931e-17 0.6293203910498362
    outer loop
      vertex 7.246711095625896 -36 9.007650711027956
      vertex 7.630593358972671 -39.70892363285514 8.533595595576783
      vertex 7.6685208771867845 -39.56737620787507 8.486759011179743
    endloop
  endfacet
  facet normal 0.7771459614569698 -6.212300599148959e-16 0.6293203910498387
    outer loop
      vertex 7.246711095625896 -36 9.007650711027956
      vertex 7.607669346484418 -39.85366015142529 8.5619043934149
      vertex 7.630593358972671 -39.70892363285514 8.533595595576783
    endloop
  endfacet
  facet normal 0.7771459614569685 -1.3243581098708239e-15 0.6293203910498406
    outer loop
      vertex 7.246711095625896 -36 9.007650711027956
      vertex 7.721036359300358 -39.43056869969388 8.421907791643623
      vertex 7.787564434701785 -39.3 8.339752460500652
    endloop
  endfacet
  facet normal 0.7771459614569738 1.1650083952580615e-15 0.629320391049834
    outer loop
      vertex 7.246711095625896 -36 9.007650711027956
      vertex 7.787564434701785 -39.3 8.339752460500652
      vertex 7.867376207875074 -39.177100646790535 8.241193128750936
    endloop
  endfacet
  facet normal 0.7771459614569719 0 0.6293203910498362
    outer loop
      vertex 7.246711095625896 -36 9.007650711027956
      vertex 7.246711095625896 -44 9.007650711027956
      vertex 7.607669346484418 -39.85366015142529 8.5619043934149
    endloop
  endfacet
  facet normal 0.7071067811865475 0 0.7071067811865475
    outer loop
      vertex 8.366537966884298 -36 7.624779691899409
      vertex 8.853660151425284 -38.607669346484414 7.137657507358423
      vertex 9.624779691899409 -36 6.366537966884298
    endloop
  endfacet
  facet normal 0.6293203910498364 0 0.7771459614569717
    outer loop
      vertex 9.624779691899409 -36 6.366537966884298
      vertex 9.624779691899409 -38.749237773405724 6.366537966884298
      vertex 11.007650711027956 -36 5.246711095625896
    endloop
  endfacet
  facet normal 0.7071067811865476 0 0.7071067811865476
    outer loop
      vertex 8.853660151425284 -38.607669346484414 7.137657507358423
      vertex 9 -38.6 6.991317658783707
      vertex 9.624779691899409 -36 6.366537966884298
    endloop
  endfacet
  facet normal 0.7071067811865475 0 0.7071067811865475
    outer loop
      vertex 9 -38.6 6.991317658783707
      vertex 9.146339848574716 -38.607669346484414 6.8449778102089915
      vertex 9.624779691899409 -36 6.366537966884298
    endloop
  endfacet
  facet normal 0.7071067811865475 0 0.7071067811865475
    outer loop
      vertex 9.146339848574716 -38.607669346484414 6.8449778102089915
      vertex 9.291076367144862 -38.630593358972675 6.700241291638845
      vertex 9.624779691899409 -36 6.366537966884298
    endloop
  endfacet
  facet normal 0.7071067811865475 0 0.7071067811865475
    outer loop
      vertex 9.291076367144862 -38.630593358972675 6.700241291638845
      vertex 9.432623792124927 -38.668520877186786 6.55869386665878
      vertex 9.624779691899409 -36 6.366537966884298
    endloop
  endfacet
  facet normal 0.7071067811865476 0 0.7071067811865476
    outer loop
      vertex 9.432623792124927 -38.668520877186786 6.55869386665878
      vertex 9.569431300306121 -38.721036359300356 6.421886358477586
      vertex 9.624779691899409 -36 6.366537966884298
    endloop
  endfacet
  facet normal 0.7071067811865476 0 0.7071067811865476
    outer loop
      vertex 9.624779691899409 -36 6.366537966884298
      vertex 9.569431300306121 -38.721036359300356 6.421886358477586
      vertex 9.624779691899409 -38.749237773405724 6.366537966884298
    endloop
  endfacet
  facet normal 0.6293203910498376 -8.717743486050705e-16 0.7771459614569709
    outer loop
      vertex 9.624779691899409 -38.749237773405724 6.366537966884298
      vertex 9.7 -38.787564434701785 6.305625762412431
      vertex 11.007650711027956 -36 5.246711095625896
    endloop
  endfacet
  facet normal 0.6293203910498336 2.1234446434984553e-15 0.7771459614569741
    outer loop
      vertex 9.7 -38.787564434701785 6.305625762412431
      vertex 9.822899353209463 -38.867376207875076 6.206103828493415
      vertex 11.007650711027956 -36 5.246711095625896
    endloop
  endfacet
  facet normal 0.62932039104984 -2.22726717619314e-15 0.7771459614569687
    outer loop
      vertex 9.822899353209463 -38.867376207875076 6.206103828493415
      vertex 9.936782848902402 -38.95959724433165 6.11388279203684
      vertex 11.007650711027956 -36 5.246711095625896
    endloop
  endfacet
  facet normal 0.6293203910498332 1.8593321162010677e-15 0.7771459614569745
    outer loop
      vertex 11.007650711027956 -36 5.246711095625896
      vertex 9.936782848902402 -38.95959724433165 6.11388279203684
      vertex 10.040402755668351 -39.0632171510976 6.02997304601662
    endloop
  endfacet
  facet normal 0.6293203910498371 -2.197409208107442e-16 0.7771459614569711
    outer loop
      vertex 11.007650711027956 -36 5.246711095625896
      vertex 10.040402755668351 -39.0632171510976 6.02997304601662
      vertex 10.132623792124926 -39.177100646790535 5.955293923169391
    endloop
  endfacet
  facet normal 0.6293203910498405 -1.4335875623067618e-15 0.7771459614569685
    outer loop
      vertex 11.007650711027956 -36 5.246711095625896
      vertex 10.132623792124926 -39.177100646790535 5.955293923169391
      vertex 10.212435565298215 -39.3 5.89066362359268
    endloop
  endfacet
  facet normal 0.6293203910498321 1.8677007856959917e-15 0.7771459614569752
    outer loop
      vertex 11.007650711027956 -36 5.246711095625896
      vertex 10.212435565298215 -39.3 5.89066362359268
      vertex 10.278963640699642 -39.43056869969388 5.8367902503734115
    endloop
  endfacet
  facet normal 0.6293203910498396 -9.2493695792436e-16 0.777145961456969
    outer loop
      vertex 11.007650711027956 -36 5.246711095625896
      vertex 10.278963640699642 -39.43056869969388 5.8367902503734115
      vertex 10.331479122813215 -39.56737620787507 5.794264051462301
    endloop
  endfacet
  facet normal 0.6293203910498345 5.602339270011859e-16 0.7771459614569733
    outer loop
      vertex 11.007650711027956 -36 5.246711095625896
      vertex 10.331479122813215 -39.56737620787507 5.794264051462301
      vertex 10.369406641027329 -39.70892363285514 5.7635509527938
    endloop
  endfacet
  facet normal 0.6293203910498412 -1.2158994431630557e-15 0.7771459614569678
    outer loop
      vertex 11.007650711027956 -36 5.246711095625896
      vertex 10.369406641027329 -39.70892363285514 5.7635509527938
      vertex 10.392330653515582 -39.85366015142529 5.744987453504049
    endloop
  endfacet
  facet normal 0.6293203910498456 -2.5249130362092505e-15 0.7771459614569644
    outer loop
      vertex 11.007650711027956 -36 5.246711095625896
      vertex 10.392330653515582 -39.85366015142529 5.744987453504049
      vertex 10.4 -40 5.738776939175926
    endloop
  endfacet
  facet normal 0.6293203910498122 5.184582804028818e-15 0.7771459614569913
    outer loop
      vertex 11.007650711027956 -36 5.246711095625896
      vertex 10.4 -40 5.738776939175926
      vertex 10.392330653515582 -40.14633984857471 5.744987453504049
    endloop
  endfacet
  facet normal 0 -1 0
    outer loop
      vertex 12.301302117334842 -36 9.339117268793874
      vertex 11.007650711027956 -36 5.246711095625896
      vertex 13.35879172019785 -36 8.482779073125684
    endloop
  endfacet
  facet normal 0 -1 0
    outer loop
      vertex 13.35879172019785 -36 8.482779073125684
      vertex 12.5 -36 4.277568135664543
      vertex 14.5 -36 7.7416697508022985
    endloop
  endfacet
  facet normal 0 -1 0
    outer loop
      vertex 13.35879172019785 -36 8.482779073125684
      vertex 11.007650711027956 -36 5.246711095625896
      vertex 12.5 -36 4.277568135664543
    endloop
  endfacet
  facet normal 0 -1 0
    outer loop
      vertex 14.5 -36 7.7416697508022985
      vertex 12.5 -36 4.277568135664543
      vertex 15.712423640014597 -36 7.123909050646189
    endloop
  endfacet
  facet normal 0 -1 0
    outer loop
      vertex 14.085477067711397 -36 3.469727220075786
      vertex 16.982779073125684 -36 6.636265288163003
      vertex 15.712423640014597 -36 7.123909050646189
    endloop
  endfacet
  facet normal 0 -1 0
    outer loop
      vertex 12.5 -36 4.277568135664543
      vertex 14.085477067711397 -36 3.469727220075786
      vertex 15.712423640014597 -36 7.123909050646189
    endloop
  endfacet
  facet normal 0 -1 0
    outer loop
      vertex 16.982779073125684 -36 6.636265288163003
      vertex 15.746711095625894 -36 2.832039222982388
      vertex 18.00539843496706 -36 6.362255255993178
    endloop
  endfacet
  facet normal 0.5446390350150278 0 0.8386705679454236
    outer loop
      vertex 11.007650711027956 -36 5.246711095625896
      vertex 11.007650711027956 -44 5.246711095625896
      vertex 12.5 -36 4.277568135664543
    endloop
  endfacet
  facet normal 0 -1 0
    outer loop
      vertex 14.085477067711397 -36 3.469727220075786
      vertex 15.746711095625894 -36 2.832039222982388
      vertex 16.982779073125684 -36 6.636265288163003
    endloop
  endfacet
  facet normal 0 -1 0
    outer loop
      vertex 15.746711095625894 -36 2.832039222982388
      vertex 17.46550125609809 -36 2.371490787525307
      vertex 18.00539843496706 -36 6.362255255993178
    endloop
  endfacet
  facet normal 0 -1 0
    outer loop
      vertex 17.46550125609809 -36 2.371490787525307
      vertex 18.00539843496706 -36 2.285979475017349
      vertex 18.00539843496706 -36 6.362255255993178
    endloop
  endfacet
  facet normal 0.25881904510251896 0 0.9659258262890688
    outer loop
      vertex 15.746711095625894 -36 2.832039222982388
      vertex 17.46550125609809 -36.473121584720644 2.371490787525307
      vertex 17.46550125609809 -36 2.371490787525307
    endloop
  endfacet
  facet normal 0.15643446504023065 -2.322001299121188e-15 0.9876883405951379
    outer loop
      vertex 17.46550125609809 -36 2.371490787525307
      vertex 17.654346968205708 -36.28427587261303 2.3415805651054526
      vertex 18.00539843496706 -36 2.285979475017349
    endloop
  endfacet
  facet normal 0.25881904510251225 -9.176938534998207e-16 0.9659258262890704
    outer loop
      vertex 15.746711095625894 -36 2.832039222982388
      vertex 16.10926199633097 -38.9604415459112 2.734894001923287
      vertex 16.244717418524232 -38.454915028125264 2.698598830936188
    endloop
  endfacet
  facet normal 0.4539904997395464 0 0.891006524188368
    outer loop
      vertex 12.5 -36 4.277568135664543
      vertex 12.5 -44 4.277568135664543
      vertex 14.085477067711397 -36 3.469727220075786
    endloop
  endfacet
  facet normal 0.35836794954530127 0 0.9335804264972013
    outer loop
      vertex 14.085477067711397 -36 3.469727220075786
      vertex 14.085477067711397 -44 3.469727220075786
      vertex 15.746711095625894 -36 2.832039222982388
    endloop
  endfacet
  facet normal 0.2588190451025246 6.86177281490991e-16 0.9659258262890673
    outer loop
      vertex 15.746711095625894 -36 2.832039222982388
      vertex 16.027390523158633 -39.47735768366173 2.756831397042962
      vertex 16.10926199633097 -38.9604415459112 2.734894001923287
    endloop
  endfacet
  facet normal 0.2588190451025062 -9.003406351542306e-16 0.9659258262890722
    outer loop
      vertex 15.746711095625894 -36 2.832039222982388
      vertex 16 -40 2.764170665603583
      vertex 16.027390523158633 -39.47735768366173 2.756831397042962
    endloop
  endfacet
  facet normal 0.25881904510266057 9.546652098486133e-15 0.9659258262890308
    outer loop
      vertex 15.746711095625894 -36 2.832039222982388
      vertex 16.027390523158633 -40.52264231633827 2.756831397042962
      vertex 16 -40 2.764170665603583
    endloop
  endfacet
  facet normal 0.2588190451025169 -2.1042693684440573e-15 0.9659258262890693
    outer loop
      vertex 15.746711095625894 -36 2.832039222982388
      vertex 16.954915028125264 -37.06107373853764 2.508301954977078
      vertex 17.28427587261303 -36.65434696820571 2.420049982678151
    endloop
  endfacet
  facet normal 0.25881904510252124 8.638968590719988e-15 0.9659258262890681
    outer loop
      vertex 15.746711095625894 -36 2.832039222982388
      vertex 17.28427587261303 -36.65434696820571 2.420049982678151
      vertex 17.46550125609809 -36.473121584720644 2.371490787525307
    endloop
  endfacet
  facet normal 0.25881904510252074 1.6353973042022906e-15 0.9659258262890683
    outer loop
      vertex 15.746711095625894 -36 2.832039222982388
      vertex 16.432272711786997 -37.966316784621 2.6483435415702488
      vertex 16.66987298107781 -37.5 2.5846787412923575
    endloop
  endfacet
  facet normal 0.2588190451025192 6.438764737688131e-16 0.9659258262890686
    outer loop
      vertex 15.746711095625894 -36 2.832039222982388
      vertex 16.66987298107781 -37.5 2.5846787412923575
      vertex 16.954915028125264 -37.06107373853764 2.508301954977078
    endloop
  endfacet
  facet normal 0.2588190451025159 -1.523810918765164e-16 0.9659258262890695
    outer loop
      vertex 15.746711095625894 -36 2.832039222982388
      vertex 16.244717418524232 -38.454915028125264 2.698598830936188
      vertex 16.432272711786997 -37.966316784621 2.6483435415702488
    endloop
  endfacet
  facet normal 0.15643446504023403 0 0.9876883405951372
    outer loop
      vertex 17.46550125609809 -36 2.371490787525307
      vertex 17.46550125609809 -36.473121584720644 2.371490787525307
      vertex 17.654346968205708 -36.28427587261303 2.3415805651054526
    endloop
  endfacet
  facet normal 0.9986295347545739 0 0.05233595624294268
    outer loop
      vertex 4.093127778739351 -44 17.22301612444989
      vertex 4 -36 19
      vertex 4 -44 19
    endloop
  endfacet
  facet normal 0.9876883405951372 0 0.15643446504023348
    outer loop
      vertex 4.093127778739351 -36 17.22301612444989
      vertex 4.093127778739351 -44 17.22301612444989
      vertex 4.371490787525307 -44 15.465501256098092
    endloop
  endfacet
  facet normal 0.9659258262890688 0 0.2588190451025187
    outer loop
      vertex 4.371490787525307 -36 15.465501256098092
      vertex 4.371490787525307 -44 15.465501256098092
      vertex 4.832039222982388 -44 13.746711095625894
    endloop
  endfacet
  facet normal 0 1 0
    outer loop
      vertex 8.071215360212445 -44 17.641129977520507
      vertex 4 -44 19
      vertex 8 -44 19
    endloop
  endfacet
  facet normal 0 1 0
    outer loop
      vertex 8.071215360212445 -44 17.641129977520507
      vertex 8.284081190460528 -44 16.29714801936913
      vertex 4 -44 19
    endloop
  endfacet
  facet normal 0 1 0
    outer loop
      vertex 8.284081190460528 -44 16.29714801936913
      vertex 8.636265288163003 -44 14.982779073125684
      vertex 4 -44 19
    endloop
  endfacet
  facet normal 0 1 0
    outer loop
      vertex 8.636265288163003 -44 14.982779073125684
      vertex 9.123909050646189 -44 13.712423640014597
      vertex 4 -44 19
    endloop
  endfacet
  facet normal 0 1 0
    outer loop
      vertex 9.123909050646189 -44 13.712423640014597
      vertex 9.741669750802298 -44 12.5
      vertex 4 -44 19
    endloop
  endfacet
  facet normal 0 1 0
    outer loop
      vertex 9.741669750802298 -44 12.5
      vertex 10.482779073125684 -44 11.35879172019785
      vertex 4 -44 19
    endloop
  endfacet
  facet normal 0.9335804264972013 0 0.35836794954530127
    outer loop
      vertex 4.832039222982388 -36 13.746711095625894
      vertex 4.832039222982388 -44 13.746711095625894
      vertex 5.469727220075786 -44 12.085477067711397
    endloop
  endfacet
  facet normal 0.891006524188368 0 0.4539904997395464
    outer loop
      vertex 5.469727220075786 -36 12.085477067711397
      vertex 5.469727220075786 -44 12.085477067711397
      vertex 6.277568135664543 -44 10.5
    endloop
  endfacet
  facet normal 0.8386705679454236 0 0.5446390350150278
    outer loop
      vertex 6.277568135664543 -36 10.5
      vertex 6.277568135664543 -44 10.5
      vertex 7.246711095625896 -44 9.007650711027956
    endloop
  endfacet
  facet normal 0 1 0
    outer loop
      vertex 10.482779073125684 -44 11.35879172019785
      vertex 11.339117268793874 -44 10.301302117334842
      vertex 4 -44 19
    endloop
  endfacet
  facet normal 0 1 0
    outer loop
      vertex 4.093127778739351 -44 17.22301612444989
      vertex 4 -44 19
      vertex 18.00539843496706 -44 2.285979475017349
    endloop
  endfacet
  facet normal 0 1 0
    outer loop
      vertex 4.093127778739351 -44 17.22301612444989
      vertex 18.00539843496706 -44 2.285979475017349
      vertex 4.371490787525307 -44 15.465501256098092
    endloop
  endfacet
  facet normal 0 1 0
    outer loop
      vertex 4.371490787525307 -44 15.465501256098092
      vertex 18.00539843496706 -44 2.285979475017349
      vertex 4.832039222982388 -44 13.746711095625894
    endloop
  endfacet
  facet normal 0 1 0
    outer loop
      vertex 11.339117268793874 -44 10.301302117334842
      vertex 18.00539843496706 -44 2.285979475017349
      vertex 4 -44 19
    endloop
  endfacet
  facet normal 0.7771459614569138 1.2761561335531034e-14 0.6293203910499079
    outer loop
      vertex 7.607669346484418 -39.85366015142529 8.5619043934149
      vertex 7.246711095625896 -44 9.007650711027956
      vertex 7.6 -40 8.571375247580992
    endloop
  endfacet
  facet normal 0.7771459614569857 -3.256764004073802e-15 0.6293203910498192
    outer loop
      vertex 7.6 -40 8.571375247580992
      vertex 7.246711095625896 -44 9.007650711027956
      vertex 7.607669346484418 -40.14633984857471 8.5619043934149
    endloop
  endfacet
  facet normal 0.7771459614569693 5.979339326680874e-16 0.6293203910498392
    outer loop
      vertex 7.607669346484418 -40.14633984857471 8.5619043934149
      vertex 7.246711095625896 -44 9.007650711027956
      vertex 7.630593358972671 -40.29107636714486 8.533595595576783
    endloop
  endfacet
  facet normal 0.777145961456972 -8.957153714039935e-17 0.6293203910498362
    outer loop
      vertex 7.630593358972671 -40.29107636714486 8.533595595576783
      vertex 7.246711095625896 -44 9.007650711027956
      vertex 7.6685208771867845 -40.43262379212493 8.486759011179743
    endloop
  endfacet
  facet normal 0.777145961456973 -4.1877097888286974e-16 0.6293203910498347
    outer loop
      vertex 7.6685208771867845 -40.43262379212493 8.486759011179743
      vertex 7.246711095625896 -44 9.007650711027956
      vertex 7.721036359300358 -40.56943130030612 8.421907791643623
    endloop
  endfacet
  facet normal 0.7771459614569681 1.2792095379434095e-15 0.6293203910498408
    outer loop
      vertex 7.721036359300358 -40.56943130030612 8.421907791643623
      vertex 7.246711095625896 -44 9.007650711027956
      vertex 7.787564434701785 -40.7 8.339752460500652
    endloop
  endfacet
  facet normal 0.777145961456974 -1.1385309317294693e-15 0.6293203910498335
    outer loop
      vertex 7.787564434701785 -40.7 8.339752460500652
      vertex 7.246711095625896 -44 9.007650711027956
      vertex 7.867376207875074 -40.822899353209465 8.241193128750936
    endloop
  endfacet
  facet normal 0.7771459614569729 5.547493149175768e-16 0.629320391049835
    outer loop
      vertex 7.867376207875074 -40.822899353209465 8.241193128750936
      vertex 8.366537966884298 -44 7.624779691899409
      vertex 7.959597244331649 -40.9367828489024 8.127309633057996
    endloop
  endfacet
  facet normal 0.7771459614569696 -5.870124461288827e-16 0.6293203910498392
    outer loop
      vertex 7.959597244331649 -40.9367828489024 8.127309633057996
      vertex 8.366537966884298 -44 7.624779691899409
      vertex 8.063217151097598 -41.04040275566835 7.999349704832298
    endloop
  endfacet
  facet normal 0.777145961456972 0 0.6293203910498363
    outer loop
      vertex 8.063217151097598 -41.04040275566835 7.999349704832298
      vertex 8.366537966884298 -44 7.624779691899409
      vertex 8.177100646790537 -41.132623792124924 7.858715299824816
    endloop
  endfacet
  facet normal 0.7771459614569721 3.884128145175102e-17 0.629320391049836
    outer loop
      vertex 8.177100646790537 -41.132623792124924 7.858715299824816
      vertex 8.366537966884298 -44 7.624779691899409
      vertex 8.3 -41.212435565298215 7.706947238006451
    endloop
  endfacet
  facet normal 0.7771459614569713 0 0.6293203910498368
    outer loop
      vertex 8.3 -41.212435565298215 7.706947238006451
      vertex 8.366537966884298 -44 7.624779691899409
      vertex 8.366537966884298 -41.24633835278338 7.624779691899409
    endloop
  endfacet
  facet normal 0.7071067811865476 0 0.7071067811865476
    outer loop
      vertex 8.366537966884298 -41.24633835278338 7.624779691899409
      vertex 8.366537966884298 -44 7.624779691899409
      vertex 8.430568699693879 -41.278963640699644 7.560748959089828
    endloop
  endfacet
  facet normal 0.7071067811865476 0 0.7071067811865476
    outer loop
      vertex 8.430568699693879 -41.278963640699644 7.560748959089828
      vertex 8.366537966884298 -44 7.624779691899409
      vertex 8.567376207875073 -41.331479122813214 7.423941450908634
    endloop
  endfacet
  facet normal 0.7071067811865476 0 0.7071067811865476
    outer loop
      vertex 8.567376207875073 -41.331479122813214 7.423941450908634
      vertex 8.366537966884298 -44 7.624779691899409
      vertex 8.708923632855138 -41.369406641027325 7.2823940259285695
    endloop
  endfacet
  facet normal 0.7071067811865475 0 0.7071067811865475
    outer loop
      vertex 8.708923632855138 -41.369406641027325 7.2823940259285695
      vertex 8.366537966884298 -44 7.624779691899409
      vertex 8.853660151425284 -41.392330653515586 7.137657507358423
    endloop
  endfacet
  facet normal 0.7071067811865475 0 0.7071067811865475
    outer loop
      vertex 8.853660151425284 -41.392330653515586 7.137657507358423
      vertex 8.366537966884298 -44 7.624779691899409
      vertex 9 -41.4 6.991317658783707
    endloop
  endfacet
  facet normal 0.7771459614569717 3.927626411282413e-17 0.6293203910498365
    outer loop
      vertex 7.867376207875074 -40.822899353209465 8.241193128750936
      vertex 7.246711095625896 -44 9.007650711027956
      vertex 8.366537966884298 -44 7.624779691899409
    endloop
  endfacet
  facet normal 0.7071067811865475 0 0.7071067811865475
    outer loop
      vertex 9 -41.4 6.991317658783707
      vertex 8.366537966884298 -44 7.624779691899409
      vertex 9.146339848574716 -41.392330653515586 6.8449778102089915
    endloop
  endfacet
  facet normal 0.6293203910498364 0 0.7771459614569718
    outer loop
      vertex 11.007650711027956 -36 5.246711095625896
      vertex 10.392330653515582 -40.14633984857471 5.744987453504049
      vertex 11.007650711027956 -44 5.246711095625896
    endloop
  endfacet
  facet normal 0.629320391049832 -1.750969486589993e-15 0.7771459614569755
    outer loop
      vertex 10.278963640699642 -40.56943130030612 5.8367902503734115
      vertex 10.212435565298215 -40.7 5.89066362359268
      vertex 11.007650711027956 -44 5.246711095625896
    endloop
  endfacet
  facet normal 0.6293203910498399 1.4634539698548192e-15 0.7771459614569689
    outer loop
      vertex 10.132623792124926 -40.822899353209465 5.955293923169391
      vertex 11.007650711027956 -44 5.246711095625896
      vertex 10.212435565298215 -40.7 5.89066362359268
    endloop
  endfacet
  facet normal 0.6293203910498409 1.2386975577223632e-15 0.7771459614569679
    outer loop
      vertex 10.369406641027329 -40.29107636714486 5.7635509527938
      vertex 11.007650711027956 -44 5.246711095625896
      vertex 10.392330653515582 -40.14633984857471 5.744987453504049
    endloop
  endfacet
  facet normal 0.6293203910498346 -5.952485474387602e-16 0.7771459614569731
    outer loop
      vertex 10.369406641027329 -40.29107636714486 5.7635509527938
      vertex 10.331479122813215 -40.43262379212493 5.794264051462301
      vertex 11.007650711027956 -44 5.246711095625896
    endloop
  endfacet
  facet normal 0.6293203910498398 1.0020150377513898e-15 0.777145961456969
    outer loop
      vertex 10.278963640699642 -40.56943130030612 5.8367902503734115
      vertex 11.007650711027956 -44 5.246711095625896
      vertex 10.331479122813215 -40.43262379212493 5.794264051462301
    endloop
  endfacet
  facet normal 0.7071067811865475 0 0.7071067811865475
    outer loop
      vertex 9.146339848574716 -41.392330653515586 6.8449778102089915
      vertex 9.624779691899409 -44 6.366537966884298
      vertex 9.291076367144862 -41.369406641027325 6.700241291638845
    endloop
  endfacet
  facet normal 0.7071067811865475 0 0.7071067811865475
    outer loop
      vertex 9.291076367144862 -41.369406641027325 6.700241291638845
      vertex 9.624779691899409 -44 6.366537966884298
      vertex 9.432623792124927 -41.331479122813214 6.55869386665878
    endloop
  endfacet
  facet normal 0.7071067811865476 0 0.7071067811865476
    outer loop
      vertex 9.432623792124927 -41.331479122813214 6.55869386665878
      vertex 9.624779691899409 -44 6.366537966884298
      vertex 9.569431300306121 -41.278963640699644 6.421886358477586
    endloop
  endfacet
  facet normal 0.7071067811865476 0 0.7071067811865476
    outer loop
      vertex 9.569431300306121 -41.278963640699644 6.421886358477586
      vertex 9.624779691899409 -44 6.366537966884298
      vertex 9.624779691899409 -41.250762226594276 6.366537966884298
    endloop
  endfacet
  facet normal 0.6293203910498378 0 0.7771459614569707
    outer loop
      vertex 9.7 -41.212435565298215 6.305625762412431
      vertex 9.624779691899409 -41.250762226594276 6.366537966884298
      vertex 9.624779691899409 -44 6.366537966884298
    endloop
  endfacet
  facet normal 0.6293203910498326 2.2830274963912106e-16 0.7771459614569748
    outer loop
      vertex 9.7 -41.212435565298215 6.305625762412431
      vertex 9.624779691899409 -44 6.366537966884298
      vertex 9.822899353209463 -41.132623792124924 6.206103828493415
    endloop
  endfacet
  facet normal 0.6293203910498372 -3.669006962104532e-16 0.7771459614569711
    outer loop
      vertex 9.624779691899409 -44 6.366537966884298
      vertex 10.132623792124926 -40.822899353209465 5.955293923169391
      vertex 10.040402755668351 -40.9367828489024 6.02997304601662
    endloop
  endfacet
  facet normal 0.6293203910498313 9.434947312517538e-16 0.7771459614569759
    outer loop
      vertex 9.624779691899409 -44 6.366537966884298
      vertex 10.040402755668351 -40.9367828489024 6.02997304601662
      vertex 9.936782848902402 -41.04040275566835 6.11388279203684
    endloop
  endfacet
  facet normal 0.6293203910498415 -7.871646893255636e-16 0.7771459614569676
    outer loop
      vertex 9.822899353209463 -41.132623792124924 6.206103828493415
      vertex 9.624779691899409 -44 6.366537966884298
      vertex 9.936782848902402 -41.04040275566835 6.11388279203684
    endloop
  endfacet
  facet normal 0.7071067811865475 0 0.7071067811865475
    outer loop
      vertex 9.146339848574716 -41.392330653515586 6.8449778102089915
      vertex 8.366537966884298 -44 7.624779691899409
      vertex 9.624779691899409 -44 6.366537966884298
    endloop
  endfacet
  facet normal 0.6293203910498365 -1.178287923384724e-16 0.7771459614569717
    outer loop
      vertex 9.624779691899409 -44 6.366537966884298
      vertex 11.007650711027956 -44 5.246711095625896
      vertex 10.132623792124926 -40.822899353209465 5.955293923169391
    endloop
  endfacet
  facet normal 0 1 0
    outer loop
      vertex 4.832039222982388 -44 13.746711095625894
      vertex 18.00539843496706 -44 2.285979475017349
      vertex 5.469727220075786 -44 12.085477067711397
    endloop
  endfacet
  facet normal 0 1 0
    outer loop
      vertex 5.469727220075786 -44 12.085477067711397
      vertex 18.00539843496706 -44 2.285979475017349
      vertex 6.277568135664543 -44 10.5
    endloop
  endfacet
  facet normal 0 1 0
    outer loop
      vertex 6.277568135664543 -44 10.5
      vertex 18.00539843496706 -44 2.285979475017349
      vertex 7.246711095625896 -44 9.007650711027956
    endloop
  endfacet
  facet normal 0 1 0
    outer loop
      vertex 7.246711095625896 -44 9.007650711027956
      vertex 18.00539843496706 -44 2.285979475017349
      vertex 8.366537966884298 -44 7.624779691899409
    endloop
  endfacet
  facet normal 0 1 0
    outer loop
      vertex 11.339117268793874 -44 10.301302117334842
      vertex 12.301302117334842 -44 9.339117268793874
      vertex 18.00539843496706 -44 2.285979475017349
    endloop
  endfacet
  facet normal 0 1 0
    outer loop
      vertex 12.301302117334842 -44 9.339117268793874
      vertex 13.35879172019785 -44 8.482779073125684
      vertex 18.00539843496706 -44 2.285979475017349
    endloop
  endfacet
  facet normal 0 1 0
    outer loop
      vertex 13.35879172019785 -44 8.482779073125684
      vertex 14.5 -44 7.7416697508022985
      vertex 18.00539843496706 -44 2.285979475017349
    endloop
  endfacet
  facet normal 0 1 0
    outer loop
      vertex 8.366537966884298 -44 7.624779691899409
      vertex 18.00539843496706 -44 2.285979475017349
      vertex 9.624779691899409 -44 6.366537966884298
    endloop
  endfacet
  facet normal 0 1 0
    outer loop
      vertex 14.5 -44 7.7416697508022985
      vertex 15.712423640014597 -44 7.123909050646189
      vertex 18.00539843496706 -44 2.285979475017349
    endloop
  endfacet
  facet normal 0 1 0
    outer loop
      vertex 15.712423640014597 -44 7.123909050646189
      vertex 16.982779073125684 -44 6.636265288163003
      vertex 18.00539843496706 -44 2.285979475017349
    endloop
  endfacet
  facet normal 0 1 0
    outer loop
      vertex 16.982779073125684 -44 6.636265288163003
      vertex 18.00539843496706 -44 6.362255255993178
      vertex 18.00539843496706 -44 2.285979475017349
    endloop
  endfacet
  facet normal 0.5446390350150278 0 0.8386705679454236
    outer loop
      vertex 12.5 -36 4.277568135664543
      vertex 11.007650711027956 -44 5.246711095625896
      vertex 12.5 -44 4.277568135664543
    endloop
  endfacet
  facet normal 0.4539904997395464 0 0.891006524188368
    outer loop
      vertex 14.085477067711397 -36 3.469727220075786
      vertex 12.5 -44 4.277568135664543
      vertex 14.085477067711397 -44 3.469727220075786
    endloop
  endfacet
  facet normal 0.25881904510251663 0 0.9659258262890693
    outer loop
      vertex 15.746711095625894 -36 2.832039222982388
      vertex 15.746711095625894 -44 2.832039222982388
      vertex 16.027390523158633 -40.52264231633827 2.756831397042962
    endloop
  endfacet
  facet normal 0.35836794954530127 0 0.9335804264972013
    outer loop
      vertex 15.746711095625894 -36 2.832039222982388
      vertex 14.085477067711397 -44 3.469727220075786
      vertex 15.746711095625894 -44 2.832039222982388
    endloop
  endfacet
  facet normal 0.2588190451025246 -6.881266487679541e-16 0.9659258262890673
    outer loop
      vertex 16.027390523158633 -40.52264231633827 2.756831397042962
      vertex 15.746711095625894 -44 2.832039222982388
      vertex 16.10926199633097 -41.0395584540888 2.734894001923287
    endloop
  endfacet
  facet normal 0.25881904510251236 9.176938534998209e-16 0.9659258262890704
    outer loop
      vertex 16.10926199633097 -41.0395584540888 2.734894001923287
      vertex 15.746711095625894 -44 2.832039222982388
      vertex 16.244717418524232 -41.545084971874736 2.698598830936188
    endloop
  endfacet
  facet normal 0.2588190451025159 1.523810918765164e-16 0.9659258262890695
    outer loop
      vertex 15.746711095625894 -44 2.832039222982388
      vertex 16.432272711786997 -42.033683215379 2.6483435415702488
      vertex 16.244717418524232 -41.545084971874736 2.698598830936188
    endloop
  endfacet
  facet normal 0.25881904510252074 -1.6353973042022906e-15 0.9659258262890683
    outer loop
      vertex 15.746711095625894 -44 2.832039222982388
      vertex 16.66987298107781 -42.5 2.5846787412923575
      vertex 16.432272711786997 -42.033683215379 2.6483435415702488
    endloop
  endfacet
  facet normal 0.2588190451025192 -6.438764737688131e-16 0.9659258262890686
    outer loop
      vertex 15.746711095625894 -44 2.832039222982388
      vertex 16.954915028125264 -42.93892626146236 2.508301954977078
      vertex 16.66987298107781 -42.5 2.5846787412923575
    endloop
  endfacet
  facet normal 0.2588190451025169 2.1042693684440573e-15 0.9659258262890693
    outer loop
      vertex 15.746711095625894 -44 2.832039222982388
      vertex 17.28427587261303 -43.34565303179429 2.420049982678151
      vertex 16.954915028125264 -42.93892626146236 2.508301954977078
    endloop
  endfacet
  facet normal 0.25881904510252124 -8.638968590719988e-15 0.9659258262890681
    outer loop
      vertex 15.746711095625894 -44 2.832039222982388
      vertex 17.46550125609809 -43.526878415279356 2.371490787525307
      vertex 17.28427587261303 -43.34565303179429 2.420049982678151
    endloop
  endfacet
  facet normal 0.15643446504023403 0 0.9876883405951372
    outer loop
      vertex 17.46550125609809 -43.526878415279356 2.371490787525307
      vertex 17.46550125609809 -44 2.371490787525307
      vertex 17.654346968205708 -43.71572412738697 2.3415805651054526
    endloop
  endfacet
  facet normal 0 1 0
    outer loop
      vertex 9.624779691899409 -44 6.366537966884298
      vertex 18.00539843496706 -44 2.285979475017349
      vertex 11.007650711027956 -44 5.246711095625896
    endloop
  endfacet
  facet normal 0 1 0
    outer loop
      vertex 11.007650711027956 -44 5.246711095625896
      vertex 18.00539843496706 -44 2.285979475017349
      vertex 12.5 -44 4.277568135664543
    endloop
  endfacet
  facet normal 0 1 0
    outer loop
      vertex 12.5 -44 4.277568135664543
      vertex 18.00539843496706 -44 2.285979475017349
      vertex 14.085477067711397 -44 3.469727220075786
    endloop
  endfacet
  facet normal 0 1 0
    outer loop
      vertex 14.085477067711397 -44 3.469727220075786
      vertex 18.00539843496706 -44 2.285979475017349
      vertex 15.746711095625894 -44 2.832039222982388
    endloop
  endfacet
  facet normal 0.25881904510251896 0 0.9659258262890688
    outer loop
      vertex 15.746711095625894 -44 2.832039222982388
      vertex 17.46550125609809 -44 2.371490787525307
      vertex 17.46550125609809 -43.526878415279356 2.371490787525307
    endloop
  endfacet
  facet normal 0 1 0
    outer loop
      vertex 15.746711095625894 -44 2.832039222982388
      vertex 18.00539843496706 -44 2.285979475017349
      vertex 17.46550125609809 -44 2.371490787525307
    endloop
  endfacet
  facet normal 0.15643446504023067 2.322001299121188e-15 0.9876883405951379
    outer loop
      vertex 17.654346968205708 -43.71572412738697 2.3415805651054526
      vertex 17.46550125609809 -44 2.371490787525307
      vertex 18.00539843496706 -44 2.285979475017349
    endloop
  endfacet
  facet normal 0 -1 0
    outer loop
      vertex 33.92878463978755 -36 17.641129977520507
      vertex 38 -36 19
      vertex 34 -36 19
    endloop
  endfacet
  facet normal 0 -1 0
    outer loop
      vertex 33.92878463978755 -36 17.641129977520507
      vertex 33.715918809539474 -36 16.29714801936913
      vertex 38 -36 19
    endloop
  endfacet
  facet normal 0 -1 0
    outer loop
      vertex 33.363734711837 -36 14.982779073125684
      vertex 38 -36 19
      vertex 33.715918809539474 -36 16.29714801936913
    endloop
  endfacet
  facet normal 0 -1 0
    outer loop
      vertex 32.87609094935381 -36 13.712423640014597
      vertex 38 -36 19
      vertex 33.363734711837 -36 14.982779073125684
    endloop
  endfacet
  facet normal 0 -1 0
    outer loop
      vertex 32.87609094935381 -36 13.712423640014597
      vertex 32.2583302491977 -36 12.5
      vertex 38 -36 19
    endloop
  endfacet
  facet normal 0 -1 0
    outer loop
      vertex 31.517220926874316 -36 11.35879172019785
      vertex 38 -36 19
      vertex 32.2583302491977 -36 12.5
    endloop
  endfacet
  facet normal -0.9986295347545739 0 0.05233595624294268
    outer loop
      vertex 37.90687222126065 -36 17.22301612444989
      vertex 38 -44 19
      vertex 38 -36 19
    endloop
  endfacet
  facet normal -0.9876883405951377 0 0.15643446504023154
    outer loop
      vertex 37.90687222126065 -36 17.22301612444989
      vertex 37.6285092124747 -36 15.465501256098092
      vertex 37.90687222126065 -44 17.22301612444989
    endloop
  endfacet
  facet normal -0.9659258262890683 0 0.2588190451025206
    outer loop
      vertex 37.6285092124747 -36 15.465501256098092
      vertex 37.16796077701761 -36 13.746711095625894
      vertex 37.6285092124747 -44 15.465501256098092
    endloop
  endfacet
  facet normal 0 -1 0
    outer loop
      vertex 30.660882731206126 -36 10.301302117334842
      vertex 38 -36 19
      vertex 31.517220926874316 -36 11.35879172019785
    endloop
  endfacet
  facet normal 0 -1 0
    outer loop
      vertex 23.99460156503294 -36 2.285979475017349
      vertex 37.90687222126065 -36 17.22301612444989
      vertex 38 -36 19
    endloop
  endfacet
  facet normal 0 -1 0
    outer loop
      vertex 23.99460156503294 -36 2.285979475017349
      vertex 37.6285092124747 -36 15.465501256098092
      vertex 37.90687222126065 -36 17.22301612444989
    endloop
  endfacet
  facet normal 0 -1 0
    outer loop
      vertex 23.99460156503294 -36 2.285979475017349
      vertex 38 -36 19
      vertex 30.660882731206126 -36 10.301302117334842
    endloop
  endfacet
  facet normal 0 -1 0
    outer loop
      vertex 23.99460156503294 -36 2.285979475017349
      vertex 37.16796077701761 -36 13.746711095625894
      vertex 37.6285092124747 -36 15.465501256098092
    endloop
  endfacet
  facet normal -0.9335804264972021 0 0.35836794954529955
    outer loop
      vertex 36.53027277992422 -36 12.085477067711397
      vertex 37.16796077701761 -44 13.746711095625894
      vertex 37.16796077701761 -36 13.746711095625894
    endloop
  endfacet
  facet normal -0.8386705679454236 0 0.5446390350150278
    outer loop
      vertex 34.7532889043741 -36 9.007650711027956
      vertex 35.722431864335455 -44 10.5
      vertex 35.722431864335455 -36 10.5
    endloop
  endfacet
  facet normal -0.8910065241883668 0 0.45399049973954875
    outer loop
      vertex 35.722431864335455 -36 10.5
      vertex 36.53027277992422 -44 12.085477067711397
      vertex 36.53027277992422 -36 12.085477067711397
    endloop
  endfacet
  facet normal 0 -1 0
    outer loop
      vertex 23.99460156503294 -36 2.285979475017349
      vertex 30.660882731206126 -36 10.301302117334842
      vertex 29.698697882665158 -36 9.339117268793874
    endloop
  endfacet
  facet normal 0 -1 0
    outer loop
      vertex 25.017220926874316 -36 6.636265288163003
      vertex 23.99460156503294 -36 2.285979475017349
      vertex 26.2875763599854 -36 7.123909050646189
    endloop
  endfacet
  facet normal 0 -1 0
    outer loop
      vertex 25.017220926874316 -36 6.636265288163003
      vertex 23.99460156503294 -36 6.362255255993178
      vertex 23.99460156503294 -36 2.285979475017349
    endloop
  endfacet
  facet normal 0 -1 0
    outer loop
      vertex 23.99460156503294 -36 2.285979475017349
      vertex 29.698697882665158 -36 9.339117268793874
      vertex 28.64120827980215 -36 8.482779073125684
    endloop
  endfacet
  facet normal 0 -1 0
    outer loop
      vertex 23.99460156503294 -36 2.285979475017349
      vertex 28.64120827980215 -36 8.482779073125684
      vertex 27.5 -36 7.7416697508022985
    endloop
  endfacet
  facet normal 0 -1 0
    outer loop
      vertex 26.2875763599854 -36 7.123909050646189
      vertex 23.99460156503294 -36 2.285979475017349
      vertex 27.5 -36 7.7416697508022985
    endloop
  endfacet
  facet normal 0 -1 0
    outer loop
      vertex 23.99460156503294 -36 2.285979475017349
      vertex 32.375220308100594 -36 6.366537966884298
      vertex 33.633462033115705 -36 7.624779691899409
    endloop
  endfacet
  facet normal 0 -1 0
    outer loop
      vertex 23.99460156503294 -36 2.285979475017349
      vertex 36.53027277992422 -36 12.085477067711397
      vertex 37.16796077701761 -36 13.746711095625894
    endloop
  endfacet
  facet normal 0 -1 0
    outer loop
      vertex 23.99460156503294 -36 2.285979475017349
      vertex 35.722431864335455 -36 10.5
      vertex 36.53027277992422 -36 12.085477067711397
    endloop
  endfacet
  facet normal 0 -1 0
    outer loop
      vertex 23.99460156503294 -36 2.285979475017349
      vertex 34.7532889043741 -36 9.007650711027956
      vertex 35.722431864335455 -36 10.5
    endloop
  endfacet
  facet normal 0 -1 0
    outer loop
      vertex 23.99460156503294 -36 2.285979475017349
      vertex 33.633462033115705 -36 7.624779691899409
      vertex 34.7532889043741 -36 9.007650711027956
    endloop
  endfacet
  facet normal -0.7071067811865563 5.224928209080116e-15 0.7071067811865388
    outer loop
      vertex 33.633462033115705 -36 7.624779691899409
      vertex 32.85366015142529 -38.607669346484414 6.8449778102089915
      vertex 33 -38.6 6.991317658783707
    endloop
  endfacet
  facet normal -0.7771459614569731 6.676964899180114e-16 0.6293203910498347
    outer loop
      vertex 33.633462033115705 -36 7.624779691899409
      vertex 34.132623792124924 -39.177100646790535 8.241193128750936
      vertex 34.7532889043741 -36 9.007650711027956
    endloop
  endfacet
  facet normal -0.7771459614569767 -3.1396702506832255e-16 0.6293203910498304
    outer loop
      vertex 33.633462033115705 -36 7.624779691899409
      vertex 33.7 -38.787564434701785 7.706947238006451
      vertex 33.822899353209465 -38.867376207875076 7.858715299824816
    endloop
  endfacet
  facet normal -0.7771459614569693 1.142294489764312e-15 0.6293203910498393
    outer loop
      vertex 33.633462033115705 -36 7.624779691899409
      vertex 33.9367828489024 -38.95959724433165 7.999349704832298
      vertex 34.04040275566835 -39.0632171510976 8.127309633057996
    endloop
  endfacet
  facet normal -0.7771459614569868 -4.881793971274761e-15 0.6293203910498177
    outer loop
      vertex 33.633462033115705 -36 7.624779691899409
      vertex 34.04040275566835 -39.0632171510976 8.127309633057996
      vertex 34.132623792124924 -39.177100646790535 8.241193128750936
    endloop
  endfacet
  facet normal -0.7771459614569716 5.086256489765212e-16 0.6293203910498365
    outer loop
      vertex 33.633462033115705 -36 7.624779691899409
      vertex 33.822899353209465 -38.867376207875076 7.858715299824816
      vertex 33.9367828489024 -38.95959724433165 7.999349704832298
    endloop
  endfacet
  facet normal -0.7771459614569713 0 0.6293203910498368
    outer loop
      vertex 33.633462033115705 -36 7.624779691899409
      vertex 33.633462033115705 -38.75366164721662 7.624779691899409
      vertex 33.7 -38.787564434701785 7.706947238006451
    endloop
  endfacet
  facet normal -0.7071067811865279 0 0.7071067811865671
    outer loop
      vertex 33.633462033115705 -36 7.624779691899409
      vertex 33.56943130030612 -38.721036359300356 7.560748959089828
      vertex 33.633462033115705 -38.75366164721662 7.624779691899409
    endloop
  endfacet
  facet normal -0.7071067811865387 -8.403797784096382e-16 0.7071067811865562
    outer loop
      vertex 33.633462033115705 -36 7.624779691899409
      vertex 33.29107636714486 -38.630593358972675 7.2823940259285695
      vertex 33.43262379212493 -38.668520877186786 7.423941450908634
    endloop
  endfacet
  facet normal -0.7071067811865519 1.1299044350212348e-15 0.7071067811865431
    outer loop
      vertex 33.633462033115705 -36 7.624779691899409
      vertex 33.43262379212493 -38.668520877186786 7.423941450908634
      vertex 33.56943130030612 -38.721036359300356 7.560748959089828
    endloop
  endfacet
  facet normal -0.7071067811865432 2.5252922029056077e-16 0.7071067811865519
    outer loop
      vertex 33.633462033115705 -36 7.624779691899409
      vertex 33.14633984857471 -38.607669346484414 7.137657507358423
      vertex 33.29107636714486 -38.630593358972675 7.2823940259285695
    endloop
  endfacet
  facet normal -0.7071067811865559 5.0931804919771856e-15 0.7071067811865392
    outer loop
      vertex 33.633462033115705 -36 7.624779691899409
      vertex 33 -38.6 6.991317658783707
      vertex 33.14633984857471 -38.607669346484414 7.137657507358423
    endloop
  endfacet
  facet normal -0.7771459614569686 -1.3768281034867907e-15 0.6293203910498403
    outer loop
      vertex 34.7532889043741 -36 9.007650711027956
      vertex 34.132623792124924 -39.177100646790535 8.241193128750936
      vertex 34.212435565298215 -39.3 8.339752460500652
    endloop
  endfacet
  facet normal -0.777145961456989 5.132171996522084e-15 0.6293203910498152
    outer loop
      vertex 34.7532889043741 -36 9.007650711027956
      vertex 34.278963640699644 -39.43056869969388 8.421907791643623
      vertex 34.331479122813214 -39.56737620787507 8.486759011179743
    endloop
  endfacet
  facet normal -0.7771459614569821 3.135003799914017e-15 0.6293203910498236
    outer loop
      vertex 34.7532889043741 -36 9.007650711027956
      vertex 34.331479122813214 -39.56737620787507 8.486759011179743
      vertex 34.369406641027325 -39.70892363285514 8.533595595576783
    endloop
  endfacet
  facet normal -0.7771459614569114 -1.5530751497871232e-14 0.6293203910499108
    outer loop
      vertex 34.7532889043741 -36 9.007650711027956
      vertex 34.369406641027325 -39.70892363285514 8.533595595576783
      vertex 34.392330653515586 -39.85366015142529 8.5619043934149
    endloop
  endfacet
  facet normal -0.7771459614569624 -4.213866713225315e-15 0.6293203910498482
    outer loop
      vertex 34.7532889043741 -36 9.007650711027956
      vertex 34.212435565298215 -39.3 8.339752460500652
      vertex 34.278963640699644 -39.43056869969388 8.421907791643623
    endloop
  endfacet
  facet normal -0.7771459614570653 2.0991715900115683e-14 0.6293203910497209
    outer loop
      vertex 34.7532889043741 -36 9.007650711027956
      vertex 34.392330653515586 -39.85366015142529 8.5619043934149
      vertex 34.4 -40 8.571375247580992
    endloop
  endfacet
  facet normal -0.7771459614566015 -8.225559778422383e-14 0.6293203910502934
    outer loop
      vertex 34.7532889043741 -36 9.007650711027956
      vertex 34.4 -40 8.571375247580992
      vertex 34.392330653515586 -40.14633984857471 8.5619043934149
    endloop
  endfacet
  facet normal -0.7071067811865475 0 0.7071067811865475
    outer loop
      vertex 33.633462033115705 -36 7.624779691899409
      vertex 32.375220308100594 -36 6.366537966884298
      vertex 32.85366015142529 -38.607669346484414 6.8449778102089915
    endloop
  endfacet
  facet normal -0.7071067811865389 2.6379909258594485e-15 0.7071067811865561
    outer loop
      vertex 32.56737620787507 -38.668520877186786 6.55869386665878
      vertex 32.70892363285514 -38.630593358972675 6.700241291638845
      vertex 32.375220308100594 -36 6.366537966884298
    endloop
  endfacet
  facet normal -0.7071067811865434 1.5412176450980158e-15 0.7071067811865517
    outer loop
      vertex 32.70892363285514 -38.630593358972675 6.700241291638845
      vertex 32.85366015142529 -38.607669346484414 6.8449778102089915
      vertex 32.375220308100594 -36 6.366537966884298
    endloop
  endfacet
  facet normal -0.7071067811865702 0 0.7071067811865248
    outer loop
      vertex 32.375220308100594 -36 6.366537966884298
      vertex 32.375220308100594 -38.749237773405724 6.366537966884298
      vertex 32.43056869969388 -38.721036359300356 6.421886358477586
    endloop
  endfacet
  facet normal -0.7071067811865522 7.323878535102826e-16 0.7071067811865429
    outer loop
      vertex 32.56737620787507 -38.668520877186786 6.55869386665878
      vertex 32.375220308100594 -36 6.366537966884298
      vertex 32.43056869969388 -38.721036359300356 6.421886358477586
    endloop
  endfacet
  facet normal -0.6293203910498019 0 0.7771459614569997
    outer loop
      vertex 32.375220308100594 -36 6.366537966884298
      vertex 32.3 -38.787564434701785 6.305625762412431
      vertex 32.375220308100594 -38.749237773405724 6.366537966884298
    endloop
  endfacet
  facet normal -0.629320391049839 1.6541936070343495e-15 0.7771459614569697
    outer loop
      vertex 32.375220308100594 -36 6.366537966884298
      vertex 32.177100646790535 -38.867376207875076 6.206103828493415
      vertex 32.3 -38.787564434701785 6.305625762412431
    endloop
  endfacet
  facet normal -0.629320391049842 2.0203893692689486e-15 0.7771459614569671
    outer loop
      vertex 32.0632171510976 -38.95959724433165 6.11388279203684
      vertex 32.177100646790535 -38.867376207875076 6.206103828493415
      vertex 32.375220308100594 -36 6.366537966884298
    endloop
  endfacet
  facet normal -0.6293203910498323 2.850140333989677e-16 0.777145961456975
    outer loop
      vertex 32.0632171510976 -38.95959724433165 6.11388279203684
      vertex 32.375220308100594 -36 6.366537966884298
      vertex 31.959597244331647 -39.0632171510976 6.02997304601662
    endloop
  endfacet
  facet normal -0.6293203910498559 5.595235617209574e-15 0.7771459614569559
    outer loop
      vertex 31.867376207875076 -39.177100646790535 5.955293923169391
      vertex 31.959597244331647 -39.0632171510976 6.02997304601662
      vertex 32.375220308100594 -36 6.366537966884298
    endloop
  endfacet
  facet normal -0.6293203910498355 2.1601945262053238e-16 0.7771459614569725
    outer loop
      vertex 30.992349288972044 -36 5.246711095625896
      vertex 31.867376207875076 -39.177100646790535 5.955293923169391
      vertex 32.375220308100594 -36 6.366537966884298
    endloop
  endfacet
  facet normal -0.629320391049834 9.557250415378312e-16 0.7771459614569738
    outer loop
      vertex 30.992349288972044 -36 5.246711095625896
      vertex 31.787564434701785 -39.3 5.89066362359268
      vertex 31.867376207875076 -39.177100646790535 5.955293923169391
    endloop
  endfacet
  facet normal -0.6293203910498252 4.5358447652616445e-15 0.7771459614569807
    outer loop
      vertex 30.992349288972044 -36 5.246711095625896
      vertex 31.721036359300356 -39.43056869969388 5.8367902503734115
      vertex 31.787564434701785 -39.3 5.89066362359268
    endloop
  endfacet
  facet normal -0.6293203910498565 -6.628714865124758e-15 0.7771459614569554
    outer loop
      vertex 30.992349288972044 -36 5.246711095625896
      vertex 31.668520877186786 -39.56737620787507 5.794264051462301
      vertex 31.721036359300356 -39.43056869969388 5.8367902503734115
    endloop
  endfacet
  facet normal -0.6293203910498235 3.5481482043407823e-15 0.7771459614569822
    outer loop
      vertex 30.992349288972044 -36 5.246711095625896
      vertex 31.63059335897267 -39.70892363285514 5.7635509527938
      vertex 31.668520877186786 -39.56737620787507 5.794264051462301
    endloop
  endfacet
  facet normal -0.6293203910498412 -1.2158994431630557e-15 0.7771459614569678
    outer loop
      vertex 30.992349288972044 -36 5.246711095625896
      vertex 31.607669346484418 -39.85366015142529 5.744987453504049
      vertex 31.63059335897267 -39.70892363285514 5.7635509527938
    endloop
  endfacet
  facet normal -0.6293203910498364 0 0.7771459614569718
    outer loop
      vertex 30.992349288972044 -36 5.246711095625896
      vertex 30.992349288972044 -44 5.246711095625896
      vertex 31.607669346484418 -39.85366015142529 5.744987453504049
    endloop
  endfacet
  facet normal 0 -1 0
    outer loop
      vertex 23.99460156503294 -36 2.285979475017349
      vertex 24.53449874390191 -36 2.371490787525307
      vertex 26.253288904374106 -36 2.832039222982388
    endloop
  endfacet
  facet normal -0.25881904510251896 0 0.9659258262890688
    outer loop
      vertex 24.53449874390191 -36 2.371490787525307
      vertex 24.53449874390191 -36.473121584720644 2.371490787525307
      vertex 26.253288904374106 -36 2.832039222982388
    endloop
  endfacet
  facet normal 0 -1 0
    outer loop
      vertex 23.99460156503294 -36 2.285979475017349
      vertex 29.5 -36 4.277568135664543
      vertex 30.992349288972044 -36 5.246711095625896
    endloop
  endfacet
  facet normal 0 -1 0
    outer loop
      vertex 23.99460156503294 -36 2.285979475017349
      vertex 30.992349288972044 -36 5.246711095625896
      vertex 32.375220308100594 -36 6.366537966884298
    endloop
  endfacet
  facet normal 0 -1 0
    outer loop
      vertex 23.99460156503294 -36 2.285979475017349
      vertex 27.914522932288605 -36 3.469727220075786
      vertex 29.5 -36 4.277568135664543
    endloop
  endfacet
  facet normal 0 -1 0
    outer loop
      vertex 23.99460156503294 -36 2.285979475017349
      vertex 26.253288904374106 -36 2.832039222982388
      vertex 27.914522932288605 -36 3.469727220075786
    endloop
  endfacet
  facet normal -0.15643446504023065 -2.322001299121188e-15 0.9876883405951379
    outer loop
      vertex 23.99460156503294 -36 2.285979475017349
      vertex 24.345653031794292 -36.28427587261303 2.3415805651054526
      vertex 24.53449874390191 -36 2.371490787525307
    endloop
  endfacet
  facet normal -0.2588190451025212 8.80769844600749e-15 0.9659258262890681
    outer loop
      vertex 24.53449874390191 -36.473121584720644 2.371490787525307
      vertex 24.71572412738697 -36.65434696820571 2.420049982678151
      vertex 26.253288904374106 -36 2.832039222982388
    endloop
  endfacet
  facet normal -0.25881904510251685 -2.168035106881756e-15 0.9659258262890693
    outer loop
      vertex 24.71572412738697 -36.65434696820571 2.420049982678151
      vertex 25.045084971874736 -37.06107373853764 2.508301954977078
      vertex 26.253288904374106 -36 2.832039222982388
    endloop
  endfacet
  facet normal -0.2588190451025207 1.6439149984950106e-15 0.9659258262890683
    outer loop
      vertex 25.33012701892219 -37.5 2.5846787412923575
      vertex 25.567727288213003 -37.966316784621 2.6483435415702488
      vertex 26.253288904374106 -36 2.832039222982388
    endloop
  endfacet
  facet normal -0.25881904510251913 6.438764737688131e-16 0.9659258262890688
    outer loop
      vertex 25.045084971874736 -37.06107373853764 2.508301954977078
      vertex 25.33012701892219 -37.5 2.5846787412923575
      vertex 26.253288904374106 -36 2.832039222982388
    endloop
  endfacet
  facet normal -0.25881904510251585 -1.5238109187651639e-16 0.9659258262890695
    outer loop
      vertex 25.567727288213003 -37.966316784621 2.6483435415702488
      vertex 25.755282581475768 -38.454915028125264 2.698598830936188
      vertex 26.253288904374106 -36 2.832039222982388
    endloop
  endfacet
  facet normal -0.25881904510251236 -9.176938534998209e-16 0.9659258262890704
    outer loop
      vertex 25.755282581475768 -38.454915028125264 2.698598830936188
      vertex 25.89073800366903 -38.9604415459112 2.734894001923287
      vertex 26.253288904374106 -36 2.832039222982388
    endloop
  endfacet
  facet normal -0.5446390350150278 0 0.8386705679454236
    outer loop
      vertex 29.5 -36 4.277568135664543
      vertex 29.5 -44 4.277568135664543
      vertex 30.992349288972044 -36 5.246711095625896
    endloop
  endfacet
  facet normal -0.4539904997395468 0 0.8910065241883679
    outer loop
      vertex 27.914522932288605 -36 3.469727220075786
      vertex 27.914522932288605 -44 3.469727220075786
      vertex 29.5 -36 4.277568135664543
    endloop
  endfacet
  facet normal -0.358367949545301 0 0.9335804264972015
    outer loop
      vertex 26.253288904374106 -36 2.832039222982388
      vertex 26.253288904374106 -44 2.832039222982388
      vertex 27.914522932288605 -36 3.469727220075786
    endloop
  endfacet
  facet normal -0.2588190451025246 6.86177281490991e-16 0.9659258262890673
    outer loop
      vertex 26.253288904374106 -36 2.832039222982388
      vertex 25.89073800366903 -38.9604415459112 2.734894001923287
      vertex 25.972609476841367 -39.47735768366173 2.756831397042962
    endloop
  endfacet
  facet normal -0.25881904510251663 0 0.9659258262890693
    outer loop
      vertex 26.253288904374106 -36 2.832039222982388
      vertex 25.972609476841367 -39.47735768366173 2.756831397042962
      vertex 26.253288904374106 -44 2.832039222982388
    endloop
  endfacet
  facet normal -0.15643446504023403 0 0.9876883405951372
    outer loop
      vertex 24.53449874390191 -36 2.371490787525307
      vertex 24.345653031794292 -36.28427587261303 2.3415805651054526
      vertex 24.53449874390191 -36.473121584720644 2.371490787525307
    endloop
  endfacet
  facet normal -0.9986295347545739 0 0.05233595624294268
    outer loop
      vertex 37.90687222126065 -36 17.22301612444989
      vertex 37.90687222126065 -44 17.22301612444989
      vertex 38 -44 19
    endloop
  endfacet
  facet normal -0.9876883405951377 0 0.15643446504023154
    outer loop
      vertex 37.6285092124747 -36 15.465501256098092
      vertex 37.6285092124747 -44 15.465501256098092
      vertex 37.90687222126065 -44 17.22301612444989
    endloop
  endfacet
  facet normal -0.9659258262890683 0 0.2588190451025206
    outer loop
      vertex 37.16796077701761 -36 13.746711095625894
      vertex 37.16796077701761 -44 13.746711095625894
      vertex 37.6285092124747 -44 15.465501256098092
    endloop
  endfacet
  facet normal 0 1 0
    outer loop
      vertex 33.92878463978755 -44 17.641129977520507
      vertex 34 -44 19
      vertex 37.16796077701761 -44 13.746711095625894
    endloop
  endfacet
  facet normal 0 1 0
    outer loop
      vertex 37.90687222126065 -44 17.22301612444989
      vertex 34 -44 19
      vertex 38 -44 19
    endloop
  endfacet
  facet normal 0 1 0
    outer loop
      vertex 37.90687222126065 -44 17.22301612444989
      vertex 37.6285092124747 -44 15.465501256098092
      vertex 34 -44 19
    endloop
  endfacet
  facet normal 0 1 0
    outer loop
      vertex 33.92878463978755 -44 17.641129977520507
      vertex 37.16796077701761 -44 13.746711095625894
      vertex 33.715918809539474 -44 16.29714801936913
    endloop
  endfacet
  facet normal 0 1 0
    outer loop
      vertex 33.363734711837 -44 14.982779073125684
      vertex 33.715918809539474 -44 16.29714801936913
      vertex 36.53027277992422 -44 12.085477067711397
    endloop
  endfacet
  facet normal 0 1 0
    outer loop
      vertex 37.6285092124747 -44 15.465501256098092
      vertex 37.16796077701761 -44 13.746711095625894
      vertex 34 -44 19
    endloop
  endfacet
  facet normal -0.9335804264972021 0 0.35836794954529955
    outer loop
      vertex 36.53027277992422 -36 12.085477067711397
      vertex 36.53027277992422 -44 12.085477067711397
      vertex 37.16796077701761 -44 13.746711095625894
    endloop
  endfacet
  facet normal -0.8386705679454236 0 0.5446390350150278
    outer loop
      vertex 34.7532889043741 -36 9.007650711027956
      vertex 34.7532889043741 -44 9.007650711027956
      vertex 35.722431864335455 -44 10.5
    endloop
  endfacet
  facet normal -0.8910065241883668 0 0.45399049973954875
    outer loop
      vertex 35.722431864335455 -36 10.5
      vertex 35.722431864335455 -44 10.5
      vertex 36.53027277992422 -44 12.085477067711397
    endloop
  endfacet
  facet normal 0 1 0
    outer loop
      vertex 32.87609094935381 -44 13.712423640014597
      vertex 33.363734711837 -44 14.982779073125684
      vertex 35.722431864335455 -44 10.5
    endloop
  endfacet
  facet normal 0 1 0
    outer loop
      vertex 33.363734711837 -44 14.982779073125684
      vertex 36.53027277992422 -44 12.085477067711397
      vertex 35.722431864335455 -44 10.5
    endloop
  endfacet
  facet normal 0 1 0
    outer loop
      vertex 32.87609094935381 -44 13.712423640014597
      vertex 35.722431864335455 -44 10.5
      vertex 32.2583302491977 -44 12.5
    endloop
  endfacet
  facet normal 0 1 0
    outer loop
      vertex 33.715918809539474 -44 16.29714801936913
      vertex 37.16796077701761 -44 13.746711095625894
      vertex 36.53027277992422 -44 12.085477067711397
    endloop
  endfacet
  facet normal 0 1 0
    outer loop
      vertex 31.517220926874316 -44 11.35879172019785
      vertex 32.2583302491977 -44 12.5
      vertex 34.7532889043741 -44 9.007650711027956
    endloop
  endfacet
  facet normal 0 1 0
    outer loop
      vertex 30.660882731206126 -44 10.301302117334842
      vertex 31.517220926874316 -44 11.35879172019785
      vertex 33.633462033115705 -44 7.624779691899409
    endloop
  endfacet
  facet normal 0 1 0
    outer loop
      vertex 32.2583302491977 -44 12.5
      vertex 35.722431864335455 -44 10.5
      vertex 34.7532889043741 -44 9.007650711027956
    endloop
  endfacet
  facet normal -0.5446390350150278 0 0.8386705679454236
    outer loop
      vertex 30.992349288972044 -36 5.246711095625896
      vertex 29.5 -44 4.277568135664543
      vertex 30.992349288972044 -44 5.246711095625896
    endloop
  endfacet
  facet normal 0 1 0
    outer loop
      vertex 28.64120827980215 -44 8.482779073125684
      vertex 29.698697882665158 -44 9.339117268793874
      vertex 30.992349288972044 -44 5.246711095625896
    endloop
  endfacet
  facet normal 0 1 0
    outer loop
      vertex 25.017220926874316 -44 6.636265288163003
      vertex 26.253288904374106 -44 2.832039222982388
      vertex 23.99460156503294 -44 6.362255255993178
    endloop
  endfacet
  facet normal 0 1 0
    outer loop
      vertex 26.2875763599854 -44 7.123909050646189
      vertex 27.5 -44 7.7416697508022985
      vertex 29.5 -44 4.277568135664543
    endloop
  endfacet
  facet normal 0 1 0
    outer loop
      vertex 27.5 -44 7.7416697508022985
      vertex 28.64120827980215 -44 8.482779073125684
      vertex 29.5 -44 4.277568135664543
    endloop
  endfacet
  facet normal 0 1 0
    outer loop
      vertex 28.64120827980215 -44 8.482779073125684
      vertex 30.992349288972044 -44 5.246711095625896
      vertex 29.5 -44 4.277568135664543
    endloop
  endfacet
  facet normal 0 1 0
    outer loop
      vertex 25.017220926874316 -44 6.636265288163003
      vertex 26.2875763599854 -44 7.123909050646189
      vertex 27.914522932288605 -44 3.469727220075786
    endloop
  endfacet
  facet normal 0 1 0
    outer loop
      vertex 26.2875763599854 -44 7.123909050646189
      vertex 29.5 -44 4.277568135664543
      vertex 27.914522932288605 -44 3.469727220075786
    endloop
  endfacet
  facet normal -0.7771459614569765 0 0.6293203910498306
    outer loop
      vertex 34.7532889043741 -36 9.007650711027956
      vertex 34.392330653515586 -40.14633984857471 8.5619043934149
      vertex 34.7532889043741 -44 9.007650711027956
    endloop
  endfacet
  facet normal -0.7771459614569688 1.456260494072567e-15 0.6293203910498399
    outer loop
      vertex 34.132623792124924 -40.822899353209465 8.241193128750936
      vertex 34.7532889043741 -44 9.007650711027956
      vertex 34.212435565298215 -40.7 8.339752460500652
    endloop
  endfacet
  facet normal -0.7771459614569112 1.5453097740381882e-14 0.6293203910499112
    outer loop
      vertex 34.392330653515586 -40.14633984857471 8.5619043934149
      vertex 34.369406641027325 -40.29107636714486 8.533595595576783
      vertex 34.7532889043741 -44 9.007650711027956
    endloop
  endfacet
  facet normal -0.7771459614569821 -3.056628704916167e-15 0.6293203910498237
    outer loop
      vertex 34.369406641027325 -40.29107636714486 8.533595595576783
      vertex 34.331479122813214 -40.43262379212493 8.486759011179743
      vertex 34.7532889043741 -44 9.007650711027956
    endloop
  endfacet
  facet normal -0.777145961456989 -5.1678120798312645e-15 0.6293203910498151
    outer loop
      vertex 34.278963640699644 -40.56943130030612 8.421907791643623
      vertex 34.7532889043741 -44 9.007650711027956
      vertex 34.331479122813214 -40.43262379212493 8.486759011179743
    endloop
  endfacet
  facet normal -0.7771459614569621 4.168718141297902e-15 0.6293203910498482
    outer loop
      vertex 34.278963640699644 -40.56943130030612 8.421907791643623
      vertex 34.212435565298215 -40.7 8.339752460500652
      vertex 34.7532889043741 -44 9.007650711027956
    endloop
  endfacet
  facet normal -0.7771459614569821 -5.0670623145500514e-15 0.6293203910498235
    outer loop
      vertex 34.04040275566835 -40.9367828489024 8.127309633057996
      vertex 34.7532889043741 -44 9.007650711027956
      vertex 34.132623792124924 -40.822899353209465 8.241193128750936
    endloop
  endfacet
  facet normal -0.7771459614569706 1.7186827109924224e-15 0.6293203910498381
    outer loop
      vertex 34.04040275566835 -40.9367828489024 8.127309633057996
      vertex 33.9367828489024 -41.04040275566835 7.999349704832298
      vertex 34.7532889043741 -44 9.007650711027956
    endloop
  endfacet
  facet normal -0.777145961456972 6.777629135759921e-16 0.629320391049836
    outer loop
      vertex 33.822899353209465 -41.132623792124924 7.858715299824816
      vertex 34.7532889043741 -44 9.007650711027956
      vertex 33.9367828489024 -41.04040275566835 7.999349704832298
    endloop
  endfacet
  facet normal -0.7771459614569759 -2.456386698651211e-15 0.6293203910498314
    outer loop
      vertex 33.7 -41.212435565298215 7.706947238006451
      vertex 34.7532889043741 -44 9.007650711027956
      vertex 33.822899353209465 -41.132623792124924 7.858715299824816
    endloop
  endfacet
  facet normal -0.7771459614569717 1.5004222393785616e-15 0.6293203910498365
    outer loop
      vertex 33.7 -41.212435565298215 7.706947238006451
      vertex 33.633462033115705 -41.24633835278338 7.624779691899409
      vertex 34.7532889043741 -44 9.007650711027956
    endloop
  endfacet
  facet normal -0.7071067811865279 0 0.7071067811865671
    outer loop
      vertex 33.633462033115705 -41.24633835278338 7.624779691899409
      vertex 33.56943130030612 -41.278963640699644 7.560748959089828
      vertex 33.633462033115705 -44 7.624779691899409
    endloop
  endfacet
  facet normal -0.7071067811865387 8.403797784096382e-16 0.7071067811865562
    outer loop
      vertex 33.29107636714486 -41.369406641027325 7.2823940259285695
      vertex 33.633462033115705 -44 7.624779691899409
      vertex 33.43262379212493 -41.331479122813214 7.423941450908634
    endloop
  endfacet
  facet normal -0.7071067811865518 -1.1299044350212348e-15 0.7071067811865431
    outer loop
      vertex 33.43262379212493 -41.331479122813214 7.423941450908634
      vertex 33.633462033115705 -44 7.624779691899409
      vertex 33.56943130030612 -41.278963640699644 7.560748959089828
    endloop
  endfacet
  facet normal -0.7071067811865431 -3.0303506434867284e-16 0.7071067811865519
    outer loop
      vertex 33.29107636714486 -41.369406641027325 7.2823940259285695
      vertex 33.14633984857471 -41.392330653515586 7.137657507358423
      vertex 33.633462033115705 -44 7.624779691899409
    endloop
  endfacet
  facet normal -0.7771459614569731 0 0.6293203910498347
    outer loop
      vertex 33.633462033115705 -41.24633835278338 7.624779691899409
      vertex 33.633462033115705 -44 7.624779691899409
      vertex 34.7532889043741 -44 9.007650711027956
    endloop
  endfacet
  facet normal -0.629320391049766 -1.7301230562550222e-14 0.7771459614570287
    outer loop
      vertex 31.607669346484418 -39.85366015142529 5.744987453504049
      vertex 30.992349288972044 -44 5.246711095625896
      vertex 31.6 -40 5.738776939175926
    endloop
  endfacet
  facet normal -0.6293203910498681 8.422952081729592e-15 0.7771459614569458
    outer loop
      vertex 31.6 -40 5.738776939175926
      vertex 30.992349288972044 -44 5.246711095625896
      vertex 31.607669346484418 -40.14633984857471 5.744987453504049
    endloop
  endfacet
  facet normal -0.6293203910498251 -4.48581706564479e-15 0.777145961456981
    outer loop
      vertex 31.721036359300356 -40.56943130030612 5.8367902503734115
      vertex 30.992349288972044 -44 5.246711095625896
      vertex 31.787564434701785 -40.7 5.89066362359268
    endloop
  endfacet
  facet normal -0.6293203910498337 -9.85591449085889e-16 0.7771459614569739
    outer loop
      vertex 31.787564434701785 -40.7 5.89066362359268
      vertex 30.992349288972044 -44 5.246711095625896
      vertex 31.867376207875076 -40.822899353209465 5.955293923169391
    endloop
  endfacet
  facet normal -0.6293203910498409 1.2386975577223632e-15 0.7771459614569679
    outer loop
      vertex 31.607669346484418 -40.14633984857471 5.744987453504049
      vertex 30.992349288972044 -44 5.246711095625896
      vertex 31.63059335897267 -40.29107636714486 5.7635509527938
    endloop
  endfacet
  facet normal -0.6293203910498237 -3.688206686091078e-15 0.777145961456982
    outer loop
      vertex 31.63059335897267 -40.29107636714486 5.7635509527938
      vertex 30.992349288972044 -44 5.246711095625896
      vertex 31.668520877186786 -40.43262379212493 5.794264051462301
    endloop
  endfacet
  facet normal -0.6293203910498566 6.6094453451679976e-15 0.7771459614569554
    outer loop
      vertex 31.668520877186786 -40.43262379212493 5.794264051462301
      vertex 30.992349288972044 -44 5.246711095625896
      vertex 31.721036359300356 -40.56943130030612 5.8367902503734115
    endloop
  endfacet
  facet normal -0.7071067811865562 3.1866413050653203e-15 0.7071067811865389
    outer loop
      vertex 33 -41.4 6.991317658783707
      vertex 32.375220308100594 -44 6.366537966884298
      vertex 33.14633984857471 -41.392330653515586 7.137657507358423
    endloop
  endfacet
  facet normal -0.7071067811865389 -2.6379909258594485e-15 0.7071067811865561
    outer loop
      vertex 32.56737620787507 -41.331479122813214 6.55869386665878
      vertex 32.375220308100594 -44 6.366537966884298
      vertex 32.70892363285514 -41.369406641027325 6.700241291638845
    endloop
  endfacet
  facet normal -0.707106781186556 3.1073770614108313e-15 0.7071067811865389
    outer loop
      vertex 32.85366015142529 -41.392330653515586 6.8449778102089915
      vertex 32.375220308100594 -44 6.366537966884298
      vertex 33 -41.4 6.991317658783707
    endloop
  endfacet
  facet normal -0.7071067811865434 -1.5412176450980158e-15 0.7071067811865517
    outer loop
      vertex 32.70892363285514 -41.369406641027325 6.700241291638845
      vertex 32.375220308100594 -44 6.366537966884298
      vertex 32.85366015142529 -41.392330653515586 6.8449778102089915
    endloop
  endfacet
  facet normal -0.6293203910498089 -2.2583106935292226e-14 0.777145961456994
    outer loop
      vertex 30.992349288972044 -44 5.246711095625896
      vertex 32.375220308100594 -41.250762226594276 6.366537966884298
      vertex 32.3 -41.212435565298215 6.305625762412431
    endloop
  endfacet
  facet normal -0.7071067811865702 0 0.7071067811865248
    outer loop
      vertex 32.375220308100594 -41.250762226594276 6.366537966884298
      vertex 32.375220308100594 -44 6.366537966884298
      vertex 32.43056869969388 -41.278963640699644 6.421886358477586
    endloop
  endfacet
  facet normal -0.7071067811865522 -7.323878535102826e-16 0.7071067811865429
    outer loop
      vertex 32.56737620787507 -41.331479122813214 6.55869386665878
      vertex 32.43056869969388 -41.278963640699644 6.421886358477586
      vertex 32.375220308100594 -44 6.366537966884298
    endloop
  endfacet
  facet normal -0.7071067811865475 -1.9260808248005734e-15 0.7071067811865475
    outer loop
      vertex 33.14633984857471 -41.392330653515586 7.137657507358423
      vertex 32.375220308100594 -44 6.366537966884298
      vertex 33.633462033115705 -44 7.624779691899409
    endloop
  endfacet
  facet normal -0.6293203910498355 0 0.7771459614569725
    outer loop
      vertex 30.992349288972044 -44 5.246711095625896
      vertex 32.375220308100594 -44 6.366537966884298
      vertex 32.375220308100594 -41.250762226594276 6.366537966884298
    endloop
  endfacet
  facet normal -0.6293203910498333 -2.14339674506512e-15 0.7771459614569742
    outer loop
      vertex 31.959597244331647 -40.9367828489024 6.02997304601662
      vertex 30.992349288972044 -44 5.246711095625896
      vertex 32.0632171510976 -41.04040275566835 6.11388279203684
    endloop
  endfacet
  facet normal -0.6293203910498403 1.9550456324362014e-15 0.7771459614569688
    outer loop
      vertex 32.0632171510976 -41.04040275566835 6.11388279203684
      vertex 30.992349288972044 -44 5.246711095625896
      vertex 32.177100646790535 -41.132623792124924 6.206103828493415
    endloop
  endfacet
  facet normal -0.6293203910498477 5.356184944761982e-15 0.7771459614569626
    outer loop
      vertex 31.867376207875076 -40.822899353209465 5.955293923169391
      vertex 30.992349288972044 -44 5.246711095625896
      vertex 31.959597244331647 -40.9367828489024 6.02997304601662
    endloop
  endfacet
  facet normal -0.6293203910498383 3.860808442724492e-16 0.7771459614569701
    outer loop
      vertex 30.992349288972044 -44 5.246711095625896
      vertex 32.3 -41.212435565298215 6.305625762412431
      vertex 32.177100646790535 -41.132623792124924 6.206103828493415
    endloop
  endfacet
  facet normal 0 1 0
    outer loop
      vertex 29.698697882665158 -44 9.339117268793874
      vertex 30.660882731206126 -44 10.301302117334842
      vertex 32.375220308100594 -44 6.366537966884298
    endloop
  endfacet
  facet normal 0 1 0
    outer loop
      vertex 31.517220926874316 -44 11.35879172019785
      vertex 34.7532889043741 -44 9.007650711027956
      vertex 33.633462033115705 -44 7.624779691899409
    endloop
  endfacet
  facet normal 0 1 0
    outer loop
      vertex 30.660882731206126 -44 10.301302117334842
      vertex 33.633462033115705 -44 7.624779691899409
      vertex 32.375220308100594 -44 6.366537966884298
    endloop
  endfacet
  facet normal 0 1 0
    outer loop
      vertex 29.698697882665158 -44 9.339117268793874
      vertex 32.375220308100594 -44 6.366537966884298
      vertex 30.992349288972044 -44 5.246711095625896
    endloop
  endfacet
  facet normal -0.25881904510251585 1.4761918275537525e-16 0.9659258262890695
    outer loop
      vertex 25.755282581475768 -41.545084971874736 2.698598830936188
      vertex 25.567727288213003 -42.033683215379 2.6483435415702488
      vertex 26.253288904374106 -44 2.832039222982388
    endloop
  endfacet
  facet normal -0.2588190451025207 -1.6439149984950106e-15 0.9659258262890683
    outer loop
      vertex 25.567727288213003 -42.033683215379 2.6483435415702488
      vertex 25.33012701892219 -42.5 2.5846787412923575
      vertex 26.253288904374106 -44 2.832039222982388
    endloop
  endfacet
  facet normal -0.25881904510251913 -6.438764737688131e-16 0.9659258262890688
    outer loop
      vertex 25.045084971874736 -42.93892626146236 2.508301954977078
      vertex 26.253288904374106 -44 2.832039222982388
      vertex 25.33012701892219 -42.5 2.5846787412923575
    endloop
  endfacet
  facet normal -0.2588190451025212 -8.80769844600749e-15 0.9659258262890681
    outer loop
      vertex 24.53449874390191 -43.526878415279356 2.371490787525307
      vertex 26.253288904374106 -44 2.832039222982388
      vertex 24.71572412738697 -43.34565303179429 2.420049982678151
    endloop
  endfacet
  facet normal -0.25881904510251685 2.168035106881756e-15 0.9659258262890693
    outer loop
      vertex 24.71572412738697 -43.34565303179429 2.420049982678151
      vertex 26.253288904374106 -44 2.832039222982388
      vertex 25.045084971874736 -42.93892626146236 2.508301954977078
    endloop
  endfacet
  facet normal -0.4539904997395468 0 0.8910065241883679
    outer loop
      vertex 29.5 -36 4.277568135664543
      vertex 27.914522932288605 -44 3.469727220075786
      vertex 29.5 -44 4.277568135664543
    endloop
  endfacet
  facet normal -0.358367949545301 0 0.9335804264972015
    outer loop
      vertex 27.914522932288605 -36 3.469727220075786
      vertex 26.253288904374106 -44 2.832039222982388
      vertex 27.914522932288605 -44 3.469727220075786
    endloop
  endfacet
  facet normal -0.25881904510266013 -9.528293152142874e-15 0.9659258262890308
    outer loop
      vertex 25.972609476841367 -39.47735768366173 2.756831397042962
      vertex 26 -40 2.764170665603583
      vertex 26.253288904374106 -44 2.832039222982388
    endloop
  endfacet
  facet normal -0.25881904510250625 8.977434987066705e-16 0.9659258262890722
    outer loop
      vertex 26 -40 2.764170665603583
      vertex 25.972609476841367 -40.52264231633827 2.756831397042962
      vertex 26.253288904374106 -44 2.832039222982388
    endloop
  endfacet
  facet normal -0.2588190451025246 -6.881266487679541e-16 0.9659258262890673
    outer loop
      vertex 25.972609476841367 -40.52264231633827 2.756831397042962
      vertex 25.89073800366903 -41.0395584540888 2.734894001923287
      vertex 26.253288904374106 -44 2.832039222982388
    endloop
  endfacet
  facet normal -0.25881904510251236 9.176938534998209e-16 0.9659258262890704
    outer loop
      vertex 25.755282581475768 -41.545084971874736 2.698598830936188
      vertex 26.253288904374106 -44 2.832039222982388
      vertex 25.89073800366903 -41.0395584540888 2.734894001923287
    endloop
  endfacet
  facet normal -0.15643446504023403 0 0.9876883405951372
    outer loop
      vertex 24.345653031794292 -43.71572412738697 2.3415805651054526
      vertex 24.53449874390191 -44 2.371490787525307
      vertex 24.53449874390191 -43.526878415279356 2.371490787525307
    endloop
  endfacet
  facet normal 0 1 0
    outer loop
      vertex 23.99460156503294 -44 6.362255255993178
      vertex 24.53449874390191 -44 2.371490787525307
      vertex 23.99460156503294 -44 2.285979475017349
    endloop
  endfacet
  facet normal 0 1 0
    outer loop
      vertex 23.99460156503294 -44 6.362255255993178
      vertex 26.253288904374106 -44 2.832039222982388
      vertex 24.53449874390191 -44 2.371490787525307
    endloop
  endfacet
  facet normal -0.25881904510251896 0 0.9659258262890688
    outer loop
      vertex 24.53449874390191 -43.526878415279356 2.371490787525307
      vertex 24.53449874390191 -44 2.371490787525307
      vertex 26.253288904374106 -44 2.832039222982388
    endloop
  endfacet
  facet normal 0 1 0
    outer loop
      vertex 25.017220926874316 -44 6.636265288163003
      vertex 27.914522932288605 -44 3.469727220075786
      vertex 26.253288904374106 -44 2.832039222982388
    endloop
  endfacet
  facet normal -0.15643446504023065 2.322001299121188e-15 0.9876883405951379
    outer loop
      vertex 23.99460156503294 -44 2.285979475017349
      vertex 24.53449874390191 -44 2.371490787525307
      vertex 24.345653031794292 -43.71572412738697 2.3415805651054526
    endloop
  endfacet
  facet normal 0.6293203910498503 -0.7771459614569607 0
    outer loop
      vertex 44.063217151097604 -38.95959724433165 12
      vertex 44.177100646790535 -38.867376207875076 19
      vertex 44.063217151097604 -38.95959724433165 19
    endloop
  endfacet
  facet normal 0.7071067811865234 -0.7071067811865718 0
    outer loop
      vertex 43.95959724433165 -39.0632171510976 12
      vertex 44.063217151097604 -38.95959724433165 19
      vertex 43.95959724433165 -39.0632171510976 19
    endloop
  endfacet
  facet normal 0.45399049973955136 -0.8910065241883656 0
    outer loop
      vertex 44.3 -38.787564434701785 12
      vertex 44.43056869969388 -38.721036359300356 19
      vertex 44.3 -38.787564434701785 19
    endloop
  endfacet
  facet normal 0.3583679495452818 -0.933580426497209 0
    outer loop
      vertex 44.43056869969388 -38.721036359300356 12
      vertex 44.56737620787507 -38.668520877186786 19
      vertex 44.43056869969388 -38.721036359300356 19
    endloop
  endfacet
  facet normal 0.15643446504026318 -0.9876883405951326 0
    outer loop
      vertex 44.70892363285513 -38.630593358972675 12
      vertex 44.85366015142529 -38.607669346484414 19
      vertex 44.70892363285513 -38.630593358972675 19
    endloop
  endfacet
  facet normal 0.2588190451025155 -0.9659258262890698 0
    outer loop
      vertex 44.56737620787507 -38.668520877186786 12
      vertex 44.70892363285513 -38.630593358972675 19
      vertex 44.56737620787507 -38.668520877186786 19
    endloop
  endfacet
  facet normal 0.5446390350150399 -0.8386705679454156 0
    outer loop
      vertex 44.177100646790535 -38.867376207875076 12
      vertex 44.3 -38.787564434701785 19
      vertex 44.177100646790535 -38.867376207875076 19
    endloop
  endfacet
  facet normal 0.05233595624291295 -0.9986295347545755 0
    outer loop
      vertex 44.85366015142529 -38.607669346484414 12
      vertex 45 -38.6 19
      vertex 44.85366015142529 -38.607669346484414 19
    endloop
  endfacet
  facet normal -0.05233595624291295 -0.9986295347545755 0
    outer loop
      vertex 45 -38.6 12
      vertex 45.14633984857471 -38.607669346484414 19
      vertex 45 -38.6 19
    endloop
  endfacet
  facet normal -0.15643446504026318 -0.9876883405951326 0
    outer loop
      vertex 45.14633984857471 -38.607669346484414 12
      vertex 45.29107636714487 -38.630593358972675 19
      vertex 45.14633984857471 -38.607669346484414 19
    endloop
  endfacet
  facet normal -0.2588190451025155 -0.9659258262890698 0
    outer loop
      vertex 45.29107636714487 -38.630593358972675 12
      vertex 45.43262379212493 -38.668520877186786 19
      vertex 45.29107636714487 -38.630593358972675 19
    endloop
  endfacet
  facet normal 0.8386705679454156 -0.5446390350150399 0
    outer loop
      vertex 43.787564434701785 -39.3 12
      vertex 43.867376207875076 -39.177100646790535 19
      vertex 43.787564434701785 -39.3 19
    endloop
  endfacet
  facet normal 0.7771459614569797 -0.6293203910498264 0
    outer loop
      vertex 43.867376207875076 -39.177100646790535 12
      vertex 43.95959724433165 -39.0632171510976 19
      vertex 43.867376207875076 -39.177100646790535 19
    endloop
  endfacet
  facet normal 0.8910065241883656 -0.45399049973955136 0
    outer loop
      vertex 43.721036359300356 -39.43056869969388 12
      vertex 43.787564434701785 -39.3 19
      vertex 43.721036359300356 -39.43056869969388 19
    endloop
  endfacet
  facet normal 0.933580426497209 -0.3583679495452818 0
    outer loop
      vertex 43.668520877186786 -39.56737620787507 12
      vertex 43.721036359300356 -39.43056869969388 19
      vertex 43.668520877186786 -39.56737620787507 19
    endloop
  endfacet
  facet normal 0.9659258262890729 -0.25881904510250336 0
    outer loop
      vertex 43.630593358972675 -39.70892363285514 12
      vertex 43.668520877186786 -39.56737620787507 19
      vertex 43.630593358972675 -39.70892363285514 19
    endloop
  endfacet
  facet normal 0.9876883405951313 -0.15643446504027064 0
    outer loop
      vertex 43.607669346484414 -39.85366015142529 12
      vertex 43.630593358972675 -39.70892363285514 19
      vertex 43.607669346484414 -39.85366015142529 19
    endloop
  endfacet
  facet normal 0.9986295347545755 -0.05233595624291295 0
    outer loop
      vertex 43.6 -40 12
      vertex 43.607669346484414 -39.85366015142529 19
      vertex 43.6 -40 19
    endloop
  endfacet
  facet normal -0.3583679495452818 -0.933580426497209 0
    outer loop
      vertex 45.43262379212493 -38.668520877186786 12
      vertex 45.56943130030612 -38.721036359300356 19
      vertex 45.43262379212493 -38.668520877186786 19
    endloop
  endfacet
  facet normal -0.45399049973955136 -0.8910065241883656 0
    outer loop
      vertex 45.56943130030612 -38.721036359300356 12
      vertex 45.7 -38.787564434701785 19
      vertex 45.56943130030612 -38.721036359300356 19
    endloop
  endfacet
  facet normal -0.5446390350150399 -0.8386705679454156 0
    outer loop
      vertex 45.7 -38.787564434701785 12
      vertex 45.822899353209465 -38.867376207875076 19
      vertex 45.7 -38.787564434701785 19
    endloop
  endfacet
  facet normal -0.6293203910498503 -0.7771459614569607 0
    outer loop
      vertex 45.822899353209465 -38.867376207875076 12
      vertex 45.936782848902396 -38.95959724433165 19
      vertex 45.822899353209465 -38.867376207875076 19
    endloop
  endfacet
  facet normal -0.7071067811865234 -0.7071067811865718 0
    outer loop
      vertex 45.936782848902396 -38.95959724433165 12
      vertex 46.04040275566835 -39.0632171510976 19
      vertex 45.936782848902396 -38.95959724433165 19
    endloop
  endfacet
  facet normal -0.7771459614569797 -0.6293203910498264 0
    outer loop
      vertex 46.04040275566835 -39.0632171510976 12
      vertex 46.132623792124924 -39.177100646790535 19
      vertex 46.04040275566835 -39.0632171510976 19
    endloop
  endfacet
  facet normal -0.8386705679454156 -0.5446390350150399 0
    outer loop
      vertex 46.132623792124924 -39.177100646790535 12
      vertex 46.212435565298215 -39.3 19
      vertex 46.132623792124924 -39.177100646790535 19
    endloop
  endfacet
  facet normal -0.8910065241883656 -0.45399049973955136 0
    outer loop
      vertex 46.212435565298215 -39.3 12
      vertex 46.278963640699644 -39.43056869969388 19
      vertex 46.212435565298215 -39.3 19
    endloop
  endfacet
  facet normal -0.933580426497209 -0.3583679495452818 0
    outer loop
      vertex 46.278963640699644 -39.43056869969388 12
      vertex 46.331479122813214 -39.56737620787507 19
      vertex 46.278963640699644 -39.43056869969388 19
    endloop
  endfacet
  facet normal -0.9659258262890729 -0.25881904510250336 0
    outer loop
      vertex 46.331479122813214 -39.56737620787507 12
      vertex 46.369406641027325 -39.70892363285514 19
      vertex 46.331479122813214 -39.56737620787507 19
    endloop
  endfacet
  facet normal -0.9876883405951313 -0.15643446504027064 0
    outer loop
      vertex 46.369406641027325 -39.70892363285514 12
      vertex 46.392330653515586 -39.85366015142529 19
      vertex 46.369406641027325 -39.70892363285514 19
    endloop
  endfacet
  facet normal -0.9986295347545755 -0.05233595624291295 0
    outer loop
      vertex 46.392330653515586 -39.85366015142529 12
      vertex 46.4 -40 19
      vertex 46.392330653515586 -39.85366015142529 19
    endloop
  endfacet
  facet normal 0.6293203910498503 -0.7771459614569607 0
    outer loop
      vertex 44.063217151097604 -38.95959724433165 12
      vertex 44.177100646790535 -38.867376207875076 12
      vertex 44.177100646790535 -38.867376207875076 19
    endloop
  endfacet
  facet normal 0.7071067811865234 -0.7071067811865718 0
    outer loop
      vertex 43.95959724433165 -39.0632171510976 12
      vertex 44.063217151097604 -38.95959724433165 12
      vertex 44.063217151097604 -38.95959724433165 19
    endloop
  endfacet
  facet normal 0.5446390350150399 -0.8386705679454156 0
    outer loop
      vertex 44.177100646790535 -38.867376207875076 12
      vertex 44.3 -38.787564434701785 12
      vertex 44.3 -38.787564434701785 19
    endloop
  endfacet
  facet normal 0.45399049973955136 -0.8910065241883656 0
    outer loop
      vertex 44.43056869969388 -38.721036359300356 12
      vertex 44.43056869969388 -38.721036359300356 19
      vertex 44.3 -38.787564434701785 12
    endloop
  endfacet
  facet normal 0.3583679495452818 -0.933580426497209 0
    outer loop
      vertex 44.43056869969388 -38.721036359300356 12
      vertex 44.56737620787507 -38.668520877186786 12
      vertex 44.56737620787507 -38.668520877186786 19
    endloop
  endfacet
  facet normal 0.2588190451025155 -0.9659258262890698 0
    outer loop
      vertex 44.56737620787507 -38.668520877186786 12
      vertex 44.70892363285513 -38.630593358972675 12
      vertex 44.70892363285513 -38.630593358972675 19
    endloop
  endfacet
  facet normal 0.15643446504026318 -0.9876883405951326 0
    outer loop
      vertex 44.70892363285513 -38.630593358972675 12
      vertex 44.85366015142529 -38.607669346484414 12
      vertex 44.85366015142529 -38.607669346484414 19
    endloop
  endfacet
  facet normal 0.05233595624291295 -0.9986295347545755 0
    outer loop
      vertex 44.85366015142529 -38.607669346484414 12
      vertex 45 -38.6 12
      vertex 45 -38.6 19
    endloop
  endfacet
  facet normal -0.05233595624291295 -0.9986295347545755 0
    outer loop
      vertex 45 -38.6 12
      vertex 45.14633984857471 -38.607669346484414 12
      vertex 45.14633984857471 -38.607669346484414 19
    endloop
  endfacet
  facet normal -0.15643446504026318 -0.9876883405951326 0
    outer loop
      vertex 45.14633984857471 -38.607669346484414 12
      vertex 45.29107636714487 -38.630593358972675 12
      vertex 45.29107636714487 -38.630593358972675 19
    endloop
  endfacet
  facet normal 0.8386705679454156 -0.5446390350150399 0
    outer loop
      vertex 43.787564434701785 -39.3 12
      vertex 43.867376207875076 -39.177100646790535 12
      vertex 43.867376207875076 -39.177100646790535 19
    endloop
  endfacet
  facet normal 0.7771459614569797 -0.6293203910498264 0
    outer loop
      vertex 43.867376207875076 -39.177100646790535 12
      vertex 43.95959724433165 -39.0632171510976 12
      vertex 43.95959724433165 -39.0632171510976 19
    endloop
  endfacet
  facet normal 0.8910065241883656 -0.45399049973955136 0
    outer loop
      vertex 43.787564434701785 -39.3 12
      vertex 43.787564434701785 -39.3 19
      vertex 43.721036359300356 -39.43056869969388 12
    endloop
  endfacet
  facet normal 0.933580426497209 -0.3583679495452818 0
    outer loop
      vertex 43.721036359300356 -39.43056869969388 12
      vertex 43.721036359300356 -39.43056869969388 19
      vertex 43.668520877186786 -39.56737620787507 12
    endloop
  endfacet
  facet normal 0.9659258262890729 -0.25881904510250336 0
    outer loop
      vertex 43.668520877186786 -39.56737620787507 12
      vertex 43.668520877186786 -39.56737620787507 19
      vertex 43.630593358972675 -39.70892363285514 12
    endloop
  endfacet
  facet normal 0.9876883405951313 -0.15643446504027064 0
    outer loop
      vertex 43.607669346484414 -39.85366015142529 12
      vertex 43.630593358972675 -39.70892363285514 12
      vertex 43.630593358972675 -39.70892363285514 19
    endloop
  endfacet
  facet normal 0.9986295347545755 -0.05233595624291295 0
    outer loop
      vertex 43.607669346484414 -39.85366015142529 12
      vertex 43.607669346484414 -39.85366015142529 19
      vertex 43.6 -40 12
    endloop
  endfacet
  facet normal -0.2588190451025155 -0.9659258262890698 0
    outer loop
      vertex 45.29107636714487 -38.630593358972675 12
      vertex 45.43262379212493 -38.668520877186786 12
      vertex 45.43262379212493 -38.668520877186786 19
    endloop
  endfacet
  facet normal -0.3583679495452818 -0.933580426497209 0
    outer loop
      vertex 45.43262379212493 -38.668520877186786 12
      vertex 45.56943130030612 -38.721036359300356 12
      vertex 45.56943130030612 -38.721036359300356 19
    endloop
  endfacet
  facet normal -0.45399049973955136 -0.8910065241883656 0
    outer loop
      vertex 45.56943130030612 -38.721036359300356 12
      vertex 45.7 -38.787564434701785 12
      vertex 45.7 -38.787564434701785 19
    endloop
  endfacet
  facet normal -0.5446390350150399 -0.8386705679454156 0
    outer loop
      vertex 45.7 -38.787564434701785 12
      vertex 45.822899353209465 -38.867376207875076 12
      vertex 45.822899353209465 -38.867376207875076 19
    endloop
  endfacet
  facet normal -0.6293203910498503 -0.7771459614569607 0
    outer loop
      vertex 45.822899353209465 -38.867376207875076 12
      vertex 45.936782848902396 -38.95959724433165 12
      vertex 45.936782848902396 -38.95959724433165 19
    endloop
  endfacet
  facet normal -0.7071067811865234 -0.7071067811865718 0
    outer loop
      vertex 45.936782848902396 -38.95959724433165 12
      vertex 46.04040275566835 -39.0632171510976 12
      vertex 46.04040275566835 -39.0632171510976 19
    endloop
  endfacet
  facet normal -0.7771459614569797 -0.6293203910498264 0
    outer loop
      vertex 46.04040275566835 -39.0632171510976 12
      vertex 46.132623792124924 -39.177100646790535 12
      vertex 46.132623792124924 -39.177100646790535 19
    endloop
  endfacet
  facet normal -0.8386705679454156 -0.5446390350150399 0
    outer loop
      vertex 46.132623792124924 -39.177100646790535 12
      vertex 46.212435565298215 -39.3 12
      vertex 46.212435565298215 -39.3 19
    endloop
  endfacet
  facet normal -0.8910065241883656 -0.45399049973955136 0
    outer loop
      vertex 46.212435565298215 -39.3 12
      vertex 46.278963640699644 -39.43056869969388 12
      vertex 46.278963640699644 -39.43056869969388 19
    endloop
  endfacet
  facet normal -0.933580426497209 -0.3583679495452818 0
    outer loop
      vertex 46.278963640699644 -39.43056869969388 12
      vertex 46.331479122813214 -39.56737620787507 12
      vertex 46.331479122813214 -39.56737620787507 19
    endloop
  endfacet
  facet normal -0.9659258262890729 -0.25881904510250336 0
    outer loop
      vertex 46.331479122813214 -39.56737620787507 12
      vertex 46.369406641027325 -39.70892363285514 12
      vertex 46.369406641027325 -39.70892363285514 19
    endloop
  endfacet
  facet normal -0.9876883405951313 -0.15643446504027064 0
    outer loop
      vertex 46.369406641027325 -39.70892363285514 12
      vertex 46.392330653515586 -39.85366015142529 12
      vertex 46.392330653515586 -39.85366015142529 19
    endloop
  endfacet
  facet normal -0.9986295347545755 -0.05233595624291295 0
    outer loop
      vertex 46.392330653515586 -39.85366015142529 12
      vertex 46.4 -40 12
      vertex 46.4 -40 19
    endloop
  endfacet
  facet normal 0 0 1
    outer loop
      vertex 43.787564434701785 -39.3 12
      vertex 43.787564434701785 -40.7 12
      vertex 43.867376207875076 -39.177100646790535 12
    endloop
  endfacet
  facet normal 0 0 1
    outer loop
      vertex 44.063217151097604 -38.95959724433165 12
      vertex 44.063217151097604 -41.04040275566835 12
      vertex 44.177100646790535 -38.867376207875076 12
    endloop
  endfacet
  facet normal 0 0 1
    outer loop
      vertex 43.867376207875076 -39.177100646790535 12
      vertex 43.867376207875076 -40.822899353209465 12
      vertex 43.95959724433165 -39.0632171510976 12
    endloop
  endfacet
  facet normal 0 0 1
    outer loop
      vertex 43.95959724433165 -39.0632171510976 12
      vertex 43.95959724433165 -40.9367828489024 12
      vertex 44.063217151097604 -38.95959724433165 12
    endloop
  endfacet
  facet normal 0 0 1
    outer loop
      vertex 43.721036359300356 -39.43056869969388 12
      vertex 43.668520877186786 -39.56737620787507 12
      vertex 43.668520877186786 -40.43262379212493 12
    endloop
  endfacet
  facet normal 0 0 1
    outer loop
      vertex 43.668520877186786 -39.56737620787507 12
      vertex 43.630593358972675 -39.70892363285514 12
      vertex 43.630593358972675 -40.29107636714486 12
    endloop
  endfacet
  facet normal 0 0 1
    outer loop
      vertex 43.787564434701785 -39.3 12
      vertex 43.721036359300356 -39.43056869969388 12
      vertex 43.721036359300356 -40.56943130030612 12
    endloop
  endfacet
  facet normal 0 0 1
    outer loop
      vertex 43.607669346484414 -39.85366015142529 12
      vertex 43.607669346484414 -40.14633984857471 12
      vertex 43.630593358972675 -39.70892363285514 12
    endloop
  endfacet
  facet normal 0 0 1
    outer loop
      vertex 44.177100646790535 -38.867376207875076 12
      vertex 44.177100646790535 -41.132623792124924 12
      vertex 44.3 -38.787564434701785 12
    endloop
  endfacet
  facet normal 0 0 1
    outer loop
      vertex 44.43056869969388 -38.721036359300356 12
      vertex 44.3 -38.787564434701785 12
      vertex 44.3 -41.212435565298215 12
    endloop
  endfacet
  facet normal 0 0 1
    outer loop
      vertex 44.43056869969388 -38.721036359300356 12
      vertex 44.43056869969388 -41.278963640699644 12
      vertex 44.56737620787507 -38.668520877186786 12
    endloop
  endfacet
  facet normal 0 0 1
    outer loop
      vertex 44.56737620787507 -38.668520877186786 12
      vertex 44.56737620787507 -41.331479122813214 12
      vertex 44.70892363285513 -38.630593358972675 12
    endloop
  endfacet
  facet normal 0 0 1
    outer loop
      vertex 44.70892363285513 -38.630593358972675 12
      vertex 44.70892363285513 -41.369406641027325 12
      vertex 44.85366015142529 -38.607669346484414 12
    endloop
  endfacet
  facet normal 0 0 1
    outer loop
      vertex 44.85366015142529 -38.607669346484414 12
      vertex 44.85366015142529 -41.392330653515586 12
      vertex 45 -38.6 12
    endloop
  endfacet
  facet normal 0 0 1
    outer loop
      vertex 45 -38.6 12
      vertex 45 -41.4 12
      vertex 45.14633984857471 -38.607669346484414 12
    endloop
  endfacet
  facet normal 0 0 1
    outer loop
      vertex 45.14633984857471 -38.607669346484414 12
      vertex 45.14633984857471 -41.392330653515586 12
      vertex 45.29107636714487 -38.630593358972675 12
    endloop
  endfacet
  facet normal 0 0 1
    outer loop
      vertex 45.29107636714487 -38.630593358972675 12
      vertex 45.29107636714487 -41.369406641027325 12
      vertex 45.43262379212493 -38.668520877186786 12
    endloop
  endfacet
  facet normal 0 0 1
    outer loop
      vertex 45.43262379212493 -38.668520877186786 12
      vertex 45.43262379212493 -41.331479122813214 12
      vertex 45.56943130030612 -38.721036359300356 12
    endloop
  endfacet
  facet normal 0 0 1
    outer loop
      vertex 45.56943130030612 -38.721036359300356 12
      vertex 45.56943130030612 -41.278963640699644 12
      vertex 45.7 -38.787564434701785 12
    endloop
  endfacet
  facet normal 0 0 1
    outer loop
      vertex 45.7 -38.787564434701785 12
      vertex 45.7 -41.212435565298215 12
      vertex 45.822899353209465 -38.867376207875076 12
    endloop
  endfacet
  facet normal 0 0 1
    outer loop
      vertex 45.822899353209465 -38.867376207875076 12
      vertex 45.822899353209465 -41.132623792124924 12
      vertex 45.936782848902396 -38.95959724433165 12
    endloop
  endfacet
  facet normal 0 0 1
    outer loop
      vertex 45.936782848902396 -38.95959724433165 12
      vertex 45.936782848902396 -41.04040275566835 12
      vertex 46.04040275566835 -39.0632171510976 12
    endloop
  endfacet
  facet normal 0 0 1
    outer loop
      vertex 46.04040275566835 -39.0632171510976 12
      vertex 46.04040275566835 -40.9367828489024 12
      vertex 46.132623792124924 -39.177100646790535 12
    endloop
  endfacet
  facet normal 0 0 1
    outer loop
      vertex 46.132623792124924 -39.177100646790535 12
      vertex 46.132623792124924 -40.822899353209465 12
      vertex 46.212435565298215 -39.3 12
    endloop
  endfacet
  facet normal 0 0 1
    outer loop
      vertex 46.212435565298215 -39.3 12
      vertex 46.212435565298215 -40.7 12
      vertex 46.278963640699644 -39.43056869969388 12
    endloop
  endfacet
  facet normal 0 0 1
    outer loop
      vertex 46.278963640699644 -39.43056869969388 12
      vertex 46.278963640699644 -40.56943130030612 12
      vertex 46.331479122813214 -39.56737620787507 12
    endloop
  endfacet
  facet normal 0 0 1
    outer loop
      vertex 46.331479122813214 -39.56737620787507 12
      vertex 46.331479122813214 -40.43262379212493 12
      vertex 46.369406641027325 -39.70892363285514 12
    endloop
  endfacet
  facet normal 0 0 1
    outer loop
      vertex 46.369406641027325 -39.70892363285514 12
      vertex 46.369406641027325 -40.29107636714486 12
      vertex 46.392330653515586 -39.85366015142529 12
    endloop
  endfacet
  facet normal 0.9986295347545755 0.05233595624291295 0
    outer loop
      vertex 43.607669346484414 -40.14633984857471 12
      vertex 43.6 -40 19
      vertex 43.607669346484414 -40.14633984857471 19
    endloop
  endfacet
  facet normal 0.9876883405951313 0.15643446504027064 0
    outer loop
      vertex 43.630593358972675 -40.29107636714486 12
      vertex 43.607669346484414 -40.14633984857471 19
      vertex 43.630593358972675 -40.29107636714486 19
    endloop
  endfacet
  facet normal 0.9659258262890729 0.25881904510250336 0
    outer loop
      vertex 43.668520877186786 -40.43262379212493 12
      vertex 43.630593358972675 -40.29107636714486 19
      vertex 43.668520877186786 -40.43262379212493 19
    endloop
  endfacet
  facet normal 0.933580426497209 0.3583679495452818 0
    outer loop
      vertex 43.721036359300356 -40.56943130030612 12
      vertex 43.668520877186786 -40.43262379212493 19
      vertex 43.721036359300356 -40.56943130030612 19
    endloop
  endfacet
  facet normal 0.8910065241883656 0.45399049973955136 0
    outer loop
      vertex 43.787564434701785 -40.7 12
      vertex 43.721036359300356 -40.56943130030612 19
      vertex 43.787564434701785 -40.7 19
    endloop
  endfacet
  facet normal 0.8386705679454156 0.5446390350150399 0
    outer loop
      vertex 43.867376207875076 -40.822899353209465 12
      vertex 43.787564434701785 -40.7 19
      vertex 43.867376207875076 -40.822899353209465 19
    endloop
  endfacet
  facet normal 0.7771459614569797 0.6293203910498264 0
    outer loop
      vertex 43.95959724433165 -40.9367828489024 12
      vertex 43.867376207875076 -40.822899353209465 19
      vertex 43.95959724433165 -40.9367828489024 19
    endloop
  endfacet
  facet normal 0.7071067811865234 0.7071067811865718 0
    outer loop
      vertex 44.063217151097604 -41.04040275566835 12
      vertex 43.95959724433165 -40.9367828489024 19
      vertex 44.063217151097604 -41.04040275566835 19
    endloop
  endfacet
  facet normal 0.6293203910498503 0.7771459614569607 0
    outer loop
      vertex 44.177100646790535 -41.132623792124924 12
      vertex 44.063217151097604 -41.04040275566835 19
      vertex 44.177100646790535 -41.132623792124924 19
    endloop
  endfacet
  facet normal 0.5446390350150399 0.8386705679454156 0
    outer loop
      vertex 44.3 -41.212435565298215 12
      vertex 44.177100646790535 -41.132623792124924 19
      vertex 44.3 -41.212435565298215 19
    endloop
  endfacet
  facet normal 0.45399049973955136 0.8910065241883656 0
    outer loop
      vertex 44.43056869969388 -41.278963640699644 12
      vertex 44.3 -41.212435565298215 19
      vertex 44.43056869969388 -41.278963640699644 19
    endloop
  endfacet
  facet normal 0.3583679495452818 0.933580426497209 0
    outer loop
      vertex 44.56737620787507 -41.331479122813214 12
      vertex 44.43056869969388 -41.278963640699644 19
      vertex 44.56737620787507 -41.331479122813214 19
    endloop
  endfacet
  facet normal 0.2588190451025155 0.9659258262890698 0
    outer loop
      vertex 44.70892363285513 -41.369406641027325 12
      vertex 44.56737620787507 -41.331479122813214 19
      vertex 44.70892363285513 -41.369406641027325 19
    endloop
  endfacet
  facet normal 0.15643446504026318 0.9876883405951326 0
    outer loop
      vertex 44.85366015142529 -41.392330653515586 12
      vertex 44.70892363285513 -41.369406641027325 19
      vertex 44.85366015142529 -41.392330653515586 19
    endloop
  endfacet
  facet normal 0.05233595624291295 0.9986295347545755 0
    outer loop
      vertex 45 -41.4 12
      vertex 44.85366015142529 -41.392330653515586 19
      vertex 45 -41.4 19
    endloop
  endfacet
  facet normal -0.05233595624291295 0.9986295347545755 0
    outer loop
      vertex 45.14633984857471 -41.392330653515586 12
      vertex 45 -41.4 19
      vertex 45.14633984857471 -41.392330653515586 19
    endloop
  endfacet
  facet normal -0.15643446504026318 0.9876883405951326 0
    outer loop
      vertex 45.29107636714487 -41.369406641027325 12
      vertex 45.14633984857471 -41.392330653515586 19
      vertex 45.29107636714487 -41.369406641027325 19
    endloop
  endfacet
  facet normal -0.9986295347545755 0.05233595624291295 0
    outer loop
      vertex 46.4 -40 12
      vertex 46.392330653515586 -40.14633984857471 19
      vertex 46.4 -40 19
    endloop
  endfacet
  facet normal -0.9876883405951313 0.15643446504027064 0
    outer loop
      vertex 46.392330653515586 -40.14633984857471 12
      vertex 46.369406641027325 -40.29107636714486 19
      vertex 46.392330653515586 -40.14633984857471 19
    endloop
  endfacet
  facet normal -0.9659258262890729 0.25881904510250336 0
    outer loop
      vertex 46.369406641027325 -40.29107636714486 12
      vertex 46.331479122813214 -40.43262379212493 19
      vertex 46.369406641027325 -40.29107636714486 19
    endloop
  endfacet
  facet normal -0.8910065241883656 0.45399049973955136 0
    outer loop
      vertex 46.278963640699644 -40.56943130030612 12
      vertex 46.212435565298215 -40.7 19
      vertex 46.278963640699644 -40.56943130030612 19
    endloop
  endfacet
  facet normal -0.933580426497209 0.3583679495452818 0
    outer loop
      vertex 46.331479122813214 -40.43262379212493 12
      vertex 46.278963640699644 -40.56943130030612 19
      vertex 46.331479122813214 -40.43262379212493 19
    endloop
  endfacet
  facet normal -0.8386705679454156 0.5446390350150399 0
    outer loop
      vertex 46.212435565298215 -40.7 12
      vertex 46.132623792124924 -40.822899353209465 19
      vertex 46.212435565298215 -40.7 19
    endloop
  endfacet
  facet normal -0.7771459614569797 0.6293203910498264 0
    outer loop
      vertex 46.132623792124924 -40.822899353209465 12
      vertex 46.04040275566835 -40.9367828489024 19
      vertex 46.132623792124924 -40.822899353209465 19
    endloop
  endfacet
  facet normal -0.5446390350150399 0.8386705679454156 0
    outer loop
      vertex 45.822899353209465 -41.132623792124924 12
      vertex 45.7 -41.212435565298215 19
      vertex 45.822899353209465 -41.132623792124924 19
    endloop
  endfacet
  facet normal -0.6293203910498503 0.7771459614569607 0
    outer loop
      vertex 45.936782848902396 -41.04040275566835 12
      vertex 45.822899353209465 -41.132623792124924 19
      vertex 45.936782848902396 -41.04040275566835 19
    endloop
  endfacet
  facet normal -0.45399049973955136 0.8910065241883656 0
    outer loop
      vertex 45.7 -41.212435565298215 12
      vertex 45.56943130030612 -41.278963640699644 19
      vertex 45.7 -41.212435565298215 19
    endloop
  endfacet
  facet normal -0.2588190451025155 0.9659258262890698 0
    outer loop
      vertex 45.43262379212493 -41.331479122813214 12
      vertex 45.29107636714487 -41.369406641027325 19
      vertex 45.43262379212493 -41.331479122813214 19
    endloop
  endfacet
  facet normal -0.3583679495452818 0.933580426497209 0
    outer loop
      vertex 45.56943130030612 -41.278963640699644 12
      vertex 45.43262379212493 -41.331479122813214 19
      vertex 45.56943130030612 -41.278963640699644 19
    endloop
  endfacet
  facet normal -0.7071067811865234 0.7071067811865718 0
    outer loop
      vertex 46.04040275566835 -40.9367828489024 12
      vertex 45.936782848902396 -41.04040275566835 19
      vertex 46.04040275566835 -40.9367828489024 19
    endloop
  endfacet
  facet normal 0.9986295347545755 0.05233595624291295 0
    outer loop
      vertex 43.6 -40 12
      vertex 43.6 -40 19
      vertex 43.607669346484414 -40.14633984857471 12
    endloop
  endfacet
  facet normal 0.9876883405951313 0.15643446504027064 0
    outer loop
      vertex 43.607669346484414 -40.14633984857471 12
      vertex 43.607669346484414 -40.14633984857471 19
      vertex 43.630593358972675 -40.29107636714486 12
    endloop
  endfacet
  facet normal 0.9659258262890729 0.25881904510250336 0
    outer loop
      vertex 43.630593358972675 -40.29107636714486 12
      vertex 43.630593358972675 -40.29107636714486 19
      vertex 43.668520877186786 -40.43262379212493 12
    endloop
  endfacet
  facet normal 0.933580426497209 0.3583679495452818 0
    outer loop
      vertex 43.668520877186786 -40.43262379212493 12
      vertex 43.668520877186786 -40.43262379212493 19
      vertex 43.721036359300356 -40.56943130030612 12
    endloop
  endfacet
  facet normal 0.8910065241883656 0.45399049973955136 0
    outer loop
      vertex 43.721036359300356 -40.56943130030612 12
      vertex 43.721036359300356 -40.56943130030612 19
      vertex 43.787564434701785 -40.7 12
    endloop
  endfacet
  facet normal 0.8386705679454156 0.5446390350150399 0
    outer loop
      vertex 43.787564434701785 -40.7 12
      vertex 43.787564434701785 -40.7 19
      vertex 43.867376207875076 -40.822899353209465 12
    endloop
  endfacet
  facet normal 0.7771459614569797 0.6293203910498264 0
    outer loop
      vertex 43.867376207875076 -40.822899353209465 12
      vertex 43.867376207875076 -40.822899353209465 19
      vertex 43.95959724433165 -40.9367828489024 12
    endloop
  endfacet
  facet normal 0.7071067811865234 0.7071067811865718 0
    outer loop
      vertex 43.95959724433165 -40.9367828489024 12
      vertex 43.95959724433165 -40.9367828489024 19
      vertex 44.063217151097604 -41.04040275566835 12
    endloop
  endfacet
  facet normal 0.6293203910498503 0.7771459614569607 0
    outer loop
      vertex 44.063217151097604 -41.04040275566835 12
      vertex 44.063217151097604 -41.04040275566835 19
      vertex 44.177100646790535 -41.132623792124924 12
    endloop
  endfacet
  facet normal 0.5446390350150399 0.8386705679454156 0
    outer loop
      vertex 44.177100646790535 -41.132623792124924 12
      vertex 44.177100646790535 -41.132623792124924 19
      vertex 44.3 -41.212435565298215 12
    endloop
  endfacet
  facet normal 0.45399049973955136 0.8910065241883656 0
    outer loop
      vertex 44.3 -41.212435565298215 12
      vertex 44.3 -41.212435565298215 19
      vertex 44.43056869969388 -41.278963640699644 12
    endloop
  endfacet
  facet normal 0.3583679495452818 0.933580426497209 0
    outer loop
      vertex 44.43056869969388 -41.278963640699644 12
      vertex 44.43056869969388 -41.278963640699644 19
      vertex 44.56737620787507 -41.331479122813214 12
    endloop
  endfacet
  facet normal 0.2588190451025155 0.9659258262890698 0
    outer loop
      vertex 44.56737620787507 -41.331479122813214 12
      vertex 44.56737620787507 -41.331479122813214 19
      vertex 44.70892363285513 -41.369406641027325 12
    endloop
  endfacet
  facet normal 0.15643446504026318 0.9876883405951326 0
    outer loop
      vertex 44.70892363285513 -41.369406641027325 12
      vertex 44.70892363285513 -41.369406641027325 19
      vertex 44.85366015142529 -41.392330653515586 12
    endloop
  endfacet
  facet normal 0.05233595624291295 0.9986295347545755 0
    outer loop
      vertex 44.85366015142529 -41.392330653515586 12
      vertex 44.85366015142529 -41.392330653515586 19
      vertex 45 -41.4 12
    endloop
  endfacet
  facet normal -0.05233595624291295 0.9986295347545755 0
    outer loop
      vertex 45 -41.4 12
      vertex 45 -41.4 19
      vertex 45.14633984857471 -41.392330653515586 12
    endloop
  endfacet
  facet normal -0.15643446504026318 0.9876883405951326 0
    outer loop
      vertex 45.14633984857471 -41.392330653515586 12
      vertex 45.14633984857471 -41.392330653515586 19
      vertex 45.29107636714487 -41.369406641027325 12
    endloop
  endfacet
  facet normal -0.2588190451025155 0.9659258262890698 0
    outer loop
      vertex 45.29107636714487 -41.369406641027325 12
      vertex 45.29107636714487 -41.369406641027325 19
      vertex 45.43262379212493 -41.331479122813214 12
    endloop
  endfacet
  facet normal -0.9986295347545755 0.05233595624291295 0
    outer loop
      vertex 46.4 -40 12
      vertex 46.392330653515586 -40.14633984857471 12
      vertex 46.392330653515586 -40.14633984857471 19
    endloop
  endfacet
  facet normal -0.9876883405951313 0.15643446504027064 0
    outer loop
      vertex 46.392330653515586 -40.14633984857471 12
      vertex 46.369406641027325 -40.29107636714486 12
      vertex 46.369406641027325 -40.29107636714486 19
    endloop
  endfacet
  facet normal -0.9659258262890729 0.25881904510250336 0
    outer loop
      vertex 46.369406641027325 -40.29107636714486 12
      vertex 46.331479122813214 -40.43262379212493 12
      vertex 46.331479122813214 -40.43262379212493 19
    endloop
  endfacet
  facet normal -0.8910065241883656 0.45399049973955136 0
    outer loop
      vertex 46.278963640699644 -40.56943130030612 12
      vertex 46.212435565298215 -40.7 12
      vertex 46.212435565298215 -40.7 19
    endloop
  endfacet
  facet normal -0.933580426497209 0.3583679495452818 0
    outer loop
      vertex 46.278963640699644 -40.56943130030612 12
      vertex 46.278963640699644 -40.56943130030612 19
      vertex 46.331479122813214 -40.43262379212493 12
    endloop
  endfacet
  facet normal -0.8386705679454156 0.5446390350150399 0
    outer loop
      vertex 46.132623792124924 -40.822899353209465 12
      vertex 46.132623792124924 -40.822899353209465 19
      vertex 46.212435565298215 -40.7 12
    endloop
  endfacet
  facet normal -0.7771459614569797 0.6293203910498264 0
    outer loop
      vertex 46.04040275566835 -40.9367828489024 12
      vertex 46.04040275566835 -40.9367828489024 19
      vertex 46.132623792124924 -40.822899353209465 12
    endloop
  endfacet
  facet normal -0.7071067811865234 0.7071067811865718 0
    outer loop
      vertex 45.936782848902396 -41.04040275566835 12
      vertex 45.936782848902396 -41.04040275566835 19
      vertex 46.04040275566835 -40.9367828489024 12
    endloop
  endfacet
  facet normal -0.6293203910498503 0.7771459614569607 0
    outer loop
      vertex 45.822899353209465 -41.132623792124924 12
      vertex 45.822899353209465 -41.132623792124924 19
      vertex 45.936782848902396 -41.04040275566835 12
    endloop
  endfacet
  facet normal -0.45399049973955136 0.8910065241883656 0
    outer loop
      vertex 45.56943130030612 -41.278963640699644 12
      vertex 45.56943130030612 -41.278963640699644 19
      vertex 45.7 -41.212435565298215 12
    endloop
  endfacet
  facet normal -0.3583679495452818 0.933580426497209 0
    outer loop
      vertex 45.43262379212493 -41.331479122813214 12
      vertex 45.43262379212493 -41.331479122813214 19
      vertex 45.56943130030612 -41.278963640699644 12
    endloop
  endfacet
  facet normal -0.5446390350150399 0.8386705679454156 0
    outer loop
      vertex 45.7 -41.212435565298215 12
      vertex 45.7 -41.212435565298215 19
      vertex 45.822899353209465 -41.132623792124924 12
    endloop
  endfacet
  facet normal 0 0 1
    outer loop
      vertex 43.607669346484414 -39.85366015142529 12
      vertex 43.6 -40 12
      vertex 43.607669346484414 -40.14633984857471 12
    endloop
  endfacet
  facet normal 0 0 1
    outer loop
      vertex 43.630593358972675 -39.70892363285514 12
      vertex 43.607669346484414 -40.14633984857471 12
      vertex 43.630593358972675 -40.29107636714486 12
    endloop
  endfacet
  facet normal 0 0 1
    outer loop
      vertex 43.668520877186786 -39.56737620787507 12
      vertex 43.630593358972675 -40.29107636714486 12
      vertex 43.668520877186786 -40.43262379212493 12
    endloop
  endfacet
  facet normal 0 0 1
    outer loop
      vertex 43.721036359300356 -39.43056869969388 12
      vertex 43.668520877186786 -40.43262379212493 12
      vertex 43.721036359300356 -40.56943130030612 12
    endloop
  endfacet
  facet normal 0 0 1
    outer loop
      vertex 43.787564434701785 -39.3 12
      vertex 43.721036359300356 -40.56943130030612 12
      vertex 43.787564434701785 -40.7 12
    endloop
  endfacet
  facet normal 0 0 1
    outer loop
      vertex 43.867376207875076 -39.177100646790535 12
      vertex 43.787564434701785 -40.7 12
      vertex 43.867376207875076 -40.822899353209465 12
    endloop
  endfacet
  facet normal 0 0 1
    outer loop
      vertex 43.95959724433165 -39.0632171510976 12
      vertex 43.867376207875076 -40.822899353209465 12
      vertex 43.95959724433165 -40.9367828489024 12
    endloop
  endfacet
  facet normal 0 0 1
    outer loop
      vertex 44.063217151097604 -38.95959724433165 12
      vertex 43.95959724433165 -40.9367828489024 12
      vertex 44.063217151097604 -41.04040275566835 12
    endloop
  endfacet
  facet normal 0 0 1
    outer loop
      vertex 44.177100646790535 -38.867376207875076 12
      vertex 44.063217151097604 -41.04040275566835 12
      vertex 44.177100646790535 -41.132623792124924 12
    endloop
  endfacet
  facet normal 0 0 1
    outer loop
      vertex 44.3 -38.787564434701785 12
      vertex 44.177100646790535 -41.132623792124924 12
      vertex 44.3 -41.212435565298215 12
    endloop
  endfacet
  facet normal 0 0 1
    outer loop
      vertex 44.43056869969388 -38.721036359300356 12
      vertex 44.3 -41.212435565298215 12
      vertex 44.43056869969388 -41.278963640699644 12
    endloop
  endfacet
  facet normal 0 0 1
    outer loop
      vertex 44.56737620787507 -38.668520877186786 12
      vertex 44.43056869969388 -41.278963640699644 12
      vertex 44.56737620787507 -41.331479122813214 12
    endloop
  endfacet
  facet normal 0 0 1
    outer loop
      vertex 44.70892363285513 -38.630593358972675 12
      vertex 44.56737620787507 -41.331479122813214 12
      vertex 44.70892363285513 -41.369406641027325 12
    endloop
  endfacet
  facet normal 0 0 1
    outer loop
      vertex 44.85366015142529 -38.607669346484414 12
      vertex 44.70892363285513 -41.369406641027325 12
      vertex 44.85366015142529 -41.392330653515586 12
    endloop
  endfacet
  facet normal 0 0 1
    outer loop
      vertex 45 -38.6 12
      vertex 44.85366015142529 -41.392330653515586 12
      vertex 45 -41.4 12
    endloop
  endfacet
  facet normal 0 0 1
    outer loop
      vertex 45.14633984857471 -38.607669346484414 12
      vertex 45 -41.4 12
      vertex 45.14633984857471 -41.392330653515586 12
    endloop
  endfacet
  facet normal 0 0 1
    outer loop
      vertex 45.29107636714487 -38.630593358972675 12
      vertex 45.14633984857471 -41.392330653515586 12
      vertex 45.29107636714487 -41.369406641027325 12
    endloop
  endfacet
  facet normal 0 0 1
    outer loop
      vertex 45.43262379212493 -38.668520877186786 12
      vertex 45.29107636714487 -41.369406641027325 12
      vertex 45.43262379212493 -41.331479122813214 12
    endloop
  endfacet
  facet normal 0 0 1
    outer loop
      vertex 45.56943130030612 -38.721036359300356 12
      vertex 45.43262379212493 -41.331479122813214 12
      vertex 45.56943130030612 -41.278963640699644 12
    endloop
  endfacet
  facet normal 0 0 1
    outer loop
      vertex 45.7 -38.787564434701785 12
      vertex 45.56943130030612 -41.278963640699644 12
      vertex 45.7 -41.212435565298215 12
    endloop
  endfacet
  facet normal 0 0 1
    outer loop
      vertex 45.822899353209465 -38.867376207875076 12
      vertex 45.7 -41.212435565298215 12
      vertex 45.822899353209465 -41.132623792124924 12
    endloop
  endfacet
  facet normal 0 0 1
    outer loop
      vertex 45.936782848902396 -38.95959724433165 12
      vertex 45.822899353209465 -41.132623792124924 12
      vertex 45.936782848902396 -41.04040275566835 12
    endloop
  endfacet
  facet normal 0 0 1
    outer loop
      vertex 46.278963640699644 -39.43056869969388 12
      vertex 46.212435565298215 -40.7 12
      vertex 46.278963640699644 -40.56943130030612 12
    endloop
  endfacet
  facet normal 0 0 1
    outer loop
      vertex 46.392330653515586 -39.85366015142529 12
      vertex 46.392330653515586 -40.14633984857471 12
      vertex 46.4 -40 12
    endloop
  endfacet
  facet normal 0 0 1
    outer loop
      vertex 46.392330653515586 -39.85366015142529 12
      vertex 46.369406641027325 -40.29107636714486 12
      vertex 46.392330653515586 -40.14633984857471 12
    endloop
  endfacet
  facet normal 0 0 1
    outer loop
      vertex 46.369406641027325 -39.70892363285514 12
      vertex 46.331479122813214 -40.43262379212493 12
      vertex 46.369406641027325 -40.29107636714486 12
    endloop
  endfacet
  facet normal 0 0 1
    outer loop
      vertex 46.331479122813214 -39.56737620787507 12
      vertex 46.278963640699644 -40.56943130030612 12
      vertex 46.331479122813214 -40.43262379212493 12
    endloop
  endfacet
  facet normal 0 0 1
    outer loop
      vertex 46.04040275566835 -39.0632171510976 12
      vertex 45.936782848902396 -41.04040275566835 12
      vertex 46.04040275566835 -40.9367828489024 12
    endloop
  endfacet
  facet normal 0 0 1
    outer loop
      vertex 46.132623792124924 -39.177100646790535 12
      vertex 46.04040275566835 -40.9367828489024 12
      vertex 46.132623792124924 -40.822899353209465 12
    endloop
  endfacet
  facet normal 0 0 1
    outer loop
      vertex 46.212435565298215 -39.3 12
      vertex 46.132623792124924 -40.822899353209465 12
      vertex 46.212435565298215 -40.7 12
    endloop
  endfacet
  facet normal 0.7071067811865354 -0.7071067811865597 0
    outer loop
      vertex -4.040402755668353 -39.0632171510976 12
      vertex -3.9367828489024 -38.95959724433165 19
      vertex -4.040402755668353 -39.0632171510976 19
    endloop
  endfacet
  facet normal 0.3583679495452736 -0.933580426497212 0
    outer loop
      vertex -3.569431300306121 -38.721036359300356 12
      vertex -3.432623792124925 -38.668520877186786 19
      vertex -3.569431300306121 -38.721036359300356 19
    endloop
  endfacet
  facet normal 0.2588190451025155 -0.9659258262890698 0
    outer loop
      vertex -3.432623792124925 -38.668520877186786 12
      vertex -3.291076367144864 -38.630593358972675 19
      vertex -3.432623792124925 -38.668520877186786 19
    endloop
  endfacet
  facet normal 0.45399049973956107 -0.8910065241883605 0
    outer loop
      vertex -3.6999999999999993 -38.787564434701785 12
      vertex -3.569431300306121 -38.721036359300356 19
      vertex -3.6999999999999993 -38.787564434701785 19
    endloop
  endfacet
  facet normal 0.6293203910498264 -0.7771459614569797 0
    outer loop
      vertex -3.9367828489024 -38.95959724433165 12
      vertex -3.8228993532094613 -38.867376207875076 19
      vertex -3.9367828489024 -38.95959724433165 19
    endloop
  endfacet
  facet normal 0.5446390350150399 -0.8386705679454156 0
    outer loop
      vertex -3.8228993532094613 -38.867376207875076 12
      vertex -3.6999999999999993 -38.787564434701785 19
      vertex -3.8228993532094613 -38.867376207875076 19
    endloop
  endfacet
  facet normal 0.7771459614569797 -0.6293203910498264 0
    outer loop
      vertex -4.1326237921249245 -39.177100646790535 12
      vertex -4.040402755668353 -39.0632171510976 19
      vertex -4.1326237921249245 -39.177100646790535 19
    endloop
  endfacet
  facet normal 0.8386705679454156 -0.5446390350150399 0
    outer loop
      vertex -4.212435565298215 -39.3 12
      vertex -4.1326237921249245 -39.177100646790535 19
      vertex -4.212435565298215 -39.3 19
    endloop
  endfacet
  facet normal 0.9335804264972009 -0.35836794954530293 0
    outer loop
      vertex -4.331479122813214 -39.56737620787507 12
      vertex -4.27896364069964 -39.43056869969388 19
      vertex -4.331479122813214 -39.56737620787507 19
    endloop
  endfacet
  facet normal 0.8910065241883754 -0.45399049973953215 0
    outer loop
      vertex -4.27896364069964 -39.43056869969388 12
      vertex -4.212435565298215 -39.3 19
      vertex -4.27896364069964 -39.43056869969388 19
    endloop
  endfacet
  facet normal 0.965925826289067 -0.258819045102526 0
    outer loop
      vertex -4.369406641027329 -39.70892363285514 12
      vertex -4.331479122813214 -39.56737620787507 19
      vertex -4.369406641027329 -39.70892363285514 19
    endloop
  endfacet
  facet normal 0.987688340595139 -0.15643446504022337 0
    outer loop
      vertex -4.392330653515582 -39.85366015142529 12
      vertex -4.369406641027329 -39.70892363285514 19
      vertex -4.392330653515582 -39.85366015142529 19
    endloop
  endfacet
  facet normal 0.9986295347545743 -0.052335956242937125 0
    outer loop
      vertex -4.399999999999999 -40 12
      vertex -4.392330653515582 -39.85366015142529 19
      vertex -4.399999999999999 -40 19
    endloop
  endfacet
  facet normal 0.15643446504027064 -0.9876883405951313 0
    outer loop
      vertex -3.291076367144864 -38.630593358972675 12
      vertex -3.1463398485747156 -38.607669346484414 19
      vertex -3.291076367144864 -38.630593358972675 19
    endloop
  endfacet
  facet normal 0.05233595624291168 -0.9986295347545756 0
    outer loop
      vertex -3.1463398485747156 -38.607669346484414 12
      vertex -3 -38.6 19
      vertex -3.1463398485747156 -38.607669346484414 19
    endloop
  endfacet
  facet normal -0.05233595624291168 -0.9986295347545756 0
    outer loop
      vertex -3 -38.6 12
      vertex -2.8536601514252844 -38.607669346484414 19
      vertex -3 -38.6 19
    endloop
  endfacet
  facet normal -0.15643446504027064 -0.9876883405951313 0
    outer loop
      vertex -2.8536601514252844 -38.607669346484414 12
      vertex -2.708923632855136 -38.630593358972675 19
      vertex -2.8536601514252844 -38.607669346484414 19
    endloop
  endfacet
  facet normal -0.2588190451025155 -0.9659258262890698 0
    outer loop
      vertex -2.708923632855136 -38.630593358972675 12
      vertex -2.567376207875075 -38.668520877186786 19
      vertex -2.708923632855136 -38.630593358972675 19
    endloop
  endfacet
  facet normal -0.3583679495452736 -0.933580426497212 0
    outer loop
      vertex -2.567376207875075 -38.668520877186786 12
      vertex -2.430568699693879 -38.721036359300356 19
      vertex -2.567376207875075 -38.668520877186786 19
    endloop
  endfacet
  facet normal -0.45399049973956107 -0.8910065241883605 0
    outer loop
      vertex -2.430568699693879 -38.721036359300356 12
      vertex -2.3000000000000007 -38.787564434701785 19
      vertex -2.430568699693879 -38.721036359300356 19
    endloop
  endfacet
  facet normal -0.5446390350150399 -0.8386705679454156 0
    outer loop
      vertex -2.3000000000000007 -38.787564434701785 12
      vertex -2.1771006467905387 -38.867376207875076 19
      vertex -2.3000000000000007 -38.787564434701785 19
    endloop
  endfacet
  facet normal -0.6293203910498264 -0.7771459614569797 0
    outer loop
      vertex -2.1771006467905387 -38.867376207875076 12
      vertex -2.0632171510976 -38.95959724433165 19
      vertex -2.1771006467905387 -38.867376207875076 19
    endloop
  endfacet
  facet normal -0.7071067811865354 -0.7071067811865597 0
    outer loop
      vertex -2.0632171510976 -38.95959724433165 12
      vertex -1.959597244331647 -39.0632171510976 19
      vertex -2.0632171510976 -38.95959724433165 19
    endloop
  endfacet
  facet normal -0.7771459614569797 -0.6293203910498264 0
    outer loop
      vertex -1.959597244331647 -39.0632171510976 12
      vertex -1.8673762078750755 -39.177100646790535 19
      vertex -1.959597244331647 -39.0632171510976 19
    endloop
  endfacet
  facet normal -0.8386705679454156 -0.5446390350150399 0
    outer loop
      vertex -1.8673762078750755 -39.177100646790535 12
      vertex -1.7875644347017854 -39.3 19
      vertex -1.8673762078750755 -39.177100646790535 19
    endloop
  endfacet
  facet normal -0.8910065241883754 -0.45399049973953215 0
    outer loop
      vertex -1.7875644347017854 -39.3 12
      vertex -1.72103635930036 -39.43056869969388 19
      vertex -1.7875644347017854 -39.3 19
    endloop
  endfacet
  facet normal -0.9335804264972009 -0.35836794954530293 0
    outer loop
      vertex -1.72103635930036 -39.43056869969388 12
      vertex -1.6685208771867863 -39.56737620787507 19
      vertex -1.72103635930036 -39.43056869969388 19
    endloop
  endfacet
  facet normal -0.965925826289067 -0.258819045102526 0
    outer loop
      vertex -1.6685208771867863 -39.56737620787507 12
      vertex -1.6305933589726713 -39.70892363285514 19
      vertex -1.6685208771867863 -39.56737620787507 19
    endloop
  endfacet
  facet normal -0.987688340595139 -0.15643446504022337 0
    outer loop
      vertex -1.6305933589726713 -39.70892363285514 12
      vertex -1.6076693464844176 -39.85366015142529 19
      vertex -1.6305933589726713 -39.70892363285514 19
    endloop
  endfacet
  facet normal -0.9986295347545743 -0.052335956242937125 0
    outer loop
      vertex -1.6076693464844176 -39.85366015142529 12
      vertex -1.6000000000000014 -40 19
      vertex -1.6076693464844176 -39.85366015142529 19
    endloop
  endfacet
  facet normal 0.5446390350150399 -0.8386705679454156 0
    outer loop
      vertex -3.8228993532094613 -38.867376207875076 12
      vertex -3.6999999999999993 -38.787564434701785 12
      vertex -3.6999999999999993 -38.787564434701785 19
    endloop
  endfacet
  facet normal 0.3583679495452736 -0.933580426497212 0
    outer loop
      vertex -3.569431300306121 -38.721036359300356 12
      vertex -3.432623792124925 -38.668520877186786 12
      vertex -3.432623792124925 -38.668520877186786 19
    endloop
  endfacet
  facet normal 0.45399049973956107 -0.8910065241883605 0
    outer loop
      vertex -3.6999999999999993 -38.787564434701785 12
      vertex -3.569431300306121 -38.721036359300356 12
      vertex -3.569431300306121 -38.721036359300356 19
    endloop
  endfacet
  facet normal 0.6293203910498264 -0.7771459614569797 0
    outer loop
      vertex -3.9367828489024 -38.95959724433165 12
      vertex -3.8228993532094613 -38.867376207875076 12
      vertex -3.8228993532094613 -38.867376207875076 19
    endloop
  endfacet
  facet normal 0.7071067811865354 -0.7071067811865597 0
    outer loop
      vertex -4.040402755668353 -39.0632171510976 12
      vertex -3.9367828489024 -38.95959724433165 12
      vertex -3.9367828489024 -38.95959724433165 19
    endloop
  endfacet
  facet normal 0.7771459614569797 -0.6293203910498264 0
    outer loop
      vertex -4.1326237921249245 -39.177100646790535 12
      vertex -4.040402755668353 -39.0632171510976 12
      vertex -4.040402755668353 -39.0632171510976 19
    endloop
  endfacet
  facet normal 0.8386705679454156 -0.5446390350150399 0
    outer loop
      vertex -4.212435565298215 -39.3 12
      vertex -4.1326237921249245 -39.177100646790535 12
      vertex -4.1326237921249245 -39.177100646790535 19
    endloop
  endfacet
  facet normal 0.9335804264972009 -0.35836794954530293 0
    outer loop
      vertex -4.331479122813214 -39.56737620787507 12
      vertex -4.27896364069964 -39.43056869969388 12
      vertex -4.27896364069964 -39.43056869969388 19
    endloop
  endfacet
  facet normal 0.8910065241883754 -0.45399049973953215 0
    outer loop
      vertex -4.212435565298215 -39.3 12
      vertex -4.212435565298215 -39.3 19
      vertex -4.27896364069964 -39.43056869969388 12
    endloop
  endfacet
  facet normal 0.965925826289067 -0.258819045102526 0
    outer loop
      vertex -4.331479122813214 -39.56737620787507 12
      vertex -4.331479122813214 -39.56737620787507 19
      vertex -4.369406641027329 -39.70892363285514 12
    endloop
  endfacet
  facet normal 0.987688340595139 -0.15643446504022337 0
    outer loop
      vertex -4.369406641027329 -39.70892363285514 12
      vertex -4.369406641027329 -39.70892363285514 19
      vertex -4.392330653515582 -39.85366015142529 12
    endloop
  endfacet
  facet normal 0.9986295347545743 -0.052335956242937125 0
    outer loop
      vertex -4.392330653515582 -39.85366015142529 12
      vertex -4.392330653515582 -39.85366015142529 19
      vertex -4.399999999999999 -40 12
    endloop
  endfacet
  facet normal 0.2588190451025155 -0.9659258262890698 0
    outer loop
      vertex -3.432623792124925 -38.668520877186786 12
      vertex -3.291076367144864 -38.630593358972675 12
      vertex -3.291076367144864 -38.630593358972675 19
    endloop
  endfacet
  facet normal 0.15643446504027064 -0.9876883405951313 0
    outer loop
      vertex -3.291076367144864 -38.630593358972675 12
      vertex -3.1463398485747156 -38.607669346484414 12
      vertex -3.1463398485747156 -38.607669346484414 19
    endloop
  endfacet
  facet normal 0.05233595624291168 -0.9986295347545756 0
    outer loop
      vertex -3.1463398485747156 -38.607669346484414 12
      vertex -3 -38.6 12
      vertex -3 -38.6 19
    endloop
  endfacet
  facet normal -0.05233595624291168 -0.9986295347545756 0
    outer loop
      vertex -3 -38.6 12
      vertex -2.8536601514252844 -38.607669346484414 12
      vertex -2.8536601514252844 -38.607669346484414 19
    endloop
  endfacet
  facet normal -0.15643446504027064 -0.9876883405951313 0
    outer loop
      vertex -2.8536601514252844 -38.607669346484414 12
      vertex -2.708923632855136 -38.630593358972675 12
      vertex -2.708923632855136 -38.630593358972675 19
    endloop
  endfacet
  facet normal -0.2588190451025155 -0.9659258262890698 0
    outer loop
      vertex -2.708923632855136 -38.630593358972675 12
      vertex -2.567376207875075 -38.668520877186786 12
      vertex -2.567376207875075 -38.668520877186786 19
    endloop
  endfacet
  facet normal -0.3583679495452736 -0.933580426497212 0
    outer loop
      vertex -2.567376207875075 -38.668520877186786 12
      vertex -2.430568699693879 -38.721036359300356 12
      vertex -2.430568699693879 -38.721036359300356 19
    endloop
  endfacet
  facet normal -0.45399049973956107 -0.8910065241883605 0
    outer loop
      vertex -2.430568699693879 -38.721036359300356 12
      vertex -2.3000000000000007 -38.787564434701785 12
      vertex -2.3000000000000007 -38.787564434701785 19
    endloop
  endfacet
  facet normal -0.5446390350150399 -0.8386705679454156 0
    outer loop
      vertex -2.3000000000000007 -38.787564434701785 12
      vertex -2.1771006467905387 -38.867376207875076 12
      vertex -2.1771006467905387 -38.867376207875076 19
    endloop
  endfacet
  facet normal -0.6293203910498264 -0.7771459614569797 0
    outer loop
      vertex -2.1771006467905387 -38.867376207875076 12
      vertex -2.0632171510976 -38.95959724433165 12
      vertex -2.0632171510976 -38.95959724433165 19
    endloop
  endfacet
  facet normal -0.7071067811865354 -0.7071067811865597 0
    outer loop
      vertex -2.0632171510976 -38.95959724433165 12
      vertex -1.959597244331647 -39.0632171510976 12
      vertex -1.959597244331647 -39.0632171510976 19
    endloop
  endfacet
  facet normal -0.7771459614569797 -0.6293203910498264 0
    outer loop
      vertex -1.959597244331647 -39.0632171510976 12
      vertex -1.8673762078750755 -39.177100646790535 12
      vertex -1.8673762078750755 -39.177100646790535 19
    endloop
  endfacet
  facet normal -0.8386705679454156 -0.5446390350150399 0
    outer loop
      vertex -1.8673762078750755 -39.177100646790535 12
      vertex -1.7875644347017854 -39.3 12
      vertex -1.7875644347017854 -39.3 19
    endloop
  endfacet
  facet normal -0.8910065241883754 -0.45399049973953215 0
    outer loop
      vertex -1.7875644347017854 -39.3 12
      vertex -1.72103635930036 -39.43056869969388 12
      vertex -1.72103635930036 -39.43056869969388 19
    endloop
  endfacet
  facet normal -0.9335804264972009 -0.35836794954530293 0
    outer loop
      vertex -1.72103635930036 -39.43056869969388 12
      vertex -1.6685208771867863 -39.56737620787507 12
      vertex -1.6685208771867863 -39.56737620787507 19
    endloop
  endfacet
  facet normal -0.965925826289067 -0.258819045102526 0
    outer loop
      vertex -1.6685208771867863 -39.56737620787507 12
      vertex -1.6305933589726713 -39.70892363285514 12
      vertex -1.6305933589726713 -39.70892363285514 19
    endloop
  endfacet
  facet normal -0.987688340595139 -0.15643446504022337 0
    outer loop
      vertex -1.6305933589726713 -39.70892363285514 12
      vertex -1.6076693464844176 -39.85366015142529 12
      vertex -1.6076693464844176 -39.85366015142529 19
    endloop
  endfacet
  facet normal -0.9986295347545743 -0.052335956242937125 0
    outer loop
      vertex -1.6076693464844176 -39.85366015142529 12
      vertex -1.6000000000000014 -40 12
      vertex -1.6000000000000014 -40 19
    endloop
  endfacet
  facet normal 0 0 1
    outer loop
      vertex -4.212435565298215 -39.3 12
      vertex -4.212435565298215 -40.7 12
      vertex -4.1326237921249245 -39.177100646790535 12
    endloop
  endfacet
  facet normal 0 0 1
    outer loop
      vertex -4.1326237921249245 -39.177100646790535 12
      vertex -4.1326237921249245 -40.822899353209465 12
      vertex -4.040402755668353 -39.0632171510976 12
    endloop
  endfacet
  facet normal 0 0 1
    outer loop
      vertex -4.040402755668353 -39.0632171510976 12
      vertex -4.040402755668353 -40.9367828489024 12
      vertex -3.9367828489024 -38.95959724433165 12
    endloop
  endfacet
  facet normal 0 0 1
    outer loop
      vertex -4.331479122813214 -39.56737620787507 12
      vertex -4.331479122813214 -40.43262379212493 12
      vertex -4.27896364069964 -39.43056869969388 12
    endloop
  endfacet
  facet normal 0 0 1
    outer loop
      vertex -4.331479122813214 -39.56737620787507 12
      vertex -4.369406641027329 -39.70892363285514 12
      vertex -4.369406641027329 -40.29107636714486 12
    endloop
  endfacet
  facet normal 0 0 1
    outer loop
      vertex -4.369406641027329 -39.70892363285514 12
      vertex -4.392330653515582 -39.85366015142529 12
      vertex -4.392330653515582 -40.14633984857471 12
    endloop
  endfacet
  facet normal 0 0 1
    outer loop
      vertex -4.212435565298215 -39.3 12
      vertex -4.27896364069964 -39.43056869969388 12
      vertex -4.27896364069964 -40.56943130030612 12
    endloop
  endfacet
  facet normal 0 0 1
    outer loop
      vertex -3.9367828489024 -38.95959724433165 12
      vertex -3.9367828489024 -41.04040275566835 12
      vertex -3.8228993532094613 -38.867376207875076 12
    endloop
  endfacet
  facet normal 0 0 1
    outer loop
      vertex -3.8228993532094613 -38.867376207875076 12
      vertex -3.8228993532094613 -41.132623792124924 12
      vertex -3.6999999999999993 -38.787564434701785 12
    endloop
  endfacet
  facet normal 0 0 1
    outer loop
      vertex -3.6999999999999993 -38.787564434701785 12
      vertex -3.6999999999999993 -41.212435565298215 12
      vertex -3.569431300306121 -38.721036359300356 12
    endloop
  endfacet
  facet normal 0 0 1
    outer loop
      vertex -3.569431300306121 -38.721036359300356 12
      vertex -3.569431300306121 -41.278963640699644 12
      vertex -3.432623792124925 -38.668520877186786 12
    endloop
  endfacet
  facet normal 0 0 1
    outer loop
      vertex -3.432623792124925 -38.668520877186786 12
      vertex -3.432623792124925 -41.331479122813214 12
      vertex -3.291076367144864 -38.630593358972675 12
    endloop
  endfacet
  facet normal 0 0 1
    outer loop
      vertex -3.291076367144864 -38.630593358972675 12
      vertex -3.291076367144864 -41.369406641027325 12
      vertex -3.1463398485747156 -38.607669346484414 12
    endloop
  endfacet
  facet normal 0 0 1
    outer loop
      vertex -3.1463398485747156 -38.607669346484414 12
      vertex -3.1463398485747156 -41.392330653515586 12
      vertex -3 -38.6 12
    endloop
  endfacet
  facet normal 0 0 1
    outer loop
      vertex -3 -38.6 12
      vertex -3 -41.4 12
      vertex -2.8536601514252844 -38.607669346484414 12
    endloop
  endfacet
  facet normal 0 0 1
    outer loop
      vertex -2.8536601514252844 -38.607669346484414 12
      vertex -2.8536601514252844 -41.392330653515586 12
      vertex -2.708923632855136 -38.630593358972675 12
    endloop
  endfacet
  facet normal 0 0 1
    outer loop
      vertex -2.708923632855136 -38.630593358972675 12
      vertex -2.708923632855136 -41.369406641027325 12
      vertex -2.567376207875075 -38.668520877186786 12
    endloop
  endfacet
  facet normal 0 0 1
    outer loop
      vertex -2.567376207875075 -38.668520877186786 12
      vertex -2.567376207875075 -41.331479122813214 12
      vertex -2.430568699693879 -38.721036359300356 12
    endloop
  endfacet
  facet normal 0 0 1
    outer loop
      vertex -2.430568699693879 -38.721036359300356 12
      vertex -2.430568699693879 -41.278963640699644 12
      vertex -2.3000000000000007 -38.787564434701785 12
    endloop
  endfacet
  facet normal 0 0 1
    outer loop
      vertex -2.3000000000000007 -38.787564434701785 12
      vertex -2.3000000000000007 -41.212435565298215 12
      vertex -2.1771006467905387 -38.867376207875076 12
    endloop
  endfacet
  facet normal 0 0 1
    outer loop
      vertex -2.1771006467905387 -38.867376207875076 12
      vertex -2.1771006467905387 -41.132623792124924 12
      vertex -2.0632171510976 -38.95959724433165 12
    endloop
  endfacet
  facet normal 0 0 1
    outer loop
      vertex -2.0632171510976 -38.95959724433165 12
      vertex -2.0632171510976 -41.04040275566835 12
      vertex -1.959597244331647 -39.0632171510976 12
    endloop
  endfacet
  facet normal 0 0 1
    outer loop
      vertex -1.959597244331647 -39.0632171510976 12
      vertex -1.959597244331647 -40.9367828489024 12
      vertex -1.8673762078750755 -39.177100646790535 12
    endloop
  endfacet
  facet normal 0 0 1
    outer loop
      vertex -1.8673762078750755 -39.177100646790535 12
      vertex -1.8673762078750755 -40.822899353209465 12
      vertex -1.7875644347017854 -39.3 12
    endloop
  endfacet
  facet normal 0 0 1
    outer loop
      vertex -1.7875644347017854 -39.3 12
      vertex -1.7875644347017854 -40.7 12
      vertex -1.72103635930036 -39.43056869969388 12
    endloop
  endfacet
  facet normal 0 0 1
    outer loop
      vertex -1.72103635930036 -39.43056869969388 12
      vertex -1.72103635930036 -40.56943130030612 12
      vertex -1.6685208771867863 -39.56737620787507 12
    endloop
  endfacet
  facet normal 0 0 1
    outer loop
      vertex -1.6685208771867863 -39.56737620787507 12
      vertex -1.6685208771867863 -40.43262379212493 12
      vertex -1.6305933589726713 -39.70892363285514 12
    endloop
  endfacet
  facet normal 0 0 1
    outer loop
      vertex -1.6305933589726713 -39.70892363285514 12
      vertex -1.6305933589726713 -40.29107636714486 12
      vertex -1.6076693464844176 -39.85366015142529 12
    endloop
  endfacet
  facet normal 0.9986295347545743 0.052335956242937125 0
    outer loop
      vertex -4.392330653515582 -40.14633984857471 12
      vertex -4.399999999999999 -40 19
      vertex -4.392330653515582 -40.14633984857471 19
    endloop
  endfacet
  facet normal 0.987688340595139 0.15643446504022337 0
    outer loop
      vertex -4.369406641027329 -40.29107636714486 12
      vertex -4.392330653515582 -40.14633984857471 19
      vertex -4.369406641027329 -40.29107636714486 19
    endloop
  endfacet
  facet normal 0.965925826289067 0.258819045102526 0
    outer loop
      vertex -4.331479122813214 -40.43262379212493 12
      vertex -4.369406641027329 -40.29107636714486 19
      vertex -4.331479122813214 -40.43262379212493 19
    endloop
  endfacet
  facet normal 0.9335804264972009 0.35836794954530293 0
    outer loop
      vertex -4.27896364069964 -40.56943130030612 12
      vertex -4.331479122813214 -40.43262379212493 19
      vertex -4.27896364069964 -40.56943130030612 19
    endloop
  endfacet
  facet normal 0.8910065241883754 0.45399049973953215 0
    outer loop
      vertex -4.212435565298215 -40.7 12
      vertex -4.27896364069964 -40.56943130030612 19
      vertex -4.212435565298215 -40.7 19
    endloop
  endfacet
  facet normal 0.8386705679454156 0.5446390350150399 0
    outer loop
      vertex -4.1326237921249245 -40.822899353209465 12
      vertex -4.212435565298215 -40.7 19
      vertex -4.1326237921249245 -40.822899353209465 19
    endloop
  endfacet
  facet normal 0.7771459614569797 0.6293203910498264 0
    outer loop
      vertex -4.040402755668353 -40.9367828489024 12
      vertex -4.1326237921249245 -40.822899353209465 19
      vertex -4.040402755668353 -40.9367828489024 19
    endloop
  endfacet
  facet normal 0.7071067811865354 0.7071067811865597 0
    outer loop
      vertex -3.9367828489024 -41.04040275566835 12
      vertex -4.040402755668353 -40.9367828489024 19
      vertex -3.9367828489024 -41.04040275566835 19
    endloop
  endfacet
  facet normal 0.6293203910498264 0.7771459614569797 0
    outer loop
      vertex -3.8228993532094613 -41.132623792124924 12
      vertex -3.9367828489024 -41.04040275566835 19
      vertex -3.8228993532094613 -41.132623792124924 19
    endloop
  endfacet
  facet normal 0.5446390350150399 0.8386705679454156 0
    outer loop
      vertex -3.6999999999999993 -41.212435565298215 12
      vertex -3.8228993532094613 -41.132623792124924 19
      vertex -3.6999999999999993 -41.212435565298215 19
    endloop
  endfacet
  facet normal 0.45399049973956107 0.8910065241883605 0
    outer loop
      vertex -3.569431300306121 -41.278963640699644 12
      vertex -3.6999999999999993 -41.212435565298215 19
      vertex -3.569431300306121 -41.278963640699644 19
    endloop
  endfacet
  facet normal 0.3583679495452736 0.933580426497212 0
    outer loop
      vertex -3.432623792124925 -41.331479122813214 12
      vertex -3.569431300306121 -41.278963640699644 19
      vertex -3.432623792124925 -41.331479122813214 19
    endloop
  endfacet
  facet normal -0.9986295347545743 0.052335956242937125 0
    outer loop
      vertex -1.6000000000000014 -40 12
      vertex -1.6076693464844176 -40.14633984857471 19
      vertex -1.6000000000000014 -40 19
    endloop
  endfacet
  facet normal -0.987688340595139 0.15643446504022337 0
    outer loop
      vertex -1.6076693464844176 -40.14633984857471 12
      vertex -1.6305933589726713 -40.29107636714486 19
      vertex -1.6076693464844176 -40.14633984857471 19
    endloop
  endfacet
  facet normal -0.965925826289067 0.258819045102526 0
    outer loop
      vertex -1.6305933589726713 -40.29107636714486 12
      vertex -1.6685208771867863 -40.43262379212493 19
      vertex -1.6305933589726713 -40.29107636714486 19
    endloop
  endfacet
  facet normal -0.9335804264972009 0.35836794954530293 0
    outer loop
      vertex -1.6685208771867863 -40.43262379212493 12
      vertex -1.72103635930036 -40.56943130030612 19
      vertex -1.6685208771867863 -40.43262379212493 19
    endloop
  endfacet
  facet normal -0.8910065241883754 0.45399049973953215 0
    outer loop
      vertex -1.72103635930036 -40.56943130030612 12
      vertex -1.7875644347017854 -40.7 19
      vertex -1.72103635930036 -40.56943130030612 19
    endloop
  endfacet
  facet normal -0.7771459614569797 0.6293203910498264 0
    outer loop
      vertex -1.8673762078750755 -40.822899353209465 12
      vertex -1.959597244331647 -40.9367828489024 19
      vertex -1.8673762078750755 -40.822899353209465 19
    endloop
  endfacet
  facet normal -0.8386705679454156 0.5446390350150399 0
    outer loop
      vertex -1.7875644347017854 -40.7 12
      vertex -1.8673762078750755 -40.822899353209465 19
      vertex -1.7875644347017854 -40.7 19
    endloop
  endfacet
  facet normal 0.2588190451025155 0.9659258262890698 0
    outer loop
      vertex -3.291076367144864 -41.369406641027325 12
      vertex -3.432623792124925 -41.331479122813214 19
      vertex -3.291076367144864 -41.369406641027325 19
    endloop
  endfacet
  facet normal 0.15643446504027064 0.9876883405951313 0
    outer loop
      vertex -3.1463398485747156 -41.392330653515586 12
      vertex -3.291076367144864 -41.369406641027325 19
      vertex -3.1463398485747156 -41.392330653515586 19
    endloop
  endfacet
  facet normal 0.05233595624291168 0.9986295347545756 0
    outer loop
      vertex -3 -41.4 12
      vertex -3.1463398485747156 -41.392330653515586 19
      vertex -3 -41.4 19
    endloop
  endfacet
  facet normal -0.05233595624291168 0.9986295347545756 0
    outer loop
      vertex -2.8536601514252844 -41.392330653515586 12
      vertex -3 -41.4 19
      vertex -2.8536601514252844 -41.392330653515586 19
    endloop
  endfacet
  facet normal -0.5446390350150399 0.8386705679454156 0
    outer loop
      vertex -2.1771006467905387 -41.132623792124924 12
      vertex -2.3000000000000007 -41.212435565298215 19
      vertex -2.1771006467905387 -41.132623792124924 19
    endloop
  endfacet
  facet normal -0.2588190451025155 0.9659258262890698 0
    outer loop
      vertex -2.567376207875075 -41.331479122813214 12
      vertex -2.708923632855136 -41.369406641027325 19
      vertex -2.567376207875075 -41.331479122813214 19
    endloop
  endfacet
  facet normal -0.15643446504027064 0.9876883405951313 0
    outer loop
      vertex -2.708923632855136 -41.369406641027325 12
      vertex -2.8536601514252844 -41.392330653515586 19
      vertex -2.708923632855136 -41.369406641027325 19
    endloop
  endfacet
  facet normal -0.3583679495452736 0.933580426497212 0
    outer loop
      vertex -2.430568699693879 -41.278963640699644 12
      vertex -2.567376207875075 -41.331479122813214 19
      vertex -2.430568699693879 -41.278963640699644 19
    endloop
  endfacet
  facet normal -0.45399049973956107 0.8910065241883605 0
    outer loop
      vertex -2.3000000000000007 -41.212435565298215 12
      vertex -2.430568699693879 -41.278963640699644 19
      vertex -2.3000000000000007 -41.212435565298215 19
    endloop
  endfacet
  facet normal -0.7071067811865354 0.7071067811865597 0
    outer loop
      vertex -1.959597244331647 -40.9367828489024 12
      vertex -2.0632171510976 -41.04040275566835 19
      vertex -1.959597244331647 -40.9367828489024 19
    endloop
  endfacet
  facet normal -0.6293203910498264 0.7771459614569797 0
    outer loop
      vertex -2.0632171510976 -41.04040275566835 12
      vertex -2.1771006467905387 -41.132623792124924 19
      vertex -2.0632171510976 -41.04040275566835 19
    endloop
  endfacet
  facet normal 0.9986295347545743 0.052335956242937125 0
    outer loop
      vertex -4.399999999999999 -40 12
      vertex -4.399999999999999 -40 19
      vertex -4.392330653515582 -40.14633984857471 12
    endloop
  endfacet
  facet normal 0.987688340595139 0.15643446504022337 0
    outer loop
      vertex -4.392330653515582 -40.14633984857471 12
      vertex -4.392330653515582 -40.14633984857471 19
      vertex -4.369406641027329 -40.29107636714486 12
    endloop
  endfacet
  facet normal 0.965925826289067 0.258819045102526 0
    outer loop
      vertex -4.369406641027329 -40.29107636714486 12
      vertex -4.369406641027329 -40.29107636714486 19
      vertex -4.331479122813214 -40.43262379212493 12
    endloop
  endfacet
  facet normal 0.9335804264972009 0.35836794954530293 0
    outer loop
      vertex -4.331479122813214 -40.43262379212493 12
      vertex -4.331479122813214 -40.43262379212493 19
      vertex -4.27896364069964 -40.56943130030612 12
    endloop
  endfacet
  facet normal 0.8910065241883754 0.45399049973953215 0
    outer loop
      vertex -4.27896364069964 -40.56943130030612 12
      vertex -4.27896364069964 -40.56943130030612 19
      vertex -4.212435565298215 -40.7 12
    endloop
  endfacet
  facet normal 0.8386705679454156 0.5446390350150399 0
    outer loop
      vertex -4.212435565298215 -40.7 12
      vertex -4.212435565298215 -40.7 19
      vertex -4.1326237921249245 -40.822899353209465 12
    endloop
  endfacet
  facet normal 0.7771459614569797 0.6293203910498264 0
    outer loop
      vertex -4.1326237921249245 -40.822899353209465 12
      vertex -4.1326237921249245 -40.822899353209465 19
      vertex -4.040402755668353 -40.9367828489024 12
    endloop
  endfacet
  facet normal 0.7071067811865354 0.7071067811865597 0
    outer loop
      vertex -4.040402755668353 -40.9367828489024 12
      vertex -4.040402755668353 -40.9367828489024 19
      vertex -3.9367828489024 -41.04040275566835 12
    endloop
  endfacet
  facet normal 0.6293203910498264 0.7771459614569797 0
    outer loop
      vertex -3.9367828489024 -41.04040275566835 12
      vertex -3.9367828489024 -41.04040275566835 19
      vertex -3.8228993532094613 -41.132623792124924 12
    endloop
  endfacet
  facet normal 0.5446390350150399 0.8386705679454156 0
    outer loop
      vertex -3.8228993532094613 -41.132623792124924 12
      vertex -3.8228993532094613 -41.132623792124924 19
      vertex -3.6999999999999993 -41.212435565298215 12
    endloop
  endfacet
  facet normal 0.45399049973956107 0.8910065241883605 0
    outer loop
      vertex -3.6999999999999993 -41.212435565298215 12
      vertex -3.6999999999999993 -41.212435565298215 19
      vertex -3.569431300306121 -41.278963640699644 12
    endloop
  endfacet
  facet normal 0.3583679495452736 0.933580426497212 0
    outer loop
      vertex -3.569431300306121 -41.278963640699644 12
      vertex -3.569431300306121 -41.278963640699644 19
      vertex -3.432623792124925 -41.331479122813214 12
    endloop
  endfacet
  facet normal 0.2588190451025155 0.9659258262890698 0
    outer loop
      vertex -3.432623792124925 -41.331479122813214 12
      vertex -3.432623792124925 -41.331479122813214 19
      vertex -3.291076367144864 -41.369406641027325 12
    endloop
  endfacet
  facet normal -0.9986295347545743 0.052335956242937125 0
    outer loop
      vertex -1.6000000000000014 -40 12
      vertex -1.6076693464844176 -40.14633984857471 12
      vertex -1.6076693464844176 -40.14633984857471 19
    endloop
  endfacet
  facet normal -0.987688340595139 0.15643446504022337 0
    outer loop
      vertex -1.6305933589726713 -40.29107636714486 12
      vertex -1.6305933589726713 -40.29107636714486 19
      vertex -1.6076693464844176 -40.14633984857471 12
    endloop
  endfacet
  facet normal -0.965925826289067 0.258819045102526 0
    outer loop
      vertex -1.6305933589726713 -40.29107636714486 12
      vertex -1.6685208771867863 -40.43262379212493 12
      vertex -1.6685208771867863 -40.43262379212493 19
    endloop
  endfacet
  facet normal -0.9335804264972009 0.35836794954530293 0
    outer loop
      vertex -1.6685208771867863 -40.43262379212493 12
      vertex -1.72103635930036 -40.56943130030612 12
      vertex -1.72103635930036 -40.56943130030612 19
    endloop
  endfacet
  facet normal -0.8910065241883754 0.45399049973953215 0
    outer loop
      vertex -1.72103635930036 -40.56943130030612 12
      vertex -1.7875644347017854 -40.7 12
      vertex -1.7875644347017854 -40.7 19
    endloop
  endfacet
  facet normal -0.7771459614569797 0.6293203910498264 0
    outer loop
      vertex -1.959597244331647 -40.9367828489024 12
      vertex -1.959597244331647 -40.9367828489024 19
      vertex -1.8673762078750755 -40.822899353209465 12
    endloop
  endfacet
  facet normal -0.8386705679454156 0.5446390350150399 0
    outer loop
      vertex -1.8673762078750755 -40.822899353209465 12
      vertex -1.8673762078750755 -40.822899353209465 19
      vertex -1.7875644347017854 -40.7 12
    endloop
  endfacet
  facet normal 0.15643446504027064 0.9876883405951313 0
    outer loop
      vertex -3.291076367144864 -41.369406641027325 12
      vertex -3.291076367144864 -41.369406641027325 19
      vertex -3.1463398485747156 -41.392330653515586 12
    endloop
  endfacet
  facet normal 0.05233595624291168 0.9986295347545756 0
    outer loop
      vertex -3.1463398485747156 -41.392330653515586 12
      vertex -3.1463398485747156 -41.392330653515586 19
      vertex -3 -41.4 12
    endloop
  endfacet
  facet normal -0.05233595624291168 0.9986295347545756 0
    outer loop
      vertex -3 -41.4 12
      vertex -3 -41.4 19
      vertex -2.8536601514252844 -41.392330653515586 12
    endloop
  endfacet
  facet normal -0.15643446504027064 0.9876883405951313 0
    outer loop
      vertex -2.8536601514252844 -41.392330653515586 12
      vertex -2.8536601514252844 -41.392330653515586 19
      vertex -2.708923632855136 -41.369406641027325 12
    endloop
  endfacet
  facet normal -0.2588190451025155 0.9659258262890698 0
    outer loop
      vertex -2.708923632855136 -41.369406641027325 12
      vertex -2.708923632855136 -41.369406641027325 19
      vertex -2.567376207875075 -41.331479122813214 12
    endloop
  endfacet
  facet normal -0.3583679495452736 0.933580426497212 0
    outer loop
      vertex -2.567376207875075 -41.331479122813214 12
      vertex -2.567376207875075 -41.331479122813214 19
      vertex -2.430568699693879 -41.278963640699644 12
    endloop
  endfacet
  facet normal -0.45399049973956107 0.8910065241883605 0
    outer loop
      vertex -2.3000000000000007 -41.212435565298215 12
      vertex -2.430568699693879 -41.278963640699644 12
      vertex -2.430568699693879 -41.278963640699644 19
    endloop
  endfacet
  facet normal -0.5446390350150399 0.8386705679454156 0
    outer loop
      vertex -2.3000000000000007 -41.212435565298215 12
      vertex -2.3000000000000007 -41.212435565298215 19
      vertex -2.1771006467905387 -41.132623792124924 12
    endloop
  endfacet
  facet normal -0.7071067811865354 0.7071067811865597 0
    outer loop
      vertex -2.0632171510976 -41.04040275566835 12
      vertex -2.0632171510976 -41.04040275566835 19
      vertex -1.959597244331647 -40.9367828489024 12
    endloop
  endfacet
  facet normal -0.6293203910498264 0.7771459614569797 0
    outer loop
      vertex -2.1771006467905387 -41.132623792124924 12
      vertex -2.1771006467905387 -41.132623792124924 19
      vertex -2.0632171510976 -41.04040275566835 12
    endloop
  endfacet
  facet normal 0 0 1
    outer loop
      vertex -4.392330653515582 -39.85366015142529 12
      vertex -4.399999999999999 -40 12
      vertex -4.392330653515582 -40.14633984857471 12
    endloop
  endfacet
  facet normal 0 0 1
    outer loop
      vertex -4.369406641027329 -39.70892363285514 12
      vertex -4.392330653515582 -40.14633984857471 12
      vertex -4.369406641027329 -40.29107636714486 12
    endloop
  endfacet
  facet normal 0 0 1
    outer loop
      vertex -4.331479122813214 -39.56737620787507 12
      vertex -4.369406641027329 -40.29107636714486 12
      vertex -4.331479122813214 -40.43262379212493 12
    endloop
  endfacet
  facet normal 0 0 1
    outer loop
      vertex -4.27896364069964 -39.43056869969388 12
      vertex -4.331479122813214 -40.43262379212493 12
      vertex -4.27896364069964 -40.56943130030612 12
    endloop
  endfacet
  facet normal 0 0 1
    outer loop
      vertex -4.212435565298215 -39.3 12
      vertex -4.27896364069964 -40.56943130030612 12
      vertex -4.212435565298215 -40.7 12
    endloop
  endfacet
  facet normal 0 0 1
    outer loop
      vertex -4.1326237921249245 -39.177100646790535 12
      vertex -4.212435565298215 -40.7 12
      vertex -4.1326237921249245 -40.822899353209465 12
    endloop
  endfacet
  facet normal 0 0 1
    outer loop
      vertex -4.040402755668353 -39.0632171510976 12
      vertex -4.1326237921249245 -40.822899353209465 12
      vertex -4.040402755668353 -40.9367828489024 12
    endloop
  endfacet
  facet normal 0 0 1
    outer loop
      vertex -3.9367828489024 -38.95959724433165 12
      vertex -4.040402755668353 -40.9367828489024 12
      vertex -3.9367828489024 -41.04040275566835 12
    endloop
  endfacet
  facet normal 0 0 1
    outer loop
      vertex -3.8228993532094613 -38.867376207875076 12
      vertex -3.9367828489024 -41.04040275566835 12
      vertex -3.8228993532094613 -41.132623792124924 12
    endloop
  endfacet
  facet normal 0 0 1
    outer loop
      vertex -3.6999999999999993 -38.787564434701785 12
      vertex -3.8228993532094613 -41.132623792124924 12
      vertex -3.6999999999999993 -41.212435565298215 12
    endloop
  endfacet
  facet normal 0 0 1
    outer loop
      vertex -3.569431300306121 -38.721036359300356 12
      vertex -3.6999999999999993 -41.212435565298215 12
      vertex -3.569431300306121 -41.278963640699644 12
    endloop
  endfacet
  facet normal 0 0 1
    outer loop
      vertex -3.432623792124925 -38.668520877186786 12
      vertex -3.569431300306121 -41.278963640699644 12
      vertex -3.432623792124925 -41.331479122813214 12
    endloop
  endfacet
  facet normal 0 0 1
    outer loop
      vertex -3.291076367144864 -38.630593358972675 12
      vertex -3.432623792124925 -41.331479122813214 12
      vertex -3.291076367144864 -41.369406641027325 12
    endloop
  endfacet
  facet normal 0 0 1
    outer loop
      vertex -3.1463398485747156 -38.607669346484414 12
      vertex -3.291076367144864 -41.369406641027325 12
      vertex -3.1463398485747156 -41.392330653515586 12
    endloop
  endfacet
  facet normal 0 0 1
    outer loop
      vertex -3 -38.6 12
      vertex -3.1463398485747156 -41.392330653515586 12
      vertex -3 -41.4 12
    endloop
  endfacet
  facet normal 0 0 1
    outer loop
      vertex -2.8536601514252844 -38.607669346484414 12
      vertex -3 -41.4 12
      vertex -2.8536601514252844 -41.392330653515586 12
    endloop
  endfacet
  facet normal 0 0 1
    outer loop
      vertex -2.708923632855136 -38.630593358972675 12
      vertex -2.8536601514252844 -41.392330653515586 12
      vertex -2.708923632855136 -41.369406641027325 12
    endloop
  endfacet
  facet normal 0 0 1
    outer loop
      vertex -2.567376207875075 -38.668520877186786 12
      vertex -2.708923632855136 -41.369406641027325 12
      vertex -2.567376207875075 -41.331479122813214 12
    endloop
  endfacet
  facet normal 0 0 1
    outer loop
      vertex -2.430568699693879 -38.721036359300356 12
      vertex -2.567376207875075 -41.331479122813214 12
      vertex -2.430568699693879 -41.278963640699644 12
    endloop
  endfacet
  facet normal 0 0 1
    outer loop
      vertex -2.3000000000000007 -38.787564434701785 12
      vertex -2.430568699693879 -41.278963640699644 12
      vertex -2.3000000000000007 -41.212435565298215 12
    endloop
  endfacet
  facet normal 0 0 1
    outer loop
      vertex -2.1771006467905387 -38.867376207875076 12
      vertex -2.3000000000000007 -41.212435565298215 12
      vertex -2.1771006467905387 -41.132623792124924 12
    endloop
  endfacet
  facet normal 0 0 1
    outer loop
      vertex -1.6076693464844176 -39.85366015142529 12
      vertex -1.6076693464844176 -40.14633984857471 12
      vertex -1.6000000000000014 -40 12
    endloop
  endfacet
  facet normal 0 0 1
    outer loop
      vertex -1.6076693464844176 -39.85366015142529 12
      vertex -1.6305933589726713 -40.29107636714486 12
      vertex -1.6076693464844176 -40.14633984857471 12
    endloop
  endfacet
  facet normal 0 0 1
    outer loop
      vertex -1.72103635930036 -39.43056869969388 12
      vertex -1.7875644347017854 -40.7 12
      vertex -1.72103635930036 -40.56943130030612 12
    endloop
  endfacet
  facet normal 0 0 1
    outer loop
      vertex -1.6305933589726713 -39.70892363285514 12
      vertex -1.6685208771867863 -40.43262379212493 12
      vertex -1.6305933589726713 -40.29107636714486 12
    endloop
  endfacet
  facet normal 0 0 1
    outer loop
      vertex -1.6685208771867863 -39.56737620787507 12
      vertex -1.72103635930036 -40.56943130030612 12
      vertex -1.6685208771867863 -40.43262379212493 12
    endloop
  endfacet
  facet normal 0 0 1
    outer loop
      vertex -1.959597244331647 -39.0632171510976 12
      vertex -2.0632171510976 -41.04040275566835 12
      vertex -1.959597244331647 -40.9367828489024 12
    endloop
  endfacet
  facet normal 0 0 1
    outer loop
      vertex -1.8673762078750755 -39.177100646790535 12
      vertex -1.959597244331647 -40.9367828489024 12
      vertex -1.8673762078750755 -40.822899353209465 12
    endloop
  endfacet
  facet normal 0 0 1
    outer loop
      vertex -2.0632171510976 -38.95959724433165 12
      vertex -2.1771006467905387 -41.132623792124924 12
      vertex -2.0632171510976 -41.04040275566835 12
    endloop
  endfacet
  facet normal 0 0 1
    outer loop
      vertex -1.7875644347017854 -39.3 12
      vertex -1.8673762078750755 -40.822899353209465 12
      vertex -1.7875644347017854 -40.7 12
    endloop
  endfacet
  facet normal -0.7071067811865475 -0.7071067811865475 0
    outer loop
      vertex 34.04040275566835 -39.0632171510976 8.127309633057996
      vertex 33.9367828489024 -38.95959724433165 7.999349704832298
      vertex 33.9367828489024 -38.95959724433165 0
    endloop
  endfacet
  facet normal -0.4539904997395447 -0.891006524188369 0
    outer loop
      vertex 33.56943130030612 -38.721036359300356 7.560748959089828
      vertex 33.56943130030612 -38.721036359300356 0
      vertex 33.633462033115705 -38.75366164721662 7.624779691899409
    endloop
  endfacet
  facet normal -0.45399049973955774 -0.8910065241883623 0
    outer loop
      vertex 33.7 -38.787564434701785 7.706947238006451
      vertex 33.633462033115705 -38.75366164721662 7.624779691899409
      vertex 33.7 -38.787564434701785 0
    endloop
  endfacet
  facet normal -0.54463903501504 -0.8386705679454156 0
    outer loop
      vertex 33.7 -38.787564434701785 7.706947238006451
      vertex 33.822899353209465 -38.867376207875076 0
      vertex 33.822899353209465 -38.867376207875076 7.858715299824816
    endloop
  endfacet
  facet normal -0.6293203910498265 -0.7771459614569799 0
    outer loop
      vertex 33.822899353209465 -38.867376207875076 7.858715299824816
      vertex 33.9367828489024 -38.95959724433165 0
      vertex 33.9367828489024 -38.95959724433165 7.999349704832298
    endloop
  endfacet
  facet normal -0.25881904510250336 -0.965925826289073 0
    outer loop
      vertex 33.29107636714486 -38.630593358972675 7.2823940259285695
      vertex 33.43262379212493 -38.668520877186786 0
      vertex 33.43262379212493 -38.668520877186786 7.423941450908634
    endloop
  endfacet
  facet normal -0.35836794954528184 -0.9335804264972088 0
    outer loop
      vertex 33.43262379212493 -38.668520877186786 7.423941450908634
      vertex 33.56943130030612 -38.721036359300356 0
      vertex 33.56943130030612 -38.721036359300356 7.560748959089828
    endloop
  endfacet
  facet normal -0.15643446504027067 -0.9876883405951314 0
    outer loop
      vertex 33.29107636714486 -38.630593358972675 7.2823940259285695
      vertex 33.14633984857471 -38.607669346484414 7.137657507358423
      vertex 33.29107636714486 -38.630593358972675 0
    endloop
  endfacet
  facet normal -0.8386705679454157 -0.54463903501504 0
    outer loop
      vertex 34.132623792124924 -39.177100646790535 8.241193128750936
      vertex 34.132623792124924 -39.177100646790535 0
      vertex 34.212435565298215 -39.3 8.339752460500652
    endloop
  endfacet
  facet normal -0.7771459614569797 -0.6293203910498265 0
    outer loop
      vertex 34.04040275566835 -39.0632171510976 8.127309633057996
      vertex 34.04040275566835 -39.0632171510976 0
      vertex 34.132623792124924 -39.177100646790535 8.241193128750936
    endloop
  endfacet
  facet normal -0.8910065241883656 -0.45399049973955136 0
    outer loop
      vertex 34.212435565298215 -39.3 8.339752460500652
      vertex 34.212435565298215 -39.3 0
      vertex 34.278963640699644 -39.43056869969388 8.421907791643623
    endloop
  endfacet
  facet normal -0.9335804264972088 -0.3583679495452817 0
    outer loop
      vertex 34.278963640699644 -39.43056869969388 8.421907791643623
      vertex 34.278963640699644 -39.43056869969388 0
      vertex 34.331479122813214 -39.56737620787507 8.486759011179743
    endloop
  endfacet
  facet normal -0.9659258262890729 -0.2588190451025033 0
    outer loop
      vertex 34.331479122813214 -39.56737620787507 8.486759011179743
      vertex 34.331479122813214 -39.56737620787507 0
      vertex 34.369406641027325 -39.70892363285514 8.533595595576783
    endloop
  endfacet
  facet normal -0.9876883405951313 -0.15643446504027067 0
    outer loop
      vertex 34.369406641027325 -39.70892363285514 8.533595595576783
      vertex 34.369406641027325 -39.70892363285514 0
      vertex 34.392330653515586 -39.85366015142529 8.5619043934149
    endloop
  endfacet
  facet normal -0.9986295347545756 -0.05233595624291295 0
    outer loop
      vertex 34.392330653515586 -39.85366015142529 8.5619043934149
      vertex 34.392330653515586 -39.85366015142529 0
      vertex 34.4 -40 8.571375247580992
    endloop
  endfacet
  facet normal -0.05233595624291295 -0.9986295347545755 0
    outer loop
      vertex 33 -38.6 6.991317658783707
      vertex 33.14633984857471 -38.607669346484414 0
      vertex 33.14633984857471 -38.607669346484414 7.137657507358423
    endloop
  endfacet
  facet normal 0.05233595624291296 -0.9986295347545755 0
    outer loop
      vertex 32.85366015142529 -38.607669346484414 6.8449778102089915
      vertex 33 -38.6 0
      vertex 33 -38.6 6.991317658783707
    endloop
  endfacet
  facet normal 0.15643446504027067 -0.9876883405951313 0
    outer loop
      vertex 32.70892363285514 -38.630593358972675 6.700241291638845
      vertex 32.85366015142529 -38.607669346484414 0
      vertex 32.85366015142529 -38.607669346484414 6.8449778102089915
    endloop
  endfacet
  facet normal 0.3583679495452818 -0.9335804264972088 0
    outer loop
      vertex 32.56737620787507 -38.668520877186786 6.55869386665878
      vertex 32.43056869969388 -38.721036359300356 6.421886358477586
      vertex 32.56737620787507 -38.668520877186786 0
    endloop
  endfacet
  facet normal 0.54463903501504 -0.8386705679454156 0
    outer loop
      vertex 32.177100646790535 -38.867376207875076 6.206103828493415
      vertex 32.3 -38.787564434701785 0
      vertex 32.3 -38.787564434701785 6.305625762412431
    endloop
  endfacet
  facet normal 0.4539904997396236 -0.8910065241883287 0
    outer loop
      vertex 32.375220308100594 -38.749237773405724 6.366537966884298
      vertex 32.43056869969388 -38.721036359300356 0
      vertex 32.43056869969388 -38.721036359300356 6.421886358477586
    endloop
  endfacet
  facet normal 0.4539904997394982 -0.8910065241883927 0
    outer loop
      vertex 32.375220308100594 -38.749237773405724 6.366537966884298
      vertex 32.3 -38.787564434701785 6.305625762412431
      vertex 32.3 -38.787564434701785 0
    endloop
  endfacet
  facet normal 0.25881904510250336 -0.965925826289073 0
    outer loop
      vertex 32.56737620787507 -38.668520877186786 6.55869386665878
      vertex 32.70892363285514 -38.630593358972675 0
      vertex 32.70892363285514 -38.630593358972675 6.700241291638845
    endloop
  endfacet
  facet normal 0.6293203910498265 -0.7771459614569798 0
    outer loop
      vertex 32.0632171510976 -38.95959724433165 6.11388279203684
      vertex 32.177100646790535 -38.867376207875076 0
      vertex 32.177100646790535 -38.867376207875076 6.206103828493415
    endloop
  endfacet
  facet normal 0.7071067811865476 -0.7071067811865476 0
    outer loop
      vertex 32.0632171510976 -38.95959724433165 6.11388279203684
      vertex 31.959597244331647 -39.0632171510976 6.02997304601662
      vertex 31.959597244331647 -39.0632171510976 0
    endloop
  endfacet
  facet normal 0.7771459614569798 -0.6293203910498264 0
    outer loop
      vertex 31.867376207875076 -39.177100646790535 5.955293923169391
      vertex 31.867376207875076 -39.177100646790535 0
      vertex 31.959597244331647 -39.0632171510976 6.02997304601662
    endloop
  endfacet
  facet normal 0.8386705679454157 -0.54463903501504 0
    outer loop
      vertex 31.787564434701785 -39.3 5.89066362359268
      vertex 31.787564434701785 -39.3 0
      vertex 31.867376207875076 -39.177100646790535 5.955293923169391
    endloop
  endfacet
  facet normal 0.8910065241883655 -0.45399049973955136 0
    outer loop
      vertex 31.787564434701785 -39.3 5.89066362359268
      vertex 31.721036359300356 -39.43056869969388 5.8367902503734115
      vertex 31.721036359300356 -39.43056869969388 0
    endloop
  endfacet
  facet normal 0.9335804264972088 -0.3583679495452817 0
    outer loop
      vertex 31.668520877186786 -39.56737620787507 5.794264051462301
      vertex 31.668520877186786 -39.56737620787507 0
      vertex 31.721036359300356 -39.43056869969388 5.8367902503734115
    endloop
  endfacet
  facet normal 0.965925826289067 -0.258819045102526 0
    outer loop
      vertex 31.668520877186786 -39.56737620787507 5.794264051462301
      vertex 31.63059335897267 -39.70892363285514 5.7635509527938
      vertex 31.63059335897267 -39.70892363285514 0
    endloop
  endfacet
  facet normal 0.9876883405951389 -0.15643446504022335 0
    outer loop
      vertex 31.607669346484418 -39.85366015142529 5.744987453504049
      vertex 31.607669346484418 -39.85366015142529 0
      vertex 31.63059335897267 -39.70892363285514 5.7635509527938
    endloop
  endfacet
  facet normal 0.9986295347545743 -0.052335956242937125 0
    outer loop
      vertex 31.607669346484418 -39.85366015142529 5.744987453504049
      vertex 31.6 -40 5.738776939175926
      vertex 31.6 -40 0
    endloop
  endfacet
  facet normal -0.7071067811865476 -0.7071067811865476 0
    outer loop
      vertex 34.04040275566835 -39.0632171510976 8.127309633057996
      vertex 33.9367828489024 -38.95959724433165 0
      vertex 34.04040275566835 -39.0632171510976 0
    endloop
  endfacet
  facet normal -0.45399049973955136 -0.8910065241883656 7.025275249546142e-17
    outer loop
      vertex 33.633462033115705 -38.75366164721662 7.624779691899409
      vertex 33.56943130030612 -38.721036359300356 0
      vertex 33.7 -38.787564434701785 0
    endloop
  endfacet
  facet normal -0.5446390350150399 -0.8386705679454156 0
    outer loop
      vertex 33.7 -38.787564434701785 7.706947238006451
      vertex 33.7 -38.787564434701785 0
      vertex 33.822899353209465 -38.867376207875076 0
    endloop
  endfacet
  facet normal -0.35836794954528184 -0.9335804264972088 0
    outer loop
      vertex 33.43262379212493 -38.668520877186786 7.423941450908634
      vertex 33.43262379212493 -38.668520877186786 0
      vertex 33.56943130030612 -38.721036359300356 0
    endloop
  endfacet
  facet normal -0.25881904510250336 -0.9659258262890729 0
    outer loop
      vertex 33.29107636714486 -38.630593358972675 7.2823940259285695
      vertex 33.29107636714486 -38.630593358972675 0
      vertex 33.43262379212493 -38.668520877186786 0
    endloop
  endfacet
  facet normal -0.15643446504027067 -0.9876883405951314 0
    outer loop
      vertex 33.14633984857471 -38.607669346484414 7.137657507358423
      vertex 33.14633984857471 -38.607669346484414 0
      vertex 33.29107636714486 -38.630593358972675 0
    endloop
  endfacet
  facet normal -0.6293203910498265 -0.7771459614569798 0
    outer loop
      vertex 33.822899353209465 -38.867376207875076 7.858715299824816
      vertex 33.822899353209465 -38.867376207875076 0
      vertex 33.9367828489024 -38.95959724433165 0
    endloop
  endfacet
  facet normal -0.7771459614569798 -0.6293203910498266 0
    outer loop
      vertex 34.132623792124924 -39.177100646790535 8.241193128750936
      vertex 34.04040275566835 -39.0632171510976 0
      vertex 34.132623792124924 -39.177100646790535 0
    endloop
  endfacet
  facet normal -0.8386705679454156 -0.5446390350150399 0
    outer loop
      vertex 34.212435565298215 -39.3 8.339752460500652
      vertex 34.132623792124924 -39.177100646790535 0
      vertex 34.212435565298215 -39.3 0
    endloop
  endfacet
  facet normal -0.9335804264972088 -0.3583679495452818 0
    outer loop
      vertex 34.331479122813214 -39.56737620787507 8.486759011179743
      vertex 34.278963640699644 -39.43056869969388 0
      vertex 34.331479122813214 -39.56737620787507 0
    endloop
  endfacet
  facet normal -0.8910065241883655 -0.45399049973955125 0
    outer loop
      vertex 34.278963640699644 -39.43056869969388 8.421907791643623
      vertex 34.212435565298215 -39.3 0
      vertex 34.278963640699644 -39.43056869969388 0
    endloop
  endfacet
  facet normal -0.9659258262890729 -0.25881904510250336 0
    outer loop
      vertex 34.369406641027325 -39.70892363285514 8.533595595576783
      vertex 34.331479122813214 -39.56737620787507 0
      vertex 34.369406641027325 -39.70892363285514 0
    endloop
  endfacet
  facet normal -0.9876883405951316 -0.15643446504027067 0
    outer loop
      vertex 34.392330653515586 -39.85366015142529 8.5619043934149
      vertex 34.369406641027325 -39.70892363285514 0
      vertex 34.392330653515586 -39.85366015142529 0
    endloop
  endfacet
  facet normal -0.9986295347545755 -0.05233595624291295 0
    outer loop
      vertex 34.4 -40 8.571375247580992
      vertex 34.392330653515586 -39.85366015142529 0
      vertex 34.4 -40 0
    endloop
  endfacet
  facet normal 0.3583679495452817 -0.933580426497209 0
    outer loop
      vertex 32.43056869969388 -38.721036359300356 6.421886358477586
      vertex 32.43056869969388 -38.721036359300356 0
      vertex 32.56737620787507 -38.668520877186786 0
    endloop
  endfacet
  facet normal 0.45399049973955136 -0.8910065241883656 -7.91167232411428e-16
    outer loop
      vertex 32.375220308100594 -38.749237773405724 6.366537966884298
      vertex 32.3 -38.787564434701785 0
      vertex 32.43056869969388 -38.721036359300356 0
    endloop
  endfacet
  facet normal 0.15643446504027067 -0.9876883405951314 0
    outer loop
      vertex 32.70892363285514 -38.630593358972675 6.700241291638845
      vertex 32.70892363285514 -38.630593358972675 0
      vertex 32.85366015142529 -38.607669346484414 0
    endloop
  endfacet
  facet normal -0.05233595624291294 -0.9986295347545755 0
    outer loop
      vertex 33 -38.6 6.991317658783707
      vertex 33 -38.6 0
      vertex 33.14633984857471 -38.607669346484414 0
    endloop
  endfacet
  facet normal 0.05233595624291295 -0.9986295347545755 0
    outer loop
      vertex 32.85366015142529 -38.607669346484414 6.8449778102089915
      vertex 32.85366015142529 -38.607669346484414 0
      vertex 33 -38.6 0
    endloop
  endfacet
  facet normal 0.25881904510250336 -0.9659258262890729 0
    outer loop
      vertex 32.56737620787507 -38.668520877186786 6.55869386665878
      vertex 32.56737620787507 -38.668520877186786 0
      vertex 32.70892363285514 -38.630593358972675 0
    endloop
  endfacet
  facet normal 0.6293203910498265 -0.7771459614569798 0
    outer loop
      vertex 32.0632171510976 -38.95959724433165 6.11388279203684
      vertex 32.0632171510976 -38.95959724433165 0
      vertex 32.177100646790535 -38.867376207875076 0
    endloop
  endfacet
  facet normal 0.5446390350150399 -0.8386705679454156 0
    outer loop
      vertex 32.177100646790535 -38.867376207875076 6.206103828493415
      vertex 32.177100646790535 -38.867376207875076 0
      vertex 32.3 -38.787564434701785 0
    endloop
  endfacet
  facet normal 0.7071067811865475 -0.7071067811865475 0
    outer loop
      vertex 32.0632171510976 -38.95959724433165 6.11388279203684
      vertex 31.959597244331647 -39.0632171510976 0
      vertex 32.0632171510976 -38.95959724433165 0
    endloop
  endfacet
  facet normal 0.7771459614569798 -0.6293203910498265 0
    outer loop
      vertex 31.959597244331647 -39.0632171510976 6.02997304601662
      vertex 31.867376207875076 -39.177100646790535 0
      vertex 31.959597244331647 -39.0632171510976 0
    endloop
  endfacet
  facet normal 0.8386705679454156 -0.54463903501504 0
    outer loop
      vertex 31.867376207875076 -39.177100646790535 5.955293923169391
      vertex 31.787564434701785 -39.3 0
      vertex 31.867376207875076 -39.177100646790535 0
    endloop
  endfacet
  facet normal 0.8910065241883656 -0.45399049973955136 0
    outer loop
      vertex 31.787564434701785 -39.3 5.89066362359268
      vertex 31.721036359300356 -39.43056869969388 0
      vertex 31.787564434701785 -39.3 0
    endloop
  endfacet
  facet normal 0.9335804264972088 -0.3583679495452817 0
    outer loop
      vertex 31.721036359300356 -39.43056869969388 5.8367902503734115
      vertex 31.668520877186786 -39.56737620787507 0
      vertex 31.721036359300356 -39.43056869969388 0
    endloop
  endfacet
  facet normal 0.9659258262890669 -0.25881904510252596 0
    outer loop
      vertex 31.668520877186786 -39.56737620787507 5.794264051462301
      vertex 31.63059335897267 -39.70892363285514 0
      vertex 31.668520877186786 -39.56737620787507 0
    endloop
  endfacet
  facet normal 0.987688340595139 -0.15643446504022337 0
    outer loop
      vertex 31.63059335897267 -39.70892363285514 5.7635509527938
      vertex 31.607669346484418 -39.85366015142529 0
      vertex 31.63059335897267 -39.70892363285514 0
    endloop
  endfacet
  facet normal 0.9986295347545743 -0.052335956242937125 0
    outer loop
      vertex 31.607669346484418 -39.85366015142529 5.744987453504049
      vertex 31.6 -40 0
      vertex 31.607669346484418 -39.85366015142529 0
    endloop
  endfacet
  facet normal -0.9986295347545755 0.052335956242912936 0
    outer loop
      vertex 34.392330653515586 -40.14633984857471 8.5619043934149
      vertex 34.4 -40 8.571375247580992
      vertex 34.4 -40 0
    endloop
  endfacet
  facet normal -0.9876883405951316 0.15643446504027067 0
    outer loop
      vertex 34.392330653515586 -40.14633984857471 8.5619043934149
      vertex 34.392330653515586 -40.14633984857471 0
      vertex 34.369406641027325 -40.29107636714486 8.533595595576783
    endloop
  endfacet
  facet normal -0.9659258262890729 0.25881904510250336 0
    outer loop
      vertex 34.369406641027325 -40.29107636714486 8.533595595576783
      vertex 34.369406641027325 -40.29107636714486 0
      vertex 34.331479122813214 -40.43262379212493 8.486759011179743
    endloop
  endfacet
  facet normal -0.9335804264972088 0.3583679495452818 0
    outer loop
      vertex 34.278963640699644 -40.56943130030612 8.421907791643623
      vertex 34.331479122813214 -40.43262379212493 8.486759011179743
      vertex 34.331479122813214 -40.43262379212493 0
    endloop
  endfacet
  facet normal -0.8910065241883655 0.45399049973955125 0
    outer loop
      vertex 34.278963640699644 -40.56943130030612 8.421907791643623
      vertex 34.278963640699644 -40.56943130030612 0
      vertex 34.212435565298215 -40.7 8.339752460500652
    endloop
  endfacet
  facet normal -0.8386705679454156 0.5446390350150399 0
    outer loop
      vertex 34.132623792124924 -40.822899353209465 8.241193128750936
      vertex 34.212435565298215 -40.7 8.339752460500652
      vertex 34.212435565298215 -40.7 0
    endloop
  endfacet
  facet normal -0.7771459614569798 0.6293203910498266 0
    outer loop
      vertex 34.04040275566835 -40.9367828489024 8.127309633057996
      vertex 34.132623792124924 -40.822899353209465 8.241193128750936
      vertex 34.132623792124924 -40.822899353209465 0
    endloop
  endfacet
  facet normal -0.7071067811865476 0.7071067811865476 0
    outer loop
      vertex 34.04040275566835 -40.9367828489024 8.127309633057996
      vertex 34.04040275566835 -40.9367828489024 0
      vertex 33.9367828489024 -41.04040275566835 7.999349704832298
    endloop
  endfacet
  facet normal -0.54463903501504 0.8386705679454156 0
    outer loop
      vertex 33.7 -41.212435565298215 7.706947238006451
      vertex 33.822899353209465 -41.132623792124924 7.858715299824816
      vertex 33.822899353209465 -41.132623792124924 0
    endloop
  endfacet
  facet normal -0.45399049973954475 0.8910065241883688 1.4201705508647072e-16
    outer loop
      vertex 33.633462033115705 -41.24633835278338 7.624779691899409
      vertex 33.7 -41.212435565298215 0
      vertex 33.56943130030612 -41.278963640699644 7.560748959089828
    endloop
  endfacet
  facet normal -0.45399049973955774 0.8910065241883623 0
    outer loop
      vertex 33.7 -41.212435565298215 7.706947238006451
      vertex 33.7 -41.212435565298215 0
      vertex 33.633462033115705 -41.24633835278338 7.624779691899409
    endloop
  endfacet
  facet normal -0.6293203910498265 0.7771459614569799 0
    outer loop
      vertex 33.822899353209465 -41.132623792124924 7.858715299824816
      vertex 33.9367828489024 -41.04040275566835 7.999349704832298
      vertex 33.9367828489024 -41.04040275566835 0
    endloop
  endfacet
  facet normal -0.25881904510250336 0.965925826289073 0
    outer loop
      vertex 33.29107636714486 -41.369406641027325 7.2823940259285695
      vertex 33.43262379212493 -41.331479122813214 7.423941450908634
      vertex 33.43262379212493 -41.331479122813214 0
    endloop
  endfacet
  facet normal -0.35836794954528184 0.9335804264972088 0
    outer loop
      vertex 33.43262379212493 -41.331479122813214 7.423941450908634
      vertex 33.56943130030612 -41.278963640699644 7.560748959089828
      vertex 33.56943130030612 -41.278963640699644 0
    endloop
  endfacet
  facet normal -0.15643446504027067 0.9876883405951314 0
    outer loop
      vertex 33.29107636714486 -41.369406641027325 7.2823940259285695
      vertex 33.29107636714486 -41.369406641027325 0
      vertex 33.14633984857471 -41.392330653515586 7.137657507358423
    endloop
  endfacet
  facet normal 0.9986295347545743 0.052335956242937125 0
    outer loop
      vertex 31.6 -40 5.738776939175926
      vertex 31.607669346484418 -40.14633984857471 5.744987453504049
      vertex 31.607669346484418 -40.14633984857471 0
    endloop
  endfacet
  facet normal 0.987688340595139 0.15643446504022335 0
    outer loop
      vertex 31.607669346484418 -40.14633984857471 5.744987453504049
      vertex 31.63059335897267 -40.29107636714486 5.7635509527938
      vertex 31.63059335897267 -40.29107636714486 0
    endloop
  endfacet
  facet normal 0.9659258262890669 0.25881904510252596 0
    outer loop
      vertex 31.63059335897267 -40.29107636714486 5.7635509527938
      vertex 31.668520877186786 -40.43262379212493 5.794264051462301
      vertex 31.668520877186786 -40.43262379212493 0
    endloop
  endfacet
  facet normal 0.9335804264972088 0.3583679495452817 0
    outer loop
      vertex 31.668520877186786 -40.43262379212493 5.794264051462301
      vertex 31.721036359300356 -40.56943130030612 5.8367902503734115
      vertex 31.721036359300356 -40.56943130030612 0
    endloop
  endfacet
  facet normal 0.8910065241883656 0.4539904997395513 0
    outer loop
      vertex 31.721036359300356 -40.56943130030612 5.8367902503734115
      vertex 31.787564434701785 -40.7 5.89066362359268
      vertex 31.787564434701785 -40.7 0
    endloop
  endfacet
  facet normal 0.8386705679454157 0.5446390350150399 0
    outer loop
      vertex 31.787564434701785 -40.7 5.89066362359268
      vertex 31.867376207875076 -40.822899353209465 5.955293923169391
      vertex 31.867376207875076 -40.822899353209465 0
    endloop
  endfacet
  facet normal 0.7771459614569798 0.6293203910498264 0
    outer loop
      vertex 31.867376207875076 -40.822899353209465 5.955293923169391
      vertex 31.959597244331647 -40.9367828489024 6.02997304601662
      vertex 31.959597244331647 -40.9367828489024 0
    endloop
  endfacet
  facet normal -0.05233595624291295 0.9986295347545755 0
    outer loop
      vertex 33 -41.4 6.991317658783707
      vertex 33.14633984857471 -41.392330653515586 7.137657507358423
      vertex 33.14633984857471 -41.392330653515586 0
    endloop
  endfacet
  facet normal 0.05233595624291296 0.9986295347545755 0
    outer loop
      vertex 32.85366015142529 -41.392330653515586 6.8449778102089915
      vertex 33 -41.4 6.991317658783707
      vertex 33 -41.4 0
    endloop
  endfacet
  facet normal 0.15643446504027067 0.9876883405951313 0
    outer loop
      vertex 32.70892363285514 -41.369406641027325 6.700241291638845
      vertex 32.85366015142529 -41.392330653515586 6.8449778102089915
      vertex 32.85366015142529 -41.392330653515586 0
    endloop
  endfacet
  facet normal 0.3583679495452818 0.9335804264972088 0
    outer loop
      vertex 32.56737620787507 -41.331479122813214 6.55869386665878
      vertex 32.56737620787507 -41.331479122813214 0
      vertex 32.43056869969388 -41.278963640699644 6.421886358477586
    endloop
  endfacet
  facet normal 0.54463903501504 0.8386705679454156 0
    outer loop
      vertex 32.177100646790535 -41.132623792124924 6.206103828493415
      vertex 32.3 -41.212435565298215 6.305625762412431
      vertex 32.3 -41.212435565298215 0
    endloop
  endfacet
  facet normal 0.4539904997396236 0.8910065241883287 0
    outer loop
      vertex 32.375220308100594 -41.250762226594276 6.366537966884298
      vertex 32.43056869969388 -41.278963640699644 6.421886358477586
      vertex 32.43056869969388 -41.278963640699644 0
    endloop
  endfacet
  facet normal 0.45399049973949895 0.8910065241883921 -1.3637210814902391e-15
    outer loop
      vertex 32.3 -41.212435565298215 6.305625762412431
      vertex 32.375220308100594 -41.250762226594276 6.366537966884298
      vertex 32.43056869969388 -41.278963640699644 0
    endloop
  endfacet
  facet normal 0.25881904510250336 0.965925826289073 0
    outer loop
      vertex 32.56737620787507 -41.331479122813214 6.55869386665878
      vertex 32.70892363285514 -41.369406641027325 6.700241291638845
      vertex 32.70892363285514 -41.369406641027325 0
    endloop
  endfacet
  facet normal 0.7071067811865475 0.7071067811865475 0
    outer loop
      vertex 31.959597244331647 -40.9367828489024 6.02997304601662
      vertex 32.0632171510976 -41.04040275566835 6.11388279203684
      vertex 32.0632171510976 -41.04040275566835 0
    endloop
  endfacet
  facet normal 0.6293203910498265 0.7771459614569798 0
    outer loop
      vertex 32.0632171510976 -41.04040275566835 6.11388279203684
      vertex 32.177100646790535 -41.132623792124924 6.206103828493415
      vertex 32.177100646790535 -41.132623792124924 0
    endloop
  endfacet
  facet normal -0.9986295347545756 0.05233595624291295 0
    outer loop
      vertex 34.392330653515586 -40.14633984857471 8.5619043934149
      vertex 34.4 -40 0
      vertex 34.392330653515586 -40.14633984857471 0
    endloop
  endfacet
  facet normal -0.9876883405951313 0.15643446504027067 0
    outer loop
      vertex 34.369406641027325 -40.29107636714486 8.533595595576783
      vertex 34.392330653515586 -40.14633984857471 0
      vertex 34.369406641027325 -40.29107636714486 0
    endloop
  endfacet
  facet normal -0.9659258262890729 0.2588190451025033 0
    outer loop
      vertex 34.331479122813214 -40.43262379212493 8.486759011179743
      vertex 34.369406641027325 -40.29107636714486 0
      vertex 34.331479122813214 -40.43262379212493 0
    endloop
  endfacet
  facet normal -0.9335804264972088 0.3583679495452817 0
    outer loop
      vertex 34.278963640699644 -40.56943130030612 8.421907791643623
      vertex 34.331479122813214 -40.43262379212493 0
      vertex 34.278963640699644 -40.56943130030612 0
    endloop
  endfacet
  facet normal -0.8910065241883656 0.45399049973955136 0
    outer loop
      vertex 34.212435565298215 -40.7 8.339752460500652
      vertex 34.278963640699644 -40.56943130030612 0
      vertex 34.212435565298215 -40.7 0
    endloop
  endfacet
  facet normal -0.7771459614569797 0.6293203910498265 0
    outer loop
      vertex 34.04040275566835 -40.9367828489024 8.127309633057996
      vertex 34.132623792124924 -40.822899353209465 0
      vertex 34.04040275566835 -40.9367828489024 0
    endloop
  endfacet
  facet normal -0.8386705679454157 0.54463903501504 0
    outer loop
      vertex 34.132623792124924 -40.822899353209465 8.241193128750936
      vertex 34.212435565298215 -40.7 0
      vertex 34.132623792124924 -40.822899353209465 0
    endloop
  endfacet
  facet normal -0.5446390350150399 0.8386705679454156 0
    outer loop
      vertex 33.7 -41.212435565298215 7.706947238006451
      vertex 33.822899353209465 -41.132623792124924 0
      vertex 33.7 -41.212435565298215 0
    endloop
  endfacet
  facet normal -0.35836794954528184 0.9335804264972088 0
    outer loop
      vertex 33.43262379212493 -41.331479122813214 7.423941450908634
      vertex 33.56943130030612 -41.278963640699644 0
      vertex 33.43262379212493 -41.331479122813214 0
    endloop
  endfacet
  facet normal -0.25881904510250336 0.9659258262890729 0
    outer loop
      vertex 33.29107636714486 -41.369406641027325 7.2823940259285695
      vertex 33.43262379212493 -41.331479122813214 0
      vertex 33.29107636714486 -41.369406641027325 0
    endloop
  endfacet
  facet normal -0.15643446504027067 0.9876883405951314 0
    outer loop
      vertex 33.14633984857471 -41.392330653515586 7.137657507358423
      vertex 33.29107636714486 -41.369406641027325 0
      vertex 33.14633984857471 -41.392330653515586 0
    endloop
  endfacet
  facet normal -0.45399049973955125 0.8910065241883655 0
    outer loop
      vertex 33.56943130030612 -41.278963640699644 7.560748959089828
      vertex 33.7 -41.212435565298215 0
      vertex 33.56943130030612 -41.278963640699644 0
    endloop
  endfacet
  facet normal -0.7071067811865475 0.7071067811865475 0
    outer loop
      vertex 33.9367828489024 -41.04040275566835 7.999349704832298
      vertex 34.04040275566835 -40.9367828489024 0
      vertex 33.9367828489024 -41.04040275566835 0
    endloop
  endfacet
  facet normal -0.6293203910498265 0.7771459614569798 0
    outer loop
      vertex 33.822899353209465 -41.132623792124924 7.858715299824816
      vertex 33.9367828489024 -41.04040275566835 0
      vertex 33.822899353209465 -41.132623792124924 0
    endloop
  endfacet
  facet normal 0.9986295347545743 0.052335956242937125 0
    outer loop
      vertex 31.6 -40 5.738776939175926
      vertex 31.607669346484418 -40.14633984857471 0
      vertex 31.6 -40 0
    endloop
  endfacet
  facet normal 0.9876883405951389 0.15643446504022335 0
    outer loop
      vertex 31.607669346484418 -40.14633984857471 5.744987453504049
      vertex 31.63059335897267 -40.29107636714486 0
      vertex 31.607669346484418 -40.14633984857471 0
    endloop
  endfacet
  facet normal 0.965925826289067 0.258819045102526 0
    outer loop
      vertex 31.63059335897267 -40.29107636714486 5.7635509527938
      vertex 31.668520877186786 -40.43262379212493 0
      vertex 31.63059335897267 -40.29107636714486 0
    endloop
  endfacet
  facet normal 0.9335804264972088 0.3583679495452817 0
    outer loop
      vertex 31.668520877186786 -40.43262379212493 5.794264051462301
      vertex 31.721036359300356 -40.56943130030612 0
      vertex 31.668520877186786 -40.43262379212493 0
    endloop
  endfacet
  facet normal 0.8910065241883656 0.4539904997395513 0
    outer loop
      vertex 31.721036359300356 -40.56943130030612 5.8367902503734115
      vertex 31.787564434701785 -40.7 0
      vertex 31.721036359300356 -40.56943130030612 0
    endloop
  endfacet
  facet normal 0.8386705679454157 0.54463903501504 0
    outer loop
      vertex 31.787564434701785 -40.7 5.89066362359268
      vertex 31.867376207875076 -40.822899353209465 0
      vertex 31.787564434701785 -40.7 0
    endloop
  endfacet
  facet normal 0.7771459614569798 0.6293203910498264 0
    outer loop
      vertex 31.867376207875076 -40.822899353209465 5.955293923169391
      vertex 31.959597244331647 -40.9367828489024 0
      vertex 31.867376207875076 -40.822899353209465 0
    endloop
  endfacet
  facet normal 0.45399049973955136 0.8910065241883656 0
    outer loop
      vertex 32.3 -41.212435565298215 6.305625762412431
      vertex 32.43056869969388 -41.278963640699644 0
      vertex 32.3 -41.212435565298215 0
    endloop
  endfacet
  facet normal 0.3583679495452817 0.933580426497209 0
    outer loop
      vertex 32.43056869969388 -41.278963640699644 6.421886358477586
      vertex 32.56737620787507 -41.331479122813214 0
      vertex 32.43056869969388 -41.278963640699644 0
    endloop
  endfacet
  facet normal 0.15643446504027067 0.9876883405951314 0
    outer loop
      vertex 32.70892363285514 -41.369406641027325 6.700241291638845
      vertex 32.85366015142529 -41.392330653515586 0
      vertex 32.70892363285514 -41.369406641027325 0
    endloop
  endfacet
  facet normal -0.05233595624291294 0.9986295347545755 0
    outer loop
      vertex 33 -41.4 6.991317658783707
      vertex 33.14633984857471 -41.392330653515586 0
      vertex 33 -41.4 0
    endloop
  endfacet
  facet normal 0.05233595624291295 0.9986295347545755 0
    outer loop
      vertex 32.85366015142529 -41.392330653515586 6.8449778102089915
      vertex 33 -41.4 0
      vertex 32.85366015142529 -41.392330653515586 0
    endloop
  endfacet
  facet normal 0.25881904510250336 0.9659258262890729 0
    outer loop
      vertex 32.56737620787507 -41.331479122813214 6.55869386665878
      vertex 32.70892363285514 -41.369406641027325 0
      vertex 32.56737620787507 -41.331479122813214 0
    endloop
  endfacet
  facet normal 0.7071067811865476 0.7071067811865476 0
    outer loop
      vertex 31.959597244331647 -40.9367828489024 6.02997304601662
      vertex 32.0632171510976 -41.04040275566835 0
      vertex 31.959597244331647 -40.9367828489024 0
    endloop
  endfacet
  facet normal 0.6293203910498265 0.7771459614569798 0
    outer loop
      vertex 32.0632171510976 -41.04040275566835 6.11388279203684
      vertex 32.177100646790535 -41.132623792124924 0
      vertex 32.0632171510976 -41.04040275566835 0
    endloop
  endfacet
  facet normal 0.5446390350150399 0.8386705679454156 0
    outer loop
      vertex 32.177100646790535 -41.132623792124924 6.206103828493415
      vertex 32.3 -41.212435565298215 0
      vertex 32.177100646790535 -41.132623792124924 0
    endloop
  endfacet
  facet normal 0.7071067811865476 -0.7071067811865476 0
    outer loop
      vertex 7.959597244331649 -39.0632171510976 8.127309633057996
      vertex 7.959597244331649 -39.0632171510976 0
      vertex 8.063217151097598 -38.95959724433165 7.999349704832298
    endloop
  endfacet
  facet normal 0.6293203910498265 -0.7771459614569798 0
    outer loop
      vertex 8.063217151097598 -38.95959724433165 7.999349704832298
      vertex 8.063217151097598 -38.95959724433165 0
      vertex 8.177100646790537 -38.867376207875076 7.858715299824816
    endloop
  endfacet
  facet normal 0.45399049973955774 -0.8910065241883623 0
    outer loop
      vertex 8.3 -38.787564434701785 7.706947238006451
      vertex 8.3 -38.787564434701785 0
      vertex 8.366537966884298 -38.75366164721662 7.624779691899409
    endloop
  endfacet
  facet normal 0.4539904997395646 -0.8910065241883588 -7.53239629187944e-17
    outer loop
      vertex 8.430568699693879 -38.721036359300356 7.560748959089828
      vertex 8.366537966884298 -38.75366164721662 7.624779691899409
      vertex 8.3 -38.787564434701785 0
    endloop
  endfacet
  facet normal 0.5446390350150343 -0.8386705679454192 0
    outer loop
      vertex 8.177100646790537 -38.867376207875076 7.858715299824816
      vertex 8.177100646790537 -38.867376207875076 0
      vertex 8.3 -38.787564434701785 7.706947238006451
    endloop
  endfacet
  facet normal 0.35836794954527773 -0.9335804264972104 0
    outer loop
      vertex 8.430568699693879 -38.721036359300356 7.560748959089828
      vertex 8.430568699693879 -38.721036359300356 0
      vertex 8.567376207875073 -38.668520877186786 7.423941450908634
    endloop
  endfacet
  facet normal 0.25881904510250947 -0.9659258262890714 0
    outer loop
      vertex 8.567376207875073 -38.668520877186786 7.423941450908634
      vertex 8.567376207875073 -38.668520877186786 0
      vertex 8.708923632855138 -38.630593358972675 7.2823940259285695
    endloop
  endfacet
  facet normal 0.15643446504027253 -0.9876883405951311 0
    outer loop
      vertex 8.708923632855138 -38.630593358972675 7.2823940259285695
      vertex 8.708923632855138 -38.630593358972675 0
      vertex 8.853660151425284 -38.607669346484414 7.137657507358423
    endloop
  endfacet
  facet normal 0.8386705679454213 -0.5446390350150314 0
    outer loop
      vertex 7.787564434701785 -39.3 8.339752460500652
      vertex 7.787564434701785 -39.3 0
      vertex 7.867376207875074 -39.177100646790535 8.241193128750936
    endloop
  endfacet
  facet normal 0.777145961456968 -0.6293203910498412 0
    outer loop
      vertex 7.867376207875074 -39.177100646790535 8.241193128750936
      vertex 7.867376207875074 -39.177100646790535 0
      vertex 7.959597244331649 -39.0632171510976 8.127309633057996
    endloop
  endfacet
  facet normal 0.8910065241883705 -0.45399049973954164 0
    outer loop
      vertex 7.787564434701785 -39.3 8.339752460500652
      vertex 7.721036359300358 -39.43056869969388 8.421907791643623
      vertex 7.721036359300358 -39.43056869969388 0
    endloop
  endfacet
  facet normal 0.9335804264972007 -0.3583679495453029 0
    outer loop
      vertex 7.6685208771867845 -39.56737620787507 8.486759011179743
      vertex 7.6685208771867845 -39.56737620787507 0
      vertex 7.721036359300358 -39.43056869969388 8.421907791643623
    endloop
  endfacet
  facet normal 0.9659258262890699 -0.2588190451025147 0
    outer loop
      vertex 7.6685208771867845 -39.56737620787507 8.486759011179743
      vertex 7.630593358972671 -39.70892363285514 8.533595595576783
      vertex 7.630593358972671 -39.70892363285514 0
    endloop
  endfacet
  facet normal 0.9876883405951389 -0.15643446504022337 0
    outer loop
      vertex 7.630593358972671 -39.70892363285514 8.533595595576783
      vertex 7.607669346484418 -39.85366015142529 8.5619043934149
      vertex 7.607669346484418 -39.85366015142529 0
    endloop
  endfacet
  facet normal 0.9986295347545735 -0.052335956242949205 0
    outer loop
      vertex 7.607669346484418 -39.85366015142529 8.5619043934149
      vertex 7.6 -40 8.571375247580992
      vertex 7.6 -40 0
    endloop
  endfacet
  facet normal 0.05233595624291168 -0.9986295347545756 0
    outer loop
      vertex 8.853660151425284 -38.607669346484414 7.137657507358423
      vertex 8.853660151425284 -38.607669346484414 0
      vertex 9 -38.6 6.991317658783707
    endloop
  endfacet
  facet normal -0.05233595624291169 -0.9986295347545756 0
    outer loop
      vertex 9 -38.6 6.991317658783707
      vertex 9 -38.6 0
      vertex 9.146339848574716 -38.607669346484414 6.8449778102089915
    endloop
  endfacet
  facet normal -0.15643446504027253 -0.9876883405951311 0
    outer loop
      vertex 9.146339848574716 -38.607669346484414 6.8449778102089915
      vertex 9.146339848574716 -38.607669346484414 0
      vertex 9.291076367144862 -38.630593358972675 6.700241291638845
    endloop
  endfacet
  facet normal -0.25881904510250947 -0.9659258262890713 0
    outer loop
      vertex 9.291076367144862 -38.630593358972675 6.700241291638845
      vertex 9.291076367144862 -38.630593358972675 0
      vertex 9.432623792124927 -38.668520877186786 6.55869386665878
    endloop
  endfacet
  facet normal -0.35836794954527773 -0.9335804264972104 0
    outer loop
      vertex 9.432623792124927 -38.668520877186786 6.55869386665878
      vertex 9.432623792124927 -38.668520877186786 0
      vertex 9.569431300306121 -38.721036359300356 6.421886358477586
    endloop
  endfacet
  facet normal -0.45399049973960043 -0.8910065241883405 0
    outer loop
      vertex 9.569431300306121 -38.721036359300356 6.421886358477586
      vertex 9.569431300306121 -38.721036359300356 0
      vertex 9.624779691899409 -38.749237773405724 6.366537966884298
    endloop
  endfacet
  facet normal -0.45399049973953265 -0.8910065241883751 -7.419540079083755e-16
    outer loop
      vertex 9.624779691899409 -38.749237773405724 6.366537966884298
      vertex 9.569431300306121 -38.721036359300356 0
      vertex 9.7 -38.787564434701785 6.305625762412431
    endloop
  endfacet
  facet normal -0.5446390350150344 -0.8386705679454193 0
    outer loop
      vertex 9.7 -38.787564434701785 6.305625762412431
      vertex 9.7 -38.787564434701785 0
      vertex 9.822899353209463 -38.867376207875076 6.206103828493415
    endloop
  endfacet
  facet normal -0.6293203910498265 -0.7771459614569798 0
    outer loop
      vertex 9.822899353209463 -38.867376207875076 6.206103828493415
      vertex 9.822899353209463 -38.867376207875076 0
      vertex 9.936782848902402 -38.95959724433165 6.11388279203684
    endloop
  endfacet
  facet normal -0.7071067811865475 -0.7071067811865475 0
    outer loop
      vertex 9.936782848902402 -38.95959724433165 6.11388279203684
      vertex 9.936782848902402 -38.95959724433165 0
      vertex 10.040402755668351 -39.0632171510976 6.02997304601662
    endloop
  endfacet
  facet normal -0.7771459614569679 -0.6293203910498412 0
    outer loop
      vertex 10.040402755668351 -39.0632171510976 6.02997304601662
      vertex 10.040402755668351 -39.0632171510976 0
      vertex 10.132623792124926 -39.177100646790535 5.955293923169391
    endloop
  endfacet
  facet normal -0.8386705679454212 -0.5446390350150314 0
    outer loop
      vertex 10.132623792124926 -39.177100646790535 5.955293923169391
      vertex 10.132623792124926 -39.177100646790535 0
      vertex 10.212435565298215 -39.3 5.89066362359268
    endloop
  endfacet
  facet normal -0.8910065241883705 -0.45399049973954175 0
    outer loop
      vertex 10.212435565298215 -39.3 5.89066362359268
      vertex 10.212435565298215 -39.3 0
      vertex 10.278963640699642 -39.43056869969388 5.8367902503734115
    endloop
  endfacet
  facet normal -0.9335804264972007 -0.3583679495453029 0
    outer loop
      vertex 10.278963640699642 -39.43056869969388 5.8367902503734115
      vertex 10.278963640699642 -39.43056869969388 0
      vertex 10.331479122813215 -39.56737620787507 5.794264051462301
    endloop
  endfacet
  facet normal -0.96592582628907 -0.2588190451025147 0
    outer loop
      vertex 10.331479122813215 -39.56737620787507 5.794264051462301
      vertex 10.331479122813215 -39.56737620787507 0
      vertex 10.369406641027329 -39.70892363285514 5.7635509527938
    endloop
  endfacet
  facet normal -0.987688340595139 -0.15643446504022337 0
    outer loop
      vertex 10.369406641027329 -39.70892363285514 5.7635509527938
      vertex 10.369406641027329 -39.70892363285514 0
      vertex 10.392330653515582 -39.85366015142529 5.744987453504049
    endloop
  endfacet
  facet normal -0.9986295347545736 -0.05233595624294921 0
    outer loop
      vertex 10.392330653515582 -39.85366015142529 5.744987453504049
      vertex 10.392330653515582 -39.85366015142529 0
      vertex 10.4 -40 5.738776939175926
    endloop
  endfacet
  facet normal 0.6293203910498265 -0.7771459614569798 0
    outer loop
      vertex 8.177100646790537 -38.867376207875076 7.858715299824816
      vertex 8.063217151097598 -38.95959724433165 0
      vertex 8.177100646790537 -38.867376207875076 0
    endloop
  endfacet
  facet normal 0.7071067811865475 -0.7071067811865475 0
    outer loop
      vertex 8.063217151097598 -38.95959724433165 7.999349704832298
      vertex 7.959597244331649 -39.0632171510976 0
      vertex 8.063217151097598 -38.95959724433165 0
    endloop
  endfacet
  facet normal 0.5446390350150344 -0.8386705679454193 0
    outer loop
      vertex 8.3 -38.787564434701785 7.706947238006451
      vertex 8.177100646790537 -38.867376207875076 0
      vertex 8.3 -38.787564434701785 0
    endloop
  endfacet
  facet normal 0.45399049973956107 -0.8910065241883605 0
    outer loop
      vertex 8.430568699693879 -38.721036359300356 7.560748959089828
      vertex 8.3 -38.787564434701785 0
      vertex 8.430568699693879 -38.721036359300356 0
    endloop
  endfacet
  facet normal 0.35836794954527773 -0.9335804264972105 0
    outer loop
      vertex 8.567376207875073 -38.668520877186786 7.423941450908634
      vertex 8.430568699693879 -38.721036359300356 0
      vertex 8.567376207875073 -38.668520877186786 0
    endloop
  endfacet
  facet normal 0.2588190451025094 -0.9659258262890713 0
    outer loop
      vertex 8.708923632855138 -38.630593358972675 7.2823940259285695
      vertex 8.567376207875073 -38.668520877186786 0
      vertex 8.708923632855138 -38.630593358972675 0
    endloop
  endfacet
  facet normal 0.15643446504027253 -0.9876883405951311 0
    outer loop
      vertex 8.853660151425284 -38.607669346484414 7.137657507358423
      vertex 8.708923632855138 -38.630593358972675 0
      vertex 8.853660151425284 -38.607669346484414 0
    endloop
  endfacet
  facet normal 0.8386705679454212 -0.5446390350150314 0
    outer loop
      vertex 7.867376207875074 -39.177100646790535 8.241193128750936
      vertex 7.787564434701785 -39.3 0
      vertex 7.867376207875074 -39.177100646790535 0
    endloop
  endfacet
  facet normal 0.777145961456968 -0.6293203910498412 0
    outer loop
      vertex 7.959597244331649 -39.0632171510976 8.127309633057996
      vertex 7.867376207875074 -39.177100646790535 0
      vertex 7.959597244331649 -39.0632171510976 0
    endloop
  endfacet
  facet normal 0.8910065241883705 -0.45399049973954164 0
    outer loop
      vertex 7.787564434701785 -39.3 8.339752460500652
      vertex 7.721036359300358 -39.43056869969388 0
      vertex 7.787564434701785 -39.3 0
    endloop
  endfacet
  facet normal 0.9335804264972007 -0.3583679495453029 0
    outer loop
      vertex 7.721036359300358 -39.43056869969388 8.421907791643623
      vertex 7.6685208771867845 -39.56737620787507 0
      vertex 7.721036359300358 -39.43056869969388 0
    endloop
  endfacet
  facet normal 0.96592582628907 -0.2588190451025147 0
    outer loop
      vertex 7.6685208771867845 -39.56737620787507 8.486759011179743
      vertex 7.630593358972671 -39.70892363285514 0
      vertex 7.6685208771867845 -39.56737620787507 0
    endloop
  endfacet
  facet normal 0.9876883405951389 -0.15643446504022337 0
    outer loop
      vertex 7.630593358972671 -39.70892363285514 8.533595595576783
      vertex 7.607669346484418 -39.85366015142529 0
      vertex 7.630593358972671 -39.70892363285514 0
    endloop
  endfacet
  facet normal 0.9986295347545736 -0.05233595624294921 0
    outer loop
      vertex 7.607669346484418 -39.85366015142529 8.5619043934149
      vertex 7.6 -40 0
      vertex 7.607669346484418 -39.85366015142529 0
    endloop
  endfacet
  facet normal 0.05233595624291169 -0.9986295347545756 0
    outer loop
      vertex 9 -38.6 6.991317658783707
      vertex 8.853660151425284 -38.607669346484414 0
      vertex 9 -38.6 0
    endloop
  endfacet
  facet normal -0.05233595624291167 -0.9986295347545755 0
    outer loop
      vertex 9.146339848574716 -38.607669346484414 6.8449778102089915
      vertex 9 -38.6 0
      vertex 9.146339848574716 -38.607669346484414 0
    endloop
  endfacet
  facet normal -0.15643446504027256 -0.9876883405951311 0
    outer loop
      vertex 9.291076367144862 -38.630593358972675 6.700241291638845
      vertex 9.146339848574716 -38.607669346484414 0
      vertex 9.291076367144862 -38.630593358972675 0
    endloop
  endfacet
  facet normal -0.2588190451025094 -0.9659258262890713 0
    outer loop
      vertex 9.432623792124927 -38.668520877186786 6.55869386665878
      vertex 9.291076367144862 -38.630593358972675 0
      vertex 9.432623792124927 -38.668520877186786 0
    endloop
  endfacet
  facet normal -0.35836794954527773 -0.9335804264972105 0
    outer loop
      vertex 9.569431300306121 -38.721036359300356 6.421886358477586
      vertex 9.432623792124927 -38.668520877186786 0
      vertex 9.569431300306121 -38.721036359300356 0
    endloop
  endfacet
  facet normal -0.4539904997395611 -0.8910065241883605 0
    outer loop
      vertex 9.7 -38.787564434701785 6.305625762412431
      vertex 9.569431300306121 -38.721036359300356 0
      vertex 9.7 -38.787564434701785 0
    endloop
  endfacet
  facet normal -0.5446390350150344 -0.8386705679454194 0
    outer loop
      vertex 9.822899353209463 -38.867376207875076 6.206103828493415
      vertex 9.7 -38.787564434701785 0
      vertex 9.822899353209463 -38.867376207875076 0
    endloop
  endfacet
  facet normal -0.6293203910498265 -0.7771459614569798 0
    outer loop
      vertex 9.936782848902402 -38.95959724433165 6.11388279203684
      vertex 9.822899353209463 -38.867376207875076 0
      vertex 9.936782848902402 -38.95959724433165 0
    endloop
  endfacet
  facet normal -0.7071067811865476 -0.7071067811865476 0
    outer loop
      vertex 10.040402755668351 -39.0632171510976 6.02997304601662
      vertex 9.936782848902402 -38.95959724433165 0
      vertex 10.040402755668351 -39.0632171510976 0
    endloop
  endfacet
  facet normal -0.7771459614569679 -0.6293203910498412 0
    outer loop
      vertex 10.132623792124926 -39.177100646790535 5.955293923169391
      vertex 10.040402755668351 -39.0632171510976 0
      vertex 10.132623792124926 -39.177100646790535 0
    endloop
  endfacet
  facet normal -0.8386705679454212 -0.5446390350150313 0
    outer loop
      vertex 10.212435565298215 -39.3 5.89066362359268
      vertex 10.132623792124926 -39.177100646790535 0
      vertex 10.212435565298215 -39.3 0
    endloop
  endfacet
  facet normal -0.8910065241883705 -0.4539904997395417 0
    outer loop
      vertex 10.278963640699642 -39.43056869969388 5.8367902503734115
      vertex 10.212435565298215 -39.3 0
      vertex 10.278963640699642 -39.43056869969388 0
    endloop
  endfacet
  facet normal -0.9335804264972007 -0.3583679495453029 0
    outer loop
      vertex 10.331479122813215 -39.56737620787507 5.794264051462301
      vertex 10.278963640699642 -39.43056869969388 0
      vertex 10.331479122813215 -39.56737620787507 0
    endloop
  endfacet
  facet normal -0.9659258262890699 -0.2588190451025147 0
    outer loop
      vertex 10.369406641027329 -39.70892363285514 5.7635509527938
      vertex 10.331479122813215 -39.56737620787507 0
      vertex 10.369406641027329 -39.70892363285514 0
    endloop
  endfacet
  facet normal -0.9876883405951389 -0.15643446504022335 0
    outer loop
      vertex 10.392330653515582 -39.85366015142529 5.744987453504049
      vertex 10.369406641027329 -39.70892363285514 0
      vertex 10.392330653515582 -39.85366015142529 0
    endloop
  endfacet
  facet normal -0.9986295347545736 -0.05233595624294921 0
    outer loop
      vertex 10.4 -40 5.738776939175926
      vertex 10.392330653515582 -39.85366015142529 0
      vertex 10.4 -40 0
    endloop
  endfacet
  facet normal 0.9986295347545736 0.05233595624294921 0
    outer loop
      vertex 7.6 -40 8.571375247580992
      vertex 7.607669346484418 -40.14633984857471 8.5619043934149
      vertex 7.607669346484418 -40.14633984857471 0
    endloop
  endfacet
  facet normal 0.9876883405951389 0.15643446504022335 0
    outer loop
      vertex 7.607669346484418 -40.14633984857471 8.5619043934149
      vertex 7.630593358972671 -40.29107636714486 8.533595595576783
      vertex 7.630593358972671 -40.29107636714486 0
    endloop
  endfacet
  facet normal 0.96592582628907 0.2588190451025147 0
    outer loop
      vertex 7.630593358972671 -40.29107636714486 8.533595595576783
      vertex 7.6685208771867845 -40.43262379212493 8.486759011179743
      vertex 7.6685208771867845 -40.43262379212493 0
    endloop
  endfacet
  facet normal 0.9335804264972007 0.3583679495453029 0
    outer loop
      vertex 7.6685208771867845 -40.43262379212493 8.486759011179743
      vertex 7.721036359300358 -40.56943130030612 8.421907791643623
      vertex 7.721036359300358 -40.56943130030612 0
    endloop
  endfacet
  facet normal 0.8910065241883705 0.45399049973954164 0
    outer loop
      vertex 7.721036359300358 -40.56943130030612 8.421907791643623
      vertex 7.787564434701785 -40.7 8.339752460500652
      vertex 7.787564434701785 -40.7 0
    endloop
  endfacet
  facet normal 0.8386705679454212 0.5446390350150313 0
    outer loop
      vertex 7.787564434701785 -40.7 8.339752460500652
      vertex 7.867376207875074 -40.822899353209465 8.241193128750936
      vertex 7.867376207875074 -40.822899353209465 0
    endloop
  endfacet
  facet normal 0.777145961456968 0.629320391049841 0
    outer loop
      vertex 7.867376207875074 -40.822899353209465 8.241193128750936
      vertex 7.959597244331649 -40.9367828489024 8.127309633057996
      vertex 7.959597244331649 -40.9367828489024 0
    endloop
  endfacet
  facet normal 0.7071067811865475 0.7071067811865475 0
    outer loop
      vertex 7.959597244331649 -40.9367828489024 8.127309633057996
      vertex 8.063217151097598 -41.04040275566835 7.999349704832298
      vertex 8.063217151097598 -41.04040275566835 0
    endloop
  endfacet
  facet normal 0.6293203910498265 0.7771459614569798 0
    outer loop
      vertex 8.063217151097598 -41.04040275566835 7.999349704832298
      vertex 8.177100646790537 -41.132623792124924 7.858715299824816
      vertex 8.063217151097598 -41.04040275566835 0
    endloop
  endfacet
  facet normal 0.5446390350150343 0.8386705679454192 0
    outer loop
      vertex 8.177100646790537 -41.132623792124924 7.858715299824816
      vertex 8.3 -41.212435565298215 7.706947238006451
      vertex 8.177100646790537 -41.132623792124924 0
    endloop
  endfacet
  facet normal 0.45399049973955774 0.8910065241883623 0
    outer loop
      vertex 8.3 -41.212435565298215 7.706947238006451
      vertex 8.366537966884298 -41.24633835278338 7.624779691899409
      vertex 8.3 -41.212435565298215 0
    endloop
  endfacet
  facet normal 0.4539904997395646 0.8910065241883587 0
    outer loop
      vertex 8.366537966884298 -41.24633835278338 7.624779691899409
      vertex 8.430568699693879 -41.278963640699644 7.560748959089828
      vertex 8.430568699693879 -41.278963640699644 0
    endloop
  endfacet
  facet normal 0.35836794954527773 0.9335804264972104 0
    outer loop
      vertex 8.430568699693879 -41.278963640699644 7.560748959089828
      vertex 8.567376207875073 -41.331479122813214 7.423941450908634
      vertex 8.430568699693879 -41.278963640699644 0
    endloop
  endfacet
  facet normal 0.25881904510250947 0.9659258262890714 0
    outer loop
      vertex 8.567376207875073 -41.331479122813214 7.423941450908634
      vertex 8.708923632855138 -41.369406641027325 7.2823940259285695
      vertex 8.567376207875073 -41.331479122813214 0
    endloop
  endfacet
  facet normal 0.15643446504027253 0.9876883405951311 0
    outer loop
      vertex 8.708923632855138 -41.369406641027325 7.2823940259285695
      vertex 8.853660151425284 -41.392330653515586 7.137657507358423
      vertex 8.708923632855138 -41.369406641027325 0
    endloop
  endfacet
  facet normal -0.9986295347545736 0.05233595624294921 0
    outer loop
      vertex 10.4 -40 5.738776939175926
      vertex 10.4 -40 0
      vertex 10.392330653515582 -40.14633984857471 5.744987453504049
    endloop
  endfacet
  facet normal -0.987688340595139 0.1564344650402234 0
    outer loop
      vertex 10.369406641027329 -40.29107636714486 5.7635509527938
      vertex 10.392330653515582 -40.14633984857471 5.744987453504049
      vertex 10.392330653515582 -40.14633984857471 0
    endloop
  endfacet
  facet normal -0.9659258262890699 0.2588190451025147 0
    outer loop
      vertex 10.369406641027329 -40.29107636714486 5.7635509527938
      vertex 10.369406641027329 -40.29107636714486 0
      vertex 10.331479122813215 -40.43262379212493 5.794264051462301
    endloop
  endfacet
  facet normal -0.9335804264972007 0.3583679495453029 0
    outer loop
      vertex 10.278963640699642 -40.56943130030612 5.8367902503734115
      vertex 10.331479122813215 -40.43262379212493 5.794264051462301
      vertex 10.331479122813215 -40.43262379212493 0
    endloop
  endfacet
  facet normal -0.8910065241883705 0.4539904997395417 0
    outer loop
      vertex 10.278963640699642 -40.56943130030612 5.8367902503734115
      vertex 10.278963640699642 -40.56943130030612 0
      vertex 10.212435565298215 -40.7 5.89066362359268
    endloop
  endfacet
  facet normal -0.8386705679454212 0.5446390350150314 0
    outer loop
      vertex 10.132623792124926 -40.822899353209465 5.955293923169391
      vertex 10.212435565298215 -40.7 5.89066362359268
      vertex 10.212435565298215 -40.7 0
    endloop
  endfacet
  facet normal -0.7771459614569679 0.6293203910498412 0
    outer loop
      vertex 10.040402755668351 -40.9367828489024 6.02997304601662
      vertex 10.132623792124926 -40.822899353209465 5.955293923169391
      vertex 10.132623792124926 -40.822899353209465 0
    endloop
  endfacet
  facet normal 0.05233595624291168 0.9986295347545756 0
    outer loop
      vertex 8.853660151425284 -41.392330653515586 7.137657507358423
      vertex 9 -41.4 6.991317658783707
      vertex 8.853660151425284 -41.392330653515586 0
    endloop
  endfacet
  facet normal -0.05233595624291169 0.9986295347545756 0
    outer loop
      vertex 9 -41.4 6.991317658783707
      vertex 9.146339848574716 -41.392330653515586 6.8449778102089915
      vertex 9 -41.4 0
    endloop
  endfacet
  facet normal -0.15643446504027253 0.9876883405951311 0
    outer loop
      vertex 9.146339848574716 -41.392330653515586 6.8449778102089915
      vertex 9.291076367144862 -41.369406641027325 6.700241291638845
      vertex 9.146339848574716 -41.392330653515586 0
    endloop
  endfacet
  facet normal -0.25881904510250947 0.9659258262890713 0
    outer loop
      vertex 9.291076367144862 -41.369406641027325 6.700241291638845
      vertex 9.432623792124927 -41.331479122813214 6.55869386665878
      vertex 9.291076367144862 -41.369406641027325 0
    endloop
  endfacet
  facet normal -0.35836794954527773 0.9335804264972104 0
    outer loop
      vertex 9.432623792124927 -41.331479122813214 6.55869386665878
      vertex 9.569431300306121 -41.278963640699644 6.421886358477586
      vertex 9.432623792124927 -41.331479122813214 0
    endloop
  endfacet
  facet normal -0.45399049973960043 0.8910065241883405 0
    outer loop
      vertex 9.569431300306121 -41.278963640699644 6.421886358477586
      vertex 9.624779691899409 -41.250762226594276 6.366537966884298
      vertex 9.569431300306121 -41.278963640699644 0
    endloop
  endfacet
  facet normal -0.45399049973953226 0.8910065241883753 0
    outer loop
      vertex 9.7 -41.212435565298215 6.305625762412431
      vertex 9.7 -41.212435565298215 0
      vertex 9.624779691899409 -41.250762226594276 6.366537966884298
    endloop
  endfacet
  facet normal -0.5446390350150344 0.8386705679454193 0
    outer loop
      vertex 9.7 -41.212435565298215 6.305625762412431
      vertex 9.822899353209463 -41.132623792124924 6.206103828493415
      vertex 9.7 -41.212435565298215 0
    endloop
  endfacet
  facet normal -0.7071067811865476 0.7071067811865476 0
    outer loop
      vertex 10.040402755668351 -40.9367828489024 6.02997304601662
      vertex 10.040402755668351 -40.9367828489024 0
      vertex 9.936782848902402 -41.04040275566835 6.11388279203684
    endloop
  endfacet
  facet normal -0.6293203910498265 0.7771459614569798 0
    outer loop
      vertex 9.822899353209463 -41.132623792124924 6.206103828493415
      vertex 9.936782848902402 -41.04040275566835 6.11388279203684
      vertex 9.822899353209463 -41.132623792124924 0
    endloop
  endfacet
  facet normal 0.9986295347545735 0.052335956242949205 0
    outer loop
      vertex 7.6 -40 8.571375247580992
      vertex 7.607669346484418 -40.14633984857471 0
      vertex 7.6 -40 0
    endloop
  endfacet
  facet normal 0.9876883405951389 0.15643446504022335 0
    outer loop
      vertex 7.607669346484418 -40.14633984857471 8.5619043934149
      vertex 7.630593358972671 -40.29107636714486 0
      vertex 7.607669346484418 -40.14633984857471 0
    endloop
  endfacet
  facet normal 0.9659258262890699 0.2588190451025147 0
    outer loop
      vertex 7.630593358972671 -40.29107636714486 8.533595595576783
      vertex 7.6685208771867845 -40.43262379212493 0
      vertex 7.630593358972671 -40.29107636714486 0
    endloop
  endfacet
  facet normal 0.9335804264972007 0.3583679495453029 0
    outer loop
      vertex 7.6685208771867845 -40.43262379212493 8.486759011179743
      vertex 7.721036359300358 -40.56943130030612 0
      vertex 7.6685208771867845 -40.43262379212493 0
    endloop
  endfacet
  facet normal 0.8910065241883705 0.45399049973954164 0
    outer loop
      vertex 7.721036359300358 -40.56943130030612 8.421907791643623
      vertex 7.787564434701785 -40.7 0
      vertex 7.721036359300358 -40.56943130030612 0
    endloop
  endfacet
  facet normal 0.8386705679454213 0.5446390350150314 0
    outer loop
      vertex 7.787564434701785 -40.7 8.339752460500652
      vertex 7.867376207875074 -40.822899353209465 0
      vertex 7.787564434701785 -40.7 0
    endloop
  endfacet
  facet normal 0.777145961456968 0.6293203910498412 0
    outer loop
      vertex 7.867376207875074 -40.822899353209465 8.241193128750936
      vertex 7.959597244331649 -40.9367828489024 0
      vertex 7.867376207875074 -40.822899353209465 0
    endloop
  endfacet
  facet normal 0.7071067811865476 0.7071067811865476 0
    outer loop
      vertex 7.959597244331649 -40.9367828489024 8.127309633057996
      vertex 8.063217151097598 -41.04040275566835 0
      vertex 7.959597244331649 -40.9367828489024 0
    endloop
  endfacet
  facet normal 0.6293203910498265 0.7771459614569798 0
    outer loop
      vertex 8.177100646790537 -41.132623792124924 7.858715299824816
      vertex 8.177100646790537 -41.132623792124924 0
      vertex 8.063217151097598 -41.04040275566835 0
    endloop
  endfacet
  facet normal 0.5446390350150344 0.8386705679454193 0
    outer loop
      vertex 8.3 -41.212435565298215 7.706947238006451
      vertex 8.3 -41.212435565298215 0
      vertex 8.177100646790537 -41.132623792124924 0
    endloop
  endfacet
  facet normal 0.4539904997395611 0.8910065241883605 -3.726112839538365e-17
    outer loop
      vertex 8.366537966884298 -41.24633835278338 7.624779691899409
      vertex 8.430568699693879 -41.278963640699644 0
      vertex 8.3 -41.212435565298215 0
    endloop
  endfacet
  facet normal 0.35836794954527773 0.9335804264972105 0
    outer loop
      vertex 8.567376207875073 -41.331479122813214 7.423941450908634
      vertex 8.567376207875073 -41.331479122813214 0
      vertex 8.430568699693879 -41.278963640699644 0
    endloop
  endfacet
  facet normal 0.2588190451025094 0.9659258262890713 0
    outer loop
      vertex 8.708923632855138 -41.369406641027325 7.2823940259285695
      vertex 8.708923632855138 -41.369406641027325 0
      vertex 8.567376207875073 -41.331479122813214 0
    endloop
  endfacet
  facet normal 0.15643446504027253 0.9876883405951311 0
    outer loop
      vertex 8.853660151425284 -41.392330653515586 7.137657507358423
      vertex 8.853660151425284 -41.392330653515586 0
      vertex 8.708923632855138 -41.369406641027325 0
    endloop
  endfacet
  facet normal -0.9986295347545736 0.05233595624294921 0
    outer loop
      vertex 10.392330653515582 -40.14633984857471 5.744987453504049
      vertex 10.4 -40 0
      vertex 10.392330653515582 -40.14633984857471 0
    endloop
  endfacet
  facet normal -0.96592582628907 0.2588190451025147 0
    outer loop
      vertex 10.331479122813215 -40.43262379212493 5.794264051462301
      vertex 10.369406641027329 -40.29107636714486 0
      vertex 10.331479122813215 -40.43262379212493 0
    endloop
  endfacet
  facet normal -0.987688340595139 0.15643446504022337 0
    outer loop
      vertex 10.369406641027329 -40.29107636714486 5.7635509527938
      vertex 10.392330653515582 -40.14633984857471 0
      vertex 10.369406641027329 -40.29107636714486 0
    endloop
  endfacet
  facet normal -0.9335804264972007 0.3583679495453029 0
    outer loop
      vertex 10.278963640699642 -40.56943130030612 5.8367902503734115
      vertex 10.331479122813215 -40.43262379212493 0
      vertex 10.278963640699642 -40.56943130030612 0
    endloop
  endfacet
  facet normal -0.8910065241883705 0.45399049973954175 0
    outer loop
      vertex 10.212435565298215 -40.7 5.89066362359268
      vertex 10.278963640699642 -40.56943130030612 0
      vertex 10.212435565298215 -40.7 0
    endloop
  endfacet
  facet normal -0.8386705679454212 0.5446390350150314 0
    outer loop
      vertex 10.132623792124926 -40.822899353209465 5.955293923169391
      vertex 10.212435565298215 -40.7 0
      vertex 10.132623792124926 -40.822899353209465 0
    endloop
  endfacet
  facet normal -0.7771459614569679 0.6293203910498412 0
    outer loop
      vertex 10.040402755668351 -40.9367828489024 6.02997304601662
      vertex 10.132623792124926 -40.822899353209465 0
      vertex 10.040402755668351 -40.9367828489024 0
    endloop
  endfacet
  facet normal 0.05233595624291169 0.9986295347545756 0
    outer loop
      vertex 9 -41.4 6.991317658783707
      vertex 9 -41.4 0
      vertex 8.853660151425284 -41.392330653515586 0
    endloop
  endfacet
  facet normal -0.05233595624291167 0.9986295347545755 0
    outer loop
      vertex 9.146339848574716 -41.392330653515586 6.8449778102089915
      vertex 9.146339848574716 -41.392330653515586 0
      vertex 9 -41.4 0
    endloop
  endfacet
  facet normal -0.15643446504027256 0.9876883405951311 0
    outer loop
      vertex 9.291076367144862 -41.369406641027325 6.700241291638845
      vertex 9.291076367144862 -41.369406641027325 0
      vertex 9.146339848574716 -41.392330653515586 0
    endloop
  endfacet
  facet normal -0.2588190451025094 0.9659258262890713 0
    outer loop
      vertex 9.432623792124927 -41.331479122813214 6.55869386665878
      vertex 9.432623792124927 -41.331479122813214 0
      vertex 9.291076367144862 -41.369406641027325 0
    endloop
  endfacet
  facet normal -0.4539904997395611 0.8910065241883606 -4.304470371404219e-16
    outer loop
      vertex 9.624779691899409 -41.250762226594276 6.366537966884298
      vertex 9.7 -41.212435565298215 0
      vertex 9.569431300306121 -41.278963640699644 0
    endloop
  endfacet
  facet normal -0.35836794954527773 0.9335804264972105 0
    outer loop
      vertex 9.569431300306121 -41.278963640699644 6.421886358477586
      vertex 9.569431300306121 -41.278963640699644 0
      vertex 9.432623792124927 -41.331479122813214 0
    endloop
  endfacet
  facet normal -0.7071067811865475 0.7071067811865475 0
    outer loop
      vertex 9.936782848902402 -41.04040275566835 6.11388279203684
      vertex 10.040402755668351 -40.9367828489024 0
      vertex 9.936782848902402 -41.04040275566835 0
    endloop
  endfacet
  facet normal -0.5446390350150344 0.8386705679454194 0
    outer loop
      vertex 9.822899353209463 -41.132623792124924 6.206103828493415
      vertex 9.822899353209463 -41.132623792124924 0
      vertex 9.7 -41.212435565298215 0
    endloop
  endfacet
  facet normal -0.6293203910498265 0.7771459614569798 0
    outer loop
      vertex 9.936782848902402 -41.04040275566835 6.11388279203684
      vertex 9.936782848902402 -41.04040275566835 0
      vertex 9.822899353209463 -41.132623792124924 0
    endloop
  endfacet
  facet normal 0.6293203910498427 -0.7771459614569665 0
    outer loop
      vertex 18.00539843496706 -36 6.362255255993178
      vertex 18.00539843496706 -36 2.285979475017349
      vertex 18.061073738537633 -35.954915028125264 6.347337103363085
    endloop
  endfacet
  facet normal 0.5446390350150275 -0.8386705679454238 0
    outer loop
      vertex 18.061073738537633 -35.954915028125264 6.347337103363085
      vertex 18.061073738537633 -35.954915028125264 0
      vertex 18.29714801936913 -35.80160659759465 6.284081190460528
    endloop
  endfacet
  facet normal 0.5446390350150202 -0.8386705679454286 3.902857109852945e-16
    outer loop
      vertex 18.29714801936913 -35.80160659759465 6.284081190460528
      vertex 18.061073738537633 -35.954915028125264 0
      vertex 18.5 -35.66987298107781 6.251952593039583
    endloop
  endfacet
  facet normal 0.25881904510252746 -0.9659258262890665 -5.21222481258666e-16
    outer loop
      vertex 19.641129977520507 -35.194821273215176 6.071215360212445
      vertex 19.454915028125264 -35.24471741852423 0
      vertex 19.960441545911202 -35.10926199633097 6.054480950013705
    endloop
  endfacet
  facet normal 0.2588190451025116 -0.9659258262890708 0
    outer loop
      vertex 19.454915028125264 -35.24471741852423 6.1007089107524735
      vertex 19.454915028125264 -35.24471741852423 0
      vertex 19.641129977520507 -35.194821273215176 6.071215360212445
    endloop
  endfacet
  facet normal 0.15643446504023645 -0.9876883405951369 0
    outer loop
      vertex 19.960441545911202 -35.10926199633097 6.054480950013705
      vertex 19.960441545911202 -35.10926199633097 0
      vertex 20.477357683661733 -35.02739052315863 6.027390523158633
    endloop
  endfacet
  facet normal 0.05233595624293713 -0.9986295347545742 0
    outer loop
      vertex 20.477357683661733 -35.02739052315863 6.027390523158633
      vertex 20.477357683661733 -35.02739052315863 0
      vertex 21 -35 6
    endloop
  endfacet
  facet normal 0.3583679495452971 -0.933580426497203 0
    outer loop
      vertex 18.966316784621 -35.43227271178699 6.178095270093449
      vertex 18.966316784621 -35.43227271178699 0
      vertex 19.454915028125264 -35.24471741852423 6.1007089107524735
    endloop
  endfacet
  facet normal 0.4539904997395529 -0.8910065241883647 0
    outer loop
      vertex 18.5 -35.66987298107781 6.251952593039583
      vertex 18.5 -35.66987298107781 0
      vertex 18.966316784621 -35.43227271178699 6.178095270093449
    endloop
  endfacet
  facet normal 0.6293203910498428 -0.7771459614569667 0
    outer loop
      vertex 18.061073738537633 -35.954915028125264 6.347337103363085
      vertex 18.00539843496706 -36 2.285979475017349
      vertex 18.061073738537633 -35.954915028125264 0
    endloop
  endfacet
  facet normal 0.5446390350150241 -0.838670567945426 0
    outer loop
      vertex 18.5 -35.66987298107781 6.251952593039583
      vertex 18.061073738537633 -35.954915028125264 0
      vertex 18.5 -35.66987298107781 0
    endloop
  endfacet
  facet normal 0.6293203910498372 -0.777145961456971 0
    outer loop
      vertex 17.654346968205708 -36.28427587261303 2.3415805651054526
      vertex 17.654346968205708 -36.28427587261303 0
      vertex 18.00539843496706 -36 2.285979475017349
    endloop
  endfacet
  facet normal 0.35836794954529705 -0.933580426497203 0
    outer loop
      vertex 19.454915028125264 -35.24471741852423 6.1007089107524735
      vertex 18.966316784621 -35.43227271178699 0
      vertex 19.454915028125264 -35.24471741852423 0
    endloop
  endfacet
  facet normal 0.15643446504023648 -0.9876883405951369 0
    outer loop
      vertex 20.477357683661733 -35.02739052315863 6.027390523158633
      vertex 19.960441545911202 -35.10926199633097 0
      vertex 20.477357683661733 -35.02739052315863 0
    endloop
  endfacet
  facet normal 0.25881904510252157 -0.965925826289068 0
    outer loop
      vertex 19.960441545911202 -35.10926199633097 6.054480950013705
      vertex 19.454915028125264 -35.24471741852423 0
      vertex 19.960441545911202 -35.10926199633097 0
    endloop
  endfacet
  facet normal 0.052335956242937125 -0.9986295347545743 0
    outer loop
      vertex 21 -35 6
      vertex 20.477357683661733 -35.02739052315863 0
      vertex 21 -35 0
    endloop
  endfacet
  facet normal 0.4539904997395529 -0.8910065241883647 0
    outer loop
      vertex 18.966316784621 -35.43227271178699 6.178095270093449
      vertex 18.5 -35.66987298107781 0
      vertex 18.966316784621 -35.43227271178699 0
    endloop
  endfacet
  facet normal 0.629320391049838 -0.7771459614569703 -1.9139548854860104e-16
    outer loop
      vertex 18.00539843496706 -36 2.285979475017349
      vertex 17.654346968205708 -36.28427587261303 0
      vertex 18.061073738537633 -35.954915028125264 0
    endloop
  endfacet
  facet normal 0.9876883405951378 -0.1564344650402309 0
    outer loop
      vertex 16.10926199633097 -38.9604415459112 2.734894001923287
      vertex 16.027390523158633 -39.47735768366173 2.756831397042962
      vertex 16.027390523158633 -39.47735768366173 0
    endloop
  endfacet
  facet normal 0.9986295347545739 -0.05233595624294354 0
    outer loop
      vertex 16.027390523158633 -39.47735768366173 2.756831397042962
      vertex 16 -40 2.764170665603583
      vertex 16 -40 0
    endloop
  endfacet
  facet normal 0.9876883405951378 -0.1564344650402309 0
    outer loop
      vertex 16.10926199633097 -38.9604415459112 2.734894001923287
      vertex 16.027390523158633 -39.47735768366173 0
      vertex 16.10926199633097 -38.9604415459112 0
    endloop
  endfacet
  facet normal 0.9986295347545739 -0.05233595624294355 0
    outer loop
      vertex 16.027390523158633 -39.47735768366173 2.756831397042962
      vertex 16 -40 0
      vertex 16.027390523158633 -39.47735768366173 0
    endloop
  endfacet
  facet normal 0.7771459614569731 -0.6293203910498347 0
    outer loop
      vertex 16.954915028125264 -37.06107373853764 2.508301954977078
      vertex 16.954915028125264 -37.06107373853764 0
      vertex 17.28427587261303 -36.65434696820571 2.420049982678151
    endloop
  endfacet
  facet normal 0.707106781186541 -0.7071067811865541 2.0567209120565508e-15
    outer loop
      vertex 17.46550125609809 -36.473121584720644 2.371490787525307
      vertex 17.28427587261303 -36.65434696820571 0
      vertex 17.654346968205708 -36.28427587261303 2.3415805651054526
    endloop
  endfacet
  facet normal 0.7071067811865543 -0.7071067811865405 0
    outer loop
      vertex 17.28427587261303 -36.65434696820571 2.420049982678151
      vertex 17.28427587261303 -36.65434696820571 0
      vertex 17.46550125609809 -36.473121584720644 2.371490787525307
    endloop
  endfacet
  facet normal 0.838670567945424 -0.5446390350150272 0
    outer loop
      vertex 16.954915028125264 -37.06107373853764 2.508301954977078
      vertex 16.66987298107781 -37.5 2.5846787412923575
      vertex 16.66987298107781 -37.5 0
    endloop
  endfacet
  facet normal 0.8910065241883676 -0.4539904997395476 0
    outer loop
      vertex 16.432272711786997 -37.966316784621 2.6483435415702488
      vertex 16.432272711786997 -37.966316784621 0
      vertex 16.66987298107781 -37.5 2.5846787412923575
    endloop
  endfacet
  facet normal 0.7771459614569731 -0.6293203910498346 0
    outer loop
      vertex 17.28427587261303 -36.65434696820571 2.420049982678151
      vertex 16.954915028125264 -37.06107373853764 0
      vertex 17.28427587261303 -36.65434696820571 0
    endloop
  endfacet
  facet normal 0.7071067811865475 -0.7071067811865475 0
    outer loop
      vertex 17.654346968205708 -36.28427587261303 2.3415805651054526
      vertex 17.28427587261303 -36.65434696820571 0
      vertex 17.654346968205708 -36.28427587261303 0
    endloop
  endfacet
  facet normal 0.8910065241883675 -0.4539904997395476 0
    outer loop
      vertex 16.66987298107781 -37.5 2.5846787412923575
      vertex 16.432272711786997 -37.966316784621 0
      vertex 16.66987298107781 -37.5 0
    endloop
  endfacet
  facet normal 0.8386705679454239 -0.5446390350150271 0
    outer loop
      vertex 16.954915028125264 -37.06107373853764 2.508301954977078
      vertex 16.66987298107781 -37.5 0
      vertex 16.954915028125264 -37.06107373853764 0
    endloop
  endfacet
  facet normal 0.9335804264972007 -0.358367949545303 0
    outer loop
      vertex 16.432272711786997 -37.966316784621 2.6483435415702488
      vertex 16.244717418524232 -38.454915028125264 2.698598830936188
      vertex 16.244717418524232 -38.454915028125264 0
    endloop
  endfacet
  facet normal 0.965925826289068 -0.2588190451025216 0
    outer loop
      vertex 16.10926199633097 -38.9604415459112 2.734894001923287
      vertex 16.10926199633097 -38.9604415459112 0
      vertex 16.244717418524232 -38.454915028125264 2.698598830936188
    endloop
  endfacet
  facet normal 0.9335804264972007 -0.35836794954530304 0
    outer loop
      vertex 16.432272711786997 -37.966316784621 2.6483435415702488
      vertex 16.244717418524232 -38.454915028125264 0
      vertex 16.432272711786997 -37.966316784621 0
    endloop
  endfacet
  facet normal 0.965925826289068 -0.2588190451025216 0
    outer loop
      vertex 16.244717418524232 -38.454915028125264 2.698598830936188
      vertex 16.10926199633097 -38.9604415459112 0
      vertex 16.244717418524232 -38.454915028125264 0
    endloop
  endfacet
  facet normal 0.6293203910498427 0.7771459614569665 0
    outer loop
      vertex 18.00539843496706 -44 6.362255255993178
      vertex 18.061073738537633 -44.045084971874736 6.347337103363085
      vertex 18.00539843496706 -44 2.285979475017349
    endloop
  endfacet
  facet normal 0.9986295347545739 0.05233595624294355 0
    outer loop
      vertex 16 -40 2.764170665603583
      vertex 16.027390523158633 -40.52264231633827 2.756831397042962
      vertex 16.027390523158633 -40.52264231633827 0
    endloop
  endfacet
  facet normal 0.9876883405951378 0.15643446504023087 0
    outer loop
      vertex 16.027390523158633 -40.52264231633827 2.756831397042962
      vertex 16.10926199633097 -41.0395584540888 2.734894001923287
      vertex 16.10926199633097 -41.0395584540888 0
    endloop
  endfacet
  facet normal 0.9986295347545739 0.05233595624294354 0
    outer loop
      vertex 16 -40 2.764170665603583
      vertex 16.027390523158633 -40.52264231633827 0
      vertex 16 -40 0
    endloop
  endfacet
  facet normal 0.9876883405951378 0.1564344650402309 0
    outer loop
      vertex 16.027390523158633 -40.52264231633827 2.756831397042962
      vertex 16.10926199633097 -41.0395584540888 0
      vertex 16.027390523158633 -40.52264231633827 0
    endloop
  endfacet
  facet normal 0.965925826289068 0.25881904510252157 0
    outer loop
      vertex 16.10926199633097 -41.0395584540888 2.734894001923287
      vertex 16.244717418524232 -41.545084971874736 2.698598830936188
      vertex 16.244717418524232 -41.545084971874736 0
    endloop
  endfacet
  facet normal 0.9335804264972007 0.3583679495453031 0
    outer loop
      vertex 16.244717418524232 -41.545084971874736 2.698598830936188
      vertex 16.432272711786997 -42.033683215379 2.6483435415702488
      vertex 16.432272711786997 -42.033683215379 0
    endloop
  endfacet
  facet normal 0.965925826289068 0.2588190451025216 0
    outer loop
      vertex 16.10926199633097 -41.0395584540888 2.734894001923287
      vertex 16.244717418524232 -41.545084971874736 0
      vertex 16.10926199633097 -41.0395584540888 0
    endloop
  endfacet
  facet normal 0.9335804264972007 0.35836794954530304 0
    outer loop
      vertex 16.244717418524232 -41.545084971874736 2.698598830936188
      vertex 16.432272711786997 -42.033683215379 0
      vertex 16.244717418524232 -41.545084971874736 0
    endloop
  endfacet
  facet normal 0.8910065241883675 0.4539904997395476 0
    outer loop
      vertex 16.432272711786997 -42.033683215379 2.6483435415702488
      vertex 16.66987298107781 -42.5 2.5846787412923575
      vertex 16.66987298107781 -42.5 0
    endloop
  endfacet
  facet normal 0.8386705679454239 0.5446390350150271 0
    outer loop
      vertex 16.66987298107781 -42.5 2.5846787412923575
      vertex 16.954915028125264 -42.93892626146236 2.508301954977078
      vertex 16.954915028125264 -42.93892626146236 0
    endloop
  endfacet
  facet normal 0.777145961456973 0.6293203910498346 0
    outer loop
      vertex 16.954915028125264 -42.93892626146236 2.508301954977078
      vertex 17.28427587261303 -43.34565303179429 2.420049982678151
      vertex 17.28427587261303 -43.34565303179429 0
    endloop
  endfacet
  facet normal 0.7071067811865543 0.7071067811865405 0
    outer loop
      vertex 17.28427587261303 -43.34565303179429 2.420049982678151
      vertex 17.46550125609809 -43.526878415279356 2.371490787525307
      vertex 17.28427587261303 -43.34565303179429 0
    endloop
  endfacet
  facet normal 0.7071067811865409 0.7071067811865542 0
    outer loop
      vertex 17.46550125609809 -43.526878415279356 2.371490787525307
      vertex 17.654346968205708 -43.71572412738697 2.3415805651054526
      vertex 17.654346968205708 -43.71572412738697 0
    endloop
  endfacet
  facet normal 0.8910065241883676 0.4539904997395476 0
    outer loop
      vertex 16.432272711786997 -42.033683215379 2.6483435415702488
      vertex 16.66987298107781 -42.5 0
      vertex 16.432272711786997 -42.033683215379 0
    endloop
  endfacet
  facet normal 0.838670567945424 0.5446390350150272 0
    outer loop
      vertex 16.66987298107781 -42.5 2.5846787412923575
      vertex 16.954915028125264 -42.93892626146236 0
      vertex 16.66987298107781 -42.5 0
    endloop
  endfacet
  facet normal 0.7771459614569731 0.6293203910498347 0
    outer loop
      vertex 16.954915028125264 -42.93892626146236 2.508301954977078
      vertex 17.28427587261303 -43.34565303179429 0
      vertex 16.954915028125264 -42.93892626146236 0
    endloop
  endfacet
  facet normal 0.7071067811865475 0.7071067811865476 1.0622390001893858e-15
    outer loop
      vertex 17.46550125609809 -43.526878415279356 2.371490787525307
      vertex 17.654346968205708 -43.71572412738697 0
      vertex 17.28427587261303 -43.34565303179429 0
    endloop
  endfacet
  facet normal 0.5446390350150275 0.8386705679454238 0
    outer loop
      vertex 18.061073738537633 -44.045084971874736 6.347337103363085
      vertex 18.29714801936913 -44.19839340240535 6.284081190460528
      vertex 18.061073738537633 -44.045084971874736 0
    endloop
  endfacet
  facet normal 0.5446390350150202 0.8386705679454286 0
    outer loop
      vertex 18.29714801936913 -44.19839340240535 6.284081190460528
      vertex 18.5 -44.33012701892219 6.251952593039583
      vertex 18.5 -44.33012701892219 0
    endloop
  endfacet
  facet normal 0.4539904997395529 0.8910065241883647 0
    outer loop
      vertex 18.5 -44.33012701892219 6.251952593039583
      vertex 18.966316784621 -44.56772728821301 6.178095270093449
      vertex 18.5 -44.33012701892219 0
    endloop
  endfacet
  facet normal 0.3583679495452971 0.933580426497203 0
    outer loop
      vertex 18.966316784621 -44.56772728821301 6.178095270093449
      vertex 19.454915028125264 -44.75528258147577 6.1007089107524735
      vertex 18.966316784621 -44.56772728821301 0
    endloop
  endfacet
  facet normal 0.2588190451025116 0.9659258262890708 0
    outer loop
      vertex 19.454915028125264 -44.75528258147577 6.1007089107524735
      vertex 19.641129977520507 -44.805178726784824 6.071215360212445
      vertex 19.454915028125264 -44.75528258147577 0
    endloop
  endfacet
  facet normal 0.25881904510252746 0.9659258262890664 0
    outer loop
      vertex 19.641129977520507 -44.805178726784824 6.071215360212445
      vertex 19.960441545911202 -44.89073800366903 6.054480950013705
      vertex 19.960441545911202 -44.89073800366903 0
    endloop
  endfacet
  facet normal 0.15643446504023645 0.9876883405951369 0
    outer loop
      vertex 19.960441545911202 -44.89073800366903 6.054480950013705
      vertex 20.477357683661733 -44.97260947684137 6.027390523158633
      vertex 19.960441545911202 -44.89073800366903 0
    endloop
  endfacet
  facet normal 0.05233595624293713 0.9986295347545742 0
    outer loop
      vertex 20.477357683661733 -44.97260947684137 6.027390523158633
      vertex 21 -45 6
      vertex 20.477357683661733 -44.97260947684137 0
    endloop
  endfacet
  facet normal 0.6293203910498428 0.7771459614569667 0
    outer loop
      vertex 18.061073738537633 -44.045084971874736 6.347337103363085
      vertex 18.061073738537633 -44.045084971874736 0
      vertex 18.00539843496706 -44 2.285979475017349
    endloop
  endfacet
  facet normal 0.5446390350150241 0.838670567945426 1.8144572787255223e-16
    outer loop
      vertex 18.29714801936913 -44.19839340240535 6.284081190460528
      vertex 18.5 -44.33012701892219 0
      vertex 18.061073738537633 -44.045084971874736 0
    endloop
  endfacet
  facet normal 0.6293203910498372 0.777145961456971 0
    outer loop
      vertex 17.654346968205708 -43.71572412738697 2.3415805651054526
      vertex 18.00539843496706 -44 2.285979475017349
      vertex 17.654346968205708 -43.71572412738697 0
    endloop
  endfacet
  facet normal 0.4539904997395529 0.8910065241883647 0
    outer loop
      vertex 18.966316784621 -44.56772728821301 6.178095270093449
      vertex 18.966316784621 -44.56772728821301 0
      vertex 18.5 -44.33012701892219 0
    endloop
  endfacet
  facet normal 0.35836794954529705 0.933580426497203 0
    outer loop
      vertex 19.454915028125264 -44.75528258147577 6.1007089107524735
      vertex 19.454915028125264 -44.75528258147577 0
      vertex 18.966316784621 -44.56772728821301 0
    endloop
  endfacet
  facet normal 0.2588190451025216 0.965925826289068 -3.2975500213057084e-16
    outer loop
      vertex 19.641129977520507 -44.805178726784824 6.071215360212445
      vertex 19.960441545911202 -44.89073800366903 0
      vertex 19.454915028125264 -44.75528258147577 0
    endloop
  endfacet
  facet normal 0.15643446504023648 0.9876883405951369 0
    outer loop
      vertex 20.477357683661733 -44.97260947684137 6.027390523158633
      vertex 20.477357683661733 -44.97260947684137 0
      vertex 19.960441545911202 -44.89073800366903 0
    endloop
  endfacet
  facet normal 0.052335956242937125 0.9986295347545743 0
    outer loop
      vertex 21 -45 6
      vertex 21 -45 0
      vertex 20.477357683661733 -44.97260947684137 0
    endloop
  endfacet
  facet normal 0.629320391049838 0.7771459614569703 -1.9139548854860104e-16
    outer loop
      vertex 18.00539843496706 -44 2.285979475017349
      vertex 18.061073738537633 -44.045084971874736 0
      vertex 17.654346968205708 -43.71572412738697 0
    endloop
  endfacet
  facet normal -0.6293203910498428 -0.7771459614569666 0
    outer loop
      vertex 23.938926261462367 -35.954915028125264 6.347337103363085
      vertex 23.99460156503294 -36 2.285979475017349
      vertex 23.99460156503294 -36 6.362255255993178
    endloop
  endfacet
  facet normal -0.05233595624293713 -0.9986295347545742 0
    outer loop
      vertex 21 -35 6
      vertex 21.522642316338267 -35.02739052315863 0
      vertex 21.522642316338267 -35.02739052315863 6.027390523158633
    endloop
  endfacet
  facet normal -0.15643446504023648 -0.9876883405951369 0
    outer loop
      vertex 21.522642316338267 -35.02739052315863 6.027390523158633
      vertex 22.039558454088798 -35.10926199633097 0
      vertex 22.039558454088798 -35.10926199633097 6.054480950013705
    endloop
  endfacet
  facet normal -0.25881904510252746 -0.9659258262890664 0
    outer loop
      vertex 22.039558454088798 -35.10926199633097 6.054480950013705
      vertex 22.039558454088798 -35.10926199633097 0
      vertex 22.358870022479493 -35.194821273215176 6.071215360212445
    endloop
  endfacet
  facet normal -0.2588190451025116 -0.9659258262890708 0
    outer loop
      vertex 22.358870022479493 -35.194821273215176 6.071215360212445
      vertex 22.545084971874736 -35.24471741852423 0
      vertex 22.545084971874736 -35.24471741852423 6.1007089107524735
    endloop
  endfacet
  facet normal -0.3583679495452971 -0.933580426497203 0
    outer loop
      vertex 22.545084971874736 -35.24471741852423 6.1007089107524735
      vertex 23.033683215379 -35.43227271178699 0
      vertex 23.033683215379 -35.43227271178699 6.178095270093449
    endloop
  endfacet
  facet normal -0.4539904997395529 -0.8910065241883647 0
    outer loop
      vertex 23.033683215379 -35.43227271178699 6.178095270093449
      vertex 23.5 -35.66987298107781 0
      vertex 23.5 -35.66987298107781 6.251952593039583
    endloop
  endfacet
  facet normal -0.5446390350150202 -0.8386705679454286 0
    outer loop
      vertex 23.5 -35.66987298107781 6.251952593039583
      vertex 23.5 -35.66987298107781 0
      vertex 23.70285198063087 -35.80160659759465 6.284081190460528
    endloop
  endfacet
  facet normal -0.5446390350150275 -0.8386705679454238 0
    outer loop
      vertex 23.70285198063087 -35.80160659759465 6.284081190460528
      vertex 23.938926261462367 -35.954915028125264 0
      vertex 23.938926261462367 -35.954915028125264 6.347337103363085
    endloop
  endfacet
  facet normal -0.6293203910498428 -0.7771459614569667 0
    outer loop
      vertex 23.938926261462367 -35.954915028125264 6.347337103363085
      vertex 23.938926261462367 -35.954915028125264 0
      vertex 23.99460156503294 -36 2.285979475017349
    endloop
  endfacet
  facet normal -0.052335956242937125 -0.9986295347545743 0
    outer loop
      vertex 21 -35 6
      vertex 21 -35 0
      vertex 21.522642316338267 -35.02739052315863 0
    endloop
  endfacet
  facet normal -0.15643446504023648 -0.9876883405951369 0
    outer loop
      vertex 21.522642316338267 -35.02739052315863 6.027390523158633
      vertex 21.522642316338267 -35.02739052315863 0
      vertex 22.039558454088798 -35.10926199633097 0
    endloop
  endfacet
  facet normal -0.2588190451025216 -0.965925826289068 -3.2975500213057084e-16
    outer loop
      vertex 22.358870022479493 -35.194821273215176 6.071215360212445
      vertex 22.039558454088798 -35.10926199633097 0
      vertex 22.545084971874736 -35.24471741852423 0
    endloop
  endfacet
  facet normal -0.35836794954529705 -0.933580426497203 0
    outer loop
      vertex 22.545084971874736 -35.24471741852423 6.1007089107524735
      vertex 22.545084971874736 -35.24471741852423 0
      vertex 23.033683215379 -35.43227271178699 0
    endloop
  endfacet
  facet normal -0.4539904997395529 -0.8910065241883647 0
    outer loop
      vertex 23.033683215379 -35.43227271178699 6.178095270093449
      vertex 23.033683215379 -35.43227271178699 0
      vertex 23.5 -35.66987298107781 0
    endloop
  endfacet
  facet normal -0.5446390350150241 -0.838670567945426 1.8144572787255223e-16
    outer loop
      vertex 23.70285198063087 -35.80160659759465 6.284081190460528
      vertex 23.5 -35.66987298107781 0
      vertex 23.938926261462367 -35.954915028125264 0
    endloop
  endfacet
  facet normal -0.6293203910498372 -0.777145961456971 0
    outer loop
      vertex 23.99460156503294 -36 2.285979475017349
      vertex 24.345653031794292 -36.28427587261303 0
      vertex 24.345653031794292 -36.28427587261303 2.3415805651054526
    endloop
  endfacet
  facet normal -0.629320391049838 -0.7771459614569703 -1.9139548854860104e-16
    outer loop
      vertex 23.99460156503294 -36 2.285979475017349
      vertex 23.938926261462367 -35.954915028125264 0
      vertex 24.345653031794292 -36.28427587261303 0
    endloop
  endfacet
  facet normal -0.7071067811865409 -0.7071067811865541 0
    outer loop
      vertex 24.345653031794292 -36.28427587261303 2.3415805651054526
      vertex 24.345653031794292 -36.28427587261303 0
      vertex 24.53449874390191 -36.473121584720644 2.371490787525307
    endloop
  endfacet
  facet normal -0.7071067811865545 -0.7071067811865407 0
    outer loop
      vertex 24.53449874390191 -36.473121584720644 2.371490787525307
      vertex 24.71572412738697 -36.65434696820571 0
      vertex 24.71572412738697 -36.65434696820571 2.420049982678151
    endloop
  endfacet
  facet normal -0.7771459614569731 -0.6293203910498346 0
    outer loop
      vertex 24.71572412738697 -36.65434696820571 2.420049982678151
      vertex 24.71572412738697 -36.65434696820571 0
      vertex 25.045084971874736 -37.06107373853764 2.508301954977078
    endloop
  endfacet
  facet normal -0.8386705679454239 -0.5446390350150271 0
    outer loop
      vertex 25.045084971874736 -37.06107373853764 2.508301954977078
      vertex 25.045084971874736 -37.06107373853764 0
      vertex 25.33012701892219 -37.5 2.5846787412923575
    endloop
  endfacet
  facet normal -0.8910065241883675 -0.4539904997395476 0
    outer loop
      vertex 25.33012701892219 -37.5 2.5846787412923575
      vertex 25.33012701892219 -37.5 0
      vertex 25.567727288213003 -37.966316784621 2.6483435415702488
    endloop
  endfacet
  facet normal -0.7071067811865475 -0.7071067811865476 1.0622390001893858e-15
    outer loop
      vertex 24.53449874390191 -36.473121584720644 2.371490787525307
      vertex 24.345653031794292 -36.28427587261303 0
      vertex 24.71572412738697 -36.65434696820571 0
    endloop
  endfacet
  facet normal -0.7771459614569731 -0.6293203910498347 0
    outer loop
      vertex 25.045084971874736 -37.06107373853764 2.508301954977078
      vertex 24.71572412738697 -36.65434696820571 0
      vertex 25.045084971874736 -37.06107373853764 0
    endloop
  endfacet
  facet normal -0.838670567945424 -0.5446390350150272 0
    outer loop
      vertex 25.33012701892219 -37.5 2.5846787412923575
      vertex 25.045084971874736 -37.06107373853764 0
      vertex 25.33012701892219 -37.5 0
    endloop
  endfacet
  facet normal -0.8910065241883676 -0.4539904997395476 0
    outer loop
      vertex 25.567727288213003 -37.966316784621 2.6483435415702488
      vertex 25.33012701892219 -37.5 0
      vertex 25.567727288213003 -37.966316784621 0
    endloop
  endfacet
  facet normal -0.9335804264972007 -0.35836794954530304 0
    outer loop
      vertex 25.567727288213003 -37.966316784621 2.6483435415702488
      vertex 25.567727288213003 -37.966316784621 0
      vertex 25.755282581475768 -38.454915028125264 2.698598830936188
    endloop
  endfacet
  facet normal -0.965925826289068 -0.2588190451025216 0
    outer loop
      vertex 25.755282581475768 -38.454915028125264 2.698598830936188
      vertex 25.755282581475768 -38.454915028125264 0
      vertex 25.89073800366903 -38.9604415459112 2.734894001923287
    endloop
  endfacet
  facet normal -0.9335804264972007 -0.35836794954530304 0
    outer loop
      vertex 25.755282581475768 -38.454915028125264 2.698598830936188
      vertex 25.567727288213003 -37.966316784621 0
      vertex 25.755282581475768 -38.454915028125264 0
    endloop
  endfacet
  facet normal -0.965925826289068 -0.2588190451025216 0
    outer loop
      vertex 25.89073800366903 -38.9604415459112 2.734894001923287
      vertex 25.755282581475768 -38.454915028125264 0
      vertex 25.89073800366903 -38.9604415459112 0
    endloop
  endfacet
  facet normal -0.9876883405951378 -0.1564344650402309 0
    outer loop
      vertex 25.89073800366903 -38.9604415459112 2.734894001923287
      vertex 25.89073800366903 -38.9604415459112 0
      vertex 25.972609476841367 -39.47735768366173 2.756831397042962
    endloop
  endfacet
  facet normal -0.9986295347545739 -0.05233595624294355 0
    outer loop
      vertex 25.972609476841367 -39.47735768366173 2.756831397042962
      vertex 25.972609476841367 -39.47735768366173 0
      vertex 26 -40 2.764170665603583
    endloop
  endfacet
  facet normal -0.9876883405951378 -0.1564344650402309 0
    outer loop
      vertex 25.972609476841367 -39.47735768366173 2.756831397042962
      vertex 25.89073800366903 -38.9604415459112 0
      vertex 25.972609476841367 -39.47735768366173 0
    endloop
  endfacet
  facet normal -0.9986295347545739 -0.05233595624294354 0
    outer loop
      vertex 26 -40 2.764170665603583
      vertex 25.972609476841367 -39.47735768366173 0
      vertex 26 -40 0
    endloop
  endfacet
  facet normal -0.6293203910498428 0.7771459614569666 0
    outer loop
      vertex 23.938926261462367 -44.045084971874736 6.347337103363085
      vertex 23.99460156503294 -44 6.362255255993178
      vertex 23.99460156503294 -44 2.285979475017349
    endloop
  endfacet
  facet normal -0.965925826289068 0.2588190451025217 0
    outer loop
      vertex 25.755282581475768 -41.545084971874736 2.698598830936188
      vertex 25.89073800366903 -41.0395584540888 2.734894001923287
      vertex 25.89073800366903 -41.0395584540888 0
    endloop
  endfacet
  facet normal -0.9335804264972007 0.35836794954530304 0
    outer loop
      vertex 25.755282581475768 -41.545084971874736 2.698598830936188
      vertex 25.755282581475768 -41.545084971874736 0
      vertex 25.567727288213003 -42.033683215379 2.6483435415702488
    endloop
  endfacet
  facet normal -0.965925826289068 0.2588190451025216 0
    outer loop
      vertex 25.755282581475768 -41.545084971874736 2.698598830936188
      vertex 25.89073800366903 -41.0395584540888 0
      vertex 25.755282581475768 -41.545084971874736 0
    endloop
  endfacet
  facet normal -0.9335804264972007 0.35836794954530304 0
    outer loop
      vertex 25.567727288213003 -42.033683215379 2.6483435415702488
      vertex 25.755282581475768 -41.545084971874736 0
      vertex 25.567727288213003 -42.033683215379 0
    endloop
  endfacet
  facet normal -0.8910065241883676 0.4539904997395476 0
    outer loop
      vertex 25.567727288213003 -42.033683215379 2.6483435415702488
      vertex 25.567727288213003 -42.033683215379 0
      vertex 25.33012701892219 -42.5 2.5846787412923575
    endloop
  endfacet
  facet normal -0.838670567945424 0.5446390350150272 0
    outer loop
      vertex 25.045084971874736 -42.93892626146236 2.508301954977078
      vertex 25.33012701892219 -42.5 2.5846787412923575
      vertex 25.33012701892219 -42.5 0
    endloop
  endfacet
  facet normal -0.7071067811865545 0.7071067811865407 0
    outer loop
      vertex 24.53449874390191 -43.526878415279356 2.371490787525307
      vertex 24.71572412738697 -43.34565303179429 2.420049982678151
      vertex 24.71572412738697 -43.34565303179429 0
    endloop
  endfacet
  facet normal -0.707106781186541 0.707106781186554 2.0567209120565508e-15
    outer loop
      vertex 24.345653031794292 -43.71572412738697 2.3415805651054526
      vertex 24.53449874390191 -43.526878415279356 2.371490787525307
      vertex 24.71572412738697 -43.34565303179429 0
    endloop
  endfacet
  facet normal -0.7771459614569731 0.6293203910498347 0
    outer loop
      vertex 24.71572412738697 -43.34565303179429 2.420049982678151
      vertex 25.045084971874736 -42.93892626146236 2.508301954977078
      vertex 25.045084971874736 -42.93892626146236 0
    endloop
  endfacet
  facet normal -0.8386705679454239 0.5446390350150271 0
    outer loop
      vertex 25.045084971874736 -42.93892626146236 2.508301954977078
      vertex 25.33012701892219 -42.5 0
      vertex 25.045084971874736 -42.93892626146236 0
    endloop
  endfacet
  facet normal -0.8910065241883675 0.4539904997395476 0
    outer loop
      vertex 25.33012701892219 -42.5 2.5846787412923575
      vertex 25.567727288213003 -42.033683215379 0
      vertex 25.33012701892219 -42.5 0
    endloop
  endfacet
  facet normal -0.7071067811865475 0.7071067811865475 0
    outer loop
      vertex 24.345653031794292 -43.71572412738697 2.3415805651054526
      vertex 24.71572412738697 -43.34565303179429 0
      vertex 24.345653031794292 -43.71572412738697 0
    endloop
  endfacet
  facet normal -0.7771459614569731 0.6293203910498346 0
    outer loop
      vertex 24.71572412738697 -43.34565303179429 2.420049982678151
      vertex 25.045084971874736 -42.93892626146236 0
      vertex 24.71572412738697 -43.34565303179429 0
    endloop
  endfacet
  facet normal -0.9986295347545739 0.05233595624294354 0
    outer loop
      vertex 26 -40 2.764170665603583
      vertex 26 -40 0
      vertex 25.972609476841367 -40.52264231633827 2.756831397042962
    endloop
  endfacet
  facet normal -0.9876883405951378 0.1564344650402309 0
    outer loop
      vertex 25.972609476841367 -40.52264231633827 2.756831397042962
      vertex 25.972609476841367 -40.52264231633827 0
      vertex 25.89073800366903 -41.0395584540888 2.734894001923287
    endloop
  endfacet
  facet normal -0.9986295347545739 0.05233595624294355 0
    outer loop
      vertex 25.972609476841367 -40.52264231633827 2.756831397042962
      vertex 26 -40 0
      vertex 25.972609476841367 -40.52264231633827 0
    endloop
  endfacet
  facet normal -0.9876883405951378 0.1564344650402309 0
    outer loop
      vertex 25.89073800366903 -41.0395584540888 2.734894001923287
      vertex 25.972609476841367 -40.52264231633827 0
      vertex 25.89073800366903 -41.0395584540888 0
    endloop
  endfacet
  facet normal -0.4539904997395529 0.8910065241883647 0
    outer loop
      vertex 23.033683215379 -44.56772728821301 6.178095270093449
      vertex 23.5 -44.33012701892219 6.251952593039583
      vertex 23.5 -44.33012701892219 0
    endloop
  endfacet
  facet normal -0.3583679495452971 0.933580426497203 0
    outer loop
      vertex 22.545084971874736 -44.75528258147577 6.1007089107524735
      vertex 23.033683215379 -44.56772728821301 6.178095270093449
      vertex 23.033683215379 -44.56772728821301 0
    endloop
  endfacet
  facet normal -0.05233595624293713 0.9986295347545742 0
    outer loop
      vertex 21.522642316338267 -44.97260947684137 6.027390523158633
      vertex 21.522642316338267 -44.97260947684137 0
      vertex 21 -45 6
    endloop
  endfacet
  facet normal -0.15643446504023648 0.9876883405951369 0
    outer loop
      vertex 21.522642316338267 -44.97260947684137 6.027390523158633
      vertex 22.039558454088798 -44.89073800366903 6.054480950013705
      vertex 22.039558454088798 -44.89073800366903 0
    endloop
  endfacet
  facet normal -0.2588190451025116 0.9659258262890708 0
    outer loop
      vertex 22.358870022479493 -44.805178726784824 6.071215360212445
      vertex 22.545084971874736 -44.75528258147577 6.1007089107524735
      vertex 22.545084971874736 -44.75528258147577 0
    endloop
  endfacet
  facet normal -0.25881904510252746 0.9659258262890666 -5.21222481258666e-16
    outer loop
      vertex 22.039558454088798 -44.89073800366903 6.054480950013705
      vertex 22.358870022479493 -44.805178726784824 6.071215360212445
      vertex 22.545084971874736 -44.75528258147577 0
    endloop
  endfacet
  facet normal -0.5446390350150202 0.8386705679454286 3.902857109852945e-16
    outer loop
      vertex 23.5 -44.33012701892219 6.251952593039583
      vertex 23.70285198063087 -44.19839340240535 6.284081190460528
      vertex 23.938926261462367 -44.045084971874736 0
    endloop
  endfacet
  facet normal -0.5446390350150275 0.8386705679454238 0
    outer loop
      vertex 23.70285198063087 -44.19839340240535 6.284081190460528
      vertex 23.938926261462367 -44.045084971874736 6.347337103363085
      vertex 23.938926261462367 -44.045084971874736 0
    endloop
  endfacet
  facet normal -0.6293203910498428 0.7771459614569667 0
    outer loop
      vertex 23.938926261462367 -44.045084971874736 6.347337103363085
      vertex 23.99460156503294 -44 2.285979475017349
      vertex 23.938926261462367 -44.045084971874736 0
    endloop
  endfacet
  facet normal -0.4539904997395529 0.8910065241883647 0
    outer loop
      vertex 23.033683215379 -44.56772728821301 6.178095270093449
      vertex 23.5 -44.33012701892219 0
      vertex 23.033683215379 -44.56772728821301 0
    endloop
  endfacet
  facet normal -0.052335956242937125 0.9986295347545743 0
    outer loop
      vertex 21 -45 6
      vertex 21.522642316338267 -44.97260947684137 0
      vertex 21 -45 0
    endloop
  endfacet
  facet normal -0.25881904510252157 0.965925826289068 0
    outer loop
      vertex 22.039558454088798 -44.89073800366903 6.054480950013705
      vertex 22.545084971874736 -44.75528258147577 0
      vertex 22.039558454088798 -44.89073800366903 0
    endloop
  endfacet
  facet normal -0.15643446504023648 0.9876883405951369 0
    outer loop
      vertex 21.522642316338267 -44.97260947684137 6.027390523158633
      vertex 22.039558454088798 -44.89073800366903 0
      vertex 21.522642316338267 -44.97260947684137 0
    endloop
  endfacet
  facet normal -0.35836794954529705 0.933580426497203 0
    outer loop
      vertex 22.545084971874736 -44.75528258147577 6.1007089107524735
      vertex 23.033683215379 -44.56772728821301 0
      vertex 22.545084971874736 -44.75528258147577 0
    endloop
  endfacet
  facet normal -0.5446390350150241 0.838670567945426 0
    outer loop
      vertex 23.5 -44.33012701892219 6.251952593039583
      vertex 23.938926261462367 -44.045084971874736 0
      vertex 23.5 -44.33012701892219 0
    endloop
  endfacet
  facet normal -0.6293203910498372 0.777145961456971 0
    outer loop
      vertex 23.99460156503294 -44 2.285979475017349
      vertex 24.345653031794292 -43.71572412738697 2.3415805651054526
      vertex 24.345653031794292 -43.71572412738697 0
    endloop
  endfacet
  facet normal -0.629320391049838 0.7771459614569703 -1.9139548854860104e-16
    outer loop
      vertex 23.99460156503294 -44 2.285979475017349
      vertex 24.345653031794292 -43.71572412738697 0
      vertex 23.938926261462367 -44.045084971874736 0
    endloop
  endfacet
endsolid OpenSCAD_Model
