; HEADER_BLOCK_START
; generated by OrcaSlicer 2.3.2 on 2026-06-02 at 12:11:26
; total layer number: 35
; filament_density: 1.27
; filament_diameter: 1.75
; max_z_height: 7.00
; filament: 1
; HEADER_BLOCK_END

; external perimeters extrusion width = 0.45mm
; perimeters extrusion width = 0.45mm
; infill extrusion width = 0.45mm
; solid infill extrusion width = 0.45mm
; top infill extrusion width = 0.40mm
; first layer extrusion width = 0.42mm

; EXECUTABLE_BLOCK_START
M73 P0 R45
M201 X500 Y500 Z100 E5000
M203 X500 Y500 Z10 E60
M204 P500 R1000 T500
M205 X8.00 Y8.00 Z0.40 E5.00 ; sets the jerk limits, mm/sec
;TYPE:Custom
G90 ; use absolute coordinates
M83 ; extruder relative mode
M140 S80 ; set final bed temp
M104 S150 ; set temporary nozzle temp to prevent oozing during homing
G4 S10 ; allow partial nozzle warmup
G28 ; home all axis
G1 Z50 F240
G1 X2 Y10 F3000
M73 P0 R44
M104 S255 ; set final nozzle temp
M190 S80 ; wait for bed temp to stabilize
M109 S255 ; wait for nozzle temp to stabilize
G1 Z0.28 F240
G92 E0
G1 Y140 E10 F1500 ; prime the nozzle
G1 X2.3 F5000
M73 P1 R44
G92 E0
G1 Y10 E10 F1200 ; prime the nozzle
G92 E0
G90
G21
M83 ; use relative distances for extrusion
; filament start gcode
M106 S0
;LAYER_CHANGE
;Z:0.2
;HEIGHT:0.2
;BEFORE_LAYER_CHANGE
;0.2
G92 E0

G1 E-4 F3600
;_SET_FAN_SPEED_CHANGING_LAYER
G1 Z.6 F9000
G1 X88.384 Y78.401
G1 Z.6
G1 Z.2
G1 E4 F2400
;TYPE:Skirt
;WIDTH:0.42
G1 F3000
G1 X88.384 Y76.5 E.05663
G1 X88.483 Y75.465 E.03098
G1 X88.818 Y74.34 E.03496
G1 X89.539 Y73.093 E.0429
G1 X90.593 Y72.039 E.0444
G1 X91.31 Y71.573 E.02549
G1 X92.138 Y71.204 E.02699
G1 X93.547 Y70.905 E.0429
G1 X126.134 Y70.888 E.97067
G1 X127.298 Y71.038 E.03496
G1 X128.16 Y71.318 E.02699
G1 X128.922 Y71.707 E.02549
G1 X129.855 Y72.419 E.03496
G1 X130.461 Y73.093 E.02699
G1 X131.072 Y74.095 E.03496
G1 X131.383 Y74.909 E.02597
G1 X131.595 Y76.047 E.03447
G1 X131.616 Y143.5 E2.0092
G1 X131.517 Y144.535 E.03098
G1 X131.182 Y145.66 E.03496
G1 X130.793 Y146.422 E.02549
G1 X130.271 Y147.143 E.02651
G1 X129.19 Y148.119 E.04338
G1 X127.862 Y148.796 E.0444
G1 X126.453 Y149.095 E.0429
G1 X94 Y149.116 E.96667
G1 X92.965 Y149.017 E.03098
G1 X91.84 Y148.682 E.03496
G1 X91.078 Y148.293 E.02549
G1 X90.345 Y147.76 E.02699
G1 X89.372 Y146.676 E.04338
G1 X88.704 Y145.362 E.04392
G1 X88.479 Y144.515 E.0261
G1 X88.388 Y143.634 E.02638
G1 X88.384 Y78.441 E1.94188
G1 X88.762 Y78.441 F9000
G1 F3000
G1 X88.761 Y76.5 E.05782
G1 X88.855 Y75.523 E.02922
G1 X89.17 Y74.475 E.03261
G1 X89.832 Y73.33 E.03939
G1 X90.412 Y72.686 E.02581
G1 X91.015 Y72.197 E.02314
G1 X92.273 Y71.556 E.04205
G1 X93.567 Y71.281 E.03939
G1 X126.115 Y71.264 E.96949
G1 X127.201 Y71.403 E.03261
G1 X128.025 Y71.67 E.02582
G1 X128.717 Y72.023 E.02314
G1 X129.588 Y72.686 E.03261
G1 X130.168 Y73.33 E.02582
G1 X130.736 Y74.266 E.03261
G1 X131.018 Y75.004 E.02355
G1 X131.219 Y76.067 E.0322
G1 X131.239 Y143.5 E2.00861
G1 X131.145 Y144.476 E.02922
G1 X130.83 Y145.525 E.03261
G1 X130.188 Y146.642 E.03837
G1 X129.17 Y147.668 E.04306
G1 X128.519 Y148.091 E.02314
G1 X127.727 Y148.444 E.02582
G1 X126.433 Y148.719 E.03939
G1 X94 Y148.739 E.96608
G1 X93.024 Y148.645 E.02922
G1 X91.975 Y148.33 E.03261
G1 X91.283 Y147.977 E.02314
G1 X90.582 Y147.467 E.02582
G1 X89.689 Y146.473 E.0398
G1 X89.056 Y145.227 E.04164
G1 X88.852 Y144.456 E.02375
G1 X88.764 Y143.615 E.0252
G1 X88.762 Y78.481 E1.9401
; printing object Remote75T.stl id:0 copy 0
G1 E-2.8 F3600
;WIPE_START
G1 F3000
G1 X88.761 Y77.481 E-1.2
;WIPE_END
G1 Z.6 F9000
G1 X92.539 Y144.71 Z.6
G1 Z.2
G1 E4 F2400
;TYPE:Inner wall
;WIDTH:0.419999
G1 F900
G1 X92.351 Y144.452 E.00952
G1 X92.189 Y144.088 E.01186
G1 X92.093 Y143.481 E.0183
G1 X92.093 Y76.64 E1.99098
G1 X92.138 Y76.104 E.01601
G1 X92.261 Y75.726 E.01185
G1 X92.46 Y75.381 E.01186
G1 X92.726 Y75.085 E.01186
G1 X93.048 Y74.851 E.01186
M73 P2 R44
G1 X93.412 Y74.689 E.01186
G1 X93.805 Y74.606 E.01199
G1 X94.498 Y74.593 E.02065
G1 X126.05 Y74.595 E.93982
G1 X126.582 Y74.698 E.01612
G1 X126.947 Y74.86 E.0119
G1 X127.267 Y75.093 E.01179
G1 X127.532 Y75.387 E.01179
G1 X127.73 Y75.73 E.01179
G1 X127.852 Y76.106 E.01179
G1 X127.907 Y76.569 E.01389
G1 X127.907 Y143.36 E1.98946
G1 X127.862 Y143.896 E.01603
M73 P2 R43
G1 X127.739 Y144.274 E.01185
G1 X127.54 Y144.619 E.01186
G1 X127.274 Y144.915 E.01186
G1 X126.952 Y145.149 E.01186
G1 X126.588 Y145.311 E.01186
G1 X125.981 Y145.407 E.0183
G1 X94.14 Y145.407 E.94844
G1 X93.604 Y145.362 E.01603
G1 X93.226 Y145.239 E.01185
G1 X92.881 Y145.04 E.01186
G1 X92.585 Y144.774 E.01186
G1 X92.563 Y144.743 E.00115
G1 X92.217 Y144.945 F9000
;TYPE:Outer wall
G1 F900
G1 X92.004 Y144.652 E.01076
G1 X91.808 Y144.212 E.01435
G1 X91.758 Y143.977 E.00717
G1 X91.694 Y143.492 E.01456
G1 X91.694 Y76.64 E1.99129
G1 X91.746 Y76.021 E.0185
G1 X91.895 Y75.563 E.01435
G1 X92.136 Y75.145 E.01435
G1 X92.458 Y74.787 E.01435
G1 X92.848 Y74.504 E.01435
G1 X93.288 Y74.308 E.01435
G1 X93.76 Y74.208 E.01437
G1 X94.495 Y74.194 E.02189
G1 X125.893 Y74.196 E.93525
G1 X126.479 Y74.246 E.0175
G1 X126.937 Y74.395 E.01436
G1 X127.355 Y74.636 E.01435
G1 X127.713 Y74.958 E.01435
G1 X127.996 Y75.348 E.01435
G1 X128.192 Y75.788 E.01435
G1 X128.243 Y76.027 E.00729
G1 X128.306 Y76.569 E.01626
G1 X128.306 Y143.36 E1.98946
G1 X128.254 Y143.979 E.01851
G1 X128.105 Y144.437 E.01435
G1 X127.864 Y144.855 E.01435
G1 X127.542 Y145.213 E.01435
G1 X127.152 Y145.496 E.01435
G1 X126.712 Y145.692 E.01435
G1 X126.477 Y145.742 E.00717
G1 X125.992 Y145.806 E.01456
G1 X94.14 Y145.806 E.94875
G1 X93.521 Y145.754 E.01851
G1 X93.063 Y145.605 E.01435
G1 X92.645 Y145.364 E.01435
G1 X92.287 Y145.042 E.01435
G1 X92.24 Y144.977 E.0024
G1 E-2.8 F3600
;WIPE_START
G1 F900
G1 X92.004 Y144.652 E-.48162
G1 X91.808 Y144.212 E-.57813
G1 X91.784 Y144.098 E-.14025
;WIPE_END
G1 Z.6 F9000
G1 X111.308 Y89.922 Z.6
G1 Z.2
G1 E4 F2400
;TYPE:Inner wall
G1 F900
G1 X110.724 Y90.123 E.01838
G1 X110.059 Y90.206 E.01997
G1 X109.391 Y90.148 E.01997
G1 X108.772 Y89.961 E.01928
G1 X108.167 Y89.63 E.02054
G1 X107.657 Y89.189 E.02006
G1 X107.253 Y88.654 E.01997
G1 X106.97 Y88.047 E.01997
G1 X106.818 Y87.394 E.01996
G1 X106.806 Y86.724 E.01997
G1 X106.933 Y86.066 E.01996
G1 X107.194 Y85.448 E.01997
G1 X107.578 Y84.899 E.01997
G1 X108.068 Y84.441 E.01997
G1 X108.642 Y84.096 E.01996
G1 X109.276 Y83.877 E.01997
G1 X109.918 Y83.796 E.01928
G1 X110.605 Y83.852 E.02054
G1 X111.25 Y84.047 E.02006
G1 X111.836 Y84.372 E.01996
G1 X112.343 Y84.811 E.01997
G1 X112.747 Y85.346 E.01997
G1 X113.03 Y85.953 E.01997
G1 X113.182 Y86.606 E.01996
G1 X113.194 Y87.276 E.01997
G1 X113.067 Y87.934 E.01996
G1 X112.806 Y88.552 E.01997
G1 X112.422 Y89.101 E.01997
G1 X111.932 Y89.559 E.01996
G1 X111.358 Y89.904 E.01996
G1 X111.345 Y89.909 E.00039
G1 X111.185 Y89.544 F9000
;TYPE:Outer wall
G1 F900
G1 X111.159 Y89.559 E.00092
G1 X110.601 Y89.744 E.01749
G1 X110.017 Y89.809 E.01749
G1 X109.433 Y89.752 E.01749
G1 X108.894 Y89.581 E.01683
G1 X108.364 Y89.284 E.01812
G1 X107.924 Y88.893 E.01752
G1 X107.576 Y88.42 E.01749
G1 X107.334 Y87.885 E.01749
G1 X107.208 Y87.311 E.01749
G1 X107.204 Y86.724 E.01749
G1 X107.323 Y86.149 E.01749
G1 X107.558 Y85.61 E.01749
G1 X107.901 Y85.133 E.01749
G1 X108.335 Y84.738 E.01749
G1 X108.841 Y84.441 E.01749
G1 X109.399 Y84.256 E.01749
G1 X109.96 Y84.192 E.01683
G1 X110.566 Y84.248 E.01812
G1 X111.127 Y84.426 E.01752
G1 X111.637 Y84.717 E.01749
G1 X112.076 Y85.107 E.01749
G1 X112.424 Y85.58 E.01749
G1 X112.666 Y86.115 E.01749
G1 X112.792 Y86.689 E.01749
M73 P3 R43
G1 X112.796 Y87.276 E.01749
G1 X112.677 Y87.852 E.01749
G1 X112.442 Y88.39 E.01749
G1 X112.099 Y88.867 E.01749
G1 X111.665 Y89.262 E.01749
G1 X111.22 Y89.523 E.01538
G1 E-2.8 F3600
;WIPE_START
G1 F900
G1 X111.159 Y89.559 E-.08503
G1 X110.601 Y89.744 E-.70478
G1 X110.261 Y89.782 E-.41019
;WIPE_END
G1 Z.6 F9000
G1 X125.962 Y74.708 Z.6
G1 Z.2
G1 E4 F2400
;TYPE:Bottom surface
;WIDTH:0.420441
G1 F2100
G1 X127.616 Y76.362 E.06975
G1 X127.624 Y76.904 E.01618
G1 X125.598 Y74.878 E.08547
G1 X125.064 Y74.878 E.01592
G1 X127.624 Y77.438 E.10799
G1 X127.624 Y77.972 E.01592
G1 X124.53 Y74.878 E.13051
G1 X123.996 Y74.877 E.01592
G1 X127.624 Y78.506 E.15303
G1 X127.624 Y79.04 E.01592
G1 X123.462 Y74.877 E.17555
G1 X122.928 Y74.877 E.01592
G1 X127.624 Y79.574 E.19806
G1 X127.624 Y80.108 E.01592
G1 X122.394 Y74.877 E.22058
G1 X121.86 Y74.877 E.01592
G1 X127.624 Y80.642 E.2431
G1 X127.624 Y81.175 E.01592
G1 X121.326 Y74.877 E.26562
G1 X120.792 Y74.877 E.01592
G1 X127.624 Y81.709 E.28813
G1 X127.624 Y82.243 E.01592
G1 X120.258 Y74.877 E.31065
G1 X119.724 Y74.877 E.01592
G1 X127.624 Y82.777 E.33317
G1 X127.624 Y83.311 E.01592
G1 X119.19 Y74.877 E.35569
G1 X118.657 Y74.877 E.01592
G1 X127.624 Y83.845 E.37821
G1 X127.624 Y84.379 E.01592
G1 X118.123 Y74.877 E.40072
G1 X117.589 Y74.877 E.01592
G1 X127.624 Y84.913 E.42324
G1 X127.624 Y85.447 E.01592
G1 X117.055 Y74.877 E.44576
G1 X116.521 Y74.877 E.01592
G1 X127.624 Y85.981 E.46828
G1 X127.624 Y86.514 E.01592
G1 X115.987 Y74.877 E.49079
G1 X115.453 Y74.877 E.01592
G1 X127.624 Y87.048 E.51331
G1 X127.624 Y87.582 E.01592
G1 X114.919 Y74.877 E.53583
G1 X114.385 Y74.877 E.01592
G1 X127.624 Y88.116 E.55835
G1 X127.624 Y88.65 E.01592
G1 X113.851 Y74.877 E.58087
G1 X113.317 Y74.877 E.01592
G1 X127.624 Y89.184 E.60338
G1 X127.624 Y89.718 E.01592
G1 X112.783 Y74.877 E.6259
G1 X112.249 Y74.877 E.01592
G1 X127.624 Y90.252 E.64842
G1 X127.624 Y90.786 E.01592
G1 X111.716 Y74.877 E.67094
G1 X111.182 Y74.877 E.01592
G1 X127.624 Y91.319 E.69345
G1 X127.624 Y91.853 E.01592
G1 X110.648 Y74.877 E.71597
G1 X110.114 Y74.877 E.01592
G1 X127.624 Y92.387 E.73849
G1 X127.624 Y92.921 E.01592
G1 X109.58 Y74.877 E.76101
G1 X109.046 Y74.877 E.01592
G1 X127.624 Y93.455 E.78353
G1 X127.624 Y93.989 E.01592
G1 X108.512 Y74.877 E.80604
G1 X107.978 Y74.877 E.01592
G1 X127.624 Y94.523 E.82856
G1 X127.624 Y95.057 E.01592
G1 X107.444 Y74.876 E.85108
G1 X106.91 Y74.876 E.01592
G1 X127.624 Y95.591 E.8736
G1 X127.624 Y96.125 E.01592
G1 X106.376 Y74.876 E.89611
G1 X105.842 Y74.876 E.01592
G1 X127.624 Y96.658 E.91863
G1 X127.624 Y97.192 E.01592
G1 X105.308 Y74.876 E.94115
G1 X104.774 Y74.876 E.01592
G1 X127.624 Y97.726 E.96367
G1 X127.624 Y98.26 E.01592
G1 X104.241 Y74.876 E.98619
G1 X103.707 Y74.876 E.01592
G1 X127.624 Y98.794 E1.0087
G1 X127.624 Y99.328 E.01592
G1 X103.173 Y74.876 E1.03122
G1 X102.639 Y74.876 E.01592
M73 P4 R43
G1 X127.624 Y99.862 E1.05374
G1 X127.624 Y100.396 E.01592
G1 X113.369 Y86.141 E.60119
G1 X113.46 Y86.552 E.01256
G1 X113.477 Y86.782 E.00688
G1 X127.624 Y100.93 E.59666
G1 X127.624 Y101.463 E.01592
G1 X113.473 Y87.312 E.59681
G1 X113.389 Y87.762 E.01363
G1 X127.624 Y101.997 E.60038
G1 X127.624 Y102.531 E.01592
G1 X113.275 Y88.182 E.60515
G1 X113.111 Y88.552 E.01206
G1 X127.624 Y103.065 E.61209
G1 X127.624 Y103.599 E.01592
G1 X112.918 Y88.893 E.62023
G1 X112.693 Y89.202 E.0114
G1 X127.624 Y104.133 E.62971
G1 X127.624 Y104.667 E.01592
G1 X112.437 Y89.48 E.6405
G1 X112.157 Y89.734 E.01127
G1 X127.624 Y105.201 E.65231
G1 X127.624 Y105.735 E.01592
G1 X111.838 Y89.948 E.66578
G1 X111.501 Y90.145 E.01163
G1 X127.624 Y106.269 E.67997
G1 X127.624 Y106.802 E.01592
G1 X111.111 Y90.289 E.69644
G1 X110.706 Y90.418 E.01267
G1 X127.624 Y107.336 E.7135
G1 X127.624 Y107.87 E.01592
G1 X110.223 Y90.469 E.73389
G1 X110 Y90.492 E.00668
G1 X109.679 Y90.458 E.00963
G1 X127.624 Y108.404 E.75684
G1 X127.624 Y108.938 E.01592
M73 P4 R42
G1 X108.76 Y90.074 E.79557
G1 E-2.8 F3600
;WIPE_START
G1 F2100
G1 X109.467 Y90.781 E-1.2
;WIPE_END
G1 Z.6 F9000
G1 X111.113 Y83.884 Z.6
G1 Z.2
G1 E4 F2400
G1 F2100
G1 X102.105 Y74.876 E.37989
G1 X101.571 Y74.876 E.01592
G1 X110.225 Y83.53 E.36496
G1 X109.892 Y83.514 E.00992
G1 X109.696 Y83.536 E.00588
G1 X101.037 Y74.876 E.3652
G1 X100.503 Y74.876 E.01592
G1 X109.229 Y83.602 E.36799
G1 X108.822 Y83.729 E.01271
G1 X99.969 Y74.876 E.37335
G1 X99.435 Y74.876 E.01592
G1 X108.443 Y83.884 E.37991
G1 X108.107 Y84.082 E.01163
G1 X98.901 Y74.876 E.38824
G1 X98.367 Y74.876 E.01592
G1 X107.799 Y84.308 E.39779
G1 X107.519 Y84.561 E.01127
G1 X97.833 Y74.876 E.40846
G1 X97.299 Y74.876 E.01592
G1 X107.271 Y84.847 E.42054
G1 X107.047 Y85.157 E.0114
G1 X96.766 Y74.876 E.43359
G1 X96.232 Y74.876 E.01592
G1 X106.863 Y85.507 E.44836
G1 X106.698 Y85.877 E.01206
G1 X95.698 Y74.876 E.46395
G1 X95.164 Y74.876 E.01592
G1 X106.596 Y86.308 E.48216
G1 X106.527 Y86.634 E.00994
G1 X106.526 Y86.772 E.00411
G1 X94.63 Y74.876 E.50172
G1 X94.103 Y74.883 E.0157
G1 X106.525 Y87.305 E.52389
G1 X106.54 Y87.448 E.00429
G1 X106.655 Y87.968 E.01588
G1 X93.62 Y74.934 E.5497
G1 X93.5 Y74.96 E.00368
G1 X93.232 Y75.079 E.00875
G1 X127.624 Y109.472 E1.45048
G1 X127.624 Y110.006 E.01592
G1 X92.916 Y75.297 E1.4638
G1 X92.669 Y75.584 E.01129
G1 X127.624 Y110.54 E1.4742
G1 X127.624 Y111.074 E.01592
G1 X92.489 Y75.938 E1.48179
G1 X92.416 Y76.163 E.00705
M73 P5 R42
G1 X92.394 Y76.377 E.00641
G1 X127.624 Y111.607 E1.48582
G1 X127.624 Y112.141 E.01592
G1 X92.376 Y76.893 E1.48657
G1 X92.376 Y77.427 E.01592
G1 X127.624 Y112.675 E1.48657
G1 X127.624 Y113.209 E.01592
G1 X92.376 Y77.961 E1.48657
G1 X92.376 Y78.494 E.01592
G1 X127.624 Y113.743 E1.48657
G1 X127.624 Y114.277 E.01592
G1 X92.376 Y79.028 E1.48657
G1 X92.376 Y79.562 E.01592
G1 X127.624 Y114.811 E1.48657
G1 X127.624 Y115.345 E.01592
G1 X92.376 Y80.096 E1.48657
G1 X92.376 Y80.63 E.01592
G1 X127.624 Y115.879 E1.48657
G1 X127.624 Y116.413 E.01592
G1 X92.376 Y81.164 E1.48657
G1 X92.376 Y81.698 E.01592
G1 X127.624 Y116.946 E1.48657
G1 X127.624 Y117.48 E.01592
G1 X92.376 Y82.232 E1.48657
G1 X92.376 Y82.766 E.01592
G1 X127.624 Y118.014 E1.48657
G1 X127.624 Y118.548 E.01592
G1 X92.376 Y83.299 E1.48657
G1 X92.376 Y83.833 E.01592
G1 X127.624 Y119.082 E1.48657
G1 X127.624 Y119.616 E.01592
G1 X92.376 Y84.367 E1.48657
G1 X92.376 Y84.901 E.01592
G1 X127.624 Y120.15 E1.48657
G1 X127.624 Y120.684 E.01592
G1 X92.376 Y85.435 E1.48657
G1 X92.376 Y85.969 E.01592
M73 P6 R42
G1 X127.624 Y121.218 E1.48657
G1 X127.624 Y121.751 E.01592
G1 X92.376 Y86.503 E1.48657
G1 X92.376 Y87.037 E.01592
G1 X127.624 Y122.285 E1.48657
G1 X127.624 Y122.819 E.01592
G1 X92.376 Y87.571 E1.48657
G1 X92.376 Y88.105 E.01592
G1 X127.624 Y123.353 E1.48657
G1 X127.624 Y123.887 E.01592
G1 X92.376 Y88.638 E1.48657
G1 X92.376 Y89.172 E.01592
G1 X127.624 Y124.421 E1.48657
G1 X127.624 Y124.955 E.01592
G1 X92.376 Y89.706 E1.48657
G1 X92.376 Y90.24 E.01592
G1 X127.624 Y125.489 E1.48657
G1 X127.624 Y126.023 E.01592
G1 X92.376 Y90.774 E1.48657
G1 X92.376 Y91.308 E.01592
G1 X127.624 Y126.557 E1.48657
G1 X127.624 Y127.09 E.01592
G1 X92.376 Y91.842 E1.48657
G1 X92.376 Y92.376 E.01592
M73 P6 R41
G1 X127.624 Y127.624 E1.48657
G1 X127.624 Y128.158 E.01592
G1 X92.376 Y92.91 E1.48657
G1 X92.376 Y93.443 E.01592
G1 X127.624 Y128.692 E1.48657
G1 X127.624 Y129.226 E.01592
G1 X92.376 Y93.977 E1.48657
G1 X92.376 Y94.511 E.01592
G1 X127.624 Y129.76 E1.48657
G1 X127.624 Y130.294 E.01592
G1 X92.376 Y95.045 E1.48657
G1 X92.376 Y95.579 E.01592
M73 P7 R41
G1 X127.624 Y130.828 E1.48657
G1 X127.624 Y131.362 E.01592
G1 X92.376 Y96.113 E1.48657
G1 X92.376 Y96.647 E.01592
G1 X127.624 Y131.896 E1.48657
G1 X127.624 Y132.429 E.01592
G1 X92.376 Y97.181 E1.48657
G1 X92.376 Y97.715 E.01592
G1 X127.624 Y132.963 E1.48657
G1 X127.624 Y133.497 E.01592
G1 X92.376 Y98.249 E1.48657
G1 X92.376 Y98.782 E.01592
G1 X127.624 Y134.031 E1.48657
G1 X127.624 Y134.565 E.01592
G1 X92.376 Y99.316 E1.48657
G1 X92.376 Y99.85 E.01592
G1 X127.624 Y135.099 E1.48657
G1 X127.624 Y135.633 E.01592
G1 X92.376 Y100.384 E1.48657
G1 X92.376 Y100.918 E.01592
G1 X127.624 Y136.167 E1.48657
G1 X127.624 Y136.701 E.01592
G1 X92.376 Y101.452 E1.48657
G1 X92.376 Y101.986 E.01592
G1 X127.624 Y137.234 E1.48657
G1 X127.624 Y137.768 E.01592
G1 X92.376 Y102.52 E1.48657
G1 X92.376 Y103.054 E.01592
G1 X127.624 Y138.302 E1.48657
G1 X127.624 Y138.836 E.01592
G1 X92.376 Y103.588 E1.48657
G1 X92.376 Y104.121 E.01592
G1 X127.624 Y139.37 E1.48657
G1 X127.624 Y139.904 E.01592
G1 X92.376 Y104.655 E1.48657
G1 X92.376 Y105.189 E.01592
M73 P8 R41
G1 X127.624 Y140.438 E1.48657
G1 X127.624 Y140.972 E.01592
G1 X92.376 Y105.723 E1.48657
G1 X92.376 Y106.257 E.01592
G1 X127.624 Y141.506 E1.48657
G1 X127.624 Y142.04 E.01592
G1 X92.376 Y106.791 E1.48657
G1 X92.376 Y107.325 E.01592
G1 X127.624 Y142.573 E1.48657
G1 X127.624 Y143.107 E.01592
G1 X92.376 Y107.859 E1.48657
G1 X92.376 Y108.393 E.01592
G1 X127.606 Y143.623 E1.48582
G1 X127.584 Y143.837 E.0064
G1 X127.511 Y144.062 E.00705
G1 X92.376 Y108.926 E1.48179
G1 X92.376 Y109.46 E.01592
G1 X127.331 Y144.416 E1.4742
G1 X127.084 Y144.703 E.01129
G1 X92.376 Y109.994 E1.4638
G1 X92.376 Y110.528 E.01592
G1 X126.768 Y144.921 E1.45048
G1 X126.5 Y145.04 E.00875
G1 X126.38 Y145.066 E.00369
G1 X92.376 Y111.062 E1.43408
G1 X92.376 Y111.596 E.01592
G1 X125.904 Y145.124 E1.41402
G1 X125.37 Y145.124 E.01592
G1 X92.376 Y112.13 E1.39151
G1 X92.376 Y112.664 E.01592
G1 X124.836 Y145.124 E1.36899
G1 X124.302 Y145.124 E.01592
G1 X92.376 Y113.198 E1.34647
G1 X92.376 Y113.732 E.01592
M73 P8 R40
G1 X123.768 Y145.124 E1.32396
G1 X123.235 Y145.124 E.01592
G1 X92.376 Y114.265 E1.30144
G1 X92.376 Y114.799 E.01592
M73 P9 R40
G1 X122.701 Y145.124 E1.27892
G1 X122.167 Y145.124 E.01592
G1 X92.376 Y115.333 E1.25641
G1 X92.376 Y115.867 E.01592
G1 X121.633 Y145.124 E1.23389
G1 X121.099 Y145.124 E.01592
G1 X92.376 Y116.401 E1.21137
G1 X92.376 Y116.935 E.01592
G1 X120.565 Y145.124 E1.18886
G1 X120.031 Y145.124 E.01592
G1 X92.376 Y117.469 E1.16634
G1 X92.376 Y118.003 E.01592
G1 X119.497 Y145.124 E1.14383
G1 X118.963 Y145.124 E.01592
G1 X92.376 Y118.537 E1.12131
G1 X92.376 Y119.07 E.01592
G1 X118.43 Y145.124 E1.09879
G1 X117.896 Y145.124 E.01592
G1 X92.376 Y119.604 E1.07628
G1 X92.376 Y120.138 E.01592
G1 X117.362 Y145.124 E1.05376
G1 X116.828 Y145.124 E.01592
G1 X92.376 Y120.672 E1.03124
G1 X92.376 Y121.206 E.01592
G1 X116.294 Y145.124 E1.00873
G1 X115.76 Y145.124 E.01592
G1 X92.376 Y121.74 E.98621
G1 X92.376 Y122.274 E.01592
G1 X115.226 Y145.124 E.96369
G1 X114.692 Y145.124 E.01592
G1 X92.376 Y122.808 E.94118
G1 X92.376 Y123.342 E.01592
G1 X114.158 Y145.124 E.91866
G1 X113.624 Y145.124 E.01592
G1 X92.376 Y123.876 E.89614
G1 X92.376 Y124.409 E.01592
G1 X113.091 Y145.124 E.87363
G1 X112.557 Y145.124 E.01592
G1 X92.376 Y124.943 E.85111
G1 X92.376 Y125.477 E.01592
G1 X112.023 Y145.124 E.8286
G1 X111.489 Y145.124 E.01592
G1 X92.376 Y126.011 E.80608
G1 X92.376 Y126.545 E.01592
G1 X110.955 Y145.124 E.78356
G1 X110.421 Y145.124 E.01592
G1 X92.376 Y127.079 E.76105
G1 X92.376 Y127.613 E.01592
G1 X109.887 Y145.124 E.73853
G1 X109.353 Y145.124 E.01592
G1 X92.376 Y128.147 E.71601
G1 X92.376 Y128.681 E.01592
M73 P10 R40
G1 X108.819 Y145.124 E.6935
G1 X108.286 Y145.124 E.01592
G1 X92.376 Y129.214 E.67098
G1 X92.376 Y129.748 E.01592
G1 X107.752 Y145.124 E.64846
G1 X107.218 Y145.124 E.01592
G1 X92.376 Y130.282 E.62595
G1 X92.376 Y130.816 E.01592
G1 X106.684 Y145.124 E.60343
G1 X106.15 Y145.124 E.01592
G1 X92.376 Y131.35 E.58091
G1 X92.376 Y131.884 E.01592
G1 X105.616 Y145.124 E.5584
G1 X105.082 Y145.124 E.01592
G1 X92.376 Y132.418 E.53588
G1 X92.376 Y132.952 E.01592
G1 X104.548 Y145.124 E.51337
G1 X104.014 Y145.124 E.01592
G1 X92.376 Y133.486 E.49085
G1 X92.376 Y134.02 E.01592
G1 X103.48 Y145.124 E.46833
G1 X102.947 Y145.124 E.01592
G1 X92.376 Y134.553 E.44582
G1 X92.376 Y135.087 E.01592
G1 X102.413 Y145.124 E.4233
G1 X101.879 Y145.124 E.01592
G1 X92.376 Y135.621 E.40078
G1 X92.376 Y136.155 E.01592
G1 X101.345 Y145.124 E.37827
G1 X100.811 Y145.124 E.01592
G1 X92.376 Y136.689 E.35575
G1 X92.376 Y137.223 E.01592
G1 X100.277 Y145.124 E.33323
G1 X99.743 Y145.124 E.01592
G1 X92.376 Y137.757 E.31072
G1 X92.376 Y138.291 E.01592
G1 X99.209 Y145.124 E.2882
G1 X98.675 Y145.124 E.01592
G1 X92.376 Y138.825 E.26568
G1 X92.376 Y139.358 E.01592
G1 X98.142 Y145.124 E.24317
G1 X97.608 Y145.124 E.01592
G1 X92.376 Y139.892 E.22065
G1 X92.376 Y140.426 E.01592
G1 X97.074 Y145.124 E.19813
G1 X96.54 Y145.124 E.01592
G1 X92.376 Y140.96 E.17562
G1 X92.376 Y141.494 E.01592
G1 X96.006 Y145.124 E.1531
G1 X95.472 Y145.124 E.01592
G1 X92.376 Y142.028 E.13059
G1 X92.376 Y142.562 E.01592
G1 X94.938 Y145.124 E.10807
G1 X94.404 Y145.124 E.01592
G1 X92.376 Y143.096 E.08555
G1 X92.384 Y143.638 E.01618
G1 X94.04 Y145.294 E.06983
; stop printing object Remote75T.stl id:0 copy 0
;LAYER_CHANGE
;Z:0.4
;HEIGHT:0.2
;BEFORE_LAYER_CHANGE
;0.4
G92 E0

G1 E-2.8 F3600
;WIPE_START
G1 F2100
G1 X93.333 Y144.587 E-1.2
;WIPE_END
;_SET_FAN_SPEED_CHANGING_LAYER
G1 Z.8 F9000
G1 X90.791 Y148.085 Z.8
G1 Z.4
G1 E4 F2400
;TYPE:Skirt
;WIDTH:0.42
G1 F3000
G1 X90.345 Y147.76 E.01645
G1 X89.372 Y146.676 E.04338
G1 X88.704 Y145.362 E.04392
G1 X88.479 Y144.515 E.0261
G1 X88.388 Y143.634 E.02638
G1 X88.384 Y76.5 E1.9997
G1 X88.483 Y75.465 E.03098
G1 X88.818 Y74.34 E.03496
G1 X89.539 Y73.093 E.0429
G1 X90.593 Y72.039 E.0444
G1 X91.31 Y71.573 E.02549
G1 X92.138 Y71.204 E.02699
G1 X93.547 Y70.905 E.0429
G1 X126.134 Y70.888 E.97067
G1 X127.298 Y71.038 E.03496
G1 X128.16 Y71.318 E.02699
G1 X128.922 Y71.707 E.02549
G1 X129.855 Y72.419 E.03496
G1 X130.461 Y73.093 E.02699
G1 X131.072 Y74.095 E.03496
G1 X131.383 Y74.909 E.02597
G1 X131.595 Y76.047 E.03447
G1 X131.616 Y143.5 E2.0092
G1 X131.517 Y144.535 E.03098
G1 X131.182 Y145.66 E.03496
G1 X130.793 Y146.422 E.02549
G1 X130.271 Y147.143 E.02651
G1 X129.19 Y148.119 E.04338
G1 X127.862 Y148.796 E.0444
G1 X126.453 Y149.095 E.0429
G1 X94 Y149.116 E.96667
G1 X92.965 Y149.017 E.03098
G1 X91.84 Y148.682 E.03496
G1 X91.078 Y148.293 E.02549
G1 X90.824 Y148.109 E.00935
G1 X91.045 Y147.804 F9000
G1 F3000
G1 X90.582 Y147.467 E.01705
G1 X89.689 Y146.473 E.0398
G1 X89.056 Y145.227 E.04164
G1 X88.852 Y144.456 E.02375
G1 X88.764 Y143.615 E.0252
G1 X88.761 Y76.5 E1.99911
G1 X88.855 Y75.523 E.02922
G1 X89.17 Y74.475 E.03261
G1 X89.832 Y73.33 E.03939
G1 X90.412 Y72.686 E.02581
G1 X91.015 Y72.197 E.02314
G1 X92.273 Y71.556 E.04205
G1 X93.567 Y71.281 E.03939
G1 X126.115 Y71.264 E.96949
G1 X127.201 Y71.403 E.03261
G1 X128.025 Y71.67 E.02582
G1 X128.717 Y72.023 E.02314
G1 X129.588 Y72.686 E.03261
G1 X130.168 Y73.33 E.02582
G1 X130.736 Y74.266 E.03261
G1 X131.018 Y75.004 E.02355
G1 X131.219 Y76.067 E.0322
G1 X131.239 Y143.5 E2.00861
G1 X131.145 Y144.476 E.02922
G1 X130.83 Y145.525 E.03261
G1 X130.188 Y146.642 E.03837
G1 X129.17 Y147.668 E.04306
G1 X128.519 Y148.091 E.02314
G1 X127.727 Y148.444 E.02582
G1 X126.433 Y148.719 E.03939
G1 X94 Y148.739 E.96608
G1 X93.024 Y148.645 E.02922
G1 X91.975 Y148.33 E.03261
G1 X91.283 Y147.977 E.02314
G1 X91.077 Y147.827 E.00757
; printing object Remote75T.stl id:0 copy 0
G1 E-2.8 F3600
;WIPE_START
G1 F3000
G1 X90.582 Y147.467 E-.73507
G1 X90.323 Y147.179 E-.46493
;WIPE_END
G1 Z.8 F9000
G1 X92.151 Y145.002 Z.8
G1 Z.4
G1 E4 F2400
;TYPE:Inner wall
;WIDTH:0.449999
G1 X91.919 Y144.68 E.01277
G1 X91.724 Y144.24 E.01548
G1 X91.671 Y143.99 E.00824
G1 X91.604 Y143.483 E.01644
G1 X91.604 Y76.533 E2.15286
G1 X91.659 Y76.002 E.01716
G1 X91.814 Y75.527 E.01609
G1 X92.064 Y75.093 E.01609
G1 X92.4 Y74.72 E.01617
G1 X92.736 Y74.471 E.01343
G1 X93.269 Y74.222 E.01891
G1 X93.523 Y74.165 E.00837
G1 X94.025 Y74.104 E.01625
G1 X125.913 Y74.108 E1.02541
G1 X126.495 Y74.158 E.01879
G1 X126.973 Y74.314 E.01617
G1 X127.407 Y74.564 E.01609
G1 X127.778 Y74.899 E.01609
G1 X128.072 Y75.303 E.01609
G1 X128.276 Y75.76 E.01608
G1 X128.344 Y76.081 E.01053
G1 X128.396 Y76.58 E.01614
G1 X128.396 Y143.467 E2.15084
G1 X128.341 Y143.998 E.01716
M73 P11 R40
G1 X128.186 Y144.474 E.0161
G1 X127.946 Y144.891 E.01548
G1 X127.598 Y145.281 E.0168
G1 X127.264 Y145.529 E.01338
G1 X126.734 Y145.777 E.01882
G1 X126.461 Y145.835 E.00897
G1 X125.983 Y145.896 E.0155
G1 X94.033 Y145.896 E1.02739
G1 X93.502 Y145.841 E.01716
G1 X93.027 Y145.686 E.01609
G1 X92.593 Y145.436 E.01609
G1 X92.223 Y145.102 E.01604
G1 X92.174 Y145.035 E.00267
G1 X91.803 Y145.253 F9000
;TYPE:Outer wall
G1 F600
G1 X91.619 Y144.996 E.01016
;TYPE:Overhang wall
G1 X91.545 Y144.894 E.00405
G1 X91.485 Y144.759 E.00475
;TYPE:Outer wall
G1 X91.379 Y144.518 E.00847
;TYPE:Overhang wall
G1 X91.314 Y144.373 E.00511
G1 X91.282 Y144.223 E.00493
;TYPE:Outer wall
G1 X91.237 Y144.008 E.00706
G1 X91.191 Y143.624 E.01244
;TYPE:Overhang wall
G1 X91.175 Y143.494 E.00421
G1 X91.175 Y76.511 E2.15393
G1 X91.192 Y76.348 E.00527
M73 P11 R39
;TYPE:Outer wall
G1 X91.222 Y76.065 E.00915
;TYPE:Overhang wall
G1 X91.238 Y75.913 E.00491
G1 X91.285 Y75.767 E.00493
;TYPE:Outer wall
G1 X91.373 Y75.497 E.00913
;TYPE:Overhang wall
G1 X91.42 Y75.351 E.00493
G1 X91.497 Y75.219 E.00491
;TYPE:Outer wall
G1 X91.639 Y74.973 E.00913
;TYPE:Overhang wall
G1 X91.715 Y74.84 E.00493
G1 X91.818 Y74.726 E.00494
;TYPE:Outer wall
G1 X92.008 Y74.515 E.00913
;TYPE:Overhang wall
G1 X92.111 Y74.401 E.00494
G1 X92.261 Y74.29 E.006
;TYPE:Outer wall
G1 X92.41 Y74.179 E.00597
;TYPE:Overhang wall
G1 X92.568 Y74.077 E.00605
;TYPE:Outer wall
G1 X93.031 Y73.86 E.01644
;TYPE:Overhang wall
G1 X93.13 Y73.814 E.00351
G1 X93.31 Y73.774 E.00593
;TYPE:Outer wall
G1 X93.889 Y73.69 E.01881
;TYPE:Overhang wall
G1 X94.008 Y73.675 E.00386
G1 X126.078 Y73.68 E1.03125
G1 X126.216 Y73.695 E.00446
;TYPE:Outer wall
G1 X126.402 Y73.716 E.00602
;TYPE:Overhang wall
G1 X126.586 Y73.737 E.00596
G1 X126.733 Y73.785 E.00497
;TYPE:Outer wall
G1 X127.003 Y73.873 E.00913
;TYPE:Overhang wall
G1 X127.149 Y73.92 E.00493
G1 X127.281 Y73.997 E.00491
;TYPE:Outer wall
G1 X127.527 Y74.139 E.00913
;TYPE:Overhang wall
G1 X127.66 Y74.215 E.00493
G1 X127.774 Y74.318 E.00494
;TYPE:Outer wall
G1 X127.985 Y74.508 E.00913
;TYPE:Overhang wall
G1 X128.099 Y74.61 E.00492
G1 X128.189 Y74.734 E.00493
;TYPE:Outer wall
G1 X128.356 Y74.964 E.00914
;TYPE:Overhang wall
G1 X128.446 Y75.088 E.00493
G1 X128.508 Y75.228 E.00492
;TYPE:Outer wall
G1 X128.623 Y75.487 E.00911
;TYPE:Overhang wall
G1 X128.686 Y75.627 E.00494
G1 X128.718 Y75.777 E.00493
;TYPE:Outer wall
G1 X128.777 Y76.055 E.00914
;TYPE:Overhang wall
G1 X128.809 Y76.21 E.00509
G1 X128.825 Y76.58 E.01191
G1 X128.825 Y143.489 E2.15155
G1 X128.808 Y143.652 E.00527
;TYPE:Outer wall
G1 X128.778 Y143.935 E.00915
;TYPE:Overhang wall
G1 X128.762 Y144.087 E.00491
G1 X128.715 Y144.233 E.00493
;TYPE:Outer wall
G1 X128.627 Y144.503 E.00913
;TYPE:Overhang wall
G1 X128.58 Y144.649 E.00493
G1 X128.501 Y144.787 E.00511
;TYPE:Outer wall
G1 X128.369 Y145.015 E.00847
;TYPE:Overhang wall
G1 X128.295 Y145.143 E.00475
G1 X128.212 Y145.237 E.00403
;TYPE:Outer wall
G1 X127.982 Y145.495 E.01111
;TYPE:Overhang wall
G1 X127.889 Y145.599 E.00449
G1 X127.739 Y145.71 E.006
;TYPE:Outer wall
G1 X127.59 Y145.821 E.00597
;TYPE:Overhang wall
G1 X127.432 Y145.923 E.00605
;TYPE:Outer wall
G1 X126.969 Y146.14 E.01644
;TYPE:Overhang wall
G1 X126.871 Y146.186 E.00348
G1 X126.723 Y146.218 E.00487
;TYPE:Outer wall
G1 X126.508 Y146.263 E.00706
G1 X126.124 Y146.309 E.01244
;TYPE:Overhang wall
G1 X125.994 Y146.325 E.00421
G1 X94.011 Y146.325 E1.02846
G1 X93.848 Y146.308 E.00527
;TYPE:Outer wall
G1 X93.565 Y146.278 E.00915
;TYPE:Overhang wall
G1 X93.413 Y146.262 E.00491
G1 X93.267 Y146.215 E.00493
;TYPE:Outer wall
G1 X92.997 Y146.127 E.00913
;TYPE:Overhang wall
G1 X92.851 Y146.08 E.00493
G1 X92.719 Y146.003 E.00491
;TYPE:Outer wall
G1 X92.473 Y145.861 E.00913
;TYPE:Overhang wall
G1 X92.34 Y145.785 E.00493
G1 X92.226 Y145.682 E.00494
;TYPE:Outer wall
G1 X92.015 Y145.492 E.00913
;TYPE:Overhang wall
G1 X91.902 Y145.39 E.0049
G1 X91.826 Y145.285 E.00417
G1 E-2.8 F3600
;WIPE_START
G1 F600
G1 X91.619 Y144.996 E-.42712
G1 X91.545 Y144.894 E-.15047
G1 X91.485 Y144.759 E-.1779
G1 X91.379 Y144.518 E-.31567
G1 X91.335 Y144.42 E-.12885
;WIPE_END
G1 Z.8 F9000
G1 X111.296 Y89.867 Z.8
G1 Z.4
G1 E4 F2400
;TYPE:Inner wall
M106 S0
G1 X110.717 Y90.068 E.01971
G1 X110.064 Y90.15 E.02118
G1 X109.407 Y90.095 E.02118
G1 X108.777 Y89.904 E.02118
G1 X108.2 Y89.586 E.02118
G1 X107.702 Y89.155 E.02118
G1 X107.304 Y88.63 E.02118
G1 X107.023 Y88.033 E.02121
G1 X106.885 Y87.463 E.01886
G1 X106.86 Y86.745 E.02311
G1 X106.984 Y86.087 E.02151
G1 X107.2 Y85.57 E.01802
G1 X107.616 Y84.939 E.02429
G1 X108.097 Y84.489 E.02118
G1 X108.66 Y84.148 E.02118
G1 X109.284 Y83.932 E.02121
G1 X109.865 Y83.854 E.01887
G1 X110.582 Y83.904 E.02311
G1 X111.223 Y84.096 E.02152
G1 X111.8 Y84.414 E.02118
G1 X112.298 Y84.845 E.02118
G1 X112.696 Y85.37 E.02118
G1 X112.976 Y85.966 E.02118
G1 X113.126 Y86.607 E.02118
G1 X113.14 Y87.266 E.02118
G1 X113.016 Y87.913 E.02118
G1 X112.76 Y88.52 E.02118
G1 X112.384 Y89.061 E.02118
G1 X111.903 Y89.511 E.02118
G1 X111.34 Y89.852 E.02118
G1 X111.334 Y89.854 E.00018
G1 X111.15 Y89.466 F9000
;TYPE:Outer wall
G1 F2400
G1 X111.125 Y89.481 E.00093
G1 X110.585 Y89.661 E.01831
G1 X110.019 Y89.724 E.01831
G1 X109.452 Y89.668 E.01831
G1 X108.909 Y89.496 E.01831
G1 X108.414 Y89.215 E.01831
G1 X107.988 Y88.837 E.01831
G1 X107.65 Y88.379 E.01831
G1 X107.415 Y87.859 E.01834
G1 X107.303 Y87.371 E.0161
G1 X107.289 Y86.737 E.02038
G1 X107.403 Y86.176 E.01841
G1 X107.631 Y85.654 E.01831
G1 X107.963 Y85.191 E.01831
G1 X108.383 Y84.807 E.01831
G1 X108.875 Y84.519 E.01831
G1 X109.416 Y84.339 E.01834
G1 X109.913 Y84.279 E.0161
G1 X110.545 Y84.331 E.02038
G1 X111.091 Y84.504 E.01841
G1 X111.586 Y84.785 E.01831
G1 X112.012 Y85.163 E.01831
G1 X112.35 Y85.621 E.01831
G1 X112.585 Y86.14 E.01831
G1 X112.707 Y86.696 E.01831
G1 X112.711 Y87.266 E.01831
G1 X112.597 Y87.824 E.01831
G1 X112.369 Y88.346 E.01831
G1 X112.037 Y88.809 E.01831
G1 X111.617 Y89.193 E.01831
G1 X111.185 Y89.446 E.0161
G1 E-2.8 F3600
;WIPE_START
G1 F2400
G1 X111.125 Y89.481 E-.08258
G1 X110.585 Y89.661 E-.68341
G1 X110.226 Y89.701 E-.43401
;WIPE_END
G1 Z.8 F9000
G1 X128.274 Y143.248 Z.8
G1 Z.4
M73 P12 R39
G1 E4 F2400
;TYPE:Internal solid infill
;WIDTH:0.451348
G1 F3000
G1 X125.931 Y145.591 E.10692
G1 X125.353 Y145.591 E.01864
G1 X128.091 Y142.853 E.12491
G1 X128.091 Y142.276 E.01864
G1 X124.776 Y145.591 E.15127
G1 X124.198 Y145.591 E.01864
G1 X128.091 Y141.698 E.17762
G1 X128.091 Y141.121 E.01864
G1 X123.621 Y145.591 E.20397
G1 X123.043 Y145.591 E.01864
G1 X128.091 Y140.543 E.23033
G1 X128.091 Y139.965 E.01864
G1 X122.465 Y145.591 E.25668
G1 X121.888 Y145.591 E.01864
G1 X128.091 Y139.388 E.28304
G1 X128.091 Y138.81 E.01864
G1 X121.31 Y145.591 E.30939
G1 X120.733 Y145.591 E.01864
G1 X128.091 Y138.233 E.33575
G1 X128.091 Y137.655 E.01864
G1 X120.155 Y145.591 E.3621
G1 X119.577 Y145.591 E.01864
G1 X128.091 Y137.077 E.38845
G1 X128.091 Y136.5 E.01864
G1 X119 Y145.591 E.41481
G1 X118.422 Y145.591 E.01864
G1 X128.091 Y135.922 E.44116
G1 X128.091 Y135.345 E.01864
G1 X117.845 Y145.591 E.46752
G1 X117.267 Y145.591 E.01864
G1 X128.091 Y134.767 E.49387
G1 X128.091 Y134.189 E.01864
G1 X116.689 Y145.591 E.52022
G1 X116.112 Y145.591 E.01864
G1 X128.091 Y133.612 E.54658
G1 X128.091 Y133.034 E.01864
G1 X115.534 Y145.591 E.57293
G1 X114.957 Y145.591 E.01864
G1 X128.091 Y132.457 E.59929
G1 X128.091 Y131.879 E.01864
G1 X114.379 Y145.591 E.62564
G1 X113.801 Y145.591 E.01864
G1 X128.091 Y131.301 E.652
G1 X128.091 Y130.724 E.01864
G1 X113.224 Y145.591 E.67835
G1 X112.646 Y145.591 E.01864
G1 X128.091 Y130.146 E.7047
G1 X128.091 Y129.569 E.01864
G1 X112.069 Y145.591 E.73106
G1 X111.491 Y145.591 E.01864
G1 X128.091 Y128.991 E.75741
G1 X128.091 Y128.413 E.01864
G1 X110.913 Y145.591 E.78377
G1 X110.336 Y145.591 E.01864
G1 X128.091 Y127.836 E.81012
G1 X128.091 Y127.258 E.01864
G1 X109.758 Y145.591 E.83647
G1 X109.181 Y145.591 E.01864
G1 X128.091 Y126.681 E.86283
G1 X128.091 Y126.103 E.01864
G1 X108.603 Y145.591 E.88918
G1 X108.025 Y145.591 E.01864
G1 X128.091 Y125.525 E.91554
G1 X128.091 Y124.948 E.01864
G1 X107.448 Y145.591 E.94189
G1 X106.87 Y145.591 E.01864
G1 X128.091 Y124.37 E.96824
G1 X128.091 Y123.793 E.01864
G1 X106.293 Y145.591 E.9946
G1 X105.715 Y145.591 E.01864
G1 X128.091 Y123.215 E1.02095
G1 X128.091 Y122.637 E.01864
G1 X105.137 Y145.591 E1.04731
G1 X104.56 Y145.591 E.01864
G1 X128.091 Y122.06 E1.07366
G1 X128.091 Y121.482 E.01864
G1 X103.982 Y145.591 E1.10002
G1 X103.405 Y145.591 E.01864
G1 X128.091 Y120.905 E1.12637
G1 X128.091 Y120.327 E.01864
G1 X102.827 Y145.591 E1.15272
G1 X102.249 Y145.591 E.01864
G1 X128.091 Y119.749 E1.17908
G1 X128.091 Y119.172 E.01864
G1 X101.672 Y145.591 E1.20543
G1 X101.094 Y145.591 E.01864
G1 X128.091 Y118.594 E1.23179
G1 X128.091 Y118.016 E.01864
G1 X100.516 Y145.591 E1.25814
G1 X99.939 Y145.591 E.01864
G1 X128.091 Y117.439 E1.28449
G1 X128.091 Y116.861 E.01864
G1 X99.361 Y145.591 E1.31085
G1 X98.784 Y145.591 E.01864
G1 X128.091 Y116.284 E1.3372
G1 X128.091 Y115.706 E.01864
G1 X98.206 Y145.591 E1.36356
G1 X97.628 Y145.591 E.01864
M73 P13 R39
G1 X128.091 Y115.128 E1.38991
G1 X128.091 Y114.551 E.01864
G1 X97.051 Y145.591 E1.41626
G1 X96.473 Y145.591 E.01864
G1 X128.091 Y113.973 E1.44262
G1 X128.091 Y113.396 E.01864
G1 X95.896 Y145.591 E1.46897
G1 X95.318 Y145.591 E.01864
G1 X128.091 Y112.818 E1.49533
G1 X128.091 Y112.24 E.01864
G1 X94.74 Y145.591 E1.52168
G1 X94.163 Y145.591 E.01864
G1 X128.091 Y111.663 E1.54804
G1 X128.091 Y111.085 E.01864
G1 X93.629 Y145.547 E1.57238
G1 X93.183 Y145.416 E.01501
G1 X128.091 Y110.508 E1.59275
G1 X128.091 Y109.93 E.01864
M73 P13 R38
G1 X92.812 Y145.21 E1.60968
G1 X92.501 Y144.942 E.01321
G1 X128.091 Y109.352 E1.62385
G1 X128.091 Y108.775 E.01864
G1 X92.249 Y144.617 E1.63534
G1 X92.186 Y144.528 E.00353
G1 X92.055 Y144.233 E.01039
G1 X128.091 Y108.197 E1.6442
G1 X128.091 Y107.62 E.01864
G1 X91.937 Y143.774 E1.64958
G1 X91.909 Y143.475 E.00968
G1 X91.909 Y143.224 E.00808
G1 X128.091 Y107.042 E1.65088
G1 X128.091 Y106.464 E.01864
G1 X91.909 Y142.647 E1.65088
G1 X91.909 Y142.069 E.01864
G1 X128.091 Y105.887 E1.65088
G1 X128.091 Y105.309 E.01864
G1 X91.909 Y141.492 E1.65088
G1 X91.909 Y140.914 E.01864
G1 X128.091 Y104.732 E1.65088
G1 X128.091 Y104.154 E.01864
G1 X91.909 Y140.336 E1.65088
G1 X91.909 Y139.759 E.01864
G1 X128.091 Y103.576 E1.65088
G1 X128.091 Y102.999 E.01864
G1 X91.909 Y139.181 E1.65088
G1 X91.909 Y138.604 E.01864
G1 X128.091 Y102.421 E1.65088
G1 X128.091 Y101.844 E.01864
G1 X91.909 Y138.026 E1.65088
G1 X91.909 Y137.448 E.01864
M73 P14 R38
G1 X128.091 Y101.266 E1.65088
G1 X128.091 Y100.688 E.01864
G1 X91.909 Y136.871 E1.65088
G1 X91.909 Y136.293 E.01864
G1 X128.091 Y100.111 E1.65088
G1 X128.091 Y99.533 E.01864
G1 X91.909 Y135.716 E1.65088
G1 X91.909 Y135.138 E.01864
G1 X128.091 Y98.956 E1.65088
G1 X128.091 Y98.378 E.01864
G1 X91.909 Y134.56 E1.65088
G1 X91.909 Y133.983 E.01864
G1 X128.091 Y97.8 E1.65088
G1 X128.091 Y97.223 E.01864
G1 X91.909 Y133.405 E1.65088
G1 X91.909 Y132.827 E.01864
G1 X128.091 Y96.645 E1.65088
G1 X128.091 Y96.068 E.01864
G1 X91.909 Y132.25 E1.65088
G1 X91.909 Y131.672 E.01864
G1 X128.091 Y95.49 E1.65088
G1 X128.091 Y94.912 E.01864
G1 X91.909 Y131.095 E1.65088
G1 X91.909 Y130.517 E.01864
G1 X128.091 Y94.335 E1.65088
G1 X128.091 Y93.757 E.01864
G1 X91.909 Y129.939 E1.65088
G1 X91.909 Y129.362 E.01864
G1 X128.091 Y93.18 E1.65088
G1 X128.091 Y92.602 E.01864
G1 X91.909 Y128.784 E1.65088
G1 X91.909 Y128.207 E.01864
G1 X128.091 Y92.024 E1.65088
G1 X128.091 Y91.447 E.01864
G1 X91.909 Y127.629 E1.65088
G1 X91.909 Y127.051 E.01864
G1 X128.091 Y90.869 E1.65088
G1 X128.091 Y90.291 E.01864
G1 X91.909 Y126.474 E1.65088
G1 X91.909 Y125.896 E.01864
G1 X128.091 Y89.714 E1.65088
G1 X128.091 Y89.136 E.01864
G1 X91.909 Y125.319 E1.65088
G1 X91.909 Y124.741 E.01864
G1 X128.091 Y88.559 E1.65088
G1 X128.091 Y87.981 E.01864
G1 X91.909 Y124.163 E1.65088
G1 X91.909 Y123.586 E.01864
M73 P15 R38
G1 X128.091 Y87.403 E1.65088
G1 X128.091 Y86.826 E.01864
G1 X91.909 Y123.008 E1.65088
G1 X91.909 Y122.431 E.01864
G1 X128.091 Y86.248 E1.65088
G1 X128.091 Y85.671 E.01864
G1 X91.909 Y121.853 E1.65088
G1 X91.909 Y121.275 E.01864
G1 X128.091 Y85.093 E1.65088
G1 X128.091 Y84.515 E.01864
G1 X91.909 Y120.698 E1.65088
G1 X91.909 Y120.12 E.01864
G1 X128.091 Y83.938 E1.65088
G1 X128.091 Y83.36 E.01864
G1 X91.909 Y119.543 E1.65088
G1 X91.909 Y118.965 E.01864
G1 X128.091 Y82.783 E1.65088
G1 X128.091 Y82.205 E.01864
G1 X91.909 Y118.387 E1.65088
G1 X91.909 Y117.81 E.01864
G1 X128.091 Y81.627 E1.65088
G1 X128.091 Y81.05 E.01864
G1 X91.909 Y117.232 E1.65088
G1 X91.909 Y116.655 E.01864
G1 X128.091 Y80.472 E1.65088
G1 X128.091 Y79.895 E.01864
G1 X91.909 Y116.077 E1.65088
G1 X91.909 Y115.499 E.01864
M73 P15 R37
G1 X128.091 Y79.317 E1.65088
G1 X128.091 Y78.739 E.01864
G1 X91.909 Y114.922 E1.65088
G1 X91.909 Y114.344 E.01864
G1 X128.091 Y78.162 E1.65088
G1 X128.091 Y77.584 E.01864
G1 X91.909 Y113.767 E1.65088
G1 X91.909 Y113.189 E.01864
G1 X128.091 Y77.007 E1.65088
G1 X128.086 Y76.434 E.01848
G1 X91.909 Y112.611 E1.65066
G1 X91.909 Y112.034 E.01864
G1 X128.002 Y75.94 E1.64681
G1 X127.984 Y75.855 E.00281
G1 X127.838 Y75.527 E.01159
G1 X91.909 Y111.456 E1.63932
G1 X91.909 Y110.879 E.01864
G1 X127.606 Y75.181 E1.62875
G1 X127.55 Y75.104 E.00307
G1 X127.316 Y74.893 E.01016
G1 X91.909 Y110.301 E1.61552
G1 X91.909 Y109.723 E.01864
M73 P16 R37
G1 X126.969 Y74.664 E1.59966
G1 X126.848 Y74.594 E.00447
G1 X126.555 Y74.499 E.00994
G1 X113.372 Y87.682 E.6015
G1 X113.44 Y87.362 E.01055
G1 X113.443 Y87.034 E.01059
G1 X126.061 Y74.416 E.57571
G1 X125.486 Y74.413 E.01854
G1 X113.412 Y86.487 E.55087
G1 X113.308 Y86.014 E.01564
G1 X124.908 Y74.413 E.52928
G1 X124.331 Y74.413 E.01863
G1 X113.143 Y85.601 E.51045
G1 X112.997 Y85.273 E.01159
G1 X112.954 Y85.213 E.00239
G1 X123.753 Y74.413 E.49275
G1 X123.176 Y74.413 E.01863
G1 X112.711 Y84.878 E.47748
G1 X112.572 Y84.687 E.00761
G1 X112.443 Y84.568 E.00567
G1 X122.598 Y74.413 E.46336
G1 X122.021 Y74.413 E.01863
G1 X112.141 Y84.293 E.45078
G1 X111.957 Y84.152 E.00747
G1 X111.796 Y84.06 E.00598
G1 X121.443 Y74.413 E.44018
G1 X120.866 Y74.413 E.01863
G1 X111.427 Y83.851 E.43064
G1 X110.998 Y83.703 E.01466
G1 X120.288 Y74.413 E.4239
G1 X119.711 Y74.413 E.01863
G1 X110.53 Y83.593 E.41888
G1 X109.998 Y83.548 E.01723
G1 X119.133 Y74.412 E.41681
G1 X118.556 Y74.412 E.01863
G1 X109.097 Y83.871 E.43155
G1 E-2.8 F3600
;WIPE_START
G1 F3000
G1 X109.804 Y83.164 E-1.2
;WIPE_END
G1 Z.8 F9000
G1 X110.935 Y90.12 Z.8
G1 Z.4
G1 E4 F2400
G1 F3000
G1 X91.909 Y109.146 E.86809
G1 X91.909 Y108.568 E.01864
G1 X110.021 Y90.456 E.82638
G1 X109.494 Y90.405 E.01706
G1 X91.909 Y107.991 E.80236
G1 X91.909 Y107.413 E.01864
G1 X109.021 Y90.301 E.78075
G1 X108.59 Y90.154 E.01467
G1 X91.909 Y106.835 E.76112
G1 X91.909 Y106.258 E.01864
G1 X108.218 Y89.949 E.74412
G1 X108.043 Y89.848 E.00652
G1 X107.871 Y89.718 E.00695
G1 X91.909 Y105.68 E.72829
G1 X91.909 Y105.102 E.01864
G1 X107.57 Y89.441 E.71458
G1 X107.411 Y89.294 E.007
G1 X107.297 Y89.136 E.00627
G1 X91.909 Y104.525 E.70212
G1 X91.909 Y103.947 E.01864
G1 X107.055 Y88.801 E.69108
G1 X107.005 Y88.731 E.0028
G1 X106.864 Y88.415 E.01116
G1 X91.909 Y103.37 E.68234
G1 X91.909 Y102.792 E.01864
G1 X106.696 Y88.005 E.67467
G1 X106.588 Y87.535 E.01556
G1 X91.909 Y102.214 E.66977
G1 X91.909 Y101.637 E.01864
G1 X106.562 Y86.984 E.66857
G1 X106.559 Y86.646 E.01091
G1 X106.622 Y86.346 E.00988
G1 X91.909 Y101.059 E.67132
G1 X91.909 Y100.482 E.01864
G1 X106.91 Y85.48 E.68447
G1 X107.003 Y85.273 E.00733
G1 X107.428 Y84.687 E.02335
G1 X107.965 Y84.202 E.02335
G1 X108.494 Y83.897 E.01968
G1 X117.978 Y74.412 E.43275
G1 X117.401 Y74.412 E.01863
G1 X91.909 Y99.904 E1.16311
G1 X91.909 Y99.326 E.01864
G1 X116.823 Y74.412 E1.13675
G1 X116.246 Y74.412 E.01863
G1 X91.909 Y98.749 E1.1104
G1 X91.909 Y98.171 E.01864
G1 X115.668 Y74.412 E1.08405
G1 X115.091 Y74.412 E.01863
G1 X91.909 Y97.594 E1.0577
G1 X91.909 Y97.016 E.01864
G1 X114.513 Y74.412 E1.03135
G1 X113.936 Y74.412 E.01863
G1 X91.909 Y96.438 E1.005
G1 X91.909 Y95.861 E.01864
G1 X113.358 Y74.412 E.97865
G1 X112.78 Y74.412 E.01863
G1 X91.909 Y95.283 E.9523
G1 X91.909 Y94.706 E.01864
G1 X112.203 Y74.411 E.92595
G1 X111.625 Y74.411 E.01863
G1 X91.909 Y94.128 E.8996
G1 X91.909 Y93.55 E.01864
G1 X111.048 Y74.411 E.87325
G1 X110.47 Y74.411 E.01863
G1 X91.909 Y92.973 E.8469
G1 X91.909 Y92.395 E.01864
G1 X109.893 Y74.411 E.82055
G1 X109.315 Y74.411 E.01863
M73 P17 R37
G1 X91.909 Y91.818 E.7942
G1 X91.909 Y91.24 E.01864
G1 X108.738 Y74.411 E.76785
G1 X108.16 Y74.411 E.01863
G1 X91.909 Y90.662 E.7415
G1 X91.909 Y90.085 E.01864
G1 X107.583 Y74.411 E.71515
G1 X107.005 Y74.411 E.01863
G1 X91.909 Y89.507 E.6888
G1 X91.909 Y88.93 E.01864
G1 X106.428 Y74.411 E.66245
G1 X105.85 Y74.411 E.01863
G1 X91.909 Y88.352 E.6361
G1 X91.909 Y87.774 E.01864
G1 X105.273 Y74.41 E.60975
G1 X104.695 Y74.41 E.01863
G1 X91.909 Y87.197 E.5834
G1 X91.909 Y86.619 E.01864
G1 X104.118 Y74.41 E.55705
G1 X103.54 Y74.41 E.01863
G1 X91.909 Y86.042 E.5307
G1 X91.909 Y85.464 E.01864
G1 X102.963 Y74.41 E.50435
G1 X102.385 Y74.41 E.01863
G1 X91.909 Y84.886 E.478
G1 X91.909 Y84.309 E.01864
G1 X101.808 Y74.41 E.45165
G1 X101.23 Y74.41 E.01863
G1 X91.909 Y83.731 E.4253
G1 X91.909 Y83.154 E.01864
G1 X100.653 Y74.41 E.39895
G1 X100.075 Y74.41 E.01863
G1 X91.909 Y82.576 E.3726
G1 X91.909 Y81.998 E.01864
G1 X99.498 Y74.41 E.34625
G1 X98.92 Y74.41 E.01863
G1 X91.909 Y81.421 E.3199
G1 X91.909 Y80.843 E.01864
G1 X98.342 Y74.409 E.29355
G1 X97.765 Y74.409 E.01863
G1 X91.909 Y80.265 E.2672
G1 X91.909 Y79.688 E.01864
G1 X97.187 Y74.409 E.24085
G1 X96.61 Y74.409 E.01863
G1 X91.909 Y79.11 E.21449
G1 X91.909 Y78.533 E.01864
G1 X96.032 Y74.409 E.18814
G1 X95.455 Y74.409 E.01863
G1 X91.909 Y77.955 E.16179
G1 X91.909 Y77.377 E.01864
G1 X94.877 Y74.409 E.13544
G1 X94.3 Y74.409 E.01863
G1 X91.909 Y76.8 E.10909
G1 X91.909 Y76.549 E.00809
G1 X91.947 Y76.184 E.01185
G1 X93.892 Y74.239 E.08874
G1 X127.019 Y145.119 F9000
;WIDTH:0.586274
G1 F3000
G1 X127.52 Y144.633 E.02996
; stop printing object Remote75T.stl id:0 copy 0
;LAYER_CHANGE
;Z:0.6
;HEIGHT:0.2
;BEFORE_LAYER_CHANGE
;0.6
G92 E0

G1 E-3.16238 F3600
;WIPE_START
G1 F3000
G1 X127.019 Y145.119 E-.83762
;WIPE_END
;_SET_FAN_SPEED_CHANGING_LAYER
; printing object Remote75T.stl id:0 copy 0
G1 Z1 F9000
G1 X91.931 Y145.16 Z1
G1 Z.6
G1 E4 F2400
;TYPE:Inner wall
;WIDTH:0.449999
G1 X91.695 Y144.832 E.01298
G1 X91.468 Y144.323 E.01794
G1 X91.408 Y144.037 E.00938
G1 X91.335 Y143.483 E.01798
G1 X91.335 Y76.533 E2.15286
G1 X91.396 Y75.947 E.01897
G1 X91.568 Y75.417 E.01789
G1 X91.846 Y74.935 E.01789
G1 X92.219 Y74.522 E.01791
G1 X92.669 Y74.195 E.01787
G1 X93.177 Y73.968 E.01791
G1 X93.45 Y73.91 E.00895
G1 X94.017 Y73.835 E.01841
G1 X126.023 Y73.838 E1.02918
G1 X126.552 Y73.896 E.01712
G1 X127.083 Y74.068 E.01794
G1 X127.565 Y74.346 E.0179
G1 X127.978 Y74.719 E.0179
G1 X128.305 Y75.169 E.01788
G1 X128.532 Y75.677 E.01791
G1 X128.607 Y76.032 E.01166
G1 X128.665 Y76.587 E.01794
G1 X128.665 Y143.467 E2.15061
G1 X128.604 Y144.053 E.01897
G1 X128.432 Y144.583 E.01789
G1 X128.154 Y145.065 E.01789
G1 X127.78 Y145.479 E.01794
G1 X127.374 Y145.777 E.01618
G1 X126.819 Y146.032 E.01965
G1 X126.528 Y146.094 E.00958
G1 X125.983 Y146.165 E.01767
G1 X94.033 Y146.165 E1.02739
G1 X93.447 Y146.104 E.01897
G1 X92.917 Y145.932 E.01789
G1 X92.439 Y145.655 E.01778
G1 X91.989 Y145.241 E.01966
G1 X91.954 Y145.193 E.00192
G1 X91.583 Y145.41 F9000
;TYPE:Outer wall
G1 F1080
G1 X91.322 Y145.047 E.01438
G1 X91.058 Y144.456 E.02081
G1 X90.974 Y144.057 E.01311
G1 X90.906 Y143.494 E.01824
G1 X90.906 Y76.511 E2.15393
G1 X90.975 Y75.857 E.02115
M73 P17 R36
G1 X91.175 Y75.242 E.0208
G1 X91.498 Y74.682 E.02079
G1 X91.931 Y74.201 E.02081
G1 X92.453 Y73.822 E.02074
G1 X93.044 Y73.558 E.02081
G1 X93.443 Y73.474 E.01311
G1 X94.006 Y73.406 E.01824
G1 X126.046 Y73.409 E1.03029
G1 X126.643 Y73.475 E.01931
G1 X127.258 Y73.675 E.0208
G1 X127.818 Y73.998 E.02079
G1 X128.298 Y74.43 E.02077
G1 X128.678 Y74.953 E.02079
G1 X128.942 Y75.544 E.02081
G1 X129.077 Y76.181 E.02094
G1 X129.094 Y76.587 E.01307
G1 X129.094 Y143.489 E2.15132
G1 X129.025 Y144.143 E.02115
M73 P18 R36
G1 X128.825 Y144.758 E.0208
G1 X128.502 Y145.318 E.02079
G1 X128.069 Y145.799 E.02081
G1 X127.593 Y146.148 E.01898
G1 X126.955 Y146.442 E.02259
G1 X126.557 Y146.526 E.01308
G1 X125.994 Y146.594 E.01824
G1 X94.011 Y146.594 E1.02846
G1 X93.357 Y146.525 E.02115
G1 X92.742 Y146.325 E.0208
G1 X92.183 Y146.003 E.02074
G1 X91.667 Y145.526 E.0226
G1 X91.606 Y145.443 E.00331
G1 E-2.8 F3600
;WIPE_START
G1 F1080
G1 X91.322 Y145.047 E-.58526
G1 X91.113 Y144.579 E-.61474
;WIPE_END
G1 Z1 F9000
G1 X111.381 Y89.827 Z1
G1 Z.6
G1 E4 F2400
;TYPE:Inner wall
M106 S0
G1 X111.34 Y89.852 E.00154
G1 X110.717 Y90.068 E.02118
G1 X110.064 Y90.15 E.02118
G1 X109.407 Y90.095 E.02118
G1 X108.777 Y89.904 E.02118
G1 X108.2 Y89.586 E.02118
G1 X107.702 Y89.155 E.02118
G1 X107.304 Y88.63 E.02118
G1 X107.024 Y88.034 E.02118
G1 X106.874 Y87.393 E.02118
G1 X106.885 Y86.559 E.02681
G1 X107.091 Y85.793 E.02552
G1 X107.414 Y85.2 E.0217
G1 X107.845 Y84.702 E.02118
G1 X108.37 Y84.304 E.02118
G1 X108.966 Y84.024 E.02118
G1 X109.784 Y83.861 E.02681
G1 X110.576 Y83.904 E.02552
G1 X111.223 Y84.096 E.0217
G1 X111.8 Y84.414 E.02118
G1 X112.298 Y84.845 E.02118
G1 X112.696 Y85.37 E.02118
G1 X112.976 Y85.966 E.02118
G1 X113.126 Y86.607 E.02118
G1 X113.115 Y87.441 E.02681
G1 X112.997 Y87.981 E.01776
G1 X112.76 Y88.52 E.01894
G1 X112.384 Y89.061 E.02118
G1 X111.903 Y89.511 E.02118
G1 X111.415 Y89.806 E.01836
G1 X111.159 Y89.461 F9000
;TYPE:Outer wall
G1 F2400
G1 X111.125 Y89.481 E.00127
G1 X110.585 Y89.661 E.01831
G1 X110.019 Y89.724 E.01831
G1 X109.452 Y89.668 E.01831
G1 X108.909 Y89.496 E.01831
G1 X108.414 Y89.215 E.01831
G1 X107.988 Y88.837 E.01831
G1 X107.65 Y88.379 E.01831
G1 X107.415 Y87.86 E.01831
G1 X107.293 Y87.304 E.01831
G1 X107.313 Y86.574 E.02347
G1 X107.502 Y85.914 E.02208
G1 X107.785 Y85.414 E.01847
G1 X108.163 Y84.988 E.01831
G1 X108.621 Y84.65 E.01831
G1 X109.14 Y84.415 E.01831
G1 X109.858 Y84.283 E.02346
G1 X110.543 Y84.331 E.02208
G1 X111.091 Y84.504 E.01847
G1 X111.586 Y84.785 E.01831
G1 X112.012 Y85.163 E.01831
G1 X112.35 Y85.621 E.01831
G1 X112.585 Y86.14 E.01831
G1 X112.707 Y86.696 E.01831
G1 X112.687 Y87.426 E.02347
G1 X112.585 Y87.859 E.01432
G1 X112.369 Y88.346 E.01712
G1 X112.037 Y88.809 E.01831
G1 X111.617 Y89.193 E.01831
G1 X111.194 Y89.441 E.01576
G1 E-2.8 F3600
;WIPE_START
G1 F2400
G1 X111.125 Y89.481 E-.09539
G1 X110.585 Y89.661 E-.68341
G1 X110.236 Y89.7 E-.4212
;WIPE_END
G1 Z1 F9000
G1 X126.292 Y73.99 Z1
G1 Z.6
G1 E4 F2400
;TYPE:Internal solid infill
;WIDTH:0.451333
G1 F3000
G1 X128.284 Y75.983 E.09092
G1 X128.347 Y76.277 E.00972
G1 X128.36 Y76.636 E.01157
G1 X125.867 Y74.143 E.11375
G1 X125.289 Y74.143 E.01864
G1 X128.36 Y77.214 E.1401
G1 X128.36 Y77.791 E.01863
G1 X124.712 Y74.143 E.16646
G1 X124.134 Y74.143 E.01864
G1 X128.36 Y78.369 E.19281
G1 X128.36 Y78.946 E.01863
G1 X123.556 Y74.143 E.21917
G1 X122.979 Y74.143 E.01864
G1 X128.36 Y79.524 E.24552
G1 X128.36 Y80.101 E.01863
G1 X122.401 Y74.143 E.27187
G1 X121.824 Y74.143 E.01864
G1 X128.36 Y80.679 E.29823
G1 X128.36 Y81.257 E.01863
G1 X121.246 Y74.142 E.32458
G1 X120.668 Y74.142 E.01864
G1 X128.36 Y81.834 E.35094
G1 X128.36 Y82.412 E.01863
G1 X120.091 Y74.142 E.37729
G1 X119.513 Y74.142 E.01864
G1 X128.36 Y82.989 E.40365
G1 X128.36 Y83.567 E.01863
G1 X118.935 Y74.142 E.43
G1 X118.358 Y74.142 E.01864
G1 X128.36 Y84.145 E.45636
G1 X128.36 Y84.722 E.01863
G1 X117.78 Y74.142 E.48271
G1 X117.202 Y74.142 E.01864
G1 X128.36 Y85.3 E.50907
G1 X128.36 Y85.877 E.01863
G1 X116.625 Y74.142 E.53542
G1 X116.047 Y74.142 E.01864
G1 X128.36 Y86.455 E.56178
G1 X128.36 Y87.032 E.01863
G1 X115.47 Y74.142 E.58813
G1 X114.892 Y74.142 E.01864
G1 X128.36 Y87.61 E.61449
G1 X128.36 Y88.188 E.01863
G1 X114.314 Y74.142 E.64084
G1 X113.737 Y74.142 E.01864
G1 X128.36 Y88.765 E.66719
G1 X128.36 Y89.343 E.01863
G1 X113.159 Y74.142 E.69355
G1 X112.581 Y74.142 E.01864
G1 X128.36 Y89.92 E.7199
G1 X128.36 Y90.498 E.01863
G1 X112.004 Y74.142 E.74626
G1 X111.426 Y74.142 E.01864
G1 X128.36 Y91.076 E.77261
G1 X128.36 Y91.653 E.01863
G1 X110.848 Y74.141 E.79897
G1 X110.271 Y74.141 E.01864
G1 X128.36 Y92.231 E.82532
G1 X128.36 Y92.808 E.01863
G1 X109.693 Y74.141 E.85168
G1 X109.116 Y74.141 E.01864
G1 X128.36 Y93.386 E.87803
G1 X128.36 Y93.963 E.01863
G1 X108.538 Y74.141 E.90439
G1 X107.96 Y74.141 E.01864
G1 X128.36 Y94.541 E.93074
G1 X128.36 Y95.119 E.01863
G1 X107.383 Y74.141 E.9571
G1 X106.805 Y74.141 E.01864
G1 X128.36 Y95.696 E.98345
G1 X128.36 Y96.274 E.01863
G1 X106.227 Y74.141 E1.00981
G1 X105.65 Y74.141 E.01864
G1 X128.36 Y96.851 E1.03616
G1 X128.36 Y97.429 E.01863
G1 X105.072 Y74.141 E1.06251
G1 X104.494 Y74.141 E.01864
G1 X128.36 Y98.007 E1.08887
G1 X128.36 Y98.584 E.01863
G1 X103.917 Y74.141 E1.11522
G1 X103.339 Y74.141 E.01864
G1 X128.36 Y99.162 E1.14158
G1 X128.36 Y99.739 E.01863
G1 X102.762 Y74.141 E1.16793
G1 X102.184 Y74.141 E.01864
M73 P19 R36
G1 X128.36 Y100.317 E1.19429
G1 X128.36 Y100.894 E.01863
G1 X113.205 Y85.739 E.69145
G1 X112.997 Y85.273 E.01648
G1 X112.572 Y84.687 E.02334
G1 X112.104 Y84.259 E.02048
G1 X111.957 Y84.152 E.00586
G1 X111.408 Y83.84 E.02037
G1 X111.255 Y83.789 E.00521
G1 X101.606 Y74.141 E.44021
G1 X101.029 Y74.141 E.01864
G1 X110.479 Y83.591 E.43118
G1 X109.859 Y83.548 E.02007
G1 X100.451 Y74.141 E.42922
G1 X99.873 Y74.14 E.01864
G1 X109.364 Y83.631 E.43303
G1 X108.946 Y83.705 E.01372
G1 X108.886 Y83.731 E.00209
G1 X99.296 Y74.14 E.43758
G1 X98.718 Y74.14 E.01864
G1 X108.486 Y83.908 E.44567
G1 X108.269 Y84.005 E.00765
G1 X108.116 Y84.116 E.00611
G1 X98.14 Y74.14 E.45514
G1 X97.563 Y74.14 E.01864
G1 X107.782 Y84.359 E.46624
G1 X107.684 Y84.43 E.00389
G1 X107.489 Y84.644 E.00934
G1 X96.985 Y74.14 E.47923
G1 X96.408 Y74.14 E.01864
G1 X107.219 Y84.951 E.49326
G1 X106.999 Y85.31 E.01355
G1 X95.83 Y74.14 E.50961
G1 X95.252 Y74.14 E.01864
G1 X106.81 Y85.698 E.52732
G1 X106.673 Y86.139 E.01489
G1 X94.675 Y74.14 E.54744
G1 X94.097 Y74.14 E.01864
G1 X106.577 Y86.62 E.56942
G1 X106.558 Y87.179 E.01802
G1 X93.575 Y74.196 E.59233
G1 X93.272 Y74.26 E.00999
G1 X93.127 Y74.325 E.00514
G1 X106.94 Y88.138 E.63022
G1 E-2.8 F3600
;WIPE_START
G1 F3000
G1 X106.233 Y87.431 E-1.2
;WIPE_END
G1 Z1 F9000
G1 X113.182 Y86.294 Z1
G1 Z.6
G1 E4 F2400
G1 F3000
G1 X128.36 Y101.472 E.69248
G1 X128.36 Y102.05 E.01863
G1 X113.43 Y87.119 E.68119
G1 X113.413 Y87.541 E.01363
G1 X113.387 Y87.654 E.00372
G1 X128.36 Y102.627 E.68316
G1 X128.36 Y103.205 E.01863
G1 X113.271 Y88.115 E.68846
G1 X113.092 Y88.514 E.01411
G1 X128.36 Y103.782 E.6966
G1 X128.36 Y104.36 E.01863
G1 X112.883 Y88.883 E.70612
G1 X112.639 Y89.216 E.01333
G1 X128.36 Y104.938 E.71728
G1 X128.36 Y105.515 E.01863
G1 X112.355 Y89.51 E.73024
G1 X112.048 Y89.781 E.0132
G1 X128.36 Y106.093 E.74423
G1 X128.36 Y106.67 E.01863
G1 X111.688 Y89.998 E.76069
G1 X111.378 Y90.173 E.01147
G1 X111.307 Y90.195 E.00239
G1 X128.36 Y107.248 E.77803
G1 X128.36 Y107.825 E.01863
G1 X110.87 Y90.335 E.79799
G1 X110.715 Y90.385 E.00523
G1 X110.377 Y90.42 E.01098
G1 X128.36 Y108.403 E.82047
G1 X128.36 Y108.981 E.01863
G1 X109.82 Y90.441 E.84589
G1 X109.285 Y90.385 E.01737
G1 X109.14 Y90.339 E.00488
G1 X128.36 Y109.558 E.8769
G1 X128.36 Y110.136 E.01863
G1 X92.743 Y74.518 E1.62504
G1 X92.411 Y74.764 E.01332
G1 X128.36 Y110.713 E1.64017
G1 X128.36 Y111.291 E.01863
G1 X92.137 Y75.068 E1.65265
G1 X91.916 Y75.425 E.01353
G1 X128.36 Y111.869 E1.66274
G1 X128.36 Y112.446 E.01863
G1 X91.752 Y75.838 E1.67023
G1 X91.696 Y76.01 E.00583
G1 X91.663 Y76.327 E.01027
G1 X128.36 Y113.024 E1.67429
G1 X128.36 Y113.601 E.01863
G1 X91.64 Y76.881 E1.67536
G1 X91.64 Y77.459 E.01863
G1 X128.36 Y114.179 E1.67536
G1 X128.36 Y114.756 E.01863
G1 X91.64 Y78.036 E1.67536
G1 X91.64 Y78.614 E.01863
M73 P20 R35
G1 X128.36 Y115.334 E1.67536
G1 X128.36 Y115.912 E.01863
G1 X91.64 Y79.191 E1.67536
G1 X91.64 Y79.769 E.01863
G1 X128.36 Y116.489 E1.67536
G1 X128.36 Y117.067 E.01863
G1 X91.64 Y80.347 E1.67536
G1 X91.64 Y80.924 E.01863
G1 X128.36 Y117.644 E1.67536
G1 X128.36 Y118.222 E.01863
G1 X91.64 Y81.502 E1.67536
G1 X91.64 Y82.079 E.01863
G1 X128.36 Y118.8 E1.67536
G1 X128.36 Y119.377 E.01863
G1 X91.64 Y82.657 E1.67536
G1 X91.64 Y83.235 E.01863
G1 X128.36 Y119.955 E1.67536
G1 X128.36 Y120.532 E.01863
G1 X91.64 Y83.812 E1.67536
G1 X91.64 Y84.39 E.01863
G1 X128.36 Y121.11 E1.67536
G1 X128.36 Y121.687 E.01863
G1 X91.64 Y84.967 E1.67536
G1 X91.64 Y85.545 E.01863
G1 X128.36 Y122.265 E1.67536
G1 X128.36 Y122.843 E.01863
G1 X91.64 Y86.122 E1.67536
G1 X91.64 Y86.7 E.01863
G1 X128.36 Y123.42 E1.67536
G1 X128.36 Y123.998 E.01863
G1 X91.64 Y87.278 E1.67536
G1 X91.64 Y87.855 E.01863
G1 X128.36 Y124.575 E1.67536
G1 X128.36 Y125.153 E.01863
G1 X91.64 Y88.433 E1.67536
G1 X91.64 Y89.01 E.01863
G1 X128.36 Y125.731 E1.67536
G1 X128.36 Y126.308 E.01863
G1 X91.64 Y89.588 E1.67536
G1 X91.64 Y90.166 E.01863
G1 X128.36 Y126.886 E1.67536
G1 X128.36 Y127.463 E.01863
G1 X91.64 Y90.743 E1.67536
G1 X91.64 Y91.321 E.01863
G1 X128.36 Y128.041 E1.67536
G1 X128.36 Y128.618 E.01863
M73 P21 R35
G1 X91.64 Y91.898 E1.67536
G1 X91.64 Y92.476 E.01863
G1 X128.36 Y129.196 E1.67536
G1 X128.36 Y129.774 E.01863
G1 X91.64 Y93.053 E1.67536
G1 X91.64 Y93.631 E.01863
G1 X128.36 Y130.351 E1.67536
G1 X128.36 Y130.929 E.01863
G1 X91.64 Y94.209 E1.67536
G1 X91.64 Y94.786 E.01863
G1 X128.36 Y131.506 E1.67536
G1 X128.36 Y132.084 E.01863
G1 X91.64 Y95.364 E1.67536
G1 X91.64 Y95.941 E.01863
G1 X128.36 Y132.662 E1.67536
G1 X128.36 Y133.239 E.01863
G1 X91.64 Y96.519 E1.67536
G1 X91.64 Y97.097 E.01863
G1 X128.36 Y133.817 E1.67536
G1 X128.36 Y134.394 E.01863
G1 X91.64 Y97.674 E1.67536
G1 X91.64 Y98.252 E.01863
G1 X128.36 Y134.972 E1.67536
G1 X128.36 Y135.549 E.01863
G1 X91.64 Y98.829 E1.67536
G1 X91.64 Y99.407 E.01863
G1 X128.36 Y136.127 E1.67536
G1 X128.36 Y136.705 E.01863
G1 X91.64 Y99.984 E1.67536
G1 X91.64 Y100.562 E.01863
G1 X128.36 Y137.282 E1.67536
G1 X128.36 Y137.86 E.01863
G1 X91.64 Y101.14 E1.67536
G1 X91.64 Y101.717 E.01863
G1 X128.36 Y138.437 E1.67536
G1 X128.36 Y139.015 E.01863
G1 X91.64 Y102.295 E1.67536
G1 X91.64 Y102.872 E.01863
G1 X128.36 Y139.593 E1.67536
G1 X128.36 Y140.17 E.01863
G1 X91.64 Y103.45 E1.67536
G1 X91.64 Y104.028 E.01863
G1 X128.36 Y140.748 E1.67536
G1 X128.36 Y141.325 E.01863
G1 X91.64 Y104.605 E1.67536
G1 X91.64 Y105.183 E.01863
G1 X128.36 Y141.903 E1.67536
G1 X128.36 Y142.48 E.01863
M73 P22 R35
G1 X91.64 Y105.76 E1.67536
G1 X91.64 Y106.338 E.01863
G1 X128.36 Y143.058 E1.67536
G1 X128.36 Y143.451 E.01267
G1 X128.343 Y143.618 E.00542
G1 X91.64 Y106.915 E1.67455
G1 X91.64 Y107.493 E.01863
G1 X128.263 Y144.116 E1.67091
G1 X128.151 Y144.458 E.01161
G1 X128.106 Y144.537 E.00293
G1 X91.64 Y108.071 E1.66376
G1 X91.64 Y108.648 E.01863
G1 X127.891 Y144.9 E1.65397
G1 X127.618 Y145.204 E.01319
M73 P22 R34
G1 X91.64 Y109.226 E1.64148
G1 X91.64 Y109.803 E.01863
G1 X127.294 Y145.457 E1.62672
G1 X127.219 Y145.513 E.00301
G1 X126.912 Y145.653 E.01088
G1 X91.64 Y110.381 E1.60931
G1 X91.64 Y110.959 E.01863
G1 X126.475 Y145.793 E1.58934
G1 X126.222 Y145.847 E.00832
G1 X125.964 Y145.86 E.00835
G1 X91.64 Y111.536 E1.56603
G1 X91.64 Y112.114 E.01863
G1 X125.386 Y145.86 E1.53968
G1 X124.809 Y145.86 E.01863
G1 X91.64 Y112.691 E1.51332
G1 X91.64 Y113.269 E.01863
G1 X124.231 Y145.86 E1.48697
G1 X123.654 Y145.86 E.01863
G1 X91.64 Y113.846 E1.46062
G1 X91.64 Y114.424 E.01863
G1 X123.076 Y145.86 E1.43427
G1 X122.498 Y145.86 E.01863
G1 X91.64 Y115.002 E1.40792
G1 X91.64 Y115.579 E.01863
G1 X121.921 Y145.86 E1.38156
G1 X121.343 Y145.86 E.01863
G1 X91.64 Y116.157 E1.35521
G1 X91.64 Y116.734 E.01863
G1 X120.766 Y145.86 E1.32886
G1 X120.188 Y145.86 E.01863
G1 X91.64 Y117.312 E1.30251
G1 X91.64 Y117.89 E.01863
G1 X119.61 Y145.86 E1.27615
G1 X119.033 Y145.86 E.01863
G1 X91.64 Y118.467 E1.2498
G1 X91.64 Y119.045 E.01863
G1 X118.455 Y145.86 E1.22345
G1 X117.878 Y145.86 E.01863
G1 X91.64 Y119.622 E1.1971
G1 X91.64 Y120.2 E.01863
G1 X117.3 Y145.86 E1.17075
G1 X116.723 Y145.86 E.01863
M73 P23 R34
G1 X91.64 Y120.777 E1.14439
G1 X91.64 Y121.355 E.01863
G1 X116.145 Y145.86 E1.11804
G1 X115.567 Y145.86 E.01863
G1 X91.64 Y121.933 E1.09169
G1 X91.64 Y122.51 E.01863
G1 X114.99 Y145.86 E1.06534
G1 X114.412 Y145.86 E.01863
G1 X91.64 Y123.088 E1.03899
G1 X91.64 Y123.665 E.01863
G1 X113.835 Y145.86 E1.01263
G1 X113.257 Y145.86 E.01863
G1 X91.64 Y124.243 E.98628
G1 X91.64 Y124.821 E.01863
G1 X112.679 Y145.86 E.95993
G1 X112.102 Y145.86 E.01863
G1 X91.64 Y125.398 E.93358
G1 X91.64 Y125.976 E.01863
G1 X111.524 Y145.86 E.90722
G1 X110.947 Y145.86 E.01863
G1 X91.64 Y126.553 E.88087
G1 X91.64 Y127.131 E.01863
G1 X110.369 Y145.86 E.85452
G1 X109.792 Y145.86 E.01863
G1 X91.64 Y127.708 E.82817
G1 X91.64 Y128.286 E.01863
G1 X109.214 Y145.86 E.80182
G1 X108.636 Y145.86 E.01863
G1 X91.64 Y128.864 E.77546
G1 X91.64 Y129.441 E.01863
G1 X108.059 Y145.86 E.74911
G1 X107.481 Y145.86 E.01863
G1 X91.64 Y130.019 E.72276
G1 X91.64 Y130.596 E.01863
G1 X106.904 Y145.86 E.69641
G1 X106.326 Y145.86 E.01863
G1 X91.64 Y131.174 E.67005
G1 X91.64 Y131.752 E.01863
G1 X105.748 Y145.86 E.6437
G1 X105.171 Y145.86 E.01863
G1 X91.64 Y132.329 E.61735
G1 X91.64 Y132.907 E.01863
G1 X104.593 Y145.86 E.591
G1 X104.016 Y145.86 E.01863
G1 X91.64 Y133.484 E.56465
G1 X91.64 Y134.062 E.01863
G1 X103.438 Y145.86 E.53829
G1 X102.861 Y145.86 E.01863
G1 X91.64 Y134.639 E.51194
G1 X91.64 Y135.217 E.01863
G1 X102.283 Y145.86 E.48559
G1 X101.705 Y145.86 E.01863
G1 X91.64 Y135.795 E.45924
G1 X91.64 Y136.372 E.01863
G1 X101.128 Y145.86 E.43288
G1 X100.55 Y145.86 E.01863
G1 X91.64 Y136.95 E.40653
G1 X91.64 Y137.527 E.01863
G1 X99.973 Y145.86 E.38018
G1 X99.395 Y145.86 E.01863
G1 X91.64 Y138.105 E.35383
G1 X91.64 Y138.683 E.01863
G1 X98.817 Y145.86 E.32748
G1 X98.24 Y145.86 E.01863
G1 X91.64 Y139.26 E.30112
G1 X91.64 Y139.838 E.01863
G1 X97.662 Y145.86 E.27477
G1 X97.085 Y145.86 E.01863
G1 X91.64 Y140.415 E.24842
G1 X91.64 Y140.993 E.01863
G1 X96.507 Y145.86 E.22207
G1 X95.93 Y145.86 E.01863
G1 X91.64 Y141.57 E.19572
G1 X91.64 Y142.148 E.01863
G1 X95.352 Y145.86 E.16936
G1 X94.774 Y145.86 E.01863
G1 X91.64 Y142.726 E.14301
G1 X91.64 Y143.303 E.01863
G1 X94.197 Y145.86 E.11666
G1 X93.569 Y145.81 E.02033
G1 X91.699 Y143.94 E.0853
G1 X91.76 Y144.228 E.00949
G1 X91.961 Y144.68 E.01595
G1 X92.219 Y145.037 E.01421
G1 X93.018 Y145.836 E.03645
G1 X127.361 Y74.627 F9000
;WIDTH:0.38292
G1 F3000
G1 X127.711 Y74.96 E.01297
G1 X128.001 Y75.299 E.01198
; stop printing object Remote75T.stl id:0 copy 0
M106 S102
;LAYER_CHANGE
;Z:0.8
;HEIGHT:0.2
;BEFORE_LAYER_CHANGE
;0.8
G92 E0

G1 E-2.88518 F3600
;WIPE_START
G1 F3000
G1 X127.711 Y74.96 E-.53548
G1 X127.361 Y74.627 E-.57934
;WIPE_END
;_SET_FAN_SPEED_CHANGING_LAYER
; printing object Remote75T.stl id:0 copy 0
G1 Z1.2 F9000
G1 X91.724 Y145.217 Z1.2
G1 Z.8
G1 E4 F2400
;TYPE:Inner wall
;WIDTH:0.449999
G1 X91.381 Y144.654 E.02123
G1 X91.226 Y144.157 E.01673
G1 X91.136 Y143.471 E.02223
G1 X91.136 Y76.533 E2.15249
G1 X91.202 Y75.905 E.0203
G1 X91.387 Y75.337 E.01923
G1 X91.686 Y74.819 E.01923
G1 X92.086 Y74.374 E.01923
G1 X92.57 Y74.023 E.01922
G1 X93.116 Y73.78 E.01923
G1 X93.496 Y73.699 E.01249
G1 X94.017 Y73.636 E.01687
G1 X126.005 Y73.639 E1.02862
G1 X126.594 Y73.702 E.01904
G1 X127.163 Y73.887 E.01926
G1 X127.681 Y74.186 E.01923
G1 X128.125 Y74.586 E.01923
G1 X128.478 Y75.071 E.01927
G1 X128.702 Y75.569 E.01756
G1 X128.848 Y76.22 E.02146
G1 X128.864 Y76.588 E.01182
G1 X128.864 Y143.467 E2.15059
G1 X128.798 Y144.095 E.0203
G1 X128.613 Y144.663 E.01923
G1 X128.314 Y145.181 E.01923
G1 X127.913 Y145.626 E.01926
G1 X127.46 Y145.957 E.01805
M73 P24 R34
G1 X126.882 Y146.221 E.02043
G1 X126.504 Y146.301 E.01242
G1 X125.983 Y146.364 E.01687
G1 X94.033 Y146.364 E1.02739
G1 X93.405 Y146.298 E.0203
G1 X92.837 Y146.113 E.01923
G1 X92.319 Y145.814 E.01923
G1 X92.081 Y145.6 E.01029
G1 X91.751 Y145.247 E.01554
G1 X91.434 Y145.53 F9000
;TYPE:Outer wall
G1 F1620
M106 S229
G1 X91.154 Y145.127 E.01578
G1 F1500
G1 X90.93 Y144.675 E.01622
G1 X90.757 Y144.037 E.02126
G1 X90.708 Y143.491 E.01763
G1 X90.708 Y76.511 E2.15383
G1 X90.781 Y75.816 E.02247
G1 X90.994 Y75.161 E.02215
G1 X91.338 Y74.566 E.0221
G1 X91.798 Y74.054 E.02213
G1 X92.355 Y73.65 E.02213
G1 X92.983 Y73.37 E.02211
G1 X93.407 Y73.28 E.01394
G1 X94.006 Y73.208 E.0194
G1 X126.028 Y73.21 E1.02971
G1 X126.684 Y73.281 E.02122
G1 X127.339 Y73.494 E.02215
G1 X127.934 Y73.838 E.0221
G1 X128.446 Y74.298 E.02213
G1 X128.85 Y74.855 E.02213
G1 X129.111 Y75.433 E.02039
G1 X129.274 Y76.162 E.02402
G1 X129.292 Y76.588 E.01371
G1 X129.292 Y143.489 E2.15129
G1 X129.219 Y144.184 E.02247
G1 X129.006 Y144.839 E.02215
G1 X128.662 Y145.434 E.0221
G1 X128.202 Y145.946 E.02213
G1 X127.677 Y146.329 E.0209
G1 X127.016 Y146.63 E.02336
G1 X126.593 Y146.72 E.01391
G1 X125.994 Y146.792 E.0194
G1 X94.011 Y146.792 E1.02846
G1 X93.316 Y146.719 E.02247
G1 X92.661 Y146.506 E.02215
G1 X92.066 Y146.162 E.0221
G1 X91.553 Y145.701 E.02218
G1 X91.457 Y145.562 E.00543
G1 E-2.8 F3600
;WIPE_START
G1 F1500
G1 X91.154 Y145.127 E-.63677
G1 X90.945 Y144.706 E-.56323
;WIPE_END
G1 Z1.2 F9000
G1 X111.349 Y89.829 Z1.2
G1 Z.8
G1 E4 F2400
;TYPE:Inner wall
M106 S102
G1 X111.034 Y89.976 E.01118
G1 X110.393 Y90.126 E.02118
G1 X109.734 Y90.14 E.02118
G1 X109.087 Y90.016 E.02118
G1 X108.48 Y89.76 E.02118
G1 X107.939 Y89.384 E.02118
G1 X107.489 Y88.903 E.02118
G1 X107.148 Y88.34 E.02118
G1 X106.932 Y87.717 E.02118
G1 X106.85 Y87.064 E.02118
G1 X106.905 Y86.407 E.02118
G1 X107.096 Y85.777 E.02118
G1 X107.414 Y85.2 E.02118
G1 X107.845 Y84.702 E.02118
G1 X108.37 Y84.304 E.02118
G1 X108.966 Y84.024 E.02118
G1 X109.735 Y83.865 E.02525
G1 X110.273 Y83.86 E.01733
G1 X110.913 Y83.984 E.02094
G1 X111.52 Y84.24 E.02118
G1 X112.061 Y84.616 E.02118
G1 X112.511 Y85.097 E.02118
G1 X112.852 Y85.66 E.02118
G1 X113.068 Y86.283 E.02118
G1 X113.146 Y87.064 E.02525
G1 X113.094 Y87.6 E.01733
G1 X112.904 Y88.223 E.02094
G1 X112.586 Y88.8 E.02118
G1 X112.155 Y89.298 E.02118
G1 X111.63 Y89.696 E.02118
G1 X111.385 Y89.812 E.00872
G1 X111.169 Y89.445 F9000
;TYPE:Outer wall
G1 F2400
G1 X110.86 Y89.585 E.01091
G1 X110.304 Y89.707 E.01831
G1 X109.734 Y89.711 E.01831
G1 X109.176 Y89.597 E.01831
G1 X108.654 Y89.369 E.01831
G1 X108.191 Y89.037 E.01831
G1 X107.807 Y88.617 E.01831
G1 X107.519 Y88.125 E.01831
G1 X107.339 Y87.585 E.01831
G1 X107.276 Y87.019 E.01831
G1 X107.332 Y86.452 E.01831
G1 X107.504 Y85.909 E.01831
G1 X107.785 Y85.414 E.01831
G1 X108.163 Y84.988 E.01831
G1 X108.621 Y84.65 E.01831
G1 X109.14 Y84.415 E.01831
G1 X109.812 Y84.286 E.02201
G1 X110.303 Y84.293 E.01577
G1 X110.824 Y84.403 E.01712
G1 X111.346 Y84.631 E.01831
G1 X111.809 Y84.963 E.01831
G1 X112.193 Y85.383 E.01831
G1 X112.481 Y85.875 E.01831
G1 X112.661 Y86.415 E.01831
G1 X112.719 Y87.097 E.02201
G1 X112.661 Y87.584 E.01577
G1 X112.496 Y88.091 E.01712
G1 X112.215 Y88.586 E.01831
G1 X111.837 Y89.012 E.01831
G1 X111.379 Y89.35 E.01831
G1 X111.205 Y89.428 E.00612
G1 E-2.8 F3600
;WIPE_START
G1 F2400
G1 X110.86 Y89.585 E-.45516
G1 X110.304 Y89.707 E-.68339
G1 X110.252 Y89.708 E-.06146
;WIPE_END
G1 Z1.2 F9000
G1 X128.703 Y143.826 Z1.2
G1 Z.8
M73 P24 R33
G1 E4 F2400
;TYPE:Internal solid infill
;WIDTH:0.45109
G1 F3000
G1 X126.55 Y145.979 E.09818
G1 X126.243 Y146.044 E.01011
G1 X125.893 Y146.058 E.01129
G1 X128.558 Y143.393 E.12151
G1 X128.558 Y142.816 E.01861
G1 X125.316 Y146.058 E.14783
G1 X124.739 Y146.058 E.01861
G1 X128.558 Y142.239 E.17415
G1 X128.558 Y141.662 E.01861
G1 X124.162 Y146.058 E.20047
G1 X123.584 Y146.058 E.01861
G1 X128.558 Y141.084 E.22679
G1 X128.558 Y140.507 E.01861
G1 X123.007 Y146.058 E.25311
G1 X122.43 Y146.058 E.01861
G1 X128.558 Y139.93 E.27943
G1 X128.558 Y139.353 E.01861
G1 X121.853 Y146.058 E.30575
G1 X121.276 Y146.058 E.01861
G1 X128.558 Y138.776 E.33207
G1 X128.558 Y138.198 E.01861
G1 X120.698 Y146.058 E.3584
G1 X120.121 Y146.058 E.01861
G1 X128.558 Y137.621 E.38472
G1 X128.558 Y137.044 E.01861
G1 X119.544 Y146.058 E.41104
G1 X118.967 Y146.058 E.01861
G1 X128.558 Y136.467 E.43736
G1 X128.558 Y135.889 E.01861
G1 X118.389 Y146.058 E.46368
G1 X117.812 Y146.058 E.01861
G1 X128.558 Y135.312 E.49
G1 X128.558 Y134.735 E.01861
G1 X117.235 Y146.058 E.51632
G1 X116.658 Y146.058 E.01861
G1 X128.558 Y134.158 E.54264
G1 X128.558 Y133.58 E.01861
G1 X116.08 Y146.058 E.56896
G1 X115.503 Y146.058 E.01861
G1 X128.558 Y133.003 E.59528
G1 X128.558 Y132.426 E.01861
G1 X114.926 Y146.058 E.6216
G1 X114.349 Y146.058 E.01861
G1 X128.558 Y131.849 E.64793
G1 X128.558 Y131.271 E.01861
G1 X113.771 Y146.058 E.67425
G1 X113.194 Y146.058 E.01861
G1 X128.558 Y130.694 E.70057
G1 X128.558 Y130.117 E.01861
G1 X112.617 Y146.058 E.72689
G1 X112.04 Y146.058 E.01861
G1 X128.558 Y129.54 E.75321
G1 X128.558 Y128.962 E.01861
G1 X111.462 Y146.058 E.77953
G1 X110.885 Y146.058 E.01861
G1 X128.558 Y128.385 E.80585
G1 X128.558 Y127.808 E.01861
G1 X110.308 Y146.058 E.83217
G1 X109.731 Y146.058 E.01861
G1 X128.558 Y127.231 E.85849
G1 X128.558 Y126.653 E.01861
G1 X109.153 Y146.058 E.88481
G1 X108.576 Y146.058 E.01861
G1 X128.558 Y126.076 E.91113
G1 X128.558 Y125.499 E.01861
G1 X107.999 Y146.058 E.93745
G1 X107.422 Y146.058 E.01861
M73 P25 R33
G1 X128.558 Y124.922 E.96378
G1 X128.558 Y124.345 E.01861
G1 X106.845 Y146.058 E.9901
G1 X106.267 Y146.058 E.01861
G1 X128.558 Y123.767 E1.01642
G1 X128.558 Y123.19 E.01861
G1 X105.69 Y146.058 E1.04274
G1 X105.113 Y146.058 E.01861
G1 X128.558 Y122.613 E1.06906
G1 X128.558 Y122.036 E.01861
G1 X104.536 Y146.058 E1.09538
G1 X103.958 Y146.058 E.01861
G1 X128.558 Y121.458 E1.1217
G1 X128.558 Y120.881 E.01861
G1 X103.381 Y146.058 E1.14802
G1 X102.804 Y146.058 E.01861
G1 X128.558 Y120.304 E1.17434
G1 X128.558 Y119.727 E.01861
G1 X102.227 Y146.058 E1.20066
G1 X101.649 Y146.058 E.01861
G1 X128.558 Y119.149 E1.22698
G1 X128.558 Y118.572 E.01861
G1 X101.072 Y146.058 E1.2533
G1 X100.495 Y146.058 E.01861
G1 X128.558 Y117.995 E1.27963
G1 X128.558 Y117.418 E.01861
G1 X99.918 Y146.058 E1.30595
G1 X99.34 Y146.058 E.01861
G1 X128.558 Y116.84 E1.33227
G1 X128.558 Y116.263 E.01861
G1 X98.763 Y146.058 E1.35859
G1 X98.186 Y146.058 E.01861
G1 X128.558 Y115.686 E1.38491
G1 X128.558 Y115.109 E.01861
G1 X97.609 Y146.058 E1.41123
G1 X97.031 Y146.058 E.01861
G1 X128.558 Y114.531 E1.43755
G1 X128.558 Y113.954 E.01861
G1 X96.454 Y146.058 E1.46387
G1 X95.877 Y146.058 E.01861
G1 X128.558 Y113.377 E1.49019
G1 X128.558 Y112.8 E.01861
G1 X95.3 Y146.058 E1.51651
G1 X94.722 Y146.058 E.01861
G1 X128.558 Y112.222 E1.54283
G1 X128.558 Y111.645 E.01861
G1 X94.145 Y146.058 E1.56915
G1 X93.614 Y146.012 E.0172
G1 X128.558 Y111.068 E1.59339
G1 X128.558 Y110.491 E.01861
G1 X93.154 Y145.895 E1.61435
G1 X92.962 Y145.832 E.00653
G1 X92.757 Y145.714 E.00761
G1 X128.558 Y109.914 E1.63244
G1 X128.558 Y109.336 E.01861
G1 X92.41 Y145.485 E1.64829
G1 X92.106 Y145.211 E.01318
G1 X128.558 Y108.759 E1.66214
G1 X128.558 Y108.182 E.01861
M73 P26 R33
G1 X91.858 Y144.882 E1.67345
G1 X91.653 Y144.51 E.0137
G1 X128.558 Y107.605 E1.68281
G1 X128.558 Y107.027 E.01861
G1 X91.518 Y144.067 E1.68894
G1 X91.484 Y143.92 E.00489
G1 X91.451 Y143.557 E.01173
G1 X128.558 Y106.45 E1.69201
G1 X128.558 Y105.873 E.01861
G1 X91.442 Y142.989 E1.69243
G1 X91.442 Y142.412 E.01861
G1 X128.558 Y105.296 E1.69243
G1 X128.558 Y104.718 E.01861
G1 X91.442 Y141.835 E1.69243
G1 X91.442 Y141.258 E.01861
G1 X128.558 Y104.141 E1.69243
G1 X128.558 Y103.564 E.01861
G1 X91.442 Y140.68 E1.69243
G1 X91.442 Y140.103 E.01861
G1 X128.558 Y102.987 E1.69243
G1 X128.558 Y102.409 E.01861
G1 X91.442 Y139.526 E1.69243
G1 X91.442 Y138.949 E.01861
G1 X128.558 Y101.832 E1.69243
G1 X128.558 Y101.255 E.01861
G1 X91.442 Y138.371 E1.69243
G1 X91.442 Y137.794 E.01861
G1 X128.558 Y100.678 E1.69243
G1 X128.558 Y100.1 E.01861
G1 X91.442 Y137.217 E1.69243
G1 X91.442 Y136.64 E.01861
G1 X128.558 Y99.523 E1.69243
G1 X128.558 Y98.946 E.01861
G1 X91.442 Y136.062 E1.69243
M73 P26 R32
G1 X91.442 Y135.485 E.01861
G1 X128.558 Y98.369 E1.69243
G1 X128.558 Y97.792 E.01861
G1 X91.442 Y134.908 E1.69243
G1 X91.442 Y134.331 E.01861
G1 X128.558 Y97.214 E1.69243
G1 X128.558 Y96.637 E.01861
G1 X91.442 Y133.753 E1.69243
G1 X91.442 Y133.176 E.01861
G1 X128.558 Y96.06 E1.69243
G1 X128.558 Y95.483 E.01861
G1 X91.442 Y132.599 E1.69243
G1 X91.442 Y132.022 E.01861
G1 X128.558 Y94.905 E1.69243
G1 X128.558 Y94.328 E.01861
M73 P27 R32
G1 X91.442 Y131.444 E1.69243
G1 X91.442 Y130.867 E.01861
G1 X128.558 Y93.751 E1.69243
G1 X128.558 Y93.174 E.01861
G1 X91.442 Y130.29 E1.69243
G1 X91.442 Y129.713 E.01861
G1 X128.558 Y92.596 E1.69243
G1 X128.558 Y92.019 E.01861
G1 X91.442 Y129.136 E1.69243
G1 X91.442 Y128.558 E.01861
G1 X128.558 Y91.442 E1.69243
G1 X128.558 Y90.865 E.01861
G1 X91.442 Y127.981 E1.69243
G1 X91.442 Y127.404 E.01861
G1 X128.558 Y90.287 E1.69243
G1 X128.558 Y89.71 E.01861
G1 X91.442 Y126.827 E1.69243
G1 X91.442 Y126.249 E.01861
G1 X128.558 Y89.133 E1.69243
G1 X128.558 Y88.556 E.01861
G1 X91.442 Y125.672 E1.69243
G1 X91.442 Y125.095 E.01861
G1 X128.558 Y87.978 E1.69243
G1 X128.558 Y87.401 E.01861
G1 X91.442 Y124.518 E1.69243
G1 X91.442 Y123.94 E.01861
G1 X128.558 Y86.824 E1.69243
G1 X128.558 Y86.247 E.01861
G1 X91.442 Y123.363 E1.69243
G1 X91.442 Y122.786 E.01861
G1 X128.558 Y85.669 E1.69243
G1 X128.558 Y85.092 E.01861
G1 X91.442 Y122.209 E1.69243
G1 X91.442 Y121.631 E.01861
G1 X128.558 Y84.515 E1.69243
G1 X128.558 Y83.938 E.01861
G1 X91.442 Y121.054 E1.69243
G1 X91.442 Y120.477 E.01861
G1 X128.558 Y83.361 E1.69243
G1 X128.558 Y82.783 E.01861
G1 X91.442 Y119.9 E1.69243
G1 X91.442 Y119.322 E.01861
G1 X128.558 Y82.206 E1.69243
G1 X128.558 Y81.629 E.01861
G1 X91.442 Y118.745 E1.69243
G1 X91.442 Y118.168 E.01861
M73 P28 R32
G1 X128.558 Y81.052 E1.69243
G1 X128.558 Y80.474 E.01861
G1 X91.442 Y117.591 E1.69243
G1 X91.442 Y117.013 E.01861
G1 X128.558 Y79.897 E1.69243
G1 X128.558 Y79.32 E.01861
G1 X91.442 Y116.436 E1.69243
G1 X91.442 Y115.859 E.01861
G1 X128.558 Y78.743 E1.69243
G1 X128.558 Y78.165 E.01861
G1 X91.442 Y115.282 E1.69243
G1 X91.442 Y114.705 E.01861
G1 X128.558 Y77.588 E1.69243
G1 X128.558 Y77.011 E.01861
G1 X91.442 Y114.127 E1.69243
G1 X91.442 Y113.55 E.01861
G1 X128.554 Y76.438 E1.69222
G1 X128.544 Y76.262 E.00569
G1 X128.473 Y75.942 E.01057
G1 X91.442 Y112.973 E1.68853
G1 X91.442 Y112.396 E.01861
G1 X128.336 Y75.501 E1.68231
G1 X128.212 Y75.225 E.00975
G1 X128.138 Y75.122 E.00409
G1 X91.442 Y111.818 E1.67325
G1 X91.442 Y111.241 E.01861
G1 X127.894 Y74.789 E1.66215
G1 X127.59 Y74.515 E.01318
G1 X91.442 Y110.664 E1.64829
G1 X91.442 Y110.087 E.01861
G1 X111.372 Y90.156 E.90877
G1 X111.702 Y90.011 E.01164
G1 X112.291 Y89.591 E.02333
G1 X112.78 Y89.058 E.02334
G1 X113.16 Y88.408 E.02425
G1 X113.179 Y88.349 E.002
G1 X127.243 Y74.286 E.64127
G1 X127.038 Y74.168 E.00761
G1 X126.846 Y74.105 E.00652
G1 X113.404 Y87.547 E.61294
G1 X113.453 Y87.13 E.01355
G1 X113.439 Y86.935 E.00632
G1 X126.387 Y73.987 E.59039
G1 X125.853 Y73.944 E.01728
G1 X113.4 Y86.396 E.56781
G1 X113.36 Y86.194 E.00665
G1 X113.278 Y85.941 E.00857
G1 X125.276 Y73.944 E.54705
G1 X124.698 Y73.944 E.01861
G1 X113.122 Y85.52 E.52784
G1 X112.91 Y85.155 E.01361
G1 X124.121 Y73.944 E.51122
G1 X123.544 Y73.944 E.01861
G1 X112.668 Y84.82 E.49592
G1 X112.397 Y84.514 E.01318
G1 X122.967 Y73.944 E.48197
G1 X122.39 Y73.944 E.01861
G1 X112.079 Y84.254 E.47013
G1 X111.743 Y84.013 E.01334
G1 X121.812 Y73.944 E.45916
G1 X121.235 Y73.944 E.01861
G1 X111.346 Y83.833 E.45094
G1 X111.07 Y83.71 E.00973
G1 X110.924 Y83.678 E.00484
G1 X120.658 Y73.944 E.44387
G1 X120.081 Y73.943 E.01861
G1 X110.45 Y83.574 E.43912
G1 X110.281 Y83.555 E.00548
G1 X109.888 Y83.559 E.01269
G1 X119.504 Y73.943 E.43846
G1 X118.926 Y73.943 E.01861
G1 X108.98 Y83.89 E.45353
G1 E-2.8 F3600
;WIPE_START
G1 F3000
G1 X109.687 Y83.183 E-1.2
;WIPE_END
G1 Z1.2 F9000
G1 X110.789 Y90.162 Z1.2
G1 Z.8
G1 E4 F2400
G1 F3000
G1 X91.442 Y109.509 E.88221
G1 X91.442 Y108.932 E.01861
M73 P28 R31
G1 X109.933 Y90.44 E.84318
G1 X109.625 Y90.439 E.00995
G1 X109.405 Y90.392 E.00726
G1 X91.442 Y108.355 E.81907
G1 X91.442 Y107.778 E.01861
G1 X108.93 Y90.289 E.79743
G1 X108.529 Y90.113 E.01412
M73 P29 R31
G1 X91.442 Y107.2 E.77915
G1 X91.442 Y106.623 E.01861
G1 X108.155 Y89.91 E.7621
G1 X107.818 Y89.669 E.01334
G1 X91.442 Y106.046 E.74673
G1 X91.442 Y105.469 E.01861
G1 X107.522 Y89.388 E.73324
G1 X107.246 Y89.087 E.01317
G1 X91.442 Y104.891 E.72065
G1 X91.442 Y104.314 E.01861
G1 X107.027 Y88.729 E.71066
G1 X106.823 Y88.356 E.01371
G1 X91.442 Y103.737 E.70135
G1 X91.442 Y103.16 E.01861
G1 X106.681 Y87.92 E.69489
G1 X106.616 Y87.72 E.00678
G1 X106.585 Y87.44 E.0091
G1 X91.442 Y102.582 E.69049
G1 X91.442 Y102.005 E.01861
G1 X106.547 Y86.901 E.68874
G1 X106.63 Y86.24 E.02147
G1 X91.442 Y101.428 E.69255
G1 X91.442 Y100.851 E.01861
G1 X118.349 Y73.943 E1.22692
G1 X117.772 Y73.943 E.01861
G1 X91.442 Y100.274 E1.2006
G1 X91.442 Y99.696 E.01861
G1 X117.195 Y73.943 E1.17428
G1 X116.618 Y73.943 E.01861
G1 X91.442 Y99.119 E1.14796
G1 X91.442 Y98.542 E.01861
G1 X116.04 Y73.943 E1.12164
G1 X115.463 Y73.943 E.01861
G1 X91.442 Y97.965 E1.09532
G1 X91.442 Y97.387 E.01861
G1 X114.886 Y73.943 E1.069
G1 X114.309 Y73.943 E.01861
G1 X91.442 Y96.81 E1.04268
G1 X91.442 Y96.233 E.01861
G1 X113.732 Y73.943 E1.01637
G1 X113.154 Y73.943 E.01861
G1 X91.442 Y95.656 E.99005
G1 X91.442 Y95.078 E.01861
G1 X112.577 Y73.943 E.96373
G1 X112 Y73.943 E.01861
G1 X91.442 Y94.501 E.93741
G1 X91.442 Y93.924 E.01861
G1 X111.423 Y73.943 E.91109
G1 X110.846 Y73.943 E.01861
G1 X91.442 Y93.347 E.88477
G1 X91.442 Y92.769 E.01861
G1 X110.268 Y73.943 E.85845
G1 X109.691 Y73.943 E.01861
G1 X91.442 Y92.192 E.83213
G1 X91.442 Y91.615 E.01861
G1 X109.114 Y73.943 E.80581
G1 X108.537 Y73.943 E.01861
G1 X91.442 Y91.038 E.77949
G1 X91.442 Y90.46 E.01861
G1 X107.96 Y73.943 E.75317
G1 X107.382 Y73.943 E.01861
G1 X91.442 Y89.883 E.72685
G1 X91.442 Y89.306 E.01861
G1 X106.805 Y73.943 E.70054
G1 X106.228 Y73.943 E.01861
G1 X91.442 Y88.729 E.67422
G1 X91.442 Y88.152 E.01861
G1 X105.651 Y73.943 E.6479
G1 X105.074 Y73.943 E.01861
G1 X91.442 Y87.574 E.62158
G1 X91.442 Y86.997 E.01861
G1 X104.496 Y73.942 E.59526
G1 X103.919 Y73.942 E.01861
G1 X91.442 Y86.42 E.56894
G1 X91.442 Y85.843 E.01861
G1 X103.342 Y73.942 E.54262
G1 X102.765 Y73.942 E.01861
G1 X91.442 Y85.265 E.5163
G1 X91.442 Y84.688 E.01861
G1 X102.188 Y73.942 E.48998
G1 X101.61 Y73.942 E.01861
G1 X91.442 Y84.111 E.46366
G1 X91.442 Y83.534 E.01861
G1 X101.033 Y73.942 E.43734
G1 X100.456 Y73.942 E.01861
G1 X91.442 Y82.956 E.41102
G1 X91.442 Y82.379 E.01861
G1 X99.879 Y73.942 E.38471
G1 X99.302 Y73.942 E.01861
G1 X91.442 Y81.802 E.35839
G1 X91.442 Y81.225 E.01861
G1 X98.724 Y73.942 E.33207
G1 X98.147 Y73.942 E.01861
G1 X91.442 Y80.647 E.30575
G1 X91.442 Y80.07 E.01861
M73 P30 R31
G1 X97.57 Y73.942 E.27943
G1 X96.993 Y73.942 E.01861
G1 X91.442 Y79.493 E.25311
G1 X91.442 Y78.916 E.01861
G1 X96.416 Y73.942 E.22679
G1 X95.838 Y73.942 E.01861
G1 X91.442 Y78.338 E.20047
G1 X91.442 Y77.761 E.01861
G1 X95.261 Y73.942 E.17415
G1 X94.684 Y73.942 E.01861
G1 X91.442 Y77.184 E.14783
G1 X91.442 Y76.607 E.01861
G1 X94.107 Y73.942 E.12151
G1 X93.756 Y73.956 E.01131
G1 X93.45 Y74.021 E.01009
G1 X91.297 Y76.174 E.09819
; stop printing object Remote75T.stl id:0 copy 0
;LAYER_CHANGE
;Z:1
;HEIGHT:0.2
;BEFORE_LAYER_CHANGE
;1
G92 E0

G1 E-2.8 F3600
;WIPE_START
G1 F3000
G1 X92.004 Y75.467 E-1.2
;WIPE_END
;_SET_FAN_SPEED_CHANGING_LAYER
; printing object Remote75T.stl id:0 copy 0
G1 Z1.4 F9000
G1 X91.649 Y145.361 Z1.4
G1 Z1
G1 E4 F2400
;TYPE:Inner wall
;WIDTH:0.449999
G1 X91.391 Y145.006 E.0141
G1 X91.133 Y144.427 E.02039
G1 X91.069 Y144.146 E.00925
G1 X90.984 Y143.473 E.02182
G1 X90.984 Y76.533 E2.15255
G1 X91.053 Y75.874 E.02132
G1 X91.249 Y75.27 E.02041
G1 X91.39 Y75.017 E.0093
G1 X91.757 Y74.488 E.02071
G1 X92.229 Y74.063 E.02044
G1 X92.775 Y73.748 E.02025
G1 X93.374 Y73.553 E.02025
G1 X94.033 Y73.484 E.02132
G1 X125.945 Y73.493 E1.02617
G1 X126.622 Y73.552 E.02186
G1 X127.225 Y73.748 E.02039
G1 X127.771 Y74.063 E.02025
G1 X128.239 Y74.484 E.02025
G1 X128.612 Y74.998 E.02043
G1 X128.726 Y75.241 E.00862
G1 X128.946 Y75.868 E.02138
G1 X129.016 Y76.701 E.02687
G1 X129.016 Y143.467 E2.14694
G1 X128.947 Y144.126 E.02132
G1 X128.752 Y144.725 E.02025
G1 X128.435 Y145.275 E.0204
G1 X128.242 Y145.495 E.00942
G1 X127.776 Y145.934 E.02059
G1 X127.225 Y146.252 E.02045
G1 X126.626 Y146.447 E.02025
G1 X125.967 Y146.516 E.02133
G1 X94.033 Y146.516 E1.02687
G1 X93.374 Y146.447 E.02132
G1 X92.775 Y146.252 E.02025
G1 X92.229 Y145.937 E.02025
G1 X91.761 Y145.516 E.02025
G1 X91.672 Y145.393 E.00487
G1 X91.302 Y145.613 F9000
;TYPE:Outer wall
G1 F1980
M106 S229
G1 X91.018 Y145.222 E.01554
G1 X90.725 Y144.563 E.02319
G1 X90.599 Y144.011 E.01821
G1 X90.555 Y143.491 E.01678
G1 X90.555 Y142.664 E.02659
G1 X90.555 Y77.338 E2.10064
G1 X90.555 Y76.511 E.02659
G1 X90.632 Y75.784 E.02351
G1 X90.855 Y75.098 E.0232
G1 X91.123 Y74.615 E.01776
G1 X91.44 Y74.197 E.01687
G1 X91.976 Y73.714 E.0232
G1 X92.599 Y73.354 E.02314
G1 X93.284 Y73.132 E.02315
G1 X94.011 Y73.055 E.02351
G1 X94.838 Y73.056 E.02659
G1 X125.325 Y73.064 E.98035
G1 X126.152 Y73.064 E.02659
G1 X126.715 Y73.131 E.01823
G1 X127.401 Y73.354 E.0232
G1 X128.024 Y73.714 E.02314
G1 X128.559 Y74.196 E.02316
G1 X128.983 Y74.78 E.02321
G1 X129.209 Y75.264 E.01718
G1 X129.368 Y75.782 E.01742
G1 X129.445 Y76.701 E.02966
G1 X129.445 Y77.529 E.02663
G1 X129.445 Y142.662 E2.09444
G1 X129.445 Y143.489 E.02659
G1 X129.368 Y144.216 E.02351
G1 X129.146 Y144.901 E.02315
G1 X128.785 Y145.525 E.02318
G1 X128.42 Y145.944 E.01787
G1 X128.026 Y146.285 E.01676
G1 X127.401 Y146.646 E.02321
G1 X126.716 Y146.868 E.02315
G1 X125.989 Y146.945 E.02351
G1 X125.162 Y146.945 E.02659
G1 X94.838 Y146.945 E.97511
G1 X94.011 Y146.945 E.02659
G1 X93.284 Y146.868 E.02351
G1 X92.599 Y146.646 E.02315
G1 X91.976 Y146.286 E.02314
G1 X91.441 Y145.804 E.02316
G1 X91.326 Y145.645 E.00631
G1 E-2.8 F3600
;WIPE_START
G1 F1980
G1 X91.018 Y145.222 E-.62827
G1 X90.824 Y144.786 E-.57173
;WIPE_END
G1 Z1.4 F9000
G1 X111.4 Y89.816 Z1.4
G1 Z1
G1 E4 F2400
;TYPE:Inner wall
M106 S102
G1 X111.34 Y89.852 E.00226
G1 X110.717 Y90.068 E.02118
G1 X110.064 Y90.15 E.02118
G1 X109.407 Y90.095 E.02118
G1 X108.777 Y89.904 E.02118
G1 X108.138 Y89.538 E.02366
G1 X107.699 Y89.153 E.0188
G1 X107.414 Y88.8 E.01459
G1 X107.148 Y88.34 E.01709
G1 X106.932 Y87.717 E.02118
G1 X106.85 Y87.064 E.02118
G1 X106.905 Y86.407 E.02118
G1 X107.096 Y85.777 E.02118
G1 X107.414 Y85.2 E.02118
G1 X107.845 Y84.702 E.02118
G1 X108.37 Y84.304 E.02118
G1 X108.966 Y84.024 E.02118
G1 X109.685 Y83.868 E.02366
G1 X110.269 Y83.86 E.0188
G1 X110.717 Y83.932 E.01459
G1 X111.223 Y84.096 E.0171
G1 X111.8 Y84.414 E.02118
G1 X112.298 Y84.845 E.02118
G1 X112.696 Y85.37 E.02118
G1 X112.976 Y85.966 E.02118
G1 X113.126 Y86.607 E.02118
G1 X113.14 Y87.266 E.02118
G1 X113.016 Y87.913 E.02118
G1 X112.76 Y88.52 E.02118
G1 X112.384 Y89.061 E.02118
G1 X111.903 Y89.511 E.02118
G1 X111.434 Y89.795 E.01764
G1 X111.178 Y89.45 F9000
;TYPE:Outer wall
G1 F2400
G1 X111.125 Y89.481 E.00198
G1 X110.585 Y89.661 E.01831
G1 X110.019 Y89.724 E.01831
G1 X109.452 Y89.668 E.01831
G1 X108.909 Y89.496 E.01831
G1 X108.359 Y89.171 E.02055
G1 X107.978 Y88.827 E.0165
G1 X107.785 Y88.586 E.00995
G1 X107.519 Y88.125 E.01709
G1 X107.339 Y87.585 E.01831
G1 X107.276 Y87.019 E.01831
G1 X107.332 Y86.452 E.01831
G1 X107.504 Y85.909 E.01831
G1 X107.785 Y85.414 E.01831
G1 X108.163 Y84.988 E.01831
G1 X108.621 Y84.65 E.01831
G1 X109.14 Y84.415 E.01831
G1 X109.767 Y84.289 E.02055
G1 X110.293 Y84.291 E.01694
G1 X110.585 Y84.339 E.00951
G1 X111.091 Y84.504 E.0171
G1 X111.586 Y84.785 E.01831
G1 X112.012 Y85.163 E.01831
G1 X112.35 Y85.621 E.01831
G1 X112.585 Y86.14 E.01831
G1 X112.707 Y86.696 E.01831
G1 X112.711 Y87.266 E.01831
G1 X112.597 Y87.824 E.01831
G1 X112.369 Y88.346 E.01831
G1 X112.037 Y88.809 E.01831
G1 X111.617 Y89.193 E.01831
G1 X111.213 Y89.429 E.01505
G1 E-2.8 F3600
;WIPE_START
G1 F2400
G1 X111.125 Y89.481 E-.12175
G1 X110.585 Y89.661 E-.6834
G1 X110.258 Y89.697 E-.39484
;WIPE_END
G1 Z1.4 F9000
G1 X128.894 Y82.276 Z1.4
G1 Z1
G1 E4 F2400
;TYPE:Internal solid infill
;WIDTH:0.450507
G1 F3000
G1 X126.613 Y79.995 E.10384
G1 X126.243 Y80.201 E.01365
G1 X128.711 Y82.669 E.11238
G1 X128.711 Y83.245 E.01856
G1 X125.822 Y80.356 E.13155
G1 X125.342 Y80.453 E.01574
G1 X128.711 Y83.822 E.15338
G1 X128.711 Y84.398 E.01856
G1 X124.567 Y80.254 E.18868
G1 X122.637 Y76.019 F9000
G1 F3000
G1 X120.415 Y73.796 E.1012
G1 X120.3 Y73.796 E.00369
G1 X120.281 Y73.815 E.00086
G1 X119.857 Y73.815 E.01365
G1 X122.299 Y76.257 E.1112
G1 X122.144 Y76.679 E.01445
G1 X119.28 Y73.815 E.13038
G1 X118.704 Y73.815 E.01856
G1 X122.047 Y77.158 E.15221
G1 X122.027 Y77.473 E.01015
G1 X122.036 Y77.724 E.00809
G1 X118.127 Y73.815 E.17799
G1 X117.551 Y73.815 E.01856
G1 X122.181 Y78.445 E.21084
G1 X122.289 Y78.72 E.00951
G1 X122.441 Y79.013 E.01064
G1 X122.614 Y79.273 E.01004
G1 X122.85 Y79.552 E.01177
G1 X123.185 Y79.854 E.01452
G1 X123.448 Y80.035 E.01029
G1 X123.766 Y80.205 E.01159
G1 X124.055 Y80.319 E.01001
G1 X128.711 Y84.974 E.21199
G1 X128.711 Y85.551 E.01856
G1 X116.974 Y73.814 E.5344
G1 X116.398 Y73.814 E.01856
G1 X128.711 Y86.127 E.56065
G1 X128.711 Y86.704 E.01856
G1 X115.821 Y73.814 E.5869
G1 X115.244 Y73.814 E.01856
G1 X128.711 Y87.28 E.61315
G1 X128.711 Y87.857 E.01856
G1 X114.668 Y73.814 E.63941
G1 X114.091 Y73.814 E.01856
G1 X128.711 Y88.433 E.66566
G1 X128.711 Y89.009 E.01856
G1 X113.515 Y73.813 E.69191
G1 X112.938 Y73.813 E.01856
G1 X128.711 Y89.586 E.71816
G1 X128.711 Y90.162 E.01856
G1 X112.362 Y73.813 E.74442
G1 X111.785 Y73.813 E.01856
G1 X128.711 Y90.739 E.77067
G1 X128.711 Y91.315 E.01856
G1 X111.208 Y73.813 E.79692
G1 X110.632 Y73.813 E.01856
G1 X128.711 Y91.891 E.82318
G1 X128.711 Y92.468 E.01856
M73 P31 R31
G1 X110.055 Y73.813 E.84943
G1 X109.479 Y73.812 E.01856
G1 X128.711 Y93.044 E.87568
G1 X128.711 Y93.621 E.01856
G1 X108.902 Y73.812 E.90193
G1 X108.326 Y73.812 E.01856
G1 X128.711 Y94.197 E.92819
G1 X128.711 Y94.774 E.01856
G1 X107.749 Y73.812 E.95444
G1 X107.172 Y73.812 E.01856
M73 P31 R30
G1 X128.711 Y95.35 E.98069
G1 X128.711 Y95.926 E.01856
G1 X106.596 Y73.812 E1.00694
G1 X106.019 Y73.811 E.01856
G1 X128.711 Y96.503 E1.0332
G1 X128.711 Y97.079 E.01856
G1 X105.443 Y73.811 E1.05945
G1 X104.866 Y73.811 E.01856
G1 X128.711 Y97.656 E1.0857
G1 X128.711 Y98.232 E.01856
G1 X104.29 Y73.811 E1.11196
G1 X103.713 Y73.811 E.01856
G1 X128.711 Y98.808 E1.13821
G1 X128.711 Y99.385 E.01856
G1 X103.137 Y73.811 E1.16446
G1 X102.56 Y73.811 E.01856
G1 X128.711 Y99.961 E1.19071
G1 X128.711 Y100.538 E.01856
G1 X101.983 Y73.81 E1.21697
G1 X101.407 Y73.81 E.01856
G1 X111.476 Y83.879 E.45847
G1 X112.035 Y84.202 E.02078
G1 X112.572 Y84.687 E.0233
G1 X112.997 Y85.271 E.02326
G1 X113.1 Y85.503 E.00818
G1 X128.711 Y101.114 E.71081
G1 X128.711 Y101.691 E.01856
G1 X113.382 Y86.361 E.69797
G1 X113.44 Y86.638 E.00911
G1 X113.44 Y86.997 E.01155
G1 X128.711 Y102.267 E.69529
G1 X128.711 Y102.843 E.01856
G1 X113.403 Y87.536 E.69698
G1 X113.302 Y88.011 E.01565
G1 X128.711 Y103.42 E.70158
G1 X128.711 Y103.996 E.01856
G1 X113.134 Y88.42 E.70925
G1 X112.995 Y88.731 E.01096
G1 X112.942 Y88.804 E.00292
G1 X128.711 Y104.573 E.71798
G1 X128.711 Y105.149 E.01856
G1 X112.701 Y89.139 E.72898
G1 X112.589 Y89.294 E.00615
G1 X112.427 Y89.442 E.00705
G1 X128.711 Y105.725 E.74143
G1 X128.711 Y106.302 E.01856
G1 X112.126 Y89.717 E.75513
G1 X112.055 Y89.782 E.0031
G1 X111.778 Y89.945 E.01036
G1 X128.711 Y106.878 E.771
G1 X128.711 Y107.455 E.01856
G1 X111.412 Y90.156 E.78767
G1 X110.978 Y90.298 E.0147
G1 X128.711 Y108.031 E.80742
G1 X128.711 Y108.608 E.01856
G1 X110.51 Y90.407 E.82871
G1 X109.979 Y90.452 E.01717
G1 X128.711 Y109.184 E.8529
G1 X128.711 Y109.76 E.01856
G1 X109.074 Y90.124 E.89411
G1 E-2.8 F3600
;WIPE_START
G1 F3000
G1 X109.781 Y90.831 E-1.2
;WIPE_END
G1 Z1.4 F9000
G1 X110.876 Y83.856 Z1.4
G1 Z1
G1 E4 F2400
G1 F3000
G1 X100.83 Y73.81 E.45742
G1 X100.254 Y73.81 E.01856
G1 X110.002 Y83.559 E.44389
G1 X109.65 Y83.564 E.01135
G1 X109.468 Y83.601 E.00598
G1 X99.677 Y73.81 E.4458
G1 X99.101 Y73.81 E.01856
G1 X108.988 Y83.697 E.45022
G1 X108.581 Y83.866 E.0142
G1 X98.524 Y73.809 E.45791
G1 X97.947 Y73.809 E.01856
G1 X108.196 Y84.058 E.46665
G1 X107.862 Y84.301 E.01329
G1 X97.371 Y73.809 E.4777
G1 X96.794 Y73.809 E.01856
G1 X107.556 Y84.571 E.49
G1 X107.281 Y84.872 E.01314
G1 X96.218 Y73.809 E.50373
G1 X96.083 Y73.809 E.00435
G1 X95.832 Y73.999 E.01014
G1 X107.051 Y85.219 E.51086
G1 X106.844 Y85.588 E.01364
G1 X97.888 Y76.632 E.40779
G1 X97.985 Y77.154 E.01709
G1 X97.981 Y77.301 E.00473
G1 X106.699 Y86.019 E.39696
G1 X106.64 Y86.193 E.0059
G1 X106.59 Y86.487 E.0096
G1 X97.952 Y77.849 E.3933
G1 X97.854 Y78.328 E.01573
M73 P32 R30
G1 X106.546 Y87.019 E.39573
G1 X106.609 Y87.659 E.02072
G1 X97.698 Y78.748 E.40575
G1 X97.492 Y79.118 E.01364
G1 X106.918 Y88.544 E.4292
G1 X107.188 Y89.015 E.01747
G1 X107.488 Y89.374 E.01507
G1 X107.929 Y89.767 E.01902
G1 X108.45 Y90.076 E.01951
G1 X128.711 Y110.337 E.92251
G1 X128.711 Y110.913 E.01856
G1 X97.246 Y79.448 E1.43269
G1 X96.958 Y79.737 E.01312
G1 X128.692 Y111.471 E1.44492
G1 X128.692 Y112.047 E.01856
G1 X96.629 Y79.985 E1.45988
G1 X96.26 Y80.192 E.01363
G1 X128.692 Y112.624 E1.47668
G1 X128.692 Y113.2 E.01856
G1 X95.842 Y80.35 E1.49572
G1 X95.366 Y80.45 E.01568
G1 X128.692 Y113.776 E1.51743
G1 X128.692 Y114.353 E.01856
G1 X94.818 Y80.479 E1.54234
G1 X94.628 Y80.483 E.00612
G1 X94.153 Y80.39 E.01559
G1 X128.692 Y114.929 E1.57264
G1 X128.692 Y115.506 E.01856
G1 X91.498 Y78.311 E1.69355
G1 X91.308 Y78.599 E.01109
G1 X91.308 Y78.698 E.0032
G1 X128.692 Y116.082 E1.70218
G1 X128.692 Y116.658 E.01856
G1 X91.308 Y79.275 E1.70218
G1 X91.308 Y79.851 E.01856
G1 X128.692 Y117.235 E1.70218
G1 X128.692 Y117.811 E.01856
G1 X91.308 Y80.428 E1.70218
G1 X91.308 Y81.004 E.01856
G1 X128.692 Y118.388 E1.70218
G1 X128.692 Y118.964 E.01856
G1 X91.308 Y81.58 E1.70218
G1 X91.308 Y82.157 E.01856
G1 X128.692 Y119.541 E1.70218
G1 X128.692 Y120.117 E.01856
G1 X91.308 Y82.733 E1.70218
G1 X91.308 Y83.31 E.01856
G1 X128.692 Y120.693 E1.70218
G1 X128.692 Y121.27 E.01856
G1 X91.308 Y83.886 E1.70218
G1 X91.308 Y84.463 E.01856
G1 X128.692 Y121.846 E1.70218
G1 X128.692 Y122.423 E.01856
G1 X91.308 Y85.039 E1.70218
G1 X91.308 Y85.615 E.01856
G1 X128.692 Y122.999 E1.70218
G1 X128.692 Y123.575 E.01856
G1 X91.308 Y86.192 E1.70218
G1 X91.308 Y86.768 E.01856
M73 P33 R30
G1 X128.692 Y124.152 E1.70218
G1 X128.692 Y124.728 E.01856
G1 X91.308 Y87.345 E1.70218
G1 X91.308 Y87.921 E.01856
G1 X128.692 Y125.305 E1.70218
G1 X128.692 Y125.881 E.01856
G1 X91.308 Y88.497 E1.70218
G1 X91.308 Y89.074 E.01856
G1 X128.692 Y126.457 E1.70218
G1 X128.692 Y127.034 E.01856
G1 X91.308 Y89.65 E1.70218
G1 X91.308 Y90.227 E.01856
G1 X128.692 Y127.61 E1.70218
G1 X128.692 Y128.187 E.01856
G1 X91.308 Y90.803 E1.70218
G1 X91.308 Y91.38 E.01856
M73 P33 R29
G1 X128.692 Y128.763 E1.70218
G1 X128.692 Y129.34 E.01856
G1 X91.308 Y91.956 E1.70218
G1 X91.308 Y92.532 E.01856
G1 X128.692 Y129.916 E1.70218
G1 X128.692 Y130.492 E.01856
G1 X91.308 Y93.109 E1.70218
G1 X91.308 Y93.685 E.01856
G1 X128.692 Y131.069 E1.70218
G1 X128.692 Y131.645 E.01856
G1 X91.308 Y94.262 E1.70218
G1 X91.308 Y94.838 E.01856
G1 X128.692 Y132.222 E1.70218
G1 X128.692 Y132.798 E.01856
G1 X91.308 Y95.414 E1.70218
G1 X91.308 Y95.991 E.01856
G1 X128.692 Y133.374 E1.70218
G1 X128.692 Y133.951 E.01856
G1 X91.308 Y96.567 E1.70218
G1 X91.308 Y97.144 E.01856
G1 X128.692 Y134.527 E1.70218
G1 X128.692 Y135.104 E.01856
G1 X91.308 Y97.72 E1.70218
G1 X91.308 Y98.297 E.01856
G1 X128.692 Y135.68 E1.70218
G1 X128.692 Y136.257 E.01856
G1 X91.308 Y98.873 E1.70218
G1 X91.308 Y99.449 E.01856
G1 X128.692 Y136.833 E1.70218
G1 X128.692 Y137.409 E.01856
M73 P34 R29
G1 X91.308 Y100.026 E1.70218
G1 X91.308 Y100.602 E.01856
G1 X128.692 Y137.986 E1.70218
G1 X128.692 Y138.562 E.01856
G1 X91.308 Y101.179 E1.70218
G1 X91.308 Y101.755 E.01856
G1 X128.692 Y139.139 E1.70218
G1 X128.692 Y139.715 E.01856
G1 X91.308 Y102.331 E1.70218
G1 X91.308 Y102.908 E.01856
G1 X128.692 Y140.291 E1.70218
G1 X128.692 Y140.868 E.01856
G1 X91.308 Y103.484 E1.70218
G1 X91.308 Y104.061 E.01856
G1 X128.692 Y141.444 E1.70218
G1 X128.692 Y141.485 E.00131
G1 X128.659 Y141.453 E.00148
G1 X128.392 Y141.72 E.0122
G1 X91.308 Y104.637 E1.6885
G1 X91.308 Y105.213 E.01856
G1 X125.708 Y139.614 E1.56633
G1 X125.347 Y139.547 E.01183
G1 X125.046 Y139.528 E.00971
G1 X91.308 Y105.79 E1.53617
G1 X91.308 Y106.366 E.01856
G1 X124.511 Y139.569 E1.51181
G1 X124.049 Y139.683 E.01533
G1 X91.308 Y106.943 E1.49077
G1 X91.308 Y107.519 E.01856
G1 X123.645 Y139.856 E1.47237
G1 X123.285 Y140.072 E.01353
G1 X91.308 Y108.096 E1.45597
G1 X91.308 Y108.672 E.01856
G1 X122.967 Y140.331 E1.44152
G1 X122.69 Y140.631 E.01313
G1 X91.308 Y109.248 E1.42892
G1 X91.308 Y109.825 E.01856
G1 X122.452 Y140.969 E1.41806
G1 X122.258 Y141.351 E.01381
G1 X91.308 Y110.401 E1.40924
G1 X91.308 Y110.978 E.01856
G1 X122.115 Y141.785 E1.40274
G1 X122.036 Y142.282 E.0162
G1 X91.308 Y111.554 E1.39912
G1 X91.308 Y112.13 E.01856
G1 X122.026 Y142.848 E1.39865
G1 X122.028 Y143.008 E.00515
G1 X122.173 Y143.572 E.01875
G1 X91.308 Y112.707 E1.40537
G1 X91.308 Y113.283 E.01856
G1 X124.118 Y146.093 E1.49393
G1 X123.807 Y146.192 E.01051
G1 X123.64 Y146.192 E.00537
G1 X91.308 Y113.86 E1.47217
G1 X91.308 Y114.436 E.01856
G1 X123.064 Y146.192 E1.44592
G1 X122.487 Y146.192 E.01856
M73 P35 R29
G1 X91.308 Y115.013 E1.41967
G1 X91.308 Y115.589 E.01856
G1 X121.911 Y146.192 E1.39343
G1 X121.335 Y146.192 E.01856
G1 X91.308 Y116.165 E1.36718
G1 X91.308 Y116.742 E.01856
G1 X120.758 Y146.192 E1.34094
G1 X120.182 Y146.192 E.01856
G1 X91.308 Y117.318 E1.31469
G1 X91.308 Y117.895 E.01856
G1 X119.605 Y146.192 E1.28845
G1 X119.029 Y146.192 E.01856
G1 X91.308 Y118.471 E1.2622
G1 X91.308 Y119.047 E.01856
G1 X118.453 Y146.192 E1.23595
G1 X117.876 Y146.192 E.01856
G1 X91.308 Y119.624 E1.20971
G1 X91.308 Y120.2 E.01856
G1 X117.3 Y146.192 E1.18346
G1 X116.723 Y146.192 E.01856
G1 X91.308 Y120.777 E1.15722
G1 X91.308 Y121.353 E.01856
G1 X116.147 Y146.192 E1.13097
G1 X115.57 Y146.192 E.01856
G1 X91.308 Y121.93 E1.10473
G1 X91.308 Y122.506 E.01856
G1 X114.994 Y146.192 E1.07848
G1 X114.418 Y146.192 E.01856
G1 X91.308 Y123.082 E1.05223
G1 X91.308 Y123.659 E.01856
G1 X113.841 Y146.192 E1.02599
G1 X113.265 Y146.192 E.01856
G1 X91.308 Y124.235 E.99974
G1 X91.308 Y124.812 E.01856
G1 X112.688 Y146.192 E.9735
G1 X112.112 Y146.192 E.01856
M73 P35 R28
G1 X91.308 Y125.388 E.94725
G1 X91.308 Y125.964 E.01856
G1 X111.536 Y146.192 E.92101
G1 X110.959 Y146.192 E.01856
G1 X91.308 Y126.541 E.89476
G1 X91.308 Y127.117 E.01856
G1 X110.383 Y146.192 E.86851
G1 X109.806 Y146.192 E.01856
G1 X91.308 Y127.694 E.84227
G1 X91.308 Y128.27 E.01856
G1 X109.23 Y146.192 E.81602
G1 X108.653 Y146.192 E.01856
G1 X91.308 Y128.847 E.78978
G1 X91.308 Y129.423 E.01856
G1 X108.077 Y146.192 E.76353
G1 X107.501 Y146.192 E.01856
G1 X91.308 Y129.999 E.73729
G1 X91.308 Y130.576 E.01856
G1 X106.924 Y146.192 E.71104
G1 X106.348 Y146.192 E.01856
G1 X91.308 Y131.152 E.68479
G1 X91.308 Y131.729 E.01856
G1 X105.771 Y146.192 E.65855
G1 X105.195 Y146.192 E.01856
G1 X91.308 Y132.305 E.6323
G1 X91.308 Y132.881 E.01856
G1 X104.619 Y146.192 E.60606
G1 X104.042 Y146.192 E.01856
G1 X91.308 Y133.458 E.57981
G1 X91.308 Y134.034 E.01856
G1 X103.466 Y146.192 E.55357
G1 X103.04 Y146.192 E.01372
G1 X103.021 Y146.211 E.00086
G1 X102.908 Y146.211 E.00362
G1 X91.308 Y134.611 E.52818
G1 X91.308 Y135.187 E.01856
G1 X95.744 Y139.623 E.20199
G1 X95.372 Y139.551 E.01223
G1 X95.073 Y139.528 E.00964
G1 X91.308 Y135.763 E.17143
G1 X91.308 Y136.187 E.01365
G1 X91.289 Y136.206 E.00086
G1 X91.289 Y136.321 E.00369
G1 X94.695 Y139.727 E.15508
G1 X97.591 Y141.47 F9000
G1 F3000
G1 X102.332 Y146.211 E.21585
G1 X101.755 Y146.211 E.01856
G1 X97.972 Y142.427 E.17229
G1 X97.962 Y142.749 E.01039
G1 X97.935 Y142.966 E.00704
G1 X101.362 Y146.394 E.15607
G1 X98.037 Y144.752 F9000
M73 P36 R28
;WIDTH:0.468054
G1 F3000
G1 X97.672 Y145.19 E.01915
G1 X97.559 Y145.286 E.00497
G1 X98.571 Y145.286 E.03399
G1 X98.065 Y144.78 E.02402
G1 X97.967 Y144.093 F9000
;WIDTH:0.449999
G1 F3000
G1 X97.843 Y144.322 E.00836
G1 X97.49 Y144.78 E.01862
G1 X96.961 Y145.248 E.0227
G1 X96.347 Y145.596 E.02269
G1 X96.036 Y145.702 E.01058
G1 X99.576 Y145.702 E.11383
G1 X97.995 Y144.121 E.07187
G1 X91.865 Y143.815 F9000
;WIDTH:0.538705
G1 F3000
G1 X91.934 Y144.01 E.00808
;WIDTH:0.574567
G1 X92.003 Y144.204 E.00866
;WIDTH:0.608871
G1 X92.153 Y144.452 E.01295
;WIDTH:0.657969
G1 X92.303 Y144.7 E.01408
G1 X92.777 Y145.183 E.0329
G1 X93.146 Y145.419 E.02125
;WIDTH:0.618729
G1 X93.293 Y145.483 E.0073
;WIDTH:0.583099
G1 X93.44 Y145.547 E.00685
;WIDTH:0.547469
G1 X93.587 Y145.611 E.0064
;WIDTH:0.512591
G1 X93.715 Y145.64 E.00486
;WIDTH:0.478464
G1 X93.843 Y145.669 E.00451
;WIDTH:0.461401
G1 X93.971 Y145.698 E.00433
G1 X92.215 Y138.93 F9000
;WIDTH:0.469133
G1 F3000
G1 X92.215 Y139.929 E.03362
G1 X92.742 Y139.457 E.02381
G1 X92.243 Y138.958 E.02375
G1 X91.798 Y137.924 F9000
;WIDTH:0.449999
G1 F3000
G1 X91.798 Y141.428 E.11267
G1 X92.09 Y140.787 E.02264
G1 X92.51 Y140.22 E.02271
G1 X93.038 Y139.752 E.0227
G1 X93.41 Y139.536 E.01381
G1 X91.826 Y137.952 E.07199
G1 X91.391 Y136.941 F9000
G1 F3000
G1 X91.391 Y141.43 E.14433
;WIDTH:0.472404
G1 X91.413 Y141.623 E.00659
;WIDTH:0.517212
G1 X91.436 Y141.816 E.00728
;WIDTH:0.573516
G1 X91.458 Y142.009 E.00814
G1 X91.451 Y142.7 E.02897
;WIDTH:0.549221
G1 X91.431 Y142.929 E.00923
;WIDTH:0.509532
G1 X91.411 Y143.159 E.0085
;WIDTH:0.452853
G1 X91.391 Y143.389 E.00747
G1 X91.434 Y143.913 E.01703
G1 X91.566 Y144.399 E.01628
G1 X91.777 Y144.845 E.016
G1 X92.106 Y145.279 E.01763
G1 X92.517 Y145.633 E.01757
G1 X92.991 Y145.894 E.01752
G1 X93.506 Y146.051 E.01743
G1 X94.036 Y146.092 E.01721
;WIDTH:0.500038
G1 X94.159 Y146.073 E.00451
;WIDTH:0.538955
G1 X94.283 Y146.054 E.00489
;WIDTH:0.578838
G1 X94.406 Y146.035 E.00528
G1 X94.924 Y146.051 E.02195
G1 X95.544 Y146.04 E.02623
;WIDTH:0.56545
G1 X95.775 Y146.063 E.0096
;WIDTH:0.51927
G1 X96.006 Y146.086 E.00875
;WIDTH:0.450488
G1 X96.238 Y146.109 E.00748
G1 X100.559 Y146.109 E.13911
G1 X97.831 Y143.382 E.12417
G1 X97.543 Y144.037 E.02306
G1 X97.237 Y144.442 E.01632
G1 X96.697 Y144.939 E.02361
G1 X96.154 Y145.238 E.01999
;WIDTH:0.469921
G1 X95.961 Y145.317 E.00702
;WIDTH:0.509765
G1 X95.769 Y145.396 E.00768
;WIDTH:0.563323
G1 X95.576 Y145.475 E.00856
G1 X94.945 Y145.528 E.02605
;WIDTH:0.581727
G1 X94.443 Y145.483 E.02145
;WIDTH:0.572776
G1 X94.207 Y145.385 E.01066
;WIDTH:0.523665
G1 X93.972 Y145.287 E.00967
;WIDTH:0.452284
G1 X93.737 Y145.189 E.00824
G1 X93.206 Y144.868 E.02009
G1 X92.82 Y144.508 E.01706
G1 X92.398 Y143.934 E.02305
G1 X92.156 Y143.361 E.02008
;WIDTH:0.47026
G1 X92.097 Y143.161 E.00703
;WIDTH:0.510782
G1 X92.039 Y142.962 E.0077
;WIDTH:0.568589
G1 X91.98 Y142.762 E.00865
G1 X91.989 Y142.128 E.02632
;WIDTH:0.55581
G1 X92.057 Y141.927 E.0086
;WIDTH:0.513486
G1 X92.125 Y141.726 E.00789
;WIDTH:0.451318
G1 X92.193 Y141.525 E.00685
G1 X92.457 Y140.963 E.02004
G1 X92.833 Y140.468 E.02005
G1 X93.302 Y140.062 E.02004
G1 X93.846 Y139.762 E.02003
G1 X94.125 Y139.676 E.00942
G1 X91.419 Y136.97 E.12346
G1 X96.157 Y140.004 F9000
;TYPE:Top surface
;WIDTH:0.41196
G1 F1800
G1 X97.496 Y141.343 E.05522
G1 X97.719 Y142.088 F9000
G1 F1800
G1 X95.412 Y139.781 E.09509
G1 X94.863 Y139.753 F9000
G1 F1800
G1 X97.747 Y142.637 E.11888
G1 X97.686 Y143.098 F9000
G1 F1800
G1 X94.402 Y139.814 E.13539
G1 X94.003 Y139.937 F9000
G1 F1800
G1 X97.563 Y143.497 E.14677
G1 X97.396 Y143.852 F9000
G1 F1800
G1 X93.648 Y140.104 E.15455
G1 X93.333 Y140.311 F9000
G1 F1800
G1 X97.189 Y144.167 E.15895
G1 X96.944 Y144.445 F9000
G1 F1800
G1 X93.055 Y140.556 E.16033
G1 X92.811 Y140.833 F9000
G1 F1800
G1 X96.667 Y144.689 E.15895
G1 X96.352 Y144.896 F9000
G1 F1800
G1 X92.604 Y141.148 E.15454
G1 X92.437 Y141.503 F9000
G1 F1800
G1 X95.997 Y145.063 E.14676
G1 X95.598 Y145.186 F9000
G1 F1800
G1 X92.314 Y141.902 E.13538
G1 X92.253 Y142.363 F9000
G1 F1800
G1 X95.137 Y145.247 E.11888
G1 X94.587 Y145.219 F9000
G1 F1800
G1 X92.281 Y142.913 E.09508
G1 X92.504 Y143.657 F9000
G1 F1800
G1 X93.843 Y144.996 E.0552
G1 X122.394 Y143.574 F9000
;TYPE:Internal solid infill
;WIDTH:0.38292
G1 F3000
G1 X122.468 Y143.839 E.0074
G1 X122.459 Y143.905 E.00178
G1 X123.027 Y144.563 E.02334
G1 X123.449 Y144.935 E.01512
G1 X126.446 Y145.597 F9000
;WIDTH:0.571239
G1 F3000
G1 X126.65 Y145.508 E.0093
;WIDTH:0.613628
G1 X126.855 Y145.419 E.01004
;WIDTH:0.662244
G1 X127.319 Y145.105 E.02745
G1 X127.676 Y144.733 E.02524
G1 X127.919 Y144.354 E.02198
;WIDTH:0.618718
G1 X127.983 Y144.207 E.0073
;WIDTH:0.583082
G1 X128.047 Y144.06 E.00685
;WIDTH:0.547446
G1 X128.111 Y143.912 E.0064
;WIDTH:0.512583
G1 X128.14 Y143.785 E.00486
;WIDTH:0.478491
G1 X128.168 Y143.657 E.00451
;WIDTH:0.461446
G1 X128.197 Y143.529 E.00433
G1 X127.985 Y141.978 F9000
;WIDTH:0.57538
G1 F3000
G1 X128.026 Y142.509 E.02241
G1 X127.983 Y143.058 E.02314
;WIDTH:0.572781
G1 X127.885 Y143.293 E.01066
;WIDTH:0.523668
G1 X127.787 Y143.528 E.00967
;WIDTH:0.452282
G1 X127.689 Y143.763 E.00823
G1 X127.368 Y144.294 E.02009
G1 X126.943 Y144.747 E.02008
G1 X126.433 Y145.103 E.0201
G1 X125.861 Y145.344 E.02008
;WIDTH:0.470261
G1 X125.661 Y145.403 E.00703
;WIDTH:0.510783
G1 X125.462 Y145.461 E.00769
;WIDTH:0.571418
G1 X125.262 Y145.52 E.00869
G1 X124.761 Y145.514 E.02092
G1 X124.573 Y145.503 E.00784
G1 X124.106 Y145.39 E.02006
G1 X124.636 Y145.927 E.03148
G1 X124.623 Y146.047 E.00504
G1 X125.2 Y146.049 E.02407
;WIDTH:0.549223
G1 X125.43 Y146.069 E.00922
;WIDTH:0.509534
G1 X125.659 Y146.089 E.0085
;WIDTH:0.452861
G1 X125.889 Y146.109 E.00747
G1 X126.494 Y146.051 E.01966
G1 X127.009 Y145.894 E.01745
G1 X127.46 Y145.647 E.01667
G1 X127.853 Y145.322 E.0165
G1 X128.181 Y144.9 E.01733
G1 X128.394 Y144.509 E.01441
G1 X128.551 Y143.994 E.01743
G1 X128.592 Y143.464 E.01721
;WIDTH:0.500148
G1 X128.573 Y143.341 E.0045
;WIDTH:0.539024
G1 X128.554 Y143.218 E.00489
;WIDTH:0.575648
G1 X128.535 Y143.094 E.00525
G1 X128.55 Y142.159 E.03938
G1 X128.33 Y142.23 E.00975
G1 X128.186 Y142.156 E.00679
G1 X128.015 Y142.005 E.00964
G1 X126.157 Y140.004 F9000
;TYPE:Top surface
;WIDTH:0.411959
G1 F1800
G1 X127.496 Y141.343 E.05522
G1 X127.719 Y142.088 F9000
G1 F1800
G1 X125.412 Y139.781 E.09509
G1 X124.863 Y139.753 F9000
G1 F1800
G1 X127.747 Y142.637 E.11888
G1 X127.686 Y143.098 F9000
G1 F1800
G1 X124.402 Y139.814 E.13539
G1 X124.003 Y139.937 F9000
G1 F1800
G1 X127.563 Y143.497 E.14677
G1 X127.396 Y143.852 F9000
G1 F1800
G1 X123.648 Y140.104 E.15455
G1 X123.333 Y140.311 F9000
G1 F1800
G1 X127.189 Y144.167 E.15895
G1 X126.944 Y144.445 F9000
G1 F1800
G1 X123.055 Y140.556 E.16033
G1 X122.811 Y140.833 F9000
G1 F1800
G1 X126.667 Y144.689 E.15895
G1 X126.352 Y144.896 F9000
G1 F1800
G1 X122.604 Y141.148 E.15454
G1 X122.437 Y141.503 F9000
G1 F1800
G1 X125.997 Y145.063 E.14676
G1 X125.598 Y145.186 F9000
G1 F1800
G1 X122.314 Y141.902 E.13538
G1 X122.253 Y142.363 F9000
G1 F1800
G1 X125.137 Y145.247 E.11888
G1 X124.587 Y145.219 F9000
G1 F1800
G1 X122.281 Y142.913 E.09508
G1 X122.504 Y143.657 F9000
G1 F1800
G1 X123.843 Y144.996 E.0552
G1 E-2.8 F3600
;WIPE_START
G1 F1800
G1 X123.136 Y144.289 E-1.2
;WIPE_END
G1 Z1.4 F9000
G1 X128.609 Y81.472 Z1.4
G1 Z1
G1 E4 F2400
;TYPE:Internal solid infill
;WIDTH:0.449999
G1 F3000
G1 X128.609 Y78.57 E.09332
;WIDTH:0.469954
G1 X128.589 Y78.377 E.00654
;WIDTH:0.509862
G1 X128.569 Y78.184 E.00715
;WIDTH:0.565101
G1 X128.549 Y77.992 E.008
G1 X128.549 Y77.3 E.02852
;WIDTH:0.549228
G1 X128.569 Y77.07 E.00922
;WIDTH:0.509536
G1 X128.589 Y76.841 E.0085
;WIDTH:0.451874
G1 X128.609 Y76.611 E.00745
G1 X128.55 Y75.994 E.02002
G1 X128.413 Y75.533 E.01553
G1 X128.231 Y75.166 E.01325
G1 X127.935 Y74.758 E.01629
G1 X127.53 Y74.394 E.01758
G1 X127.059 Y74.122 E.01758
G1 X126.534 Y73.951 E.01782
G1 X126.078 Y73.907 E.01481
;WIDTH:0.488243
G1 X125.96 Y73.93 E.00423
;WIDTH:0.533608
G1 X125.841 Y73.953 E.00467
;WIDTH:0.577976
G1 X125.723 Y73.975 E.00509
G1 X125.144 Y73.956 E.02448
G1 X124.457 Y73.966 E.02907
;WIDTH:0.562047
G1 X124.226 Y73.944 E.00952
;WIDTH:0.517228
G1 X123.995 Y73.922 E.0087
;WIDTH:0.450769
G1 X123.764 Y73.899 E.00748
G1 X121.035 Y73.898 E.08791
G1 X122.729 Y75.592 E.07719
G1 X123.338 Y75.037 E.02653
G1 X123.847 Y74.762 E.01865
;WIDTH:0.469363
G1 X124.039 Y74.683 E.00701
;WIDTH:0.50809
G1 X124.232 Y74.605 E.00764
;WIDTH:0.559807
G1 X124.424 Y74.526 E.00849
G1 X125.056 Y74.474 E.02586
;WIDTH:0.581811
G1 X125.686 Y74.532 E.02696
;WIDTH:0.578973
G1 X125.772 Y74.584 E.00425
;WIDTH:0.533608
G1 X125.858 Y74.636 E.00389
;WIDTH:0.488243
G1 X125.943 Y74.689 E.00353
;WIDTH:0.451059
G1 X126.301 Y74.829 E.0124
G1 X126.794 Y75.132 E.01866
G1 X127.18 Y75.492 E.01701
G1 X127.568 Y76.016 E.02102
G1 X127.844 Y76.639 E.02197
;WIDTH:0.47056
G1 X127.903 Y76.839 E.00703
;WIDTH:0.511681
G1 X127.962 Y77.038 E.00771
;WIDTH:0.569645
G1 X128.021 Y77.238 E.00866
G1 X128.011 Y77.872 E.02639
;WIDTH:0.555816
G1 X127.943 Y78.073 E.0086
;WIDTH:0.513489
G1 X127.875 Y78.274 E.00789
;WIDTH:0.452149
G1 X127.807 Y78.475 E.00686
G1 X127.543 Y79.037 E.02009
G1 X127.167 Y79.532 E.02008
G1 X126.904 Y79.767 E.01141
G1 X128.581 Y81.444 E.07666
G1 X128.151 Y80.367 F9000
;WIDTH:0.551666
G1 F3000
G1 X128.151 Y78.826 E.06189
G1 X127.883 Y79.353 E.02373
G1 X127.559 Y79.774 E.02138
G1 X128.123 Y80.338 E.03205
G1 X126.437 Y74.394 F9000
;WIDTH:0.555638
G1 F3000
G1 X126.644 Y74.497 E.00937
;WIDTH:0.590589
G1 X126.851 Y74.6 E.01
;WIDTH:0.625541
G1 X127.058 Y74.703 E.01064
;WIDTH:0.669139
G1 X127.542 Y75.112 E.03134
G1 X127.815 Y75.468 E.02221
;WIDTH:0.639012
G1 X127.934 Y75.697 E.01216
;WIDTH:0.589791
G1 X128.052 Y75.927 E.01116
;WIDTH:0.56518
G1 X128.08 Y76.004 E.0034
G1 X122.731 Y74.95 F9000
;WIDTH:0.547318
G1 F3000
G1 X123.121 Y74.637 E.01991
G1 X123.628 Y74.358 E.02307
G1 X122.136 Y74.354 E.05946
G1 X122.703 Y74.921 E.03195
G1 X126.157 Y75.004 F9000
;TYPE:Top surface
;WIDTH:0.41196
G1 F1800
G1 X127.496 Y76.343 E.05522
G1 X127.719 Y77.088 F9000
G1 F1800
G1 X125.412 Y74.781 E.09509
G1 X124.863 Y74.753 F9000
G1 F1800
G1 X127.747 Y77.637 E.11888
G1 X127.686 Y78.098 F9000
G1 F1800
G1 X124.402 Y74.814 E.13539
G1 X124.003 Y74.937 F9000
G1 F1800
G1 X127.563 Y78.497 E.14677
G1 X127.396 Y78.852 F9000
G1 F1800
G1 X123.648 Y75.104 E.15455
G1 X123.333 Y75.311 F9000
G1 F1800
G1 X127.189 Y79.167 E.15895
G1 X126.944 Y79.445 F9000
G1 F1800
G1 X123.055 Y75.556 E.16033
G1 X122.811 Y75.833 F9000
G1 F1800
G1 X126.667 Y79.689 E.15895
G1 X126.352 Y79.896 F9000
G1 F1800
G1 X122.604 Y76.148 E.15454
G1 X122.437 Y76.503 F9000
G1 F1800
G1 X125.997 Y80.063 E.14676
G1 X125.598 Y80.186 F9000
G1 F1800
G1 X122.314 Y76.902 E.13538
G1 X122.253 Y77.363 F9000
G1 F1800
G1 X125.137 Y80.247 E.11888
G1 X124.587 Y80.219 F9000
G1 F1800
G1 X122.281 Y77.913 E.09508
G1 X122.504 Y78.657 F9000
G1 F1800
G1 X123.843 Y79.996 E.0552
G1 X96.157 Y75.004 F9000
G1 F1800
G1 X97.496 Y76.343 E.05522
G1 X97.719 Y77.088 F9000
G1 F1800
G1 X95.412 Y74.781 E.09509
G1 X94.863 Y74.753 F9000
G1 F1800
G1 X97.747 Y77.637 E.11888
G1 X97.686 Y78.098 F9000
G1 F1800
G1 X94.402 Y74.814 E.13539
G1 X94.003 Y74.937 F9000
G1 F1800
G1 X97.563 Y78.497 E.14677
G1 X97.396 Y78.852 F9000
G1 F1800
G1 X93.648 Y75.104 E.15455
G1 X93.333 Y75.311 F9000
G1 F1800
G1 X97.189 Y79.167 E.15895
G1 X96.944 Y79.445 F9000
G1 F1800
G1 X93.055 Y75.556 E.16033
G1 X92.811 Y75.833 F9000
G1 F1800
G1 X96.667 Y79.689 E.15895
G1 X96.352 Y79.896 F9000
G1 F1800
G1 X92.604 Y76.148 E.15454
G1 X92.437 Y76.503 F9000
G1 F1800
G1 X95.997 Y80.063 E.14676
G1 X95.598 Y80.186 F9000
G1 F1800
G1 X92.314 Y76.902 E.13538
G1 X92.253 Y77.363 F9000
G1 F1800
G1 X95.137 Y80.247 E.11888
G1 X94.587 Y80.219 F9000
G1 F1800
G1 X92.281 Y77.913 E.09508
G1 X92.504 Y78.657 F9000
G1 F1800
G1 X93.843 Y79.996 E.0552
G1 X93.783 Y80.126 F9000
;TYPE:Internal solid infill
;WIDTH:0.38292
G1 F3000
G1 X93.533 Y79.948 E.00823
G1 X92.073 Y78.242 F9000
;WIDTH:0.573734
G1 F3000
G1 X92.014 Y78.022 E.00955
G1 X91.972 Y77.445 E.02426
G1 X92.017 Y76.942 E.02115
;WIDTH:0.572779
G1 X92.115 Y76.707 E.01066
;WIDTH:0.523667
G1 X92.213 Y76.472 E.00967
;WIDTH:0.452282
G1 X92.311 Y76.237 E.00823
G1 X92.632 Y75.706 E.02009
G1 X93.057 Y75.252 E.02009
G1 X93.566 Y74.898 E.02008
G1 X94.139 Y74.656 E.02008
;WIDTH:0.470236
G1 X94.339 Y74.598 E.00703
;WIDTH:0.510708
G1 X94.538 Y74.539 E.0077
;WIDTH:0.570198
G1 X94.738 Y74.48 E.00867
G1 X95.257 Y74.488 E.0216
G1 X95.71 Y74.567 E.01919
G1 X95.307 Y74.128 E.02481
G1 X95.351 Y73.953 E.00752
G1 X94.8 Y73.951 E.02295
;WIDTH:0.549133
G1 X94.571 Y73.931 E.00922
;WIDTH:0.50948
G1 X94.341 Y73.911 E.0085
;WIDTH:0.451042
G1 X94.111 Y73.891 E.00744
G1 X93.507 Y73.949 E.01957
G1 X92.991 Y74.106 E.01737
G1 X92.54 Y74.353 E.01659
G1 X92.096 Y74.731 E.0188
G1 X91.757 Y75.194 E.01849
G1 X91.609 Y75.48 E.01038
G1 X91.454 Y75.959 E.01623
G1 X91.4 Y76.469 E.01653
;WIDTH:0.474555
G1 X91.422 Y76.614 E.00502
;WIDTH:0.523667
G1 X91.443 Y76.76 E.0056
;WIDTH:0.574899
G1 X91.465 Y76.906 E.00619
G1 X91.451 Y77.859 E.04006
G1 X91.616 Y77.815 E.00718
G1 X92.044 Y78.214 E.0246
G1 X91.794 Y76.51 F9000
;WIDTH:0.448662
G1 F3000
G1 X91.842 Y76.326 E.00609
;WIDTH:0.49131
G1 X91.889 Y76.142 E.00673
;WIDTH:0.533958
G1 X91.937 Y75.958 E.00737
;WIDTH:0.578727
G1 X92.069 Y75.699 E.01229
;WIDTH:0.625617
G1 X92.2 Y75.44 E.01337
;WIDTH:0.675953
G1 X92.449 Y75.124 E.02015
G1 X92.798 Y74.8 E.02379
;WIDTH:0.646541
G1 X93.048 Y74.653 E.01383
;WIDTH:0.606359
G1 X93.298 Y74.506 E.01291
;WIDTH:0.565715
G1 X93.47 Y74.452 E.00746
;WIDTH:0.524609
G1 X93.643 Y74.399 E.00688
;WIDTH:0.483503
G1 X93.816 Y74.346 E.00629
;WIDTH:0.442397
G1 X93.989 Y74.293 E.0057
;WIDTH:0.421844
G1 X94.035 Y74.283 E.00142
G1 X96.492 Y75.08 F9000
;WIDTH:0.38292
G1 F3000
G1 X96.744 Y75.3 E.00898
G1 X97.644 Y76.317 F9000
G1 F3000
G1 X97.337 Y75.905 E.01378
G1 X97.62 Y76.285 E.0127
; stop printing object Remote75T.stl id:0 copy 0
;LAYER_CHANGE
;Z:1.2
;HEIGHT:0.2
;BEFORE_LAYER_CHANGE
;1.2
G92 E0

G1 E-2.81686 F3600
;WIPE_START
G1 F3000
G1 X97.337 Y75.905 E-.56757
G1 X97.644 Y76.317 E-.61557
;WIPE_END
;_SET_FAN_SPEED_CHANGING_LAYER
; printing object Remote75T.stl id:0 copy 0
G1 Z1.6 F9000
G1 X91.556 Y145.429 Z1.6
G1 Z1.2
G1 E4 F2400
;TYPE:Inner wall
;WIDTH:0.449999
G1 X91.291 Y145.064 E.01451
G1 X91.025 Y144.467 E.02103
G1 X90.905 Y143.903 E.01852
G1 X90.868 Y143.483 E.01357
G1 X90.868 Y76.533 E2.15286
G1 X90.94 Y75.849 E.0221
G1 X91.142 Y75.227 E.02103
G1 X91.469 Y74.661 E.02103
G1 X91.907 Y74.175 E.02103
G1 X92.436 Y73.791 E.02103
G1 X93.033 Y73.525 E.02103
G1 X93.527 Y73.419 E.01624
G1 X94.017 Y73.368 E.01584
G1 X125.975 Y73.368 E1.02764
G1 X126.65 Y73.44 E.02184
M73 P37 R28
G1 X127.273 Y73.642 E.02104
G1 X127.839 Y73.969 E.02103
G1 X128.325 Y74.407 E.02103
G1 X128.71 Y74.936 E.02104
G1 X128.973 Y75.526 E.02079
G1 X129.095 Y76.096 E.01875
G1 X129.132 Y76.548 E.01456
G1 X129.132 Y143.467 E2.15188
G1 X129.06 Y144.151 E.0221
G1 X128.858 Y144.773 E.02103
G1 X128.531 Y145.339 E.02103
G1 X128.093 Y145.825 E.02103
G1 X127.564 Y146.209 E.02103
G1 X126.967 Y146.475 E.02103
G1 X126.403 Y146.595 E.01852
G1 X125.983 Y146.632 E.01357
G1 X94.033 Y146.632 E1.02739
G1 X93.349 Y146.56 E.0221
G1 X92.727 Y146.358 E.02103
G1 X92.161 Y146.031 E.02103
G1 X91.675 Y145.593 E.02103
G1 X91.579 Y145.462 E.00523
G1 X91.209 Y145.681 F9000
;TYPE:Outer wall
G1 F2400
G1 X90.917 Y145.28 E.01596
G1 X90.615 Y144.6 E.02393
G1 X90.486 Y143.992 E.01997
G1 X90.439 Y143.494 E.01609
G1 X90.439 Y76.511 E2.15394
G1 X90.518 Y75.76 E.02427
G1 X90.748 Y75.052 E.02393
G1 X91.12 Y74.408 E.02393
G1 X91.618 Y73.855 E.02393
G1 X92.22 Y73.417 E.02393
G1 X92.9 Y73.115 E.02393
G1 X93.508 Y72.986 E.01998
G1 X94.006 Y72.939 E.01609
G1 X125.997 Y72.94 E1.02873
G1 X126.74 Y73.018 E.02401
G1 X127.448 Y73.248 E.02393
G1 X128.092 Y73.62 E.02393
G1 X128.645 Y74.118 E.02393
G1 X129.083 Y74.72 E.02393
G1 X129.382 Y75.393 E.02367
G1 X129.514 Y76.007 E.02019
G1 X129.561 Y76.548 E.01746
G1 X129.561 Y143.489 E2.1526
G1 X129.482 Y144.24 E.02427
G1 X129.252 Y144.948 E.02393
G1 X128.88 Y145.592 E.02393
G1 X128.382 Y146.145 E.02393
G1 X127.78 Y146.583 E.02393
G1 X127.1 Y146.885 E.02393
G1 X126.492 Y147.014 E.01997
G1 X125.994 Y147.061 E.01609
G1 X94.011 Y147.061 E1.02847
G1 X93.26 Y146.982 E.02427
G1 X92.552 Y146.752 E.02393
G1 X91.908 Y146.38 E.02393
G1 X91.355 Y145.882 E.02393
G1 X91.233 Y145.714 E.00668
G1 E-2.8 F3600
;WIPE_START
G1 F2400
G1 X90.917 Y145.28 E-.64358
G1 X90.729 Y144.856 E-.55642
;WIPE_END
G1 Z1.6 F9000
G1 X123.456 Y76.324 Z1.6
G1 Z1.2
G1 E4 F2400
;TYPE:Inner wall
G1 X123.593 Y76.147 E.0072
G1 X123.905 Y75.885 E.01312
G1 X124.265 Y75.692 E.01312
G1 X124.656 Y75.579 E.01308
G1 X125.065 Y75.55 E.01319
G1 X125.555 Y75.634 E.01599
G1 X125.852 Y75.744 E.01018
G1 X126.215 Y75.975 E.01384
G1 X126.558 Y76.333 E.01595
G1 X126.721 Y76.58 E.00952
G1 X126.835 Y76.837 E.00903
G1 X126.946 Y77.36 E.01719
G1 X126.933 Y77.767 E.01312
G1 X126.835 Y78.163 E.01312
G1 X126.657 Y78.53 E.01312
G1 X126.407 Y78.853 E.01312
G1 X126.068 Y79.13 E.01408
G1 X125.542 Y79.375 E.01866
G1 X125.14 Y79.446 E.01312
G1 X124.733 Y79.433 E.01312
G1 X124.337 Y79.335 E.01312
G1 X123.97 Y79.157 E.01312
G1 X123.647 Y78.907 E.01312
G1 X123.385 Y78.595 E.01312
G1 X123.184 Y78.206 E.01408
G1 X123.054 Y77.64 E.01866
G1 X123.067 Y77.233 E.01312
G1 X123.165 Y76.837 E.01312
G1 X123.343 Y76.47 E.01312
G1 X123.431 Y76.356 E.00463
G1 X123.809 Y76.561 F9000
;TYPE:Outer wall
G1 F2400
G1 X123.88 Y76.466 E.0038
G1 X124.119 Y76.256 E.01025
G1 X124.397 Y76.1 E.01025
G1 X124.701 Y76.005 E.01021
G1 X125.02 Y75.976 E.01032
G1 X125.422 Y76.041 E.01311
G1 X125.637 Y76.115 E.00731
G1 X125.928 Y76.293 E.01097
G1 X126.211 Y76.585 E.01307
G1 X126.444 Y77.011 E.0156
G1 X126.518 Y77.36 E.01146
G1 X126.514 Y77.678 E.01025
G1 X126.444 Y77.989 E.01025
G1 X126.311 Y78.279 E.01025
G1 X126.12 Y78.534 E.01025
G1 X125.873 Y78.748 E.01051
G1 X125.453 Y78.956 E.01507
G1 X125.14 Y79.018 E.01025
G1 X124.822 Y79.014 E.01025
G1 X124.511 Y78.944 E.01025
G1 X124.088 Y78.714 E.01548
G1 X123.756 Y78.381 E.01513
G1 X123.598 Y78.095 E.01051
G1 X123.482 Y77.64 E.01507
G1 X123.486 Y77.322 E.01025
G1 X123.556 Y77.011 E.01025
G1 X123.689 Y76.721 E.01025
G1 X123.785 Y76.593 E.00516
G1 E-2.8 F3600
;WIPE_START
G1 F2400
G1 X123.88 Y76.466 E-.18992
G1 X124.119 Y76.256 E-.38241
G1 X124.397 Y76.1 E-.3824
G1 X124.593 Y76.039 E-.24527
;WIPE_END
G1 Z1.6 F9000
G1 X111.407 Y89.811 Z1.6
G1 Z1.2
G1 E4 F2400
;TYPE:Inner wall
G1 X111.34 Y89.852 E.00255
G1 X110.717 Y90.068 E.02118
G1 X110.064 Y90.15 E.02118
G1 X109.407 Y90.095 E.02118
G1 X108.777 Y89.904 E.02118
G1 X108.18 Y89.57 E.022
G1 X107.701 Y89.154 E.0204
G1 X107.304 Y88.63 E.02114
G1 X107.024 Y88.034 E.02118
G1 X106.874 Y87.393 E.02118
G1 X106.86 Y86.734 E.02118
G1 X106.984 Y86.087 E.02118
G1 X107.24 Y85.48 E.02118
G1 X107.616 Y84.939 E.02118
G1 X108.097 Y84.489 E.02118
G1 X108.66 Y84.148 E.02118
G1 X109.283 Y83.932 E.02119
G1 X109.936 Y83.85 E.02118
G1 X110.593 Y83.905 E.02118
G1 X111.223 Y84.096 E.02118
G1 X111.8 Y84.414 E.02118
G1 X112.298 Y84.845 E.02118
G1 X112.614 Y85.256 E.01668
G1 X112.818 Y85.609 E.0131
G1 X113.014 Y86.078 E.01634
G1 X113.126 Y86.607 E.0174
G1 X113.14 Y87.266 E.02118
G1 X113.016 Y87.913 E.02118
G1 X112.76 Y88.52 E.02118
G1 X112.384 Y89.061 E.02118
G1 X111.903 Y89.511 E.02118
G1 X111.442 Y89.79 E.01735
G1 X111.186 Y89.445 F9000
;TYPE:Outer wall
G1 F2400
G1 X111.125 Y89.481 E.00226
G1 X110.585 Y89.661 E.01831
G1 X110.019 Y89.724 E.01831
G1 X109.452 Y89.668 E.01831
G1 X108.909 Y89.496 E.01831
G1 X108.396 Y89.201 E.01905
G1 X107.988 Y88.837 E.01758
G1 X107.65 Y88.379 E.0183
G1 X107.415 Y87.86 E.01831
G1 X107.293 Y87.304 E.01831
G1 X107.289 Y86.734 E.01831
G1 X107.403 Y86.176 E.01831
G1 X107.631 Y85.654 E.01831
G1 X107.963 Y85.191 E.01831
G1 X108.383 Y84.807 E.01831
G1 X108.875 Y84.519 E.01831
G1 X109.415 Y84.339 E.01832
G1 X109.981 Y84.276 E.01831
G1 X110.548 Y84.332 E.01831
G1 X111.091 Y84.504 E.01831
G1 X111.586 Y84.785 E.01831
G1 X112.012 Y85.163 E.01831
G1 X112.35 Y85.621 E.01831
G1 X112.585 Y86.14 E.01831
G1 X112.707 Y86.696 E.01831
G1 X112.711 Y87.266 E.01831
G1 X112.597 Y87.824 E.01831
G1 X112.369 Y88.346 E.01831
G1 X112.037 Y88.809 E.01831
G1 X111.617 Y89.193 E.01831
G1 X111.221 Y89.425 E.01476
G1 E-2.8 F3600
;WIPE_START
G1 F2400
G1 X111.125 Y89.481 E-.1324
G1 X110.585 Y89.661 E-.6834
G1 X110.267 Y89.696 E-.3842
;WIPE_END
G1 Z1.6 F9000
G1 X93.164 Y78.137 Z1.6
G1 Z1.2
G1 E4 F2400
;TYPE:Inner wall
G1 X93.125 Y78.042 E.0033
G1 X93.054 Y77.64 E.01312
G1 X93.067 Y77.233 E.01312
G1 X93.165 Y76.837 E.01312
G1 X93.343 Y76.47 E.01312
G1 X93.643 Y76.103 E.01522
G1 X93.905 Y75.885 E.01099
G1 X94.265 Y75.692 E.01312
G1 X94.687 Y75.577 E.01408
G1 X95.267 Y75.567 E.01866
G1 X95.663 Y75.665 E.01312
G1 X96.03 Y75.843 E.01312
G1 X96.372 Y76.117 E.01408
G1 X96.721 Y76.58 E.01866
G1 X96.875 Y76.958 E.01312
G1 X96.946 Y77.36 E.01312
G1 X96.933 Y77.767 E.01312
G1 X96.835 Y78.163 E.01312
G1 X96.657 Y78.53 E.01312
G1 X96.407 Y78.853 E.01312
G1 X96.068 Y79.13 E.01408
G1 X95.606 Y79.357 E.01656
G1 X95.14 Y79.446 E.01524
G1 X94.733 Y79.433 E.01312
G1 X94.337 Y79.335 E.01312
G1 X93.97 Y79.157 E.01312
G1 X93.628 Y78.883 E.01408
G1 X93.279 Y78.42 E.01866
G1 X93.179 Y78.174 E.00853
G1 X93.555 Y77.978 F9000
;TYPE:Outer wall
G1 F2400
G1 X93.544 Y77.953 E.00088
G1 X93.482 Y77.64 E.01025
G1 X93.486 Y77.322 E.01025
G1 X93.556 Y77.011 E.01025
G1 X93.689 Y76.721 E.01025
G1 X93.929 Y76.422 E.01235
G1 X94.261 Y76.174 E.01331
G1 X94.688 Y76.007 E.01474
G1 X95.178 Y75.986 E.01577
G1 X95.489 Y76.056 E.01025
G1 X95.779 Y76.189 E.01025
G1 X96.039 Y76.386 E.01051
G1 X96.33 Y76.754 E.01507
G1 X96.456 Y77.047 E.01025
G1 X96.518 Y77.36 E.01025
G1 X96.514 Y77.678 E.01025
G1 X96.444 Y77.989 E.01025
G1 X96.311 Y78.279 E.01025
G1 X96.12 Y78.534 E.01025
G1 X95.873 Y78.748 E.01051
G1 X95.453 Y78.956 E.01507
G1 X95.14 Y79.018 E.01025
G1 X94.822 Y79.014 E.01025
G1 X94.511 Y78.944 E.01025
G1 X94.221 Y78.811 E.01025
G1 X93.961 Y78.614 E.01051
G1 X93.67 Y78.246 E.01507
G1 X93.571 Y78.015 E.00808
G1 E-2.8 F3600
;WIPE_START
G1 F2400
G1 X93.544 Y77.953 E-.08078
G1 X93.482 Y77.64 E-.38242
G1 X93.486 Y77.322 E-.38241
G1 X93.551 Y77.034 E-.35439
;WIPE_END
G1 Z1.6 F9000
G1 X93.16 Y143.128 Z1.6
G1 Z1.2
G1 E4 F2400
;TYPE:Inner wall
G1 X93.125 Y143.042 E.003
G1 X93.054 Y142.64 E.01312
G1 X93.067 Y142.233 E.01312
G1 X93.165 Y141.837 E.01312
G1 X93.362 Y141.446 E.01408
G1 X93.742 Y141.008 E.01866
G1 X94.08 Y140.779 E.01312
G1 X94.458 Y140.625 E.01312
G1 X94.86 Y140.554 E.01312
G1 X95.267 Y140.567 E.01312
G1 X95.663 Y140.665 E.01312
G1 X96.054 Y140.862 E.01408
G1 X96.448 Y141.189 E.01647
G1 X96.721 Y141.58 E.01533
G1 X96.857 Y141.892 E.01093
G1 X96.946 Y142.36 E.01531
G1 X96.933 Y142.767 E.01312
G1 X96.835 Y143.163 E.01312
G1 X96.657 Y143.53 E.01312
G1 X96.407 Y143.853 E.01312
G1 X96.095 Y144.115 E.01312
G1 X95.704 Y144.317 E.01414
G1 X95.14 Y144.446 E.0186
G1 X94.532 Y144.395 E.01963
G1 X94.148 Y144.256 E.01312
G1 X93.785 Y144.025 E.01384
G1 X93.442 Y143.667 E.01593
G1 X93.279 Y143.42 E.00953
G1 X93.175 Y143.165 E.00884
G1 X93.552 Y142.968 F9000
;TYPE:Outer wall
G1 F2400
G1 X93.482 Y142.64 E.01078
G1 X93.486 Y142.322 E.01025
G1 X93.556 Y142.011 E.01025
G1 X93.695 Y141.715 E.01051
G1 X93.994 Y141.355 E.01507
G1 X94.254 Y141.17 E.01025
G1 X94.547 Y141.044 E.01025
G1 X94.86 Y140.982 E.01025
G1 X95.178 Y140.986 E.01025
G1 X95.489 Y141.056 E.01025
G1 X95.785 Y141.195 E.01051
G1 X96.145 Y141.494 E.01507
G1 X96.33 Y141.754 E.01025
G1 X96.45 Y142.027 E.0096
G1 X96.518 Y142.36 E.0109
G1 X96.514 Y142.678 E.01025
G1 X96.444 Y142.989 E.01025
G1 X96.311 Y143.279 E.01025
G1 X96.12 Y143.534 E.01025
G1 X95.881 Y143.744 E.01025
G1 X95.593 Y143.903 E.01055
G1 X95.131 Y144.017 E.01532
G1 X94.585 Y143.961 E.01766
G1 X94.363 Y143.885 E.00755
G1 X94.072 Y143.707 E.01097
G1 X93.789 Y143.416 E.01305
G1 X93.565 Y143.006 E.01502
G1 E-2.8 F3600
;WIPE_START
G1 F2400
G1 X93.482 Y142.64 E-.44935
G1 X93.486 Y142.322 E-.38241
G1 X93.554 Y142.022 E-.36824
;WIPE_END
G1 Z1.6 F9000
G1 X126.886 Y142.947 Z1.6
G1 Z1.2
G1 E4 F2400
;TYPE:Inner wall
G1 X126.822 Y143.191 E.00811
G1 X126.555 Y143.682 E.01797
G1 X126.167 Y144.058 E.01736
G1 X125.92 Y144.221 E.00954
G1 X125.542 Y144.375 E.01312
G1 X125.11 Y144.445 E.01408
G1 X124.532 Y144.395 E.01866
G1 X124.148 Y144.256 E.01312
G1 X123.802 Y144.04 E.01312
G1 X123.508 Y143.758 E.01312
G1 X123.279 Y143.42 E.01312
G1 X123.125 Y143.042 E.01312
G1 X123.054 Y142.64 E.01312
G1 X123.067 Y142.233 E.01312
G1 X123.178 Y141.809 E.01408
G1 X123.416 Y141.357 E.01644
G1 X123.742 Y141.008 E.01536
G1 X124.08 Y140.779 E.01312
G1 X124.458 Y140.625 E.01312
G1 X124.86 Y140.554 E.01312
G1 X125.267 Y140.567 E.01312
G1 X125.663 Y140.665 E.01312
G1 X126.054 Y140.862 E.01408
G1 X126.492 Y141.242 E.01866
G1 X126.721 Y141.58 E.01312
G1 X126.875 Y141.958 E.01312
G1 X126.946 Y142.36 E.01312
G1 X126.933 Y142.767 E.01312
G1 X126.896 Y142.908 E.00469
G1 X126.476 Y142.84 F9000
;TYPE:Outer wall
G1 F2400
G1 X126.44 Y142.996 E.00515
G1 X126.207 Y143.428 E.01578
G1 X125.916 Y143.711 E.01305
G1 X125.489 Y143.944 E.01562
G1 X125.132 Y144.017 E.01172
G1 X124.664 Y143.987 E.01507
G1 X124.363 Y143.885 E.01025
G1 X124.089 Y143.722 E.01025
G1 X123.855 Y143.506 E.01025
G1 X123.67 Y143.246 E.01025
G1 X123.544 Y142.953 E.01025
G1 X123.482 Y142.64 E.01025
G1 X123.486 Y142.322 E.01025
G1 X123.56 Y142.004 E.01051
G1 X123.778 Y141.589 E.01507
G1 X123.994 Y141.355 E.01025
G1 X124.254 Y141.17 E.01025
G1 X124.547 Y141.044 E.01025
G1 X124.86 Y140.982 E.01025
G1 X125.178 Y140.986 E.01025
G1 X125.489 Y141.056 E.01025
G1 X125.785 Y141.195 E.01051
G1 X126.145 Y141.494 E.01507
G1 X126.33 Y141.754 E.01025
G1 X126.456 Y142.047 E.01025
G1 X126.518 Y142.36 E.01025
G1 X126.514 Y142.678 E.01025
G1 X126.485 Y142.802 E.00407
G1 X127.188 Y141.982 F9000
;TYPE:Sparse infill
;WIDTH:0.45
G1 F3600
G1 X127.252 Y142.352 E.01209
G1 X127.239 Y142.793 E.01419
G1 X127.157 Y143.174 E.01252
G1 X126.974 Y143.555 E.01357
G1 X127.793 Y144.373 E.03723
G1 X127.627 Y144.661 E.01069
G1 X127.333 Y144.991 E.01421
G1 X127.063 Y145.191 E.01083
G1 X126.609 Y145.404 E.01613
G1 X126.183 Y145.495 E.01398
G1 X124.781 Y145.506 E.0451
G1 X122.757 Y143.482 E.09202
G1 X122.604 Y143.01 E.01598
G1 X122.55 Y142.5 E.01648
G1 X122.603 Y141.991 E.01647
G1 X122.636 Y141.889 E.00343
G1 E-3
;WIPE_START
G1 X122.603 Y141.991 E-.10678
G1 X122.55 Y142.5 E-.51218
G1 X122.59 Y142.879 E-.38104
;WIPE_END
G1 Z1.6 F9000
G1 X128.749 Y143.463 Z1.6
G1 Z1.2
G1 E4 F2400
;TYPE:Internal solid infill
;WIDTH:0.402817
G1 F3000
G1 X128.749 Y76.532 E1.90279
G1 X128.626 Y75.734 E.02296
G1 X128.395 Y75.171 E.01728
G1 X128.066 Y74.701 E.01632
G1 X127.647 Y74.311 E.01628
G1 X127.156 Y74.017 E.01628
G1 X126.611 Y73.83 E.01636
G1 X126.001 Y73.753 E.0175
G1 X94.183 Y73.751 E.90456
G1 X93.649 Y73.784 E.0152
G1 X93.152 Y73.891 E.01445
G1 X92.647 Y74.119 E.01575
G1 X92.202 Y74.434 E.01551
G1 X91.811 Y74.853 E.01629
M73 P37 R27
G1 X91.517 Y75.344 E.01628
G1 X91.331 Y75.886 E.01628
G1 X91.251 Y76.537 E.01867
G1 X91.251 Y143.468 E1.90279
G1 X91.373 Y144.267 E.02297
G1 X91.597 Y144.812 E.01674
G1 X91.934 Y145.299 E.01685
G1 X92.353 Y145.689 E.01627
G1 X92.844 Y145.983 E.01628
G1 X93.386 Y146.169 E.01628
G1 X94.037 Y146.249 E.01867
G1 X125.968 Y146.249 E.90776
G1 X126.757 Y146.129 E.0227
G1 X127.353 Y145.881 E.01833
G1 X127.797 Y145.567 E.01546
G1 X128.201 Y145.132 E.01688
G1 X128.483 Y144.656 E.01574
G1 X128.669 Y144.114 E.01628
G1 X128.744 Y143.502 E.01753
G1 X128.389 Y143.437 F9000
;WIDTH:0.402607
G1 F3000
G1 X128.335 Y143.968 E.01515
G1 X128.179 Y144.466 E.01482
G1 X127.933 Y144.893 E.01401
G1 X127.596 Y145.27 E.01437
G1 X127.202 Y145.55 E.01374
G1 X126.737 Y145.765 E.01454
G1 X125.968 Y145.889 E.02214
G1 X94.063 Y145.889 E.90652
G1 X93.532 Y145.835 E.01515
G1 X93.035 Y145.679 E.01481
G1 X92.592 Y145.422 E.01454
G1 X92.225 Y145.088 E.01411
G1 X91.924 Y144.667 E.01471
G1 X91.725 Y144.202 E.01438
G1 X91.611 Y143.468 E.02109
G1 X91.611 Y76.563 E1.90097
G1 X91.665 Y76.032 E.01515
G1 X91.821 Y75.535 E.01481
G1 X92.078 Y75.092 E.01454
G1 X92.414 Y74.722 E.01421
G1 X92.799 Y74.449 E.0134
G1 X93.265 Y74.233 E.01458
G1 X93.867 Y74.111 E.01746
G1 X125.945 Y74.115 E.91143
G1 X126.467 Y74.164 E.01488
M73 P38 R27
G1 X126.965 Y74.321 E.01486
G1 X127.408 Y74.578 E.01454
G1 X127.776 Y74.913 E.01415
G1 X128.068 Y75.317 E.01417
G1 X128.273 Y75.79 E.01464
G1 X128.389 Y76.532 E.02133
G1 X128.389 Y143.397 E1.89983
G1 X127.116 Y140.483 F9000
;TYPE:Top surface
;WIDTH:0.400981
G1 F1800
G1 X127.817 Y139.783 E.02801
G1 X127.823 Y139.27 F9000
G1 F1800
G1 X126.689 Y140.403 E.04534
G1 X126.378 Y140.209 F9000
G1 F1800
G1 X127.823 Y138.764 E.0578
G1 X127.823 Y138.257 F9000
G1 F1800
G1 X126.031 Y140.049 E.07169
G1 X125.652 Y139.921 F9000
G1 F1800
G1 X127.823 Y137.751 E.08682
G1 X127.823 Y137.244 F9000
G1 F1800
G1 X125.225 Y139.842 E.1039
G1 X124.718 Y139.843 F9000
G1 F1800
G1 X127.823 Y136.738 E.12421
G1 X127.823 Y136.232 F9000
G1 F1800
G1 X124.033 Y140.022 E.1516
G1 X122.983 Y144.616 F9000
G1 F1800
G1 X122.283 Y145.317 E.02802
G1 X121.77 Y145.323 F9000
G1 F1800
G1 X122.904 Y144.188 E.04538
G1 X122.72 Y143.867 F9000
G1 F1800
G1 X121.263 Y145.323 E.05825
G1 X120.757 Y145.323 F9000
G1 F1800
G1 X122.542 Y143.538 E.07141
G1 X122.418 Y143.156 F9000
G1 F1800
G1 X120.251 Y145.323 E.0867
G1 X119.744 Y145.323 F9000
G1 F1800
G1 X122.35 Y142.717 E.10423
G1 X122.359 Y142.202 F9000
G1 F1800
G1 X119.238 Y145.323 E.12482
G1 X118.732 Y145.323 F9000
G1 F1800
G1 X122.518 Y141.536 E.15147
G1 E-2.8 F3600
;WIPE_START
G1 F1800
G1 X121.811 Y142.243 E-1.2
;WIPE_END
G1 Z1.6 F9000
G1 X118.225 Y145.323 Z1.6
G1 Z1.2
G1 E4 F2400
G1 F1800
G1 X127.823 Y135.725 E.38391
G1 X127.823 Y135.219 F9000
G1 F1800
G1 X117.719 Y145.323 E.40416
G1 X117.213 Y145.323 F9000
G1 F1800
G1 X127.823 Y134.713 E.42442
G1 X127.823 Y134.206 F9000
G1 F1800
G1 X116.706 Y145.323 E.44467
G1 X116.2 Y145.323 F9000
G1 F1800
G1 X127.823 Y133.7 E.46493
G1 X127.823 Y133.193 F9000
G1 F1800
G1 X115.693 Y145.323 E.48518
G1 X115.187 Y145.323 F9000
G1 F1800
G1 X127.823 Y132.687 E.50544
G1 X127.823 Y132.181 F9000
G1 F1800
G1 X114.681 Y145.323 E.52569
G1 X114.174 Y145.323 F9000
G1 F1800
G1 X127.823 Y131.674 E.54595
G1 X127.823 Y131.168 F9000
G1 F1800
G1 X113.668 Y145.323 E.5662
G1 X113.162 Y145.323 F9000
G1 F1800
G1 X127.823 Y130.662 E.58646
G1 X127.823 Y130.155 F9000
G1 F1800
G1 X112.655 Y145.323 E.60671
G1 X112.149 Y145.323 F9000
G1 F1800
G1 X127.823 Y129.649 E.62697
G1 X127.823 Y129.142 F9000
G1 F1800
G1 X111.642 Y145.323 E.64722
G1 X111.136 Y145.323 F9000
G1 F1800
G1 X127.823 Y128.636 E.66748
G1 X127.823 Y128.13 F9000
G1 F1800
G1 X110.63 Y145.323 E.68773
G1 X110.123 Y145.323 F9000
G1 F1800
G1 X127.823 Y127.623 E.70799
G1 X127.823 Y127.117 F9000
G1 F1800
G1 X109.617 Y145.323 E.72824
G1 X109.111 Y145.323 F9000
G1 F1800
G1 X127.823 Y126.611 E.7485
G1 X127.823 Y126.104 F9000
G1 F1800
G1 X108.604 Y145.323 E.76875
G1 X108.098 Y145.323 F9000
G1 F1800
G1 X127.823 Y125.598 E.78901
G1 X127.823 Y125.091 F9000
G1 F1800
G1 X107.591 Y145.323 E.80926
G1 X107.085 Y145.323 F9000
G1 F1800
G1 X127.823 Y124.585 E.82952
G1 X127.823 Y124.079 F9000
G1 F1800
G1 X106.579 Y145.323 E.84977
G1 X106.072 Y145.323 F9000
G1 F1800
G1 X127.823 Y123.572 E.87003
G1 X127.823 Y123.066 F9000
G1 F1800
G1 X105.566 Y145.323 E.89028
G1 X105.06 Y145.323 F9000
G1 F1800
G1 X127.823 Y122.56 E.91054
G1 X127.823 Y122.053 F9000
M73 P39 R27
G1 F1800
G1 X104.553 Y145.323 E.93079
G1 X104.047 Y145.323 F9000
G1 F1800
G1 X127.823 Y121.547 E.95105
G1 X127.823 Y121.04 F9000
G1 F1800
G1 X103.54 Y145.323 E.9713
G1 X103.034 Y145.323 F9000
G1 F1800
G1 X127.823 Y120.534 E.99156
G1 X127.823 Y120.028 F9000
G1 F1800
G1 X102.528 Y145.323 E1.01181
G1 X102.021 Y145.323 F9000
G1 F1800
G1 X127.823 Y119.521 E1.03207
G1 X127.823 Y119.015 F9000
G1 F1800
G1 X101.515 Y145.323 E1.05232
G1 X101.009 Y145.323 F9000
G1 F1800
G1 X127.823 Y118.509 E1.07258
G1 X127.823 Y118.002 F9000
G1 F1800
G1 X100.502 Y145.323 E1.09283
G1 X99.996 Y145.323 F9000
G1 F1800
G1 X127.823 Y117.496 E1.11309
G1 X127.823 Y116.989 F9000
G1 F1800
G1 X99.489 Y145.323 E1.13334
G1 X98.983 Y145.323 F9000
G1 F1800
G1 X127.823 Y116.483 E1.1536
G1 X127.823 Y115.977 F9000
G1 F1800
G1 X98.477 Y145.323 E1.17385
G1 X97.97 Y145.323 F9000
G1 F1800
G1 X127.823 Y115.47 E1.19411
G1 X127.823 Y114.964 F9000
G1 F1800
G1 X97.536 Y145.251 E1.21147
G1 X97.228 Y145.052 F9000
G1 F1800
G1 X127.823 Y114.458 E1.22379
G1 X127.823 Y113.951 F9000
G1 F1800
G1 X97.038 Y144.736 E1.2314
G1 X97.116 Y144.152 F9000
G1 F1800
G1 X127.823 Y113.445 E1.22829
G1 X127.823 Y112.938 F9000
G1 F1800
G1 X97.571 Y143.191 E1.21009
G1 X97.658 Y142.597 F9000
G1 F1800
G1 X127.823 Y112.432 E1.2066
G1 X127.823 Y111.926 F9000
M73 P40 R26
G1 F1800
G1 X97.635 Y142.113 E1.20751
G1 X97.546 Y141.696 F9000
G1 F1800
G1 X127.823 Y111.419 E1.21106
G1 X127.823 Y110.913 F9000
G1 F1800
G1 X97.394 Y141.342 E1.21716
G1 X97.207 Y141.022 F9000
G1 F1800
G1 X127.823 Y110.407 E1.22462
G1 X127.823 Y109.9 F9000
G1 F1800
G1 X96.993 Y140.73 E1.23319
G1 X96.73 Y140.487 F9000
G1 F1800
G1 X127.823 Y109.394 E1.24371
G1 X127.823 Y108.887 F9000
G1 F1800
G1 X96.445 Y140.266 E1.25513
G1 X96.124 Y140.08 F9000
G1 F1800
G1 X127.823 Y108.381 E1.26795
G1 X127.823 Y107.875 F9000
G1 F1800
G1 X95.748 Y139.95 E1.28301
G1 X95.329 Y139.862 F9000
G1 F1800
G1 X127.823 Y107.368 E1.29975
G1 X127.823 Y106.862 F9000
G1 F1800
G1 X94.841 Y139.844 E1.31929
G1 X94.22 Y139.959 F9000
G1 F1800
G1 X127.823 Y106.356 E1.34412
G1 X127.823 Y105.849 F9000
G1 F1800
G1 X93.237 Y140.435 E1.38343
G1 X92.717 Y140.449 F9000
G1 F1800
G1 X127.823 Y105.343 E1.40425
G1 X127.823 Y104.836 F9000
G1 F1800
G1 X92.418 Y140.242 E1.41621
G1 X92.222 Y139.931 F9000
G1 F1800
G1 X127.823 Y104.33 E1.42404
G1 X127.823 Y103.824 F9000
G1 F1800
G1 X92.177 Y139.47 E1.42583
G1 X92.177 Y138.963 F9000
M73 P41 R26
G1 F1800
G1 X127.823 Y103.317 E1.42583
G1 X127.823 Y102.811 F9000
G1 F1800
G1 X92.177 Y138.457 E1.42583
G1 X92.177 Y137.95 F9000
G1 F1800
G1 X127.823 Y102.305 E1.42583
G1 X127.823 Y101.798 F9000
G1 F1800
G1 X92.177 Y137.444 E1.42583
G1 X92.177 Y136.938 F9000
G1 F1800
G1 X127.823 Y101.292 E1.42583
G1 X127.823 Y100.785 F9000
G1 F1800
G1 X92.177 Y136.431 E1.42583
G1 X92.177 Y135.925 F9000
G1 F1800
G1 X127.823 Y100.279 E1.42583
G1 X127.823 Y99.773 F9000
G1 F1800
G1 X92.177 Y135.419 E1.42583
G1 X92.177 Y134.912 F9000
G1 F1800
G1 X127.823 Y99.266 E1.42583
G1 X127.823 Y98.76 F9000
G1 F1800
G1 X92.177 Y134.406 E1.42583
G1 X92.177 Y133.899 F9000
G1 F1800
G1 X127.823 Y98.254 E1.42583
G1 X127.823 Y97.747 F9000
G1 F1800
G1 X92.177 Y133.393 E1.42583
G1 X92.177 Y132.887 F9000
G1 F1800
G1 X127.823 Y97.241 E1.42583
G1 X127.823 Y96.734 F9000
G1 F1800
G1 X92.177 Y132.38 E1.42583
G1 X92.177 Y131.874 F9000
G1 F1800
G1 X127.823 Y96.228 E1.42583
G1 X127.823 Y95.722 F9000
M73 P42 R26
G1 F1800
G1 X92.177 Y131.368 E1.42583
G1 X92.177 Y130.861 F9000
G1 F1800
G1 X127.823 Y95.215 E1.42583
G1 X127.823 Y94.709 F9000
G1 F1800
G1 X92.177 Y130.355 E1.42583
G1 X92.177 Y129.848 F9000
G1 F1800
G1 X127.823 Y94.203 E1.42583
G1 X127.823 Y93.696 F9000
M73 P42 R25
G1 F1800
G1 X92.177 Y129.342 E1.42583
G1 X92.177 Y128.836 F9000
G1 F1800
G1 X127.823 Y93.19 E1.42583
G1 X127.823 Y92.683 F9000
G1 F1800
G1 X92.177 Y128.329 E1.42583
G1 X92.177 Y127.823 F9000
G1 F1800
G1 X127.823 Y92.177 E1.42583
G1 X127.823 Y91.671 F9000
G1 F1800
G1 X92.177 Y127.317 E1.42583
G1 X92.177 Y126.81 F9000
G1 F1800
G1 X127.823 Y91.164 E1.42583
G1 X127.823 Y90.658 F9000
G1 F1800
G1 X92.177 Y126.304 E1.42583
G1 X92.177 Y125.797 F9000
G1 F1800
G1 X127.823 Y90.152 E1.42583
G1 X127.823 Y89.645 F9000
G1 F1800
G1 X92.177 Y125.291 E1.42583
G1 X92.177 Y124.785 F9000
G1 F1800
G1 X127.823 Y89.139 E1.42583
G1 X127.823 Y88.632 F9000
G1 F1800
G1 X92.177 Y124.278 E1.42583
G1 X92.177 Y123.772 F9000
G1 F1800
G1 X127.823 Y88.126 E1.42583
G1 X127.823 Y87.62 F9000
M73 P43 R25
G1 F1800
G1 X92.177 Y123.266 E1.42583
G1 X92.177 Y122.759 F9000
G1 F1800
G1 X127.823 Y87.113 E1.42583
G1 X127.823 Y86.607 F9000
G1 F1800
G1 X92.177 Y122.253 E1.42583
G1 X92.177 Y121.746 F9000
G1 F1800
G1 X127.823 Y86.101 E1.42583
G1 X127.823 Y85.594 F9000
G1 F1800
G1 X92.177 Y121.24 E1.42583
G1 X92.177 Y120.734 F9000
G1 F1800
G1 X127.823 Y85.088 E1.42583
G1 X127.823 Y84.581 F9000
G1 F1800
G1 X92.177 Y120.227 E1.42583
G1 X92.177 Y119.721 F9000
G1 F1800
G1 X127.823 Y84.075 E1.42583
G1 X127.823 Y83.569 F9000
G1 F1800
G1 X92.177 Y119.215 E1.42583
G1 X92.177 Y118.708 F9000
G1 F1800
G1 X127.823 Y83.062 E1.42583
G1 X127.823 Y82.556 F9000
G1 F1800
G1 X92.177 Y118.202 E1.42583
G1 X92.177 Y117.695 F9000
G1 F1800
G1 X127.823 Y82.05 E1.42583
G1 X127.823 Y81.543 F9000
G1 F1800
G1 X92.177 Y117.189 E1.42583
G1 X92.177 Y116.683 F9000
G1 F1800
G1 X127.823 Y81.037 E1.42583
G1 X127.823 Y80.53 F9000
G1 F1800
G1 X92.177 Y116.176 E1.42583
G1 X92.177 Y115.67 F9000
M73 P44 R25
G1 F1800
G1 X127.764 Y80.083 E1.42347
G1 X127.582 Y79.759 F9000
G1 F1800
G1 X92.177 Y115.164 E1.41619
G1 X92.177 Y114.657 F9000
G1 F1800
G1 X127.283 Y79.551 E1.40424
G1 X126.764 Y79.564 F9000
G1 F1800
G1 X92.177 Y114.151 E1.38347
G1 X92.177 Y113.644 F9000
G1 F1800
G1 X125.78 Y80.041 E1.34412
G1 X125.159 Y80.156 F9000
G1 F1800
G1 X92.177 Y113.138 E1.31928
G1 X92.177 Y112.632 F9000
G1 F1800
G1 X124.671 Y80.138 E1.29974
G1 X124.252 Y80.05 F9000
G1 F1800
G1 X92.177 Y112.125 E1.28301
G1 X92.177 Y111.619 F9000
M73 P44 R24
G1 F1800
G1 X123.877 Y79.919 E1.268
G1 X123.56 Y79.73 F9000
G1 F1800
G1 X92.177 Y111.113 E1.25531
G1 X92.177 Y110.606 F9000
G1 F1800
G1 X123.267 Y79.516 E1.24359
G1 X123.003 Y79.274 F9000
G1 F1800
G1 X92.177 Y110.1 E1.23305
G1 X92.177 Y109.593 F9000
G1 F1800
G1 X122.793 Y78.978 E1.22462
G1 X122.606 Y78.658 F9000
G1 F1800
G1 X113.004 Y88.26 E.38408
G1 X113.216 Y87.542 F9000
G1 F1800
G1 X122.454 Y78.304 E.3695
G1 X122.365 Y77.887 F9000
G1 F1800
G1 X113.257 Y86.995 E.36433
G1 X113.226 Y86.519 F9000
G1 F1800
G1 X122.342 Y77.403 E.36462
G1 X122.429 Y76.809 F9000
G1 F1800
G1 X113.137 Y86.102 E.37171
G1 X112.999 Y85.733 F9000
G1 F1800
G1 X122.885 Y75.848 E.39541
G1 X122.962 Y75.264 F9000
G1 F1800
G1 X112.844 Y85.382 E.40474
G1 X112.633 Y85.087 F9000
G1 F1800
G1 X122.772 Y74.948 E.40556
G1 X122.464 Y74.75 F9000
G1 F1800
G1 X112.416 Y84.797 E.40188
G1 X112.15 Y84.556 F9000
G1 F1800
G1 X122.03 Y74.677 E.39518
G1 X121.523 Y74.677 F9000
G1 F1800
M73 P45 R24
G1 X111.876 Y84.325 E.38591
G1 X111.555 Y84.139 F9000
G1 F1800
G1 X121.017 Y74.677 E.37849
G1 X120.511 Y74.677 F9000
G1 F1800
G1 X111.215 Y83.973 E.37182
G1 X110.833 Y83.848 F9000
G1 F1800
G1 X120.004 Y74.677 E.36685
G1 X119.498 Y74.677 F9000
G1 F1800
G1 X110.405 Y83.77 E.36371
G1 X109.934 Y83.734 F9000
G1 F1800
G1 X118.991 Y74.677 E.36228
G1 X118.485 Y74.677 F9000
G1 F1800
G1 X109.368 Y83.794 E.36466
G1 X108.614 Y84.042 F9000
G1 F1800
G1 X117.979 Y74.677 E.37459
G1 E-2.8 F3600
;WIPE_START
G1 F1800
G1 X117.272 Y75.384 E-1.2
;WIPE_END
G1 Z1.6 F9000
G1 X111.243 Y90.021 Z1.6
G1 Z1.2
G1 E4 F2400
G1 F1800
G1 X92.177 Y109.087 E.76265
G1 X92.177 Y108.581 F9000
G1 F1800
G1 X110.542 Y90.216 E.73458
G1 X109.981 Y90.271 F9000
G1 F1800
G1 X92.177 Y108.074 E.71214
G1 X92.177 Y107.568 F9000
G1 F1800
G1 X109.522 Y90.223 E.69381
G1 X109.107 Y90.132 F9000
G1 F1800
G1 X92.177 Y107.062 E.67719
G1 X92.177 Y106.555 F9000
G1 F1800
G1 X108.724 Y90.008 E.66189
G1 X108.395 Y89.831 F9000
G1 F1800
G1 X92.177 Y106.049 E.64871
G1 X92.177 Y105.542 F9000
G1 F1800
G1 X108.075 Y89.644 E.63593
G1 X107.807 Y89.406 F9000
G1 F1800
G1 X92.177 Y105.036 E.6252
G1 X92.177 Y104.53 F9000
G1 F1800
G1 X107.549 Y89.158 E.61486
G1 X107.334 Y88.866 F9000
G1 F1800
G1 X92.177 Y104.023 E.60629
G1 X92.177 Y103.517 F9000
G1 F1800
G1 X107.132 Y88.562 E.59822
G1 X106.976 Y88.211 F9000
G1 F1800
G1 X92.177 Y103.011 E.59197
G1 X92.177 Y102.504 F9000
G1 F1800
G1 X106.849 Y87.832 E.58689
G1 X106.761 Y87.414 F9000
G1 F1800
G1 X92.177 Y101.998 E.58334
G1 X92.177 Y101.491 F9000
G1 F1800
G1 X106.742 Y86.926 E.5826
G1 X106.805 Y86.357 F9000
G1 F1800
G1 X92.177 Y100.985 E.58512
G1 X92.177 Y100.479 F9000
G1 F1800
G1 X107.061 Y85.595 E.59534
G1 E-2.8 F3600
;WIPE_START
G1 F1800
G1 X106.353 Y86.302 E-1.2
;WIPE_END
G1 Z1.6 F9000
G1 X117.472 Y74.677 Z1.6
G1 Z1.2
G1 E4 F2400
G1 F1800
G1 X92.177 Y99.972 E1.01181
G1 X92.177 Y99.466 F9000
G1 F1800
G1 X116.966 Y74.677 E.99156
G1 X116.46 Y74.677 F9000
G1 F1800
G1 X92.177 Y98.96 E.9713
G1 X92.177 Y98.453 F9000
G1 F1800
G1 X115.953 Y74.677 E.95105
G1 X115.447 Y74.677 F9000
G1 F1800
G1 X92.177 Y97.947 E.93079
G1 X92.177 Y97.44 F9000
G1 F1800
G1 X114.94 Y74.677 E.91054
G1 X114.434 Y74.677 F9000
M73 P46 R24
G1 F1800
G1 X92.177 Y96.934 E.89028
G1 X92.177 Y96.428 F9000
G1 F1800
G1 X113.928 Y74.677 E.87003
G1 X113.421 Y74.677 F9000
G1 F1800
G1 X92.177 Y95.921 E.84977
G1 X92.177 Y95.415 F9000
G1 F1800
G1 X112.915 Y74.677 E.82952
G1 X112.409 Y74.677 F9000
G1 F1800
G1 X92.177 Y94.909 E.80926
G1 X92.177 Y94.402 F9000
G1 F1800
G1 X111.902 Y74.677 E.78901
G1 X111.396 Y74.677 F9000
G1 F1800
G1 X92.177 Y93.896 E.76875
G1 X92.177 Y93.389 F9000
G1 F1800
G1 X110.889 Y74.677 E.7485
G1 X110.383 Y74.677 F9000
G1 F1800
G1 X92.177 Y92.883 E.72824
G1 X92.177 Y92.377 F9000
G1 F1800
G1 X109.877 Y74.677 E.70799
G1 X109.37 Y74.677 F9000
G1 F1800
G1 X92.177 Y91.87 E.68773
G1 X92.177 Y91.364 F9000
G1 F1800
G1 X108.864 Y74.677 E.66748
G1 X108.358 Y74.677 F9000
G1 F1800
G1 X92.177 Y90.858 E.64722
G1 X92.177 Y90.351 F9000
G1 F1800
G1 X107.851 Y74.677 E.62697
G1 X107.345 Y74.677 F9000
G1 F1800
G1 X92.177 Y89.845 E.60671
G1 X92.177 Y89.338 F9000
G1 F1800
G1 X106.838 Y74.677 E.58646
G1 X106.332 Y74.677 F9000
G1 F1800
G1 X92.177 Y88.832 E.5662
G1 X92.177 Y88.326 F9000
G1 F1800
G1 X105.826 Y74.677 E.54595
G1 X105.319 Y74.677 F9000
G1 F1800
G1 X92.177 Y87.819 E.52569
G1 X92.177 Y87.313 F9000
G1 F1800
G1 X104.813 Y74.677 E.50544
G1 X104.307 Y74.677 F9000
G1 F1800
G1 X92.177 Y86.807 E.48518
G1 X92.177 Y86.3 F9000
M73 P46 R23
G1 F1800
G1 X103.8 Y74.677 E.46493
G1 X103.294 Y74.677 F9000
G1 F1800
G1 X92.177 Y85.794 E.44467
G1 X92.177 Y85.287 F9000
G1 F1800
G1 X102.787 Y74.677 E.42442
G1 X102.281 Y74.677 F9000
G1 F1800
G1 X92.177 Y84.781 E.40416
G1 X92.177 Y84.275 F9000
G1 F1800
G1 X101.775 Y74.677 E.38391
G1 X101.268 Y74.677 F9000
G1 F1800
G1 X97.482 Y78.464 E.15146
G1 X97.641 Y77.798 F9000
G1 F1800
G1 X100.762 Y74.677 E.12484
G1 X100.256 Y74.677 F9000
G1 F1800
G1 X97.65 Y77.283 E.10423
G1 X97.582 Y76.844 F9000
G1 F1800
G1 X99.749 Y74.677 E.08669
G1 X99.243 Y74.677 F9000
G1 F1800
G1 X97.458 Y76.462 E.07141
G1 X97.28 Y76.134 F9000
G1 F1800
G1 X98.736 Y74.677 E.05826
G1 X98.23 Y74.677 F9000
G1 F1800
G1 X97.097 Y75.81 E.04531
G1 X97.017 Y75.384 F9000
G1 F1800
G1 X97.717 Y74.683 E.02801
G1 X95.967 Y79.978 F9000
G1 F1800
G1 X92.177 Y83.768 E.1516
G1 X92.177 Y83.262 F9000
G1 F1800
G1 X95.282 Y80.157 E.12421
G1 X94.775 Y80.158 F9000
G1 F1800
G1 X92.177 Y82.756 E.1039
G1 X92.177 Y82.249 F9000
G1 F1800
G1 X94.348 Y80.079 E.08682
G1 X93.969 Y79.951 F9000
G1 F1800
G1 X92.177 Y81.743 E.07169
G1 X92.177 Y81.236 F9000
G1 F1800
G1 X93.622 Y79.791 E.0578
G1 X93.31 Y79.597 F9000
G1 F1800
G1 X92.177 Y80.73 E.04532
G1 X92.815 Y78.01 F9000
;TYPE:Sparse infill
;WIDTH:0.45
G1 F3600
G1 X92.761 Y77.795 E.00712
G1 X92.748 Y77.356 E.01413
G1 X92.767 Y77.174 E.00587
G1 X92.843 Y76.828 E.0114
G1 X93.013 Y76.433 E.01383
G1 X92.207 Y75.627 E.03663
G1 X92.382 Y75.324 E.01124
G1 X92.665 Y75.01 E.01359
G1 X92.937 Y74.809 E.01091
G1 X93.396 Y74.594 E.01627
G1 X93.743 Y74.517 E.01145
G1 X94.125 Y74.494 E.01229
G1 X95.22 Y74.494 E.03521
G1 X97.243 Y76.518 E.09201
G1 X97.397 Y76.991 E.01599
G1 X97.45 Y77.499 E.01645
G1 X97.395 Y78.013 E.01662
G1 X97.364 Y78.111 E.00331
G1 E-3
;WIPE_START
G1 X97.395 Y78.013 E-.10284
G1 X97.45 Y77.499 E-.51682
G1 X97.41 Y77.121 E-.38034
;WIPE_END
G1 Z1.6 F9000
G1 X122.611 Y74.498 Z1.6
G1 Z1.2
G1 E4 F2400
G1 F3600
G1 X124.239 Y74.499 E.05236
G1 X124.99 Y75.25 E.03417
G1 X125.382 Y75.276 E.01261
G1 X125.836 Y75.404 E.01517
G1 X126.266 Y75.63 E.01562
G1 X126.614 Y75.923 E.01463
G1 X126.737 Y76.059 E.0059
G1 X126.961 Y76.377 E.01251
G1 X127.116 Y76.717 E.01201
G1 X127.173 Y76.891 E.0059
G1 X127.252 Y77.352 E.01505
G1 X127.247 Y77.507 E.00498
G1 X128.006 Y78.265 E.03448
G1 X128.006 Y79.894 E.05236
G1 E-3
;WIPE_START
G1 X128.006 Y78.894 E-1
;WIPE_END
G1 Z1.6 F9000
G1 X91.994 Y140.106 Z1.6
G1 Z1.2
M73 P47 R23
G1 E4 F2400
G1 F3600
G1 X91.994 Y141.735 E.05236
G1 X92.754 Y142.494 E.03455
G1 X92.761 Y142.797 E.00972
G1 X92.849 Y143.193 E.01307
G1 X93.038 Y143.621 E.01502
G1 X93.342 Y144.035 E.01653
G1 X93.736 Y144.37 E.01661
G1 X94.035 Y144.542 E.01109
G1 X94.443 Y144.687 E.01392
G1 X94.667 Y144.728 E.00732
G1 X95.005 Y144.745 E.01088
G1 X95.765 Y145.506 E.0346
G1 X97.394 Y145.506 E.05236
; stop printing object Remote75T.stl id:0 copy 0
;LAYER_CHANGE
;Z:1.4
;HEIGHT:0.2
;BEFORE_LAYER_CHANGE
;1.4
G92 E0

G1 E-3 F3600
;WIPE_START
G1 X96.394 Y145.506 E-1
;WIPE_END
;_SET_FAN_SPEED_CHANGING_LAYER
; printing object Remote75T.stl id:0 copy 0
G1 Z1.8 F9000
G1 X91.486 Y145.481 Z1.8
G1 Z1.4
G1 E4 F2400
;TYPE:Inner wall
;WIDTH:0.449999
G1 X91.215 Y145.108 E.01482
G1 X90.942 Y144.493 E.02163
G1 X90.821 Y143.929 E.01856
G1 X90.781 Y143.482 E.01445
G1 X90.781 Y76.533 E2.15281
G1 X90.855 Y75.831 E.02269
G1 X91.062 Y75.192 E.02162
G1 X91.398 Y74.61 E.02162
G1 X91.848 Y74.11 E.02162
G1 X92.392 Y73.715 E.02161
G1 X93.006 Y73.442 E.02162
G1 X93.502 Y73.336 E.01629
G1 X94.017 Y73.281 E.01666
G1 X125.984 Y73.282 E1.02792
G1 X126.668 Y73.355 E.02214
G1 X127.308 Y73.562 E.02163
G1 X127.89 Y73.898 E.02162
G1 X128.39 Y74.348 E.02162
G1 X128.788 Y74.896 E.02176
G1 X129.033 Y75.456 E.01968
G1 X129.157 Y75.945 E.01622
G1 X129.219 Y76.596 E.02102
G1 X129.219 Y143.467 E2.15033
G1 X129.145 Y144.169 E.02269
G1 X128.938 Y144.808 E.02162
G1 X128.602 Y145.39 E.02162
G1 X128.152 Y145.89 E.02162
G1 X127.708 Y146.212 E.01765
G1 X127.224 Y146.464 E.01753
G1 X126.674 Y146.645 E.01861
G1 X125.967 Y146.719 E.02287
G1 X94.033 Y146.719 E1.02687
G1 X93.331 Y146.645 E.02269
G1 X92.692 Y146.438 E.02162
G1 X92.11 Y146.102 E.02162
G1 X91.61 Y145.652 E.02162
G1 X91.51 Y145.513 E.00551
G1 X91.139 Y145.733 F9000
;TYPE:Outer wall
G1 F2400
G1 X90.842 Y145.323 E.01627
G1 X90.532 Y144.627 E.02452
G1 X90.402 Y144.019 E.02
G1 X90.352 Y143.494 E.01695
G1 X90.352 Y76.511 E2.15393
G1 X90.433 Y75.742 E.02486
G1 X90.669 Y75.017 E.02451
G1 X91.05 Y74.357 E.02451
G1 X91.56 Y73.79 E.02452
G1 X92.177 Y73.342 E.02451
G1 X92.873 Y73.032 E.02451
G1 X93.495 Y72.9 E.02045
G1 X94.006 Y72.852 E.01649
G1 X126.006 Y72.853 E1.02901
G1 X126.758 Y72.933 E.02431
G1 X127.483 Y73.169 E.02452
G1 X128.143 Y73.55 E.02451
G1 X128.71 Y74.06 E.02451
G1 X128.981 Y74.434 E.01486
G1 X129.231 Y74.833 E.01514
G1 X129.443 Y75.332 E.01745
G1 X129.584 Y75.901 E.01882
G1 X129.648 Y76.596 E.02246
G1 X129.648 Y143.489 E2.15105
G1 X129.567 Y144.258 E.02486
G1 X129.331 Y144.983 E.02451
G1 X128.95 Y145.643 E.02451
G1 X128.44 Y146.21 E.02451
G1 X127.822 Y146.659 E.02456
G1 X127.295 Y146.904 E.01868
G1 X126.76 Y147.067 E.01799
G1 X125.989 Y147.148 E.02491
G1 X94.011 Y147.148 E1.02832
G1 X93.242 Y147.067 E.02486
G1 X92.517 Y146.831 E.02451
G1 X91.857 Y146.45 E.02451
G1 X91.29 Y145.94 E.02451
G1 X91.163 Y145.765 E.00695
G1 E-2.8 F3600
;WIPE_START
G1 F2400
G1 X90.842 Y145.323 E-.65528
G1 X90.657 Y144.909 E-.54472
;WIPE_END
G1 Z1.8 F9000
G1 X125.936 Y75.799 Z1.8
G1 Z1.4
G1 E4 F2400
;TYPE:Inner wall
G1 X126.212 Y75.972 E.01046
G1 X126.569 Y76.348 E.01668
G1 X126.728 Y76.596 E.00948
G1 X126.875 Y76.958 E.01255
G1 X126.946 Y77.36 E.01312
G1 X126.933 Y77.767 E.01312
G1 X126.831 Y78.172 E.01342
G1 X126.657 Y78.53 E.01281
G1 X126.407 Y78.853 E.01312
G1 X126.068 Y79.13 E.01408
G1 X125.604 Y79.358 E.01664
G1 X125.14 Y79.446 E.01517
G1 X124.733 Y79.433 E.01312
G1 X124.337 Y79.335 E.01312
G1 X123.97 Y79.157 E.01312
G1 X123.647 Y78.907 E.01312
G1 X123.385 Y78.595 E.01312
G1 X123.192 Y78.235 E.01312
G1 X123.077 Y77.813 E.01408
G1 X123.057 Y77.296 E.01664
G1 X123.125 Y76.958 E.01108
G1 X123.325 Y76.496 E.01618
G1 X123.593 Y76.147 E.01415
G1 X123.932 Y75.87 E.01408
G1 X124.458 Y75.625 E.01866
G1 X124.86 Y75.554 E.01312
G1 X125.297 Y75.574 E.01408
G1 X125.825 Y75.729 E.01769
G1 X125.902 Y75.778 E.00293
G1 X125.71 Y76.16 F9000
;TYPE:Outer wall
G1 F2400
G1 X125.925 Y76.29 E.00808
G1 X126.222 Y76.6 E.0138
G1 X126.444 Y77.011 E.01501
G1 X126.518 Y77.36 E.01146
G1 X126.514 Y77.678 E.01025
G1 X126.44 Y77.998 E.01055
G1 X126.311 Y78.279 E.00994
G1 X126.12 Y78.534 E.01025
G1 X125.873 Y78.748 E.01051
G1 X125.453 Y78.956 E.01507
G1 X125 Y79.018 E.0147
G1 X124.529 Y78.951 E.01531
G1 X124.108 Y78.728 E.01531
G1 X123.766 Y78.397 E.01531
G1 X123.556 Y77.969 E.01531
G1 X123.5 Y77.703 E.00874
G1 X123.486 Y77.322 E.01228
G1 X123.544 Y77.047 E.00903
G1 X123.689 Y76.721 E.01146
G1 X123.88 Y76.466 E.01025
G1 X124.127 Y76.252 E.01051
G1 X124.547 Y76.044 E.01507
G1 X124.86 Y75.982 E.01025
G1 X125.186 Y75.988 E.01051
G1 X125.637 Y76.115 E.01507
G1 X125.676 Y76.139 E.00146
G1 E-2.8 F3600
;WIPE_START
G1 F2400
G1 X125.925 Y76.29 E-.34965
G1 X126.222 Y76.6 E-.51506
G1 X126.355 Y76.846 E-.33529
;WIPE_END
G1 Z1.8 F9000
G1 X93.177 Y78.153 Z1.8
G1 Z1.4
G1 E4 F2400
;TYPE:Inner wall
G1 X93.125 Y78.042 E.00393
G1 X93.054 Y77.64 E.01312
G1 X93.067 Y77.233 E.01312
G1 X93.165 Y76.837 E.01312
G1 X93.343 Y76.47 E.01312
G1 X93.643 Y76.103 E.01523
G1 X93.905 Y75.885 E.01098
G1 X94.296 Y75.683 E.01414
G1 X94.861 Y75.554 E.01863
G1 X95.267 Y75.567 E.01308
G1 X95.672 Y75.669 E.01342
G1 X96.03 Y75.843 E.01281
G1 X96.372 Y76.117 E.01408
G1 X96.692 Y76.523 E.01662
G1 X96.875 Y76.958 E.01519
G1 X96.946 Y77.36 E.01312
G1 X96.933 Y77.767 E.01312
G1 X96.835 Y78.163 E.01312
G1 X96.657 Y78.53 E.01312
G1 X96.407 Y78.853 E.01312
G1 X96.068 Y79.13 E.01408
G1 X95.601 Y79.359 E.01673
G1 X95.14 Y79.446 E.01507
G1 X94.733 Y79.433 E.01312
G1 X94.337 Y79.335 E.01312
G1 X93.97 Y79.157 E.01312
G1 X93.647 Y78.907 E.01312
G1 X93.37 Y78.568 E.01408
G1 X93.194 Y78.189 E.01344
G1 X93.556 Y77.976 F9000
;TYPE:Outer wall
G1 F2400
G1 X93.544 Y77.953 E.00083
G1 X93.482 Y77.64 E.01025
G1 X93.486 Y77.322 E.01025
G1 X93.556 Y77.011 E.01025
G1 X93.689 Y76.721 E.01025
G1 X93.929 Y76.422 E.01235
G1 X94.269 Y76.169 E.0136
G1 X94.473 Y76.079 E.00716
G1 X94.861 Y75.982 E.01287
G1 X95.178 Y75.986 E.01021
G1 X95.498 Y76.06 E.01055
G1 X95.779 Y76.189 E.00994
G1 X96.039 Y76.386 E.01051
G1 X96.33 Y76.754 E.01507
G1 X96.485 Y77.184 E.0147
G1 X96.517 Y77.66 E.01532
G1 X96.387 Y78.117 E.01529
G1 X96.133 Y78.521 E.01532
G1 X95.796 Y78.787 E.01382
G1 X95.453 Y78.956 E.0123
G1 X95.14 Y79.018 E.01025
G1 X94.822 Y79.014 E.01025
G1 X94.511 Y78.944 E.01025
G1 X94.221 Y78.811 E.01025
G1 X93.966 Y78.62 E.01025
G1 X93.752 Y78.373 E.01051
G1 X93.574 Y78.012 E.01296
G1 E-2.8 F3600
;WIPE_START
G1 F2400
G1 X93.544 Y77.953 E-.07887
G1 X93.482 Y77.64 E-.38242
G1 X93.486 Y77.322 E-.38241
G1 X93.551 Y77.032 E-.35629
;WIPE_END
G1 Z1.8 F9000
G1 X122.772 Y75.637 Z1.8
G1 Z1.4
G1 E4 F2400
;TYPE:Inner wall
G1 X122.722 Y75.79 E.00515
G1 X122.474 Y76.222 E.01602
G1 X122.264 Y76.775 E.01903
G1 X122.173 Y77.36 E.01903
G1 X122.2 Y77.928 E.01831
G1 X122.315 Y78.421 E.01628
G1 X122.538 Y78.922 E.0176
G1 X122.887 Y79.402 E.01911
G1 X123.329 Y79.8 E.01911
G1 X123.844 Y80.097 E.01911
G1 X124.409 Y80.281 E.01911
G1 X125 Y80.343 E.01911
G1 X125.591 Y80.281 E.01911
G1 X126.156 Y80.097 E.0191
G1 X126.737 Y79.761 E.02159
G1 X127.002 Y79.68 E.0089
G1 X127.261 Y79.719 E.00841
G1 X127.559 Y79.964 E.01242
G1 X127.654 Y80.29 E.0109
G1 X127.654 Y139.71 E1.91075
G1 X127.559 Y140.036 E.0109
G1 X127.261 Y140.281 E.01242
G1 X127.002 Y140.32 E.00841
G1 X126.71 Y140.222 E.00989
G1 X126.25 Y139.962 E.017
G1 X125.832 Y139.786 E.01458
G1 X125.297 Y139.673 E.01759
G1 X124.703 Y139.673 E.01912
G1 X124.127 Y139.795 E.01892
G1 X123.578 Y140.038 E.01931
G1 X123.098 Y140.387 E.0191
G1 X122.704 Y140.824 E.01892
G1 X122.403 Y141.344 E.01931
G1 X122.219 Y141.909 E.0191
G1 X122.157 Y142.5 E.01911
G1 X122.219 Y143.091 E.01911
G1 X122.403 Y143.656 E.0191
G1 X122.739 Y144.237 E.02159
G1 X122.82 Y144.51 E.00915
G1 X122.761 Y144.807 E.00973
G1 X122.536 Y145.06 E.0109
G1 X122.21 Y145.154 E.01089
G1 X97.79 Y145.154 E.78528
G1 X97.464 Y145.059 E.0109
G1 X97.219 Y144.761 E.01242
G1 X97.18 Y144.502 E.00841
G1 X97.278 Y144.21 E.00989
G1 X97.541 Y143.744 E.01724
G1 X97.714 Y143.332 E.01434
G1 X97.827 Y142.797 E.01759
G1 X97.827 Y142.203 E.01911
G1 X97.704 Y141.621 E.01911
G1 X97.462 Y141.078 E.01911
G1 X97.113 Y140.598 E.01912
G1 X96.676 Y140.204 E.01892
G1 X96.156 Y139.903 E.01931
G1 X95.591 Y139.719 E.0191
G1 X95 Y139.657 E.01911
G1 X94.409 Y139.719 E.01911
G1 X93.844 Y139.903 E.0191
G1 X93.263 Y140.239 E.02159
G1 X93.106 Y140.303 E.00545
G1 X92.808 Y140.302 E.00959
G1 X92.652 Y140.239 E.0054
G1 X92.441 Y140.036 E.00944
G1 X92.346 Y139.71 E.0109
G1 X92.346 Y80.29 E1.91075
G1 X92.441 Y79.964 E.0109
G1 X92.678 Y79.747 E.01035
G1 X92.991 Y79.68 E.01029
G1 X93.29 Y79.778 E.01011
G1 X93.722 Y80.026 E.01602
G1 X94.275 Y80.236 E.01903
G1 X94.86 Y80.327 E.01903
G1 X95.45 Y80.295 E.01901
G1 X96.02 Y80.14 E.01899
G1 X96.53 Y79.883 E.01838
G1 X96.934 Y79.578 E.01628
G1 X97.3 Y79.171 E.0176
G1 X97.597 Y78.656 E.01912
G1 X97.779 Y78.097 E.01892
G1 X97.843 Y77.5 E.01931
G1 X97.781 Y76.909 E.0191
G1 X97.597 Y76.344 E.0191
G1 X97.261 Y75.763 E.02159
G1 X97.18 Y75.497 E.00892
G1 X97.219 Y75.239 E.00839
G1 X97.464 Y74.941 E.01242
G1 X97.79 Y74.846 E.0109
G1 X122.21 Y74.846 E.78528
G1 X122.536 Y74.941 E.0109
G1 X122.753 Y75.178 E.01034
G1 X122.82 Y75.491 E.01029
G1 X122.785 Y75.599 E.00367
G1 X122.384 Y75.511 F9000
;TYPE:Outer wall
G1 F2400
G1 X122.083 Y76.047 E.0198
G1 X121.867 Y76.578 E.01841
G1 X121.744 Y77.158 E.01906
G1 X121.744 Y77.842 E.02201
G1 X121.886 Y78.512 E.02201
G1 X122.165 Y79.137 E.02201
G1 X122.567 Y79.691 E.02201
G1 X123.076 Y80.149 E.02201
G1 X123.668 Y80.491 E.02201
G1 X124.319 Y80.702 E.02201
G1 X125 Y80.774 E.02201
G1 X125.681 Y80.702 E.02201
G1 X126.332 Y80.491 E.02201
G1 X126.952 Y80.132 E.02304
G1 X127.108 Y80.12 E.00504
G1 X127.197 Y80.193 E.0037
G1 X127.225 Y80.29 E.00325
G1 X127.225 Y139.71 E1.91075
G1 X127.197 Y139.807 E.00325
G1 X127.071 Y139.89 E.00485
G1 X126.944 Y139.863 E.00419
G1 X126.425 Y139.57 E.01917
G1 X125.921 Y139.367 E.01745
G1 X125.342 Y139.244 E.01904
G1 X124.658 Y139.244 E.02201
G1 X123.994 Y139.385 E.02181
G1 X123.363 Y139.665 E.02221
G1 X122.809 Y140.067 E.02201
G1 X122.355 Y140.571 E.02181
G1 X122.009 Y141.168 E.02221
G1 X121.798 Y141.819 E.022
G1 X121.726 Y142.5 E.02201
G1 X121.798 Y143.181 E.02201
G1 X122.009 Y143.832 E.022
G1 X122.369 Y144.454 E.02313
G1 X122.381 Y144.606 E.0049
G1 X122.307 Y144.697 E.00376
G1 X122.21 Y144.725 E.00325
G1 X97.79 Y144.725 E.78528
G1 X97.632 Y144.634 E.00586
G1 X97.615 Y144.493 E.00456
G1 X97.933 Y143.918 E.02114
G1 X98.133 Y143.421 E.01721
G1 X98.256 Y142.842 E.01904
G1 X98.256 Y142.158 E.02201
G1 X98.114 Y141.488 E.02201
G1 X97.835 Y140.863 E.02201
G1 X97.433 Y140.309 E.02201
G1 X96.929 Y139.855 E.02181
G1 X96.332 Y139.509 E.02221
G1 X95.681 Y139.298 E.022
G1 X95 Y139.226 E.02201
G1 X94.319 Y139.298 E.02201
G1 X93.668 Y139.509 E.02201
G1 X93.046 Y139.869 E.02313
G1 X92.866 Y139.868 E.00577
G1 X92.775 Y139.738 E.00511
G1 X92.775 Y80.29 E1.91163
G1 X92.866 Y80.132 E.00586
M73 P48 R23
G1 X93.011 Y80.116 E.00468
G1 X93.547 Y80.417 E.0198
G1 X94.078 Y80.633 E.01841
G1 X94.658 Y80.756 E.01906
G1 X95.342 Y80.756 E.02201
G1 X96.006 Y80.615 E.02181
G1 X96.637 Y80.335 E.02221
G1 X97.191 Y79.933 E.02201
G1 X97.649 Y79.424 E.02201
G1 X97.991 Y78.832 E.02201
G1 X98.201 Y78.187 E.02181
G1 X98.274 Y77.5 E.02221
G1 X98.202 Y76.819 E.02201
G1 X97.991 Y76.168 E.02201
G1 X97.632 Y75.548 E.02304
G1 X97.62 Y75.392 E.00504
G1 X97.693 Y75.303 E.0037
G1 X97.79 Y75.275 E.00325
G1 X122.21 Y75.275 E.78528
G1 X122.368 Y75.366 E.00586
G1 X122.38 Y75.471 E.00339
G1 E-2.8 F3600
;WIPE_START
G1 F2400
G1 X122.083 Y76.047 E-.77828
G1 X121.95 Y76.373 E-.42172
;WIPE_END
G1 Z1.8 F9000
G1 X93.156 Y143.117 Z1.8
G1 Z1.4
G1 E4 F2400
;TYPE:Inner wall
G1 X93.125 Y143.042 E.00259
G1 X93.054 Y142.64 E.01312
G1 X93.067 Y142.233 E.01312
G1 X93.169 Y141.828 E.01342
G1 X93.362 Y141.446 E.01377
G1 X93.729 Y141.018 E.01813
G1 X94.08 Y140.779 E.01365
G1 X94.458 Y140.625 E.01312
G1 X94.86 Y140.554 E.01312
G1 X95.297 Y140.574 E.01408
G1 X95.794 Y140.715 E.01662
G1 X96.198 Y140.96 E.01518
G1 X96.492 Y141.242 E.01312
G1 X96.721 Y141.58 E.01312
G1 X96.875 Y141.958 E.01312
G1 X96.946 Y142.36 E.01312
G1 X96.926 Y142.796 E.01405
G1 X96.787 Y143.29 E.01651
G1 X96.54 Y143.698 E.01531
G1 X96.258 Y143.992 E.01312
G1 X95.92 Y144.221 E.01312
G1 X95.542 Y144.375 E.01312
G1 X95.11 Y144.445 E.01408
G1 X94.532 Y144.395 E.01866
G1 X94.148 Y144.256 E.01312
G1 X93.905 Y144.115 E.00903
G1 X93.508 Y143.758 E.01719
G1 X93.279 Y143.42 E.01312
G1 X93.171 Y143.154 E.00924
G1 X93.549 Y142.956 F9000
;TYPE:Outer wall
G1 F2400
G1 X93.482 Y142.64 E.01036
G1 X93.486 Y142.322 E.01025
G1 X93.56 Y142.002 E.01055
G1 X93.695 Y141.715 E.0102
G1 X94.008 Y141.344 E.0156
G1 X94.383 Y141.113 E.01417
G1 X94.841 Y140.983 E.01529
G1 X95.27 Y141.011 E.01384
G1 X95.637 Y141.115 E.01228
G1 X95.911 Y141.278 E.01025
G1 X96.145 Y141.494 E.01025
G1 X96.33 Y141.754 E.01025
G1 X96.456 Y142.047 E.01025
G1 X96.518 Y142.36 E.01025
G1 X96.512 Y142.686 E.0105
G1 X96.387 Y143.133 E.01491
G1 X96.222 Y143.411 E.01041
G1 X96.006 Y143.645 E.01025
G1 X95.746 Y143.83 E.01025
G1 X95.453 Y143.956 E.01025
G1 X95.132 Y144.017 E.01051
G1 X94.6 Y143.966 E.01719
G1 X94.363 Y143.885 E.00807
G1 X94.119 Y143.744 E.00903
G1 X93.786 Y143.412 E.01514
G1 X93.559 Y142.994 E.01529
G1 E-2.8 F3600
;WIPE_START
G1 F2400
G1 X93.482 Y142.64 E-.43444
G1 X93.486 Y142.322 E-.38242
G1 X93.558 Y142.011 E-.38314
;WIPE_END
G1 Z1.8 F9000
G1 X126.885 Y142.963 Z1.8
G1 Z1.4
G1 E4 F2400
;TYPE:Inner wall
G1 X126.835 Y143.163 E.00665
G1 X126.638 Y143.554 E.01408
G1 X126.258 Y143.992 E.01866
G1 X125.903 Y144.229 E.01372
G1 X125.542 Y144.375 E.01251
G1 X125.11 Y144.445 E.01408
G1 X124.533 Y144.395 E.01864
G1 X124.154 Y144.258 E.01294
G1 X123.802 Y144.04 E.01332
G1 X123.498 Y143.744 E.01366
G1 X123.279 Y143.42 E.01257
G1 X123.125 Y143.042 E.01312
G1 X123.054 Y142.64 E.01312
G1 X123.067 Y142.233 E.01312
G1 X123.165 Y141.837 E.01312
G1 X123.343 Y141.47 E.01312
G1 X123.593 Y141.147 E.01312
G1 X123.932 Y140.87 E.01408
G1 X124.399 Y140.641 E.01673
G1 X124.86 Y140.554 E.01507
G1 X125.297 Y140.574 E.01408
G1 X125.795 Y140.715 E.01663
G1 X126.198 Y140.96 E.01517
G1 X126.492 Y141.242 E.01312
G1 X126.721 Y141.58 E.01312
G1 X126.875 Y141.958 E.01312
G1 X126.946 Y142.36 E.01312
G1 X126.933 Y142.767 E.01312
G1 X126.894 Y142.924 E.00518
G1 X126.473 Y142.861 F9000
;TYPE:Outer wall
G1 F2400
G1 X126.444 Y142.989 E.00421
G1 X126.305 Y143.285 E.01051
G1 X126.006 Y143.645 E.01507
G1 X125.728 Y143.837 E.01085
G1 X125.453 Y143.956 E.00964
G1 X125.132 Y144.017 E.01051
G1 X124.665 Y143.987 E.01506
G1 X124.367 Y143.887 E.01009
G1 X124.089 Y143.722 E.01041
G1 X123.844 Y143.492 E.01079
G1 X123.613 Y143.117 E.01417
G1 X123.483 Y142.659 E.01529
G1 X123.515 Y142.184 E.01531
G1 X123.679 Y141.737 E.01532
G1 X123.984 Y141.372 E.01529
G1 X124.204 Y141.213 E.00872
G1 X124.547 Y141.044 E.0123
G1 X124.86 Y140.982 E.01025
G1 X125.186 Y140.988 E.01051
G1 X125.637 Y141.115 E.01507
G1 X125.911 Y141.278 E.01025
G1 X126.145 Y141.494 E.01025
G1 X126.33 Y141.754 E.01025
G1 X126.456 Y142.047 E.01025
G1 X126.518 Y142.36 E.01025
G1 X126.514 Y142.678 E.01025
G1 X126.481 Y142.822 E.00475
G1 X127.189 Y141.985 F9000
;TYPE:Sparse infill
;WIDTH:0.45
G1 F3600
G1 X127.252 Y142.352 E.01199
G1 X127.239 Y142.795 E.01424
G1 X127.117 Y143.281 E.01612
G1 X126.981 Y143.561 E.01001
G1 X127.989 Y144.569 E.04583
G1 X127.836 Y144.834 E.00984
G1 X127.517 Y145.188 E.01533
G1 X127.175 Y145.439 E.01362
G1 X126.695 Y145.659 E.01698
G1 X126.211 Y145.762 E.01592
G1 X125.049 Y145.775 E.03736
G1 X122.624 Y143.349 E.11031
G1 X122.519 Y143.027 E.01088
G1 X122.464 Y142.5 E.01705
G1 X122.519 Y141.973 E.01705
G1 X122.59 Y141.754 E.00738
G1 E-3
;WIPE_START
G1 X122.519 Y141.973 E-.22965
G1 X122.464 Y142.5 E-.53018
G1 X122.489 Y142.739 E-.24017
;WIPE_END
G1 Z1.8 F9000
G1 X119.276 Y145.775 Z1.8
G1 Z1.4
G1 E4 F2400
G1 F3600
G1 X120.904 Y145.775 E.05236
G1 X120.589 Y145.459 E.01436
G1 X116.444 Y145.459 E.13329
G1 X116.759 Y145.775 E.01436
G1 X112.614 Y145.775 E.13329
G1 X112.299 Y145.459 E.01436
G1 X108.154 Y145.459 E.13329
G1 X108.469 Y145.775 E.01436
G1 X104.324 Y145.775 E.13329
G1 X104.009 Y145.459 E.01436
G1 X99.864 Y145.459 E.13329
G1 X100.179 Y145.775 E.01436
G1 X96.034 Y145.775 E.13329
G1 X95.005 Y144.745 E.04683
G1 X95.148 Y144.752 E.00461
G1 X95.612 Y144.672 E.01515
G1 X96.05 Y144.498 E.01517
G1 X96.443 Y144.235 E.01518
G1 X96.794 Y143.872 E.01624
G1 X97.026 Y143.493 E.01428
G1 X97.113 Y143.283 E.00732
G1 X97.226 Y142.822 E.01528
G1 X97.46 Y143.056 E.01064
G1 X97.522 Y142.765 E.00955
G1 X97.522 Y142.235 E.01705
G1 X97.412 Y141.716 E.01705
G1 X97.196 Y141.232 E.01705
G1 X96.885 Y140.803 E.01706
G1 X96.495 Y140.452 E.01687
G1 X96.031 Y140.183 E.01724
G1 X95.527 Y140.019 E.01703
G1 X95 Y139.964 E.01705
G1 X94.436 Y140.031 E.01826
G1 X94.672 Y140.268 E.01075
G1 X94.302 Y140.351 E.01221
G1 X93.948 Y140.503 E.01237
G1 X93.54 Y140.777 E.0158
G1 X93.392 Y140.922 E.00666
G1 X93.049 Y141.36 E.01788
G1 X92.883 Y141.72 E.01276
G1 X92.767 Y142.176 E.01513
G1 X92.754 Y142.494 E.01025
G1 X91.725 Y141.466 E.04678
G1 X91.725 Y137.321 E.13329
G1 X92.041 Y137.636 E.01436
G1 X92.041 Y133.491 E.13329
G1 X91.725 Y133.176 E.01436
G1 X91.725 Y131.547 E.05236
G1 X92.041 Y130.975 F9000
G1 F3600
G1 X92.041 Y129.346 E.05236
G1 X91.725 Y129.031 E.01436
G1 X91.725 Y124.886 E.13329
G1 X92.041 Y125.201 E.01436
G1 X92.041 Y121.056 E.13329
G1 X91.725 Y120.741 E.01436
G1 X91.725 Y116.596 E.13329
G1 X92.041 Y116.911 E.01436
G1 X92.041 Y112.766 E.13329
G1 X91.725 Y112.451 E.01436
G1 X91.725 Y108.305 E.13329
G1 X92.041 Y108.621 E.01436
G1 X92.041 Y104.476 E.13329
G1 X91.725 Y104.16 E.01436
G1 X91.725 Y100.015 E.13329
G1 X92.041 Y100.331 E.01436
G1 X92.041 Y96.186 E.13329
G1 X91.725 Y95.87 E.01436
G1 X91.725 Y91.725 E.13329
G1 X92.041 Y92.041 E.01436
G1 X92.041 Y87.896 E.13329
G1 X91.725 Y87.58 E.01436
G1 X91.725 Y83.435 E.13329
G1 X92.041 Y83.751 E.01436
G1 X92.041 Y80.275 E.11177
G1 X92.178 Y79.801 E.01587
G1 X92.208 Y79.773 E.00132
G1 X91.725 Y79.29 E.02193
G1 X91.725 Y80.919 E.05236
G1 X92.807 Y78.012 F9000
G1 F3600
G1 X92.761 Y77.793 E.00718
G1 X92.748 Y77.356 E.01407
G1 X92.767 Y77.174 E.00587
G1 X92.841 Y76.834 E.01119
G1 X93.013 Y76.433 E.01404
G1 X92.011 Y75.431 E.04554
G1 X92.164 Y75.166 E.00984
G1 X92.482 Y74.814 E.01526
G1 X92.865 Y74.535 E.01523
G1 X93.299 Y74.342 E.01527
G1 X93.788 Y74.238 E.01607
G1 X94.951 Y74.225 E.0374
G1 X97.376 Y76.651 E.1103
G1 X97.481 Y76.973 E.01088
G1 X97.536 Y77.499 E.01703
G1 X97.479 Y78.033 E.01724
G1 X97.41 Y78.246 E.00721
G1 E-3
;WIPE_START
G1 X97.479 Y78.033 E-.22428
G1 X97.536 Y77.499 E-.53618
G1 X97.511 Y77.261 E-.23954
;WIPE_END
G1 Z1.8 F9000
G1 X100.724 Y74.226 Z1.8
G1 Z1.4
G1 E4 F2400
G1 F3600
G1 X99.096 Y74.226 E.05236
G1 X99.411 Y74.541 E.01434
G1 X103.556 Y74.541 E.13329
G1 X103.241 Y74.226 E.01432
G1 X107.387 Y74.227 E.1333
G1 X107.701 Y74.541 E.0143
G1 X111.846 Y74.541 E.13329
G1 X111.532 Y74.227 E.01428
G1 X115.678 Y74.227 E.1333
G1 X115.991 Y74.541 E.01427
G1 X120.136 Y74.541 E.13329
G1 X119.823 Y74.228 E.01425
G1 X123.968 Y74.228 E.1333
G1 X124.993 Y75.253 E.04658
G1 X124.707 Y75.261 E.0092
G1 X124.389 Y75.328 E.01044
G1 X124.211 Y75.386 E.00604
G1 X123.787 Y75.601 E.01527
G1 X123.6 Y75.73 E.00731
G1 X123.266 Y76.056 E.01502
G1 X123.054 Y76.352 E.0117
G1 X122.851 Y76.801 E.01586
G1 X122.771 Y77.176 E.01232
G1 X122.54 Y76.944 E.01054
G1 X122.478 Y77.235 E.00955
G1 X122.478 Y77.765 E.01705
G1 X122.588 Y78.284 E.01705
G1 X122.804 Y78.768 E.01705
G1 X123.115 Y79.197 E.01705
G1 X123.509 Y79.552 E.01705
G1 X123.969 Y79.817 E.01705
G1 X124.473 Y79.981 E.01705
G1 X125 Y80.036 E.01705
G1 X125.564 Y79.969 E.01826
G1 X125.324 Y79.729 E.01092
G1 X125.7 Y79.649 E.01237
G1 X126.212 Y79.399 E.01831
G1 X126.4 Y79.27 E.00734
G1 X126.736 Y78.943 E.01507
G1 X126.998 Y78.55 E.01517
G1 X127.172 Y78.112 E.01517
G1 X127.252 Y77.647 E.01517
G1 X127.247 Y77.506 E.00453
G1 X128.275 Y78.534 E.04675
G1 X128.275 Y76.906 E.05236
G1 X128.747 Y76.558 F9000
;TYPE:Internal solid infill
;WIDTH:0.580601
G1 F3000
G1 X128.673 Y75.92 E.02725
G1 X128.562 Y75.539 E.01688
G1 X128.352 Y75.098 E.02075
G1 X128.048 Y74.68 E.02193
G1 X127.625 Y74.294 E.02433
G1 X127.131 Y74.005 E.02432
G1 X126.586 Y73.824 E.0244
G1 X125.994 Y73.755 E.0253
G1 X94.089 Y73.753 E1.35512
G1 X93.699 Y73.776 E.01659
G1 X93.171 Y73.889 E.02293
G1 X92.646 Y74.119 E.02434
G1 X92.181 Y74.452 E.0243
G1 X91.794 Y74.875 E.02434
G1 X91.505 Y75.369 E.02432
G1 X91.324 Y75.913 E.02432
G1 X91.253 Y76.544 E.02698
G1 X91.253 Y143.468 E2.84247
G1 X91.275 Y143.801 E.01417
G1 X91.389 Y144.329 E.02295
G1 X91.619 Y144.856 E.0244
G1 X91.921 Y145.279 E.02206
G1 X92.377 Y145.707 E.02658
G1 X92.869 Y145.995 E.02424
G1 X93.413 Y146.176 E.02432
G1 X94.044 Y146.247 E.02698
G1 X125.942 Y146.247 E1.35481
G1 X126.579 Y146.173 E.02722
G1 X126.971 Y146.056 E.01739
G1 X127.442 Y145.825 E.0223
G1 X127.858 Y145.512 E.02211
G1 X128.206 Y145.125 E.02209
G1 X128.495 Y144.631 E.02432
G1 X128.676 Y144.087 E.02432
G1 X128.747 Y143.456 E.02698
G1 X128.747 Y76.598 E2.83966
G1 X127.959 Y80.735 F9000
;TYPE:Sparse infill
;WIDTH:0.45
G1 F3600
G1 X127.959 Y82.364 E.05236
G1 X128.275 Y82.679 E.01436
G1 X128.275 Y86.824 E.13329
G1 X127.959 Y86.509 E.01436
G1 X127.959 Y90.654 E.13329
G1 X128.275 Y90.969 E.01436
G1 X128.275 Y92.598 E.05236
G1 X127.959 Y96.427 F9000
G1 F3600
G1 X127.959 Y94.799 E.05236
G1 X128.275 Y95.114 E.01436
G1 X128.275 Y99.259 E.13329
G1 X127.959 Y98.944 E.01436
G1 X127.959 Y103.089 E.13329
G1 X128.275 Y103.404 E.01436
G1 X128.275 Y107.549 E.13329
G1 X127.959 Y107.234 E.01436
G1 X127.959 Y111.379 E.13329
G1 X128.275 Y111.695 E.01436
G1 X128.275 Y113.323 E.05236
G1 X127.959 Y113.895 F9000
G1 F3600
G1 X127.959 Y115.524 E.05236
G1 X128.275 Y115.84 E.01436
G1 X128.275 Y119.985 E.13329
G1 X127.959 Y119.669 E.01436
G1 X127.959 Y123.814 E.13329
G1 X128.275 Y124.13 E.01436
G1 X128.275 Y128.275 E.13329
G1 X127.959 Y127.959 E.01436
G1 X127.959 Y132.104 E.13329
G1 X128.275 Y132.42 E.01436
G1 X128.275 Y136.565 E.13329
G1 X127.959 Y136.249 E.01436
G1 X127.959 Y139.715 E.11145
G1 X127.945 Y139.874 E.00515
G1 X127.819 Y140.202 E.0113
G1 X127.792 Y140.227 E.00117
G1 X128.275 Y140.71 E.02193
G1 X128.275 Y139.081 E.05236
; stop printing object Remote75T.stl id:0 copy 0
;LAYER_CHANGE
;Z:1.6
;HEIGHT:0.2
;BEFORE_LAYER_CHANGE
;1.6
G92 E0

G1 E-3 F3600
;WIPE_START
G1 X128.275 Y140.081 E-1
;WIPE_END
;_SET_FAN_SPEED_CHANGING_LAYER
; printing object Remote75T.stl id:0 copy 0
G1 Z2 F9000
G1 X91.436 Y145.518 Z2
G1 Z1.6
G1 E4 F2400
;TYPE:Inner wall
;WIDTH:0.449999
G1 X91.161 Y145.139 E.01506
G1 X90.882 Y144.513 E.02204
G1 X90.763 Y143.954 E.01838
G1 X90.718 Y143.483 E.01522
G1 X90.718 Y76.533 E2.15286
G1 X90.793 Y75.818 E.02311
M73 P48 R22
G1 X91.005 Y75.166 E.02204
G1 X91.348 Y74.573 E.02204
G1 X91.806 Y74.063 E.02204
G1 X92.361 Y73.661 E.02204
G1 X92.987 Y73.382 E.02204
G1 X93.484 Y73.276 E.01633
G1 X94.017 Y73.218 E.01725
G1 X126.147 Y73.228 E1.03317
G1 X126.677 Y73.292 E.01718
G1 X127.334 Y73.505 E.02219
M73 P49 R22
G1 X127.927 Y73.848 E.02204
G1 X128.436 Y74.306 E.02204
G1 X128.839 Y74.861 E.02204
G1 X129.121 Y75.492 E.02224
G1 X129.24 Y76.058 E.01859
G1 X129.282 Y76.584 E.01695
G1 X129.282 Y143.467 E2.15072
G1 X129.207 Y144.182 E.02311
G1 X128.995 Y144.834 E.02204
G1 X128.652 Y145.427 E.02204
G1 X128.194 Y145.937 E.02204
G1 X127.639 Y146.34 E.02205
G1 X127.028 Y146.612 E.0215
G1 X126.448 Y146.738 E.01908
G1 X125.983 Y146.782 E.01504
G1 X94.033 Y146.782 E1.02739
G1 X93.318 Y146.707 E.02311
G1 X92.666 Y146.495 E.02204
G1 X92.073 Y146.152 E.02204
G1 X91.563 Y145.694 E.02204
G1 X91.459 Y145.55 E.0057
G1 X91.089 Y145.77 F9000
;TYPE:Outer wall
G1 F2400
G1 X90.787 Y145.355 E.01651
G1 X90.472 Y144.646 E.02494
G1 X90.338 Y144.014 E.0208
G1 X90.289 Y143.494 E.01678
G1 X90.289 Y76.511 E2.15394
G1 X90.372 Y75.729 E.02528
G1 X90.611 Y74.991 E.02494
G1 X90.999 Y74.32 E.02494
G1 X91.518 Y73.743 E.02494
G1 X92.145 Y73.287 E.02494
G1 X92.854 Y72.972 E.02494
G1 X93.486 Y72.838 E.0208
G1 X94.006 Y72.789 E.01677
G1 X126.172 Y72.799 E1.03436
G1 X126.77 Y72.871 E.01935
G1 X127.509 Y73.111 E.02498
G1 X128.18 Y73.499 E.02494
G1 X128.757 Y74.018 E.02494
G1 X129.213 Y74.645 E.02494
G1 X129.567 Y75.517 E.03026
G1 X129.667 Y76.02 E.01649
G1 X129.711 Y76.584 E.01818
G1 X129.711 Y143.489 E2.15144
G1 X129.628 Y144.271 E.02528
G1 X129.389 Y145.009 E.02494
G1 X129.001 Y145.68 E.02494
G1 X128.482 Y146.257 E.02494
G1 X127.855 Y146.713 E.02494
G1 X127.162 Y147.022 E.02438
G1 X126.516 Y147.161 E.02127
G1 X125.994 Y147.211 E.01686
G1 X94.011 Y147.211 E1.02847
G1 X93.229 Y147.128 E.02528
G1 X92.491 Y146.889 E.02494
G1 X91.82 Y146.501 E.02494
G1 X91.243 Y145.982 E.02494
G1 X91.113 Y145.802 E.00715
G1 E-2.8 F3600
;WIPE_START
G1 F2400
G1 X90.787 Y145.355 E-.66393
G1 X90.606 Y144.947 E-.53607
;WIPE_END
G1 Z2 F9000
G1 X125.937 Y75.8 Z2
G1 Z1.6
G1 E4 F2400
;TYPE:Inner wall
G1 X126.209 Y75.97 E.01032
G1 X126.562 Y76.339 E.01643
G1 X126.774 Y76.699 E.01343
G1 X126.875 Y76.958 E.00894
G1 X126.946 Y77.36 E.01312
G1 X126.933 Y77.767 E.01312
G1 X126.835 Y78.163 E.01312
G1 X126.657 Y78.53 E.01312
G1 X126.407 Y78.853 E.01312
G1 X126.068 Y79.13 E.01408
G1 X125.604 Y79.358 E.01664
G1 X125.14 Y79.446 E.01517
G1 X124.733 Y79.433 E.01312
G1 X124.337 Y79.335 E.01312
G1 X123.97 Y79.157 E.01312
G1 X123.647 Y78.907 E.01312
G1 X123.385 Y78.595 E.01312
G1 X123.192 Y78.235 E.01312
G1 X123.077 Y77.813 E.01408
G1 X123.057 Y77.296 E.01664
G1 X123.165 Y76.837 E.01517
G1 X123.343 Y76.47 E.01312
G1 X123.593 Y76.147 E.01312
G1 X123.905 Y75.885 E.01312
G1 X124.265 Y75.692 E.01312
G1 X124.687 Y75.577 E.01407
G1 X125.297 Y75.574 E.01961
G1 X125.818 Y75.726 E.01747
G1 X125.903 Y75.779 E.0032
G1 X125.712 Y76.161 F9000
;TYPE:Outer wall
G1 F2400
G1 X125.922 Y76.288 E.0079
G1 X126.216 Y76.591 E.01355
G1 X126.382 Y76.873 E.01055
G1 X126.514 Y77.322 E.01503
G1 X126.514 Y77.678 E.01146
G1 X126.444 Y77.989 E.01025
G1 X126.311 Y78.279 E.01025
G1 X126.12 Y78.534 E.01025
G1 X125.873 Y78.748 E.01051
G1 X125.453 Y78.956 E.01507
G1 X125 Y79.018 E.0147
G1 X124.529 Y78.951 E.01531
G1 X124.108 Y78.728 E.01531
G1 X123.766 Y78.397 E.01531
G1 X123.556 Y77.969 E.01531
G1 X123.5 Y77.703 E.00874
G1 X123.486 Y77.322 E.01228
G1 X123.556 Y77.011 E.01025
G1 X123.689 Y76.721 E.01025
G1 X123.88 Y76.466 E.01025
G1 X124.119 Y76.256 E.01025
G1 X124.397 Y76.1 E.01025
G1 X124.71 Y76.005 E.01051
G1 X125.186 Y75.988 E.01532
G1 X125.637 Y76.115 E.01507
G1 X125.678 Y76.14 E.00153
G1 E-2.8 F3600
;WIPE_START
G1 F2400
G1 X125.922 Y76.288 E-.34299
G1 X126.216 Y76.591 E-.50572
G1 X126.365 Y76.843 E-.35129
;WIPE_END
G1 Z2 F9000
G1 X93.175 Y78.15 Z2
G1 Z1.6
G1 E4 F2400
;TYPE:Inner wall
G1 X93.125 Y78.042 E.00382
G1 X93.054 Y77.64 E.01312
G1 X93.067 Y77.233 E.01312
G1 X93.165 Y76.837 E.01312
G1 X93.343 Y76.47 E.01312
G1 X93.643 Y76.103 E.01522
G1 X93.905 Y75.885 E.01099
G1 X94.265 Y75.692 E.01312
G1 X94.687 Y75.577 E.01408
G1 X95.267 Y75.567 E.01866
G1 X95.663 Y75.665 E.01312
G1 X96.03 Y75.843 E.01312
G1 X96.372 Y76.117 E.01408
G1 X96.692 Y76.523 E.01662
G1 X96.875 Y76.958 E.01519
G1 X96.946 Y77.36 E.01312
G1 X96.933 Y77.767 E.01312
G1 X96.835 Y78.163 E.01312
G1 X96.657 Y78.53 E.01312
G1 X96.407 Y78.853 E.01312
G1 X96.068 Y79.13 E.01408
G1 X95.604 Y79.358 E.01664
G1 X95.14 Y79.446 E.01517
G1 X94.733 Y79.433 E.01312
G1 X94.458 Y79.375 E.00903
G1 X93.996 Y79.175 E.01618
G1 X93.647 Y78.907 E.01415
G1 X93.37 Y78.568 E.01408
G1 X93.192 Y78.186 E.01355
G1 X93.554 Y77.973 F9000
;TYPE:Outer wall
G1 F2400
G1 X93.544 Y77.953 E.00072
G1 X93.482 Y77.64 E.01025
G1 X93.486 Y77.322 E.01025
G1 X93.556 Y77.011 E.01025
G1 X93.689 Y76.721 E.01025
G1 X93.929 Y76.422 E.01235
G1 X94.275 Y76.166 E.01381
G1 X94.71 Y76.005 E.01493
G1 X95.178 Y75.986 E.01507
G1 X95.489 Y76.056 E.01025
G1 X95.779 Y76.189 E.01025
G1 X96.039 Y76.386 E.01051
G1 X96.33 Y76.754 E.01507
G1 X96.485 Y77.184 E.0147
G1 X96.517 Y77.659 E.01531
G1 X96.387 Y78.117 E.01531
G1 X96.133 Y78.521 E.01531
G1 X95.796 Y78.788 E.01384
G1 X95.453 Y78.956 E.01228
G1 X95.14 Y79.018 E.01025
G1 X94.822 Y79.014 E.01025
G1 X94.547 Y78.956 E.00903
G1 X94.221 Y78.811 E.01146
G1 X93.966 Y78.62 E.01025
G1 X93.752 Y78.373 E.01051
G1 X93.572 Y78.009 E.01306
G1 E-2.8 F3600
;WIPE_START
G1 F2400
G1 X93.544 Y77.953 E-.07484
G1 X93.482 Y77.64 E-.38242
G1 X93.486 Y77.322 E-.38241
G1 X93.552 Y77.029 E-.36033
;WIPE_END
G1 Z2 F9000
G1 X122.772 Y75.637 Z2
G1 Z1.6
G1 E4 F2400
;TYPE:Inner wall
G1 X122.722 Y75.79 E.00516
G1 X122.474 Y76.222 E.01602
G1 X122.264 Y76.775 E.01903
G1 X122.173 Y77.36 E.01903
G1 X122.2 Y77.928 E.01831
G1 X122.315 Y78.421 E.01628
G1 X122.538 Y78.922 E.0176
G1 X122.887 Y79.402 E.01911
G1 X123.329 Y79.8 E.01911
G1 X123.844 Y80.097 E.01911
G1 X124.409 Y80.281 E.01911
G1 X125 Y80.343 E.01911
G1 X125.591 Y80.281 E.01912
G1 X126.156 Y80.097 E.0191
G1 X126.737 Y79.761 E.02159
G1 X127.002 Y79.68 E.0089
G1 X127.261 Y79.719 E.00841
G1 X127.355 Y79.765 E.00337
G1 X127.562 Y79.968 E.00934
G1 X127.654 Y80.29 E.01075
G1 X127.654 Y139.71 E1.91075
G1 X127.562 Y140.032 E.01075
G1 X127.351 Y140.238 E.00949
G1 X127.137 Y140.314 E.00728
G1 X126.876 Y140.298 E.00841
G1 X126.436 Y140.044 E.01633
G1 X125.879 Y139.796 E.01963
G1 X125.297 Y139.673 E.01911
G1 X124.703 Y139.673 E.01911
G1 X124.121 Y139.796 E.01911
G1 X123.578 Y140.038 E.01911
G1 X123.097 Y140.387 E.01913
G1 X122.711 Y140.816 E.01855
G1 X122.402 Y141.345 E.0197
G1 X122.219 Y141.909 E.01907
G1 X122.157 Y142.5 E.01911
G1 X122.219 Y143.091 E.01912
G1 X122.403 Y143.656 E.0191
G1 X122.739 Y144.237 E.02159
G1 X122.82 Y144.51 E.00915
G1 X122.758 Y144.812 E.00991
G1 X122.532 Y145.062 E.01086
G1 X122.21 Y145.154 E.01074
G1 X97.79 Y145.154 E.78528
G1 X97.468 Y145.062 E.01074
G1 X97.24 Y144.81 E.01094
G1 X97.18 Y144.51 E.00983
G1 X97.278 Y144.21 E.01013
G1 X97.526 Y143.778 E.01603
G1 X97.736 Y143.225 E.01903
G1 X97.827 Y142.64 E.01903
G1 X97.795 Y142.049 E.01903
G1 X97.64 Y141.478 E.01903
G1 X97.37 Y140.952 E.01903
G1 X96.996 Y140.493 E.01903
G1 X96.555 Y140.133 E.01831
G1 X96.112 Y139.888 E.01628
G1 X95.591 Y139.719 E.0176
G1 X95 Y139.657 E.01911
G1 X94.409 Y139.719 E.01912
G1 X93.844 Y139.903 E.0191
G1 X93.263 Y140.239 E.02159
G1 X93.106 Y140.303 E.00545
G1 X92.808 Y140.302 E.00959
G1 X92.645 Y140.235 E.00565
G1 X92.438 Y140.032 E.00934
G1 X92.346 Y139.71 E.01075
G1 X92.346 Y80.29 E1.91075
G1 X92.438 Y79.968 E.01075
G1 X92.678 Y79.747 E.0105
G1 X92.991 Y79.68 E.01029
G1 X93.29 Y79.778 E.01011
G1 X93.722 Y80.026 E.01602
G1 X94.275 Y80.236 E.01903
G1 X94.86 Y80.327 E.01903
G1 X95.451 Y80.295 E.01903
G1 X96.022 Y80.14 E.01903
G1 X96.53 Y79.883 E.01831
G1 X96.934 Y79.578 E.01628
G1 X97.3 Y79.171 E.0176
G1 X97.597 Y78.656 E.01911
G1 X97.781 Y78.091 E.01911
G1 X97.843 Y77.5 E.01911
G1 X97.781 Y76.909 E.01911
G1 X97.597 Y76.344 E.0191
G1 X97.261 Y75.763 E.02159
G1 X97.18 Y75.497 E.00892
G1 X97.219 Y75.239 E.00839
G1 X97.468 Y74.938 E.01257
G1 X97.79 Y74.846 E.01075
G1 X122.21 Y74.846 E.78528
G1 X122.532 Y74.938 E.01076
G1 X122.76 Y75.191 E.01094
G1 X122.82 Y75.49 E.00981
G1 X122.785 Y75.599 E.00368
G1 X122.384 Y75.511 F9000
;TYPE:Outer wall
G1 F2400
G1 X122.083 Y76.047 E.0198
G1 X121.867 Y76.578 E.01841
G1 X121.744 Y77.158 E.01906
G1 X121.744 Y77.842 E.02201
G1 X121.886 Y78.512 E.02201
G1 X122.165 Y79.137 E.02201
G1 X122.567 Y79.691 E.02201
G1 X123.076 Y80.149 E.02201
G1 X123.668 Y80.491 E.02201
G1 X124.319 Y80.702 E.02201
G1 X125 Y80.774 E.02201
G1 X125.681 Y80.702 E.02201
G1 X126.332 Y80.491 E.022
G1 X126.952 Y80.132 E.02304
G1 X127.108 Y80.12 E.00504
G1 X127.198 Y80.194 E.00375
G1 X127.225 Y80.29 E.0032
G1 X127.225 Y139.71 E1.91075
G1 X127.198 Y139.806 E.0032
G1 X127.071 Y139.89 E.00489
G1 X126.944 Y139.863 E.00419
G1 X126.425 Y139.57 E.01917
G1 X125.921 Y139.367 E.01745
G1 X125.342 Y139.244 E.01904
G1 X124.658 Y139.244 E.02201
G1 X123.988 Y139.386 E.02201
G1 X123.363 Y139.665 E.02201
G1 X122.809 Y140.067 E.02201
G1 X122.363 Y140.561 E.02142
G1 X122.009 Y141.169 E.0226
G1 X121.798 Y141.819 E.022
G1 X121.726 Y142.5 E.02201
G1 X121.798 Y143.181 E.02201
G1 X122.009 Y143.832 E.022
G1 X122.369 Y144.454 E.02313
G1 X122.381 Y144.607 E.00493
G1 X122.306 Y144.698 E.00378
G1 X122.21 Y144.725 E.0032
G1 X97.79 Y144.725 E.78528
G1 X97.633 Y144.636 E.00579
G1 X97.616 Y144.489 E.00475
G1 X97.917 Y143.953 E.0198
G1 X98.133 Y143.422 E.01841
G1 X98.256 Y142.842 E.01906
G1 X98.256 Y142.158 E.02201
G1 X98.114 Y141.488 E.02201
G1 X97.835 Y140.863 E.02201
G1 X97.433 Y140.309 E.02201
G1 X96.924 Y139.851 E.02201
G1 X96.332 Y139.509 E.02201
G1 X95.681 Y139.298 E.02201
G1 X95 Y139.226 E.02201
G1 X94.319 Y139.298 E.02201
G1 X93.668 Y139.509 E.022
G1 X93.046 Y139.869 E.02313
G1 X92.864 Y139.867 E.00584
G1 X92.775 Y139.738 E.00504
G1 X92.775 Y80.29 E1.91163
G1 X92.864 Y80.133 E.00579
G1 X93.011 Y80.116 E.00475
G1 X93.547 Y80.417 E.0198
G1 X94.078 Y80.633 E.01841
G1 X94.658 Y80.756 E.01906
G1 X95.342 Y80.756 E.02201
G1 X96.012 Y80.614 E.02201
G1 X96.637 Y80.335 E.02201
G1 X97.191 Y79.933 E.02201
G1 X97.649 Y79.424 E.02201
G1 X97.991 Y78.832 E.02201
G1 X98.202 Y78.181 E.02201
G1 X98.274 Y77.5 E.02201
G1 X98.202 Y76.819 E.02201
G1 X97.991 Y76.168 E.02201
G1 X97.632 Y75.548 E.02304
G1 X97.62 Y75.392 E.00504
G1 X97.694 Y75.302 E.00375
G1 X97.79 Y75.275 E.0032
G1 X122.21 Y75.275 E.78528
G1 X122.367 Y75.364 E.0058
G1 X122.38 Y75.471 E.00346
G1 E-2.8 F3600
;WIPE_START
G1 F2400
G1 X122.083 Y76.047 E-.77812
G1 X121.95 Y76.373 E-.42188
;WIPE_END
G1 Z2 F9000
G1 X93.151 Y143.104 Z2
G1 Z1.6
G1 E4 F2400
;TYPE:Inner wall
G1 X93.125 Y143.042 E.00217
G1 X93.054 Y142.64 E.01312
G1 X93.067 Y142.233 E.01312
G1 X93.165 Y141.837 E.01312
G1 X93.362 Y141.446 E.01408
G1 X93.729 Y141.018 E.01813
G1 X94.08 Y140.779 E.01365
G1 X94.458 Y140.625 E.01312
G1 X94.86 Y140.554 E.01312
G1 X95.267 Y140.567 E.01312
G1 X95.663 Y140.665 E.01312
G1 X96.054 Y140.862 E.01408
G1 X96.452 Y141.193 E.01663
G1 X96.721 Y141.58 E.01517
G1 X96.875 Y141.958 E.01312
G1 X96.946 Y142.36 E.01312
G1 X96.933 Y142.767 E.01312
G1 X96.835 Y143.163 E.01312
G1 X96.657 Y143.53 E.01312
G1 X96.407 Y143.853 E.01312
G1 X96.095 Y144.115 E.01312
G1 X95.704 Y144.317 E.01414
G1 X95.14 Y144.446 E.0186
G1 X94.532 Y144.395 E.01963
G1 X94.148 Y144.256 E.01312
G1 X93.791 Y144.03 E.01359
G1 X93.436 Y143.659 E.01651
G1 X93.285 Y143.431 E.0088
G1 X93.166 Y143.141 E.01006
G1 X93.543 Y142.941 F9000
;TYPE:Outer wall
G1 F2400
G1 X93.482 Y142.64 E.00987
G1 X93.486 Y142.322 E.01025
G1 X93.556 Y142.011 E.01025
G1 X93.695 Y141.715 E.01051
G1 X93.99 Y141.358 E.01491
G1 X94.383 Y141.113 E.01488
G1 X94.841 Y140.983 E.01529
G1 X95.316 Y141.015 E.01531
G1 X95.762 Y141.179 E.01527
G1 X96.145 Y141.494 E.01598
G1 X96.33 Y141.754 E.01025
G1 X96.456 Y142.047 E.01025
G1 X96.518 Y142.36 E.01025
G1 X96.514 Y142.678 E.01025
G1 X96.444 Y142.989 E.01025
G1 X96.311 Y143.279 E.01025
G1 X96.12 Y143.534 E.01025
G1 X95.881 Y143.744 E.01025
G1 X95.593 Y143.903 E.01055
G1 X95.131 Y144.017 E.01532
G1 X94.611 Y143.97 E.01679
G1 X94.363 Y143.885 E.00844
G1 X94.078 Y143.712 E.01072
G1 X93.782 Y143.407 E.01366
G1 X93.554 Y142.979 E.01558
G1 E-2.8 F3600
M73 P50 R22
;WIPE_START
G1 F2400
G1 X93.482 Y142.64 E-.41571
G1 X93.486 Y142.322 E-.38241
G1 X93.556 Y142.011 E-.38242
G1 X93.563 Y141.996 E-.01946
;WIPE_END
G1 Z2 F9000
G1 X126.882 Y142.975 Z2
G1 Z1.6
G1 E4 F2400
;TYPE:Inner wall
G1 X126.835 Y143.163 E.00625
G1 X126.638 Y143.554 E.01408
G1 X126.258 Y143.992 E.01866
G1 X125.92 Y144.221 E.01312
G1 X125.542 Y144.375 E.01312
G1 X125.11 Y144.445 E.01408
G1 X124.533 Y144.395 E.01862
G1 X124.16 Y144.261 E.01276
G1 X123.802 Y144.04 E.01351
G1 X123.498 Y143.744 E.01367
G1 X123.279 Y143.42 E.01257
G1 X123.125 Y143.042 E.01312
G1 X123.054 Y142.64 E.01312
G1 X123.067 Y142.233 E.01312
G1 X123.178 Y141.809 E.01408
G1 X123.425 Y141.344 E.01693
G1 X123.647 Y141.093 E.01079
G1 X124.08 Y140.779 E.01719
G1 X124.458 Y140.625 E.01312
G1 X124.86 Y140.554 E.01312
G1 X125.297 Y140.574 E.01408
G1 X125.795 Y140.715 E.01664
G1 X126.198 Y140.96 E.01517
G1 X126.492 Y141.242 E.01312
G1 X126.721 Y141.58 E.01312
G1 X126.875 Y141.958 E.01312
G1 X126.946 Y142.36 E.01312
G1 X126.933 Y142.767 E.01312
G1 X126.891 Y142.936 E.00559
G1 X126.47 Y142.874 F9000
;TYPE:Outer wall
G1 F2400
G1 X126.444 Y142.989 E.00381
G1 X126.305 Y143.285 E.01051
G1 X126.006 Y143.645 E.01507
G1 X125.746 Y143.83 E.01025
G1 X125.453 Y143.956 E.01025
G1 X125.132 Y144.017 E.01051
G1 X124.665 Y143.987 E.01506
G1 X124.372 Y143.889 E.00993
G1 X124.089 Y143.722 E.01057
G1 X123.844 Y143.492 E.01079
G1 X123.613 Y143.117 E.01417
G1 X123.483 Y142.659 E.01529
G1 X123.515 Y142.184 E.01531
G1 X123.598 Y141.928 E.00867
G1 X123.778 Y141.589 E.01234
G1 X123.966 Y141.38 E.00903
G1 X124.254 Y141.17 E.01146
G1 X124.547 Y141.044 E.01025
G1 X124.86 Y140.982 E.01025
G1 X125.186 Y140.988 E.01051
G1 X125.637 Y141.115 E.01507
G1 X125.911 Y141.278 E.01025
G1 X126.145 Y141.494 E.01025
G1 X126.33 Y141.754 E.01025
G1 X126.456 Y142.047 E.01025
G1 X126.518 Y142.36 E.01025
G1 X126.514 Y142.678 E.01025
G1 X126.479 Y142.835 E.00515
G1 X127.189 Y141.986 F9000
;TYPE:Sparse infill
;WIDTH:0.45
G1 F3600
G1 X127.252 Y142.352 E.01197
G1 X127.239 Y142.793 E.01419
G1 X127.161 Y143.159 E.01201
G1 X126.981 Y143.561 E.01417
G1 X128.133 Y144.713 E.05238
G1 X127.996 Y144.95 E.00881
G1 X127.65 Y145.335 E.01663
G1 X127.262 Y145.618 E.01546
G1 X126.759 Y145.847 E.01777
G1 X126.232 Y145.959 E.01731
G1 X125.248 Y145.973 E.03166
G1 X122.624 Y143.349 E.11931
G1 X122.519 Y143.027 E.01088
G1 X122.464 Y142.5 E.01705
G1 X122.519 Y141.973 E.01705
G1 X122.59 Y141.754 E.00738
G1 E-3
;WIPE_START
G1 X122.519 Y141.973 E-.22966
G1 X122.464 Y142.5 E-.53017
G1 X122.489 Y142.739 E-.24017
;WIPE_END
G1 Z2 F9000
G1 X119.474 Y145.973 Z2
G1 Z1.6
G1 E4 F2400
G1 F3600
G1 X121.103 Y145.973 E.05236
G1 X120.589 Y145.459 E.02337
G1 X116.444 Y145.459 E.13329
G1 X116.958 Y145.973 E.02337
G1 X112.813 Y145.973 E.13329
G1 X112.299 Y145.459 E.02337
G1 X108.154 Y145.459 E.13329
G1 X108.668 Y145.973 E.02337
G1 X104.522 Y145.973 E.13329
G1 X104.009 Y145.459 E.02337
G1 X99.864 Y145.459 E.13329
G1 X100.377 Y145.973 E.02337
G1 X96.232 Y145.973 E.13329
G1 X95.005 Y144.745 E.05583
G1 X95.145 Y144.752 E.0045
G1 X95.372 Y144.722 E.00736
G1 X95.919 Y144.565 E.01831
G1 X96.252 Y144.378 E.01228
G1 X96.4 Y144.27 E.00589
G1 X96.721 Y143.962 E.0143
G1 X96.946 Y143.648 E.01242
G1 X97.149 Y143.199 E.01586
G1 X97.229 Y142.824 E.01232
G1 X97.46 Y143.056 E.01054
G1 X97.522 Y142.765 E.00955
G1 X97.522 Y142.235 E.01705
G1 X97.412 Y141.716 E.01705
G1 X97.206 Y141.255 E.01625
G1 X96.885 Y140.803 E.01783
G1 X96.469 Y140.436 E.01785
G1 X96.031 Y140.183 E.01623
G1 X95.527 Y140.019 E.01705
G1 X95 Y139.964 E.01705
G1 X94.436 Y140.031 E.01826
G1 X94.672 Y140.267 E.01074
G1 X94.218 Y140.383 E.01506
G1 X93.797 Y140.591 E.01511
G1 X93.539 Y140.779 E.01026
G1 X93.392 Y140.922 E.0066
G1 X93.049 Y141.36 E.01788
G1 X92.88 Y141.726 E.01297
G1 X92.767 Y142.176 E.01492
G1 X92.754 Y142.494 E.01025
G1 X91.527 Y141.268 E.05578
G1 X91.527 Y137.123 E.13329
G1 X92.041 Y137.636 E.02337
G1 X92.041 Y133.491 E.13329
G1 X91.527 Y132.978 E.02337
G1 X91.527 Y128.832 E.13329
G1 X92.041 Y129.346 E.02337
G1 X92.041 Y125.201 E.13329
G1 X91.527 Y124.687 E.02337
G1 X91.527 Y123.059 E.05236
G1 X92.041 Y122.685 F9000
G1 F3600
G1 X92.041 Y121.056 E.05236
G1 X91.527 Y120.542 E.02337
G1 X91.527 Y116.397 E.13329
G1 X92.041 Y116.911 E.02337
G1 X92.041 Y112.766 E.13329
G1 X91.527 Y112.252 E.02337
G1 X91.527 Y108.107 E.13329
G1 X92.041 Y108.621 E.02337
G1 X92.041 Y104.476 E.13329
G1 X91.527 Y103.962 E.02337
G1 X91.527 Y99.817 E.13329
G1 X92.041 Y100.331 E.02337
G1 X92.041 Y96.186 E.13329
G1 X91.527 Y95.672 E.02337
G1 X91.527 Y91.527 E.13329
G1 X92.041 Y92.041 E.02337
G1 X92.041 Y87.896 E.13329
G1 X91.527 Y87.382 E.02337
G1 X91.527 Y83.237 E.13329
G1 X92.041 Y83.751 E.02337
G1 X92.041 Y80.275 E.11176
G1 X92.174 Y79.807 E.01565
G1 X92.209 Y79.774 E.00155
G1 X91.527 Y79.092 E.03099
G1 X91.527 Y80.721 E.05236
G1 X92.807 Y78.012 F9000
G1 F3600
G1 X92.761 Y77.793 E.00718
G1 X92.748 Y77.356 E.01407
G1 X92.767 Y77.174 E.00587
G1 X92.84 Y76.839 E.01104
G1 X93.013 Y76.433 E.01419
G1 X91.867 Y75.287 E.05209
G1 X92.004 Y75.05 E.00881
G1 X92.349 Y74.666 E.01659
G1 X92.766 Y74.363 E.01658
G1 X93.238 Y74.154 E.01658
G1 X93.767 Y74.041 E.0174
G1 X94.752 Y74.027 E.03169
G1 X97.376 Y76.651 E.11931
G1 X97.481 Y76.973 E.01088
G1 X97.536 Y77.5 E.01705
G1 X97.481 Y78.027 E.01705
G1 X97.41 Y78.246 E.00738
G1 E-3
;WIPE_START
G1 X97.481 Y78.027 E-.22965
G1 X97.536 Y77.5 E-.53018
G1 X97.511 Y77.261 E-.24017
;WIPE_END
G1 Z2 F9000
G1 X100.526 Y74.028 Z2
G1 Z1.6
G1 E4 F2400
G1 F3600
G1 X98.898 Y74.028 E.05236
G1 X99.411 Y74.541 E.02335
G1 X103.556 Y74.541 E.13329
G1 X103.043 Y74.028 E.02334
G1 X107.188 Y74.028 E.1333
G1 X107.701 Y74.541 E.02333
G1 X111.846 Y74.541 E.13329
G1 X111.334 Y74.028 E.02332
G1 X115.479 Y74.029 E.1333
G1 X115.991 Y74.541 E.02331
G1 X120.136 Y74.541 E.13329
G1 X119.624 Y74.029 E.02329
G1 X123.769 Y74.029 E.1333
G1 X124.995 Y75.255 E.05573
G1 X124.664 Y75.272 E.01065
G1 X124.442 Y75.314 E.00726
G1 X124.078 Y75.437 E.01236
G1 X123.748 Y75.622 E.01217
G1 X123.6 Y75.73 E.0059
G1 X123.266 Y76.056 E.01501
G1 X123.054 Y76.352 E.0117
G1 X122.851 Y76.801 E.01586
G1 X122.771 Y77.176 E.01232
G1 X122.54 Y76.944 E.01054
G1 X122.478 Y77.235 E.00955
G1 X122.478 Y77.765 E.01705
G1 X122.588 Y78.284 E.01705
G1 X122.793 Y78.745 E.01624
G1 X123.116 Y79.197 E.01786
G1 X123.509 Y79.552 E.01703
G1 X123.969 Y79.817 E.01705
G1 X124.473 Y79.981 E.01705
G1 X125 Y80.036 E.01705
G1 X125.564 Y79.969 E.01826
G1 X125.324 Y79.729 E.01092
G1 X125.7 Y79.649 E.01237
G1 X126.212 Y79.399 E.01831
G1 X126.4 Y79.27 E.00734
G1 X126.736 Y78.943 E.01507
G1 X126.998 Y78.55 E.01517
G1 X127.172 Y78.112 E.01517
G1 X127.252 Y77.647 E.01517
G1 X127.247 Y77.506 E.00453
G1 X128.473 Y78.732 E.05576
G1 X128.473 Y82.877 E.13329
G1 X127.959 Y82.364 E.02337
G1 X127.959 Y86.509 E.13329
G1 X128.473 Y87.022 E.02337
G1 X128.473 Y91.168 E.13329
G1 X127.959 Y90.654 E.02337
G1 X127.959 Y94.799 E.13329
G1 X128.473 Y95.313 E.02337
G1 X128.473 Y99.458 E.13329
G1 X127.959 Y98.944 E.02337
G1 X127.959 Y103.089 E.13329
G1 X128.473 Y103.603 E.02337
G1 X128.473 Y107.748 E.13329
G1 X127.959 Y107.234 E.02337
G1 X127.959 Y111.379 E.13329
G1 X128.473 Y111.893 E.02337
G1 X128.473 Y116.038 E.13329
G1 X127.959 Y115.524 E.02337
G1 X127.959 Y113.895 E.05236
G1 X128.473 Y121.811 F9000
G1 F3600
G1 X128.473 Y120.183 E.05236
G1 X127.959 Y119.669 E.02337
G1 X127.959 Y123.814 E.13329
G1 X128.473 Y124.328 E.02337
G1 X128.473 Y125.956 E.05236
G1 X127.959 Y126.331 F9000
G1 F3600
G1 X127.959 Y127.959 E.05236
G1 X128.473 Y128.473 E.02337
G1 X128.473 Y132.618 E.13329
G1 X127.959 Y132.104 E.02337
G1 X127.959 Y130.476 E.05236
G1 X128.473 Y135.134 F9000
G1 F3600
G1 X128.473 Y136.763 E.05236
G1 X127.959 Y136.249 E.02337
G1 X127.959 Y139.715 E.11145
G1 X127.945 Y139.874 E.00514
G1 X127.822 Y140.196 E.01108
G1 X127.791 Y140.226 E.0014
G1 X128.473 Y140.908 E.03099
G1 X128.473 Y139.279 E.05236
G1 X128.877 Y76.547 F9000
;TYPE:Internal solid infill
;WIDTH:0.44396
G1 F3000
G1 X128.826 Y76.033 E.01634
G1 X128.701 Y75.54 E.01613
G1 X128.492 Y75.075 E.01613
G1 X128.141 Y74.588 E.01904
G1 X127.697 Y74.184 E.01901
G1 X127.178 Y73.882 E.01901
G1 X126.607 Y73.694 E.01904
G1 X126.006 Y73.628 E.01914
G1 X94.094 Y73.623 E1.01097
G1 X93.692 Y73.644 E.01274
G1 X93.124 Y73.766 E.01842
G1 X92.574 Y74.008 E.01901
G1 X92.088 Y74.359 E.01901
G1 X91.684 Y74.803 E.01902
G1 X91.382 Y75.322 E.01901
G1 X91.194 Y75.892 E.01901
G1 X91.123 Y76.545 E.0208
G1 X91.123 Y143.467 E2.12004
G1 X91.177 Y143.985 E.01651
G1 X91.364 Y144.622 E.02102
G1 X91.605 Y145.072 E.01619
G1 X91.881 Y145.437 E.0145
G1 X92.303 Y145.816 E.01796
G1 X92.822 Y146.118 E.01901
G1 X93.392 Y146.306 E.01901
G1 X94.045 Y146.377 E.0208
G1 X125.972 Y146.377 E1.01144
G1 X126.307 Y146.355 E.01064
G1 X126.873 Y146.233 E.01834
G1 X127.434 Y145.985 E.01942
G1 X127.912 Y145.641 E.01865
G1 X128.316 Y145.197 E.01903
G1 X128.618 Y144.678 E.01901
G1 X128.806 Y144.108 E.01901
G1 X128.877 Y143.455 E.0208
G1 X128.877 Y76.587 E2.11835
; stop printing object Remote75T.stl id:0 copy 0
;LAYER_CHANGE
;Z:1.8
;HEIGHT:0.2
;BEFORE_LAYER_CHANGE
;1.8
G92 E0

G1 E-2.8 F3600
;WIPE_START
G1 F3000
G1 X128.877 Y77.587 E-1.2
;WIPE_END
;_SET_FAN_SPEED_CHANGING_LAYER
; printing object Remote75T.stl id:0 copy 0
G1 Z2.2 F9000
G1 X91.38 Y145.524 Z2.2
G1 Z1.8
G1 E4 F2400
;TYPE:Inner wall
;WIDTH:0.449999
G1 X91.314 Y145.451 E.00315
G1 X90.967 Y144.85 E.02232
G1 X90.753 Y144.19 E.02231
G1 X90.677 Y143.467 E.02339
G1 X90.677 Y76.533 E2.15234
G1 X90.753 Y75.81 E.02339
G1 X90.967 Y75.15 E.02232
G1 X91.314 Y74.549 E.02232
G1 X91.779 Y74.033 E.02232
G1 X92.34 Y73.625 E.02232
G1 X92.974 Y73.343 E.02232
G1 X93.472 Y73.237 E.01635
G1 X94.017 Y73.177 E.01765
G1 X125.98 Y73.177 E1.02779
G1 X126.69 Y73.253 E.02297
G1 X127.35 Y73.467 E.02232
G1 X127.951 Y73.814 E.02232
G1 X128.467 Y74.279 E.02232
G1 X128.875 Y74.84 E.02232
G1 X129.157 Y75.474 E.02232
G1 X129.284 Y76.07 E.01957
G1 X129.323 Y76.55 E.01551
G1 X129.323 Y143.467 E2.15179
G1 X129.247 Y144.19 E.02339
G1 X129.033 Y144.85 E.02232
G1 X128.686 Y145.451 E.02232
G1 X128.221 Y145.967 E.02232
G1 X127.656 Y146.378 E.02249
G1 X127.187 Y146.596 E.01661
G1 X126.696 Y146.747 E.01653
G1 X125.967 Y146.823 E.02356
G1 X94.033 Y146.823 E1.02687
G1 X93.31 Y146.747 E.02339
G1 X92.645 Y146.531 E.02247
G1 X92.183 Y146.274 E.01701
G1 X91.783 Y145.971 E.01613
G1 X91.407 Y145.554 E.01807
M73 P51 R22
G1 X91.061 Y145.811 F9000
;TYPE:Outer wall
G1 F2400
G1 X90.966 Y145.705 E.0046
G1 X90.574 Y145.025 E.02522
G1 X90.331 Y144.28 E.02521
G1 X90.248 Y143.489 E.02556
G1 X90.248 Y76.511 E2.15379
G1 X90.331 Y75.72 E.02556
G1 X90.574 Y74.974 E.02521
G1 X90.966 Y74.295 E.02521
G1 X91.49 Y73.713 E.02522
G1 X92.125 Y73.252 E.02521
G1 X92.841 Y72.933 E.02521
G1 X93.48 Y72.797 E.02102
G1 X94.006 Y72.748 E.01697
G1 X126.002 Y72.749 E1.02888
G1 X126.78 Y72.831 E.02514
G1 X127.526 Y73.074 E.02522
G1 X128.205 Y73.466 E.02521
G1 X128.787 Y73.99 E.02521
G1 X129.248 Y74.625 E.02521
G1 X129.567 Y75.341 E.02521
G1 X129.703 Y75.98 E.02102
G1 X129.752 Y76.55 E.01839
G1 X129.752 Y143.489 E2.15252
G1 X129.669 Y144.28 E.02556
M73 P51 R21
G1 X129.426 Y145.026 E.02521
G1 X129.034 Y145.705 E.02521
G1 X128.51 Y146.287 E.02521
G1 X127.874 Y146.749 E.02527
G1 X127.341 Y146.997 E.0189
G1 X126.781 Y147.169 E.01882
G1 X125.989 Y147.252 E.02561
G1 X94.011 Y147.252 E1.02832
G1 X93.22 Y147.169 E.02556
G1 X92.473 Y146.926 E.02526
G1 X91.948 Y146.634 E.01931
G1 X91.491 Y146.289 E.01841
G1 X91.088 Y145.841 E.01938
G1 E-2.8 F3600
;WIPE_START
G1 F2400
G1 X90.966 Y145.705 E-.21976
G1 X90.574 Y145.025 E-.94099
G1 X90.563 Y144.994 E-.03924
;WIPE_END
G1 Z2.2 F9000
G1 X125.914 Y75.786 Z2.2
G1 Z1.8
G1 E4 F2400
;TYPE:Inner wall
G1 X126.03 Y75.843 E.00415
G1 X126.397 Y76.143 E.01522
G1 X126.615 Y76.405 E.01099
G1 X126.816 Y76.794 E.01408
G1 X126.946 Y77.36 E.01866
G1 X126.933 Y77.767 E.01312
G1 X126.835 Y78.163 E.01312
G1 X126.657 Y78.53 E.01312
G1 X126.407 Y78.853 E.01312
G1 X126.068 Y79.13 E.01408
G1 X125.604 Y79.358 E.01664
G1 X125.14 Y79.446 E.01517
G1 X124.733 Y79.433 E.01312
G1 X124.337 Y79.335 E.01312
G1 X123.97 Y79.157 E.01312
G1 X123.647 Y78.907 E.01312
G1 X123.385 Y78.595 E.01312
G1 X123.184 Y78.206 E.01408
G1 X123.057 Y77.704 E.01663
G1 X123.067 Y77.233 E.01517
G1 X123.178 Y76.809 E.01408
G1 X123.444 Y76.32 E.01789
G1 X123.647 Y76.093 E.00982
G1 X124.08 Y75.779 E.01719
G1 X124.458 Y75.625 E.01312
G1 X124.86 Y75.554 E.01312
G1 X125.267 Y75.567 E.01312
G1 X125.663 Y75.665 E.01312
G1 X125.878 Y75.769 E.00768
G1 X125.73 Y76.167 F9000
;TYPE:Outer wall
G1 F2400
G1 X125.779 Y76.189 E.00173
G1 X126.078 Y76.429 E.01235
G1 X126.336 Y76.778 E.01395
G1 X126.512 Y77.312 E.01808
G1 X126.514 Y77.678 E.01177
G1 X126.444 Y77.989 E.01025
G1 X126.311 Y78.279 E.01025
G1 X126.12 Y78.534 E.01025
G1 X125.873 Y78.748 E.01051
G1 X125.453 Y78.956 E.01507
G1 X125 Y79.018 E.0147
G1 X124.529 Y78.951 E.01531
G1 X124.108 Y78.728 E.01531
G1 X123.766 Y78.397 E.01531
G1 X123.575 Y78.011 E.01384
G1 X123.482 Y77.64 E.01228
G1 X123.486 Y77.322 E.01025
G1 X123.56 Y77.003 E.01051
G1 X123.778 Y76.589 E.01507
G1 X123.966 Y76.38 E.00903
G1 X124.254 Y76.17 E.01146
G1 X124.547 Y76.044 E.01025
G1 X124.86 Y75.982 E.01025
G1 X125.178 Y75.986 E.01025
G1 X125.489 Y76.056 E.01025
G1 X125.694 Y76.15 E.00724
G1 E-2.8 F3600
;WIPE_START
G1 F2400
G1 X125.779 Y76.189 E-.11239
G1 X126.078 Y76.429 E-.4608
G1 X126.336 Y76.778 E-.52056
G1 X126.364 Y76.862 E-.10625
;WIPE_END
G1 Z2.2 F9000
G1 X93.164 Y78.133 Z2.2
G1 Z1.8
G1 E4 F2400
;TYPE:Inner wall
G1 X93.125 Y78.042 E.00318
G1 X93.054 Y77.64 E.01312
G1 X93.067 Y77.233 E.01312
G1 X93.165 Y76.837 E.01312
G1 X93.343 Y76.47 E.01312
G1 X93.643 Y76.103 E.01523
G1 X93.905 Y75.885 E.01099
G1 X94.265 Y75.692 E.01312
G1 X94.687 Y75.577 E.01408
G1 X95.267 Y75.567 E.01866
G1 X95.663 Y75.665 E.01312
G1 X96.03 Y75.843 E.01312
G1 X96.372 Y76.117 E.01408
G1 X96.692 Y76.523 E.01662
G1 X96.875 Y76.958 E.01519
G1 X96.946 Y77.36 E.01312
G1 X96.933 Y77.767 E.01312
G1 X96.835 Y78.163 E.01312
G1 X96.657 Y78.53 E.01312
G1 X96.407 Y78.853 E.01312
G1 X96.068 Y79.13 E.01408
G1 X95.604 Y79.358 E.01664
G1 X95.14 Y79.446 E.01517
G1 X94.733 Y79.433 E.01312
G1 X94.337 Y79.335 E.01312
G1 X93.97 Y79.157 E.01312
G1 X93.628 Y78.883 E.01408
G1 X93.312 Y78.484 E.01636
G1 X93.179 Y78.17 E.01097
G1 X93.552 Y77.969 F9000
;TYPE:Outer wall
G1 F2400
G1 X93.544 Y77.953 E.00057
G1 X93.482 Y77.64 E.01025
G1 X93.486 Y77.322 E.01025
G1 X93.556 Y77.011 E.01025
G1 X93.689 Y76.721 E.01025
G1 X93.929 Y76.422 E.01235
G1 X94.278 Y76.164 E.01395
G1 X94.71 Y76.005 E.01479
G1 X95.178 Y75.986 E.01507
G1 X95.489 Y76.056 E.01025
G1 X95.779 Y76.189 E.01025
G1 X96.039 Y76.386 E.01051
G1 X96.33 Y76.754 E.01507
G1 X96.485 Y77.184 E.0147
G1 X96.517 Y77.659 E.01531
G1 X96.387 Y78.117 E.01531
G1 X96.133 Y78.521 E.01531
G1 X95.796 Y78.788 E.01384
G1 X95.453 Y78.956 E.01228
G1 X95.14 Y79.018 E.01025
G1 X94.822 Y79.014 E.01025
G1 X94.511 Y78.944 E.01025
G1 X94.221 Y78.811 E.01025
G1 X93.961 Y78.614 E.01051
G1 X93.67 Y78.246 E.01507
G1 X93.567 Y78.006 E.00839
G1 E-2.8 F3600
;WIPE_START
G1 F2400
G1 X93.544 Y77.953 E-.06936
G1 X93.482 Y77.64 E-.38243
G1 X93.486 Y77.322 E-.38241
G1 X93.553 Y77.024 E-.36581
;WIPE_END
G1 Z2.2 F9000
G1 X122.746 Y75.714 Z2.2
G1 Z1.8
G1 E4 F2400
;TYPE:Inner wall
G1 X122.544 Y76.064 E.01297
G1 X122.296 Y76.621 E.01963
G1 X122.173 Y77.203 E.01911
G1 X122.173 Y77.797 E.01911
G1 X122.296 Y78.379 E.01911
G1 X122.538 Y78.922 E.01911
G1 X122.887 Y79.402 E.01911
G1 X123.329 Y79.8 E.01911
G1 X123.844 Y80.097 E.01911
G1 X124.409 Y80.281 E.01911
G1 X125 Y80.343 E.01911
G1 X125.591 Y80.281 E.01912
G1 X126.156 Y80.097 E.0191
G1 X126.737 Y79.761 E.02159
G1 X127.002 Y79.68 E.0089
G1 X127.261 Y79.719 E.00841
G1 X127.359 Y79.767 E.00353
G1 X127.564 Y79.971 E.00928
G1 X127.654 Y80.29 E.01065
G1 X127.654 Y139.71 E1.91075
G1 X127.564 Y140.029 E.01065
G1 X127.351 Y140.238 E.00959
G1 X127.137 Y140.314 E.00728
G1 X126.876 Y140.298 E.00841
G1 X126.436 Y140.044 E.01633
G1 X125.879 Y139.796 E.01963
G1 X125.297 Y139.673 E.01911
G1 X124.703 Y139.673 E.01911
G1 X124.121 Y139.796 E.01911
G1 X123.578 Y140.038 E.01911
G1 X123.097 Y140.388 E.01914
G1 X122.718 Y140.807 E.01817
G1 X122.402 Y141.346 E.02009
G1 X122.219 Y141.909 E.01905
G1 X122.157 Y142.5 E.01911
G1 X122.219 Y143.091 E.01912
G1 X122.403 Y143.656 E.0191
G1 X122.739 Y144.237 E.02159
G1 X122.82 Y144.51 E.00915
G1 X122.757 Y144.816 E.01004
G1 X122.529 Y145.064 E.01082
G1 X122.21 Y145.154 E.01065
G1 X97.79 Y145.154 E.78528
G1 X97.471 Y145.064 E.01065
G1 X97.262 Y144.851 E.00959
G1 X97.186 Y144.637 E.00728
G1 X97.212 Y144.345 E.00943
G1 X97.47 Y143.904 E.01643
G1 X97.704 Y143.379 E.0185
G1 X97.827 Y142.797 E.01911
G1 X97.827 Y142.203 E.01911
G1 X97.704 Y141.621 E.01911
G1 X97.462 Y141.078 E.01911
G1 X97.113 Y140.598 E.01911
G1 X96.671 Y140.2 E.01911
G1 X96.156 Y139.903 E.01911
G1 X95.591 Y139.719 E.01911
G1 X95 Y139.657 E.01911
G1 X94.409 Y139.719 E.01912
G1 X93.844 Y139.903 E.0191
G1 X93.263 Y140.239 E.02159
G1 X93.106 Y140.303 E.00545
G1 X92.808 Y140.302 E.00959
G1 X92.641 Y140.233 E.00582
G1 X92.436 Y140.029 E.00928
G1 X92.346 Y139.71 E.01065
G1 X92.346 Y80.29 E1.91075
G1 X92.436 Y79.971 E.01065
G1 X92.649 Y79.762 E.00959
G1 X92.895 Y79.682 E.0083
G1 X93.107 Y79.698 E.00685
G1 X93.564 Y79.956 E.01686
G1 X94.121 Y80.204 E.01963
G1 X94.703 Y80.327 E.01911
G1 X95.297 Y80.327 E.01911
G1 X95.879 Y80.204 E.01911
G1 X96.422 Y79.962 E.01911
G1 X96.902 Y79.613 E.01911
G1 X97.3 Y79.171 E.01911
G1 X97.597 Y78.656 E.01911
G1 X97.781 Y78.091 E.01911
G1 X97.843 Y77.5 E.01911
G1 X97.781 Y76.909 E.01911
G1 X97.597 Y76.344 E.0191
G1 X97.261 Y75.763 E.02159
G1 X97.18 Y75.497 E.00892
G1 X97.219 Y75.239 E.00839
G1 X97.267 Y75.141 E.00353
G1 X97.471 Y74.936 E.00928
G1 X97.79 Y74.846 E.01065
G1 X122.21 Y74.846 E.78528
G1 X122.529 Y74.936 E.01065
G1 X122.738 Y75.149 E.00959
G1 X122.814 Y75.363 E.00728
G1 X122.798 Y75.624 E.00841
G1 X122.766 Y75.68 E.00207
G1 X122.385 Y75.507 F9000
;TYPE:Outer wall
G1 F2400
G1 X122.138 Y75.922 E.01553
G1 X121.886 Y76.488 E.01994
G1 X121.744 Y77.158 E.02201
G1 X121.744 Y77.842 E.02201
G1 X121.886 Y78.512 E.02201
G1 X122.165 Y79.137 E.02201
G1 X122.567 Y79.691 E.02201
G1 X123.076 Y80.149 E.02201
G1 X123.668 Y80.491 E.02201
G1 X124.319 Y80.702 E.02201
G1 X125 Y80.774 E.02201
G1 X125.681 Y80.702 E.02201
G1 X126.332 Y80.491 E.022
G1 X126.952 Y80.132 E.02304
G1 X127.108 Y80.12 E.00504
G1 X127.198 Y80.195 E.00378
G1 X127.225 Y80.29 E.00318
G1 X127.225 Y139.71 E1.91075
G1 X127.198 Y139.805 E.00318
G1 X127.071 Y139.89 E.00492
G1 X126.944 Y139.863 E.00419
G1 X126.425 Y139.57 E.01917
G1 X125.921 Y139.367 E.01745
G1 X125.342 Y139.244 E.01904
G1 X124.658 Y139.244 E.02201
G1 X123.988 Y139.386 E.02201
G1 X123.363 Y139.665 E.02201
G1 X122.809 Y140.067 E.02202
G1 X122.371 Y140.552 E.02102
G1 X122.009 Y141.169 E.023
G1 X121.798 Y141.819 E.02199
G1 X121.726 Y142.5 E.02201
G1 X121.798 Y143.181 E.02202
G1 X122.009 Y143.832 E.022
G1 X122.369 Y144.454 E.02313
G1 X122.38 Y144.608 E.00495
G1 X122.305 Y144.698 E.00378
G1 X122.21 Y144.725 E.00317
G1 X97.79 Y144.725 E.78528
G1 X97.632 Y144.635 E.00583
G1 X97.617 Y144.484 E.00487
G1 X97.918 Y143.952 E.01966
G1 X98.133 Y143.422 E.01838
G1 X98.256 Y142.842 E.01906
G1 X98.256 Y142.158 E.02201
G1 X98.114 Y141.488 E.02201
G1 X97.835 Y140.863 E.02201
G1 X97.433 Y140.309 E.02201
G1 X96.924 Y139.851 E.02201
G1 X96.332 Y139.509 E.02201
G1 X95.681 Y139.298 E.02201
G1 X95 Y139.226 E.02201
G1 X94.319 Y139.298 E.02201
G1 X93.668 Y139.509 E.022
G1 X93.046 Y139.869 E.02313
G1 X92.892 Y139.88 E.00495
G1 X92.802 Y139.805 E.00377
G1 X92.775 Y139.71 E.00318
G1 X92.775 Y80.29 E1.91075
G1 X92.865 Y80.132 E.00583
G1 X93.002 Y80.113 E.00443
G1 X93.547 Y80.417 E.02009
G1 X94.078 Y80.633 E.01841
G1 X94.658 Y80.756 E.01906
G1 X95.342 Y80.756 E.02201
G1 X96.012 Y80.614 E.02201
G1 X96.637 Y80.335 E.02201
G1 X97.191 Y79.933 E.02201
G1 X97.649 Y79.424 E.02201
G1 X97.991 Y78.832 E.02201
G1 X98.202 Y78.181 E.02201
G1 X98.274 Y77.5 E.02201
G1 X98.202 Y76.819 E.02201
G1 X97.991 Y76.168 E.02201
G1 X97.632 Y75.548 E.02304
G1 X97.62 Y75.392 E.00504
G1 X97.695 Y75.302 E.00378
G1 X97.79 Y75.275 E.00318
G1 X122.21 Y75.275 E.78528
G1 X122.368 Y75.365 E.00583
G1 X122.38 Y75.467 E.0033
G1 E-2.8 F3600
;WIPE_START
G1 F2400
G1 X122.138 Y75.922 E-.61816
G1 X121.941 Y76.365 E-.58184
;WIPE_END
G1 Z2.2 F9000
G1 X93.121 Y143.005 Z2.2
G1 Z1.8
G1 E4 F2400
;TYPE:Inner wall
G1 X93.054 Y142.641 E.01192
G1 X93.067 Y142.233 E.01312
G1 X93.165 Y141.837 E.01312
G1 X93.362 Y141.446 E.01408
G1 X93.729 Y141.018 E.01813
G1 X94.08 Y140.779 E.01365
G1 X94.458 Y140.625 E.01312
G1 X95 Y140.554 E.01758
G1 X95.405 Y140.596 E.01308
G1 X95.792 Y140.722 E.01308
G1 X96.144 Y140.925 E.01308
G1 X96.427 Y141.184 E.01232
G1 X96.721 Y141.58 E.01587
G1 X96.875 Y141.958 E.01312
G1 X96.946 Y142.36 E.01312
G1 X96.933 Y142.767 E.01312
G1 X96.835 Y143.163 E.01312
G1 X96.638 Y143.554 E.01408
G1 X96.258 Y143.992 E.01866
G1 X95.92 Y144.221 E.01312
G1 X95.542 Y144.375 E.01312
G1 X95.11 Y144.445 E.01408
G1 X94.532 Y144.395 E.01866
G1 X94.148 Y144.256 E.01312
G1 X93.802 Y144.04 E.01312
G1 X93.508 Y143.758 E.01312
G1 X93.258 Y143.373 E.01474
G1 X93.131 Y143.06 E.01087
G1 X93.129 Y143.045 E.0005
G1 X93.542 Y142.927 F9000
;TYPE:Outer wall
G1 F2400
G1 X93.482 Y142.641 E.00942
G1 X93.486 Y142.322 E.01025
G1 X93.556 Y142.011 E.01025
G1 X93.695 Y141.715 E.01051
G1 X94.008 Y141.344 E.0156
G1 X94.383 Y141.113 E.01417
G1 X94.684 Y141.015 E.01018
G1 X95.159 Y140.983 E.01531
G1 X95.617 Y141.113 E.01531
G1 X96.02 Y141.366 E.01527
G1 X96.33 Y141.754 E.01598
G1 X96.456 Y142.047 E.01025
G1 X96.518 Y142.36 E.01025
G1 X96.514 Y142.678 E.01025
G1 X96.444 Y142.989 E.01025
G1 X96.305 Y143.285 E.01051
G1 X96.006 Y143.645 E.01507
G1 X95.746 Y143.83 E.01025
G1 X95.453 Y143.956 E.01025
G1 X95.132 Y144.017 E.01051
G1 X94.618 Y143.972 E.01659
G1 X94.363 Y143.885 E.00868
G1 X94.089 Y143.722 E.01025
G1 X93.855 Y143.506 E.01025
G1 X93.649 Y143.198 E.01191
G1 X93.55 Y142.967 E.00807
G1 X93.55 Y142.967 E.00003
G1 E-2.8 F3600
;WIPE_START
G1 F2400
G1 X93.482 Y142.641 E-.39949
G1 X93.486 Y142.322 E-.38261
G1 X93.556 Y142.011 E-.38243
G1 X93.569 Y141.984 E-.03548
;WIPE_END
G1 Z2.2 F9000
G1 X126.863 Y143.056 Z2.2
G1 Z1.8
G1 E4 F2400
;TYPE:Inner wall
G1 X126.763 Y143.334 E.00952
G1 X126.532 Y143.708 E.01412
G1 X126.258 Y143.992 E.01271
G1 X125.892 Y144.233 E.01409
G1 X125.542 Y144.375 E.01214
G1 X125.11 Y144.445 E.01408
G1 X124.534 Y144.395 E.0186
G1 X124.166 Y144.263 E.01258
G1 X123.802 Y144.041 E.01371
G1 X123.498 Y143.744 E.01367
G1 X123.279 Y143.42 E.01257
G1 X123.125 Y143.042 E.01312
G1 X123.055 Y142.61 E.01408
G1 X123.076 Y142.189 E.01355
G1 X123.214 Y141.707 E.01612
G1 X123.46 Y141.302 E.01523
G1 X123.742 Y141.008 E.01312
G1 X124.08 Y140.779 E.01312
G1 X124.458 Y140.625 E.01312
G1 X124.86 Y140.554 E.01312
G1 X125.297 Y140.574 E.01408
G1 X125.795 Y140.715 E.01663
G1 X126.198 Y140.96 E.01517
G1 X126.492 Y141.242 E.01312
G1 X126.721 Y141.58 E.01312
G1 X126.875 Y141.958 E.01312
G1 X126.945 Y142.39 E.01408
G1 X126.895 Y142.966 E.0186
G1 X126.877 Y143.018 E.00177
G1 X126.462 Y142.912 F9000
;TYPE:Outer wall
G1 F2400
G1 X126.39 Y143.123 E.00715
G1 X126.213 Y143.421 E.01114
G1 X125.893 Y143.727 E.01424
G1 X125.463 Y143.953 E.01564
G1 X125.132 Y144.017 E.01083
G1 X124.665 Y143.987 E.01505
G1 X124.377 Y143.89 E.00977
G1 X124.089 Y143.722 E.01073
G1 X123.844 Y143.492 E.01079
G1 X123.613 Y143.117 E.01417
G1 X123.483 Y142.661 E.01526
G1 X123.504 Y142.211 E.01446
G1 X123.615 Y141.863 E.01177
G1 X123.778 Y141.589 E.01025
G1 X123.994 Y141.355 E.01025
G1 X124.254 Y141.17 E.01025
G1 X124.547 Y141.044 E.01025
G1 X124.86 Y140.982 E.01025
G1 X125.186 Y140.988 E.01051
G1 X125.637 Y141.115 E.01507
G1 X125.911 Y141.278 E.01025
G1 X126.145 Y141.494 E.01025
G1 X126.33 Y141.754 E.01025
G1 X126.456 Y142.047 E.01025
G1 X126.517 Y142.368 E.01051
G1 X126.472 Y142.874 E.01633
G1 X127.186 Y141.986 F9000
;TYPE:Sparse infill
;WIDTH:0.45
G1 F3600
G1 X127.233 Y142.173 E.00619
G1 X127.251 Y142.399 E.0073
G1 X127.228 Y142.833 E.01397
G1 X127.187 Y143.055 E.00725
G1 X127.049 Y143.449 E.01342
G1 X126.981 Y143.561 E.00423
G1 X128.244 Y144.824 E.05743
G1 X128.115 Y145.047 E.00826
G1 X127.84 Y145.362 E.01345
G1 X127.548 Y145.614 E.01241
G1 X127.065 Y145.893 E.01793
G1 X126.545 Y146.062 E.01761
G1 X125.946 Y146.125 E.01935
G1 X125.4 Y146.125 E.01756
G1 X122.624 Y143.349 E.12625
G1 X122.519 Y143.027 E.01087
G1 X122.464 Y142.5 E.01705
G1 X122.519 Y141.973 E.01705
G1 X122.59 Y141.754 E.00738
G1 X126.297 Y140.614 F9000
;TYPE:Internal solid infill
;WIDTH:0.38292
G1 F3000
G1 X126.462 Y140.75 E.00575
G1 X128.625 Y139.432 F9000
;TYPE:Sparse infill
;WIDTH:0.45
G1 F3600
M73 P52 R21
G1 X128.625 Y141.06 E.05236
G1 X127.791 Y140.226 E.03795
G1 X127.825 Y140.192 E.00154
G1 X127.945 Y139.874 E.01093
G1 X127.959 Y139.715 E.00514
G1 X127.959 Y136.249 E.11145
G1 X128.625 Y136.915 E.0303
G1 X128.625 Y135.287 E.05236
G1 X127.959 Y130.476 F9000
G1 F3600
G1 X127.959 Y132.104 E.05236
G1 X128.625 Y132.77 E.0303
G1 X128.625 Y128.625 E.13329
G1 X127.959 Y127.959 E.0303
G1 X127.959 Y123.814 E.13329
G1 X128.625 Y124.48 E.0303
G1 X128.625 Y120.335 E.13329
G1 X127.959 Y119.669 E.0303
G1 X127.959 Y115.524 E.13329
G1 X128.625 Y116.19 E.0303
G1 X128.625 Y117.818 E.05236
G1 X127.959 Y109.75 F9000
G1 F3600
G1 X127.959 Y111.379 E.05236
G1 X128.625 Y112.045 E.0303
G1 X128.625 Y107.9 E.13329
G1 X127.959 Y107.234 E.0303
G1 X127.959 Y103.089 E.13329
G1 X128.625 Y103.755 E.0303
G1 X128.625 Y99.61 E.13329
G1 X127.959 Y98.944 E.0303
G1 X127.959 Y97.315 E.05236
G1 X128.625 Y93.837 F9000
G1 F3600
G1 X128.625 Y95.465 E.05236
G1 X127.959 Y94.799 E.0303
G1 X127.959 Y90.654 E.13329
G1 X128.625 Y91.32 E.0303
G1 X128.625 Y87.175 E.13329
G1 X127.959 Y86.509 E.0303
G1 X127.959 Y82.364 E.13329
G1 X128.625 Y83.03 E.0303
G1 X128.625 Y78.885 E.13329
G1 X127.247 Y77.507 E.06265
G1 X127.239 Y77.795 E.00925
G1 X127.123 Y78.267 E.01563
G1 X126.996 Y78.552 E.01003
G1 X126.736 Y78.943 E.01511
G1 X126.4 Y79.27 E.01507
G1 X126.212 Y79.399 E.00734
G1 X125.7 Y79.649 E.01831
G1 X125.324 Y79.729 E.01237
G1 X125.564 Y79.969 E.01092
G1 X125 Y80.036 E.01826
G1 X124.473 Y79.981 E.01705
G1 X123.969 Y79.817 E.01705
G1 X123.509 Y79.552 E.01705
G1 X123.116 Y79.197 E.01703
G1 X122.793 Y78.745 E.01786
G1 X122.588 Y78.284 E.01624
G1 X122.478 Y77.765 E.01705
G1 X122.478 Y77.235 E.01705
G1 X122.54 Y76.944 E.00955
G1 X122.771 Y77.176 E.01054
G1 X122.851 Y76.8 E.01236
G1 X123.099 Y76.291 E.01821
G1 X123.207 Y76.127 E.00633
G1 X123.557 Y75.765 E.01619
G1 X123.95 Y75.502 E.01518
G1 X124.388 Y75.328 E.01517
G1 X124.853 Y75.248 E.01517
G1 X124.994 Y75.254 E.00453
G1 X123.623 Y73.883 E.06234
G1 X119.477 Y73.882 E.13332
G1 X120.136 Y74.541 E.02999
G1 X115.991 Y74.541 E.13329
G1 X115.331 Y73.881 E.03004
G1 X111.185 Y73.879 E.13332
G1 X111.846 Y74.541 E.03009
G1 X107.701 Y74.541 E.13329
G1 X107.038 Y73.878 E.03014
G1 X102.892 Y73.877 E.13332
G1 X103.556 Y74.541 E.03019
G1 X99.411 Y74.541 E.13329
G1 X98.746 Y73.876 E.03025
G1 X97.118 Y73.876 E.05236
G1 X97.41 Y78.246 F9000
G1 F3600
G1 X97.481 Y78.027 E.00738
G1 X97.536 Y77.5 E.01705
G1 X97.481 Y76.973 E.01705
G1 X97.376 Y76.651 E.01088
G1 X94.6 Y73.875 E.12624
G1 X94.053 Y73.875 E.01758
G1 X93.455 Y73.938 E.01934
G1 X92.935 Y74.107 E.01761
G1 X92.46 Y74.381 E.01761
G1 X92.046 Y74.754 E.01792
G1 X91.811 Y75.064 E.0125
G1 X91.752 Y75.171 E.00396
G1 X93.013 Y76.433 E.05735
G1 X92.839 Y76.842 E.01428
G1 X92.767 Y77.174 E.01095
G1 X92.748 Y77.356 E.00587
G1 X92.761 Y77.795 E.01413
G1 X92.814 Y78.01 E.00713
G1 X91.375 Y80.568 F9000
G1 F3600
G1 X91.375 Y78.94 E.05236
G1 X92.209 Y79.774 E.03795
G1 X92.172 Y79.811 E.0017
G1 X92.041 Y80.276 E.01551
G1 X92.041 Y83.751 E.11176
G1 X91.375 Y83.085 E.0303
G1 X91.375 Y87.23 E.13329
G1 X92.041 Y87.896 E.0303
G1 X92.041 Y92.041 E.13329
G1 X91.375 Y91.375 E.0303
G1 X91.375 Y95.52 E.13329
G1 X92.041 Y96.186 E.0303
G1 X92.041 Y94.558 E.05236
G1 X91.375 Y98.037 F9000
G1 F3600
G1 X91.375 Y99.665 E.05236
G1 X92.041 Y100.331 E.0303
G1 X92.041 Y104.476 E.13329
G1 X91.375 Y103.81 E.0303
G1 X91.375 Y107.955 E.13329
G1 X92.041 Y108.621 E.0303
G1 X92.041 Y110.25 E.05236
G1 X91.375 Y110.472 F9000
G1 F3600
G1 X91.375 Y112.1 E.05236
G1 X92.041 Y112.766 E.0303
G1 X92.041 Y116.911 E.13329
G1 X91.375 Y116.245 E.0303
G1 X91.375 Y120.39 E.13329
G1 X92.041 Y121.056 E.0303
G1 X92.041 Y122.685 E.05236
G1 X91.375 Y122.907 F9000
G1 F3600
G1 X91.375 Y124.535 E.05236
G1 X92.041 Y125.201 E.0303
G1 X92.041 Y129.346 E.13329
G1 X91.375 Y128.68 E.0303
G1 X91.375 Y132.825 E.13329
G1 X92.041 Y133.491 E.0303
G1 X92.041 Y137.636 E.13329
G1 X91.375 Y136.97 E.0303
G1 X91.375 Y141.115 E.13329
G1 X92.754 Y142.494 E.06272
G1 X92.767 Y142.176 E.01025
G1 X92.877 Y141.732 E.01471
G1 X93.049 Y141.36 E.0132
G1 X93.392 Y140.922 E.01788
G1 X93.54 Y140.777 E.00666
G1 X93.948 Y140.503 E.0158
G1 X94.302 Y140.351 E.01237
G1 X94.672 Y140.268 E.01221
G1 X94.436 Y140.031 E.01075
G1 X95 Y139.964 E.01826
G1 X95.527 Y140.019 E.01703
G1 X96.053 Y140.196 E.01785
G1 X96.491 Y140.448 E.01624
G1 X96.885 Y140.803 E.01705
G1 X97.196 Y141.232 E.01705
G1 X97.412 Y141.716 E.01705
G1 X97.522 Y142.235 E.01705
G1 X97.522 Y142.765 E.01705
G1 X97.46 Y143.056 E.00955
G1 X97.229 Y142.824 E.01054
G1 X97.149 Y143.199 E.01232
G1 X96.945 Y143.65 E.01593
G1 X96.607 Y144.079 E.01755
G1 X96.441 Y144.237 E.00737
G1 X96.05 Y144.498 E.01511
G1 X95.612 Y144.672 E.01517
G1 X95.148 Y144.752 E.01515
G1 X95.005 Y144.745 E.00461
G1 X96.385 Y146.125 E.06277
G1 X100.53 Y146.125 E.13329
G1 X99.864 Y145.459 E.0303
G1 X104.009 Y145.459 E.13329
G1 X104.675 Y146.125 E.0303
G1 X103.047 Y146.125 E.05236
G1 X109.782 Y145.459 F9000
G1 F3600
G1 X108.154 Y145.459 E.05236
G1 X108.82 Y146.125 E.0303
G1 X112.965 Y146.125 E.13329
G1 X112.299 Y145.459 E.0303
G1 X116.444 Y145.459 E.13329
G1 X117.11 Y146.125 E.0303
G1 X121.255 Y146.125 E.13329
G1 X120.589 Y145.459 E.0303
G1 X118.96 Y145.459 E.05236
G1 E-3
;WIPE_START
G1 X119.96 Y145.459 E-1
;WIPE_END
G1 Z2.2 F9000
G1 X91.026 Y143.449 Z2.2
G1 Z1.8
G1 E4 F2400
;TYPE:Internal solid infill
;WIDTH:0.38292
G1 F3000
G1 X91.074 Y143.954 E.01364
G1 X91.19 Y144.431 E.01319
G1 X91.434 Y144.976 E.01602
G1 X91.797 Y145.477 E.01662
G1 X92.253 Y145.895 E.01662
G1 X92.785 Y146.209 E.0166
G1 X93.377 Y146.402 E.01672
G1 X94.045 Y146.474 E.01805
G1 X125.949 Y146.474 E.85685
G1 X126.611 Y146.404 E.0179
G1 X127.201 Y146.21 E.01667
G1 X127.742 Y145.894 E.01683
G1 X128.094 Y145.594 E.01244
G1 X128.411 Y145.23 E.01296
G1 X128.709 Y144.713 E.01604
G1 X128.902 Y144.123 E.01666
G1 X128.974 Y143.455 E.01805
G1 X128.974 Y76.538 E1.79721
G1 X128.896 Y75.883 E.01772
G1 X128.757 Y75.42 E.01298
G1 X128.562 Y75.002 E.0124
G1 X128.21 Y74.518 E.01607
G1 X127.749 Y74.102 E.01667
G1 X127.213 Y73.791 E.01667
G1 X126.618 Y73.596 E.0168
G1 X126.041 Y73.53 E.01559
G1 X94.054 Y73.526 E.85911
G1 X93.39 Y73.603 E.01796
G1 X92.8 Y73.794 E.01662
G1 X92.264 Y74.102 E.01662
G1 X91.798 Y74.52 E.01681
G1 X91.515 Y74.89 E.01251
G1 X91.282 Y75.309 E.01288
G1 X91.098 Y75.877 E.01604
G1 X91.026 Y76.545 E.01805
G1 X91.026 Y143.409 E1.79579
; stop printing object Remote75T.stl id:0 copy 0
;LAYER_CHANGE
;Z:2
;HEIGHT:0.2
;BEFORE_LAYER_CHANGE
;2
G92 E0

G1 E-2.8 F3600
;WIPE_START
G1 F3000
G1 X91.026 Y142.409 E-1.2
;WIPE_END
;_SET_FAN_SPEED_CHANGING_LAYER
; printing object Remote75T.stl id:0 copy 0
G1 Z2.4 F9000
G1 X91.382 Y145.549 Z2.4
G1 Z2
G1 E4 F2400
;TYPE:Inner wall
;WIDTH:0.449999
G1 X91.107 Y145.17 E.01504
G1 X90.821 Y144.527 E.02263
G1 X90.704 Y144.022 E.01666
G1 X90.656 Y143.472 E.01776
G1 X90.656 Y76.533 E2.15252
G1 X90.733 Y75.805 E.02353
G1 X90.948 Y75.141 E.02245
G1 X91.298 Y74.537 E.02246
G1 X91.765 Y74.018 E.02245
G1 X92.33 Y73.607 E.02246
G1 X92.968 Y73.323 E.02246
G1 X93.536 Y73.202 E.0187
G1 X94.017 Y73.156 E.01552
G1 X126.17 Y73.167 E1.03392
G1 X126.689 Y73.231 E.01683
G1 X127.359 Y73.448 E.02263
G1 X127.963 Y73.798 E.02246
G1 X128.482 Y74.265 E.02246
G1 X128.893 Y74.83 E.02246
G1 X129.179 Y75.473 E.02263
G1 X129.304 Y76.07 E.01961
G1 X129.344 Y76.583 E.01656
G1 X129.344 Y143.467 E2.15074
G1 X129.267 Y144.194 E.02353
G1 X129.052 Y144.859 E.02245
G1 X128.702 Y145.463 E.02245
G1 X128.235 Y145.982 E.02246
G1 X127.67 Y146.393 E.02246
G1 X127.033 Y146.677 E.02244
G1 X126.464 Y146.798 E.01871
G1 X125.983 Y146.844 E.01553
G1 X94.033 Y146.844 E1.02739
G1 X93.305 Y146.767 E.02353
G1 X92.641 Y146.552 E.02245
G1 X92.037 Y146.202 E.02246
G1 X91.518 Y145.735 E.02245
G1 X91.406 Y145.581 E.00613
G1 X91.035 Y145.8 F9000
;TYPE:Outer wall
G1 F2400
G1 X90.734 Y145.386 E.01649
G1 X90.413 Y144.664 E.0254
G1 X90.28 Y144.09 E.01895
G1 X90.228 Y143.491 E.01933
G1 X90.228 Y76.511 E2.15384
G1 X90.311 Y75.716 E.0257
G1 X90.555 Y74.966 E.02535
G1 X90.949 Y74.283 E.02535
G1 X91.477 Y73.697 E.02535
G1 X92.114 Y73.234 E.02535
G1 X92.835 Y72.913 E.02535
G1 X93.478 Y72.777 E.02114
G1 X94.006 Y72.728 E.01706
G1 X126.196 Y72.739 E1.03512
G1 X126.783 Y72.811 E.019
G1 X127.534 Y73.055 E.0254
G1 X128.217 Y73.449 E.02535
G1 X128.803 Y73.977 E.02535
G1 X129.266 Y74.614 E.02535
G1 X129.626 Y75.503 E.03083
G1 X129.731 Y76.032 E.01735
G1 X129.772 Y76.583 E.01776
G1 X129.772 Y143.489 E2.15147
G1 X129.689 Y144.284 E.0257
M73 P53 R21
G1 X129.445 Y145.034 E.02535
G1 X129.051 Y145.717 E.02535
G1 X128.523 Y146.303 E.02535
G1 X127.886 Y146.766 E.02535
G1 X127.166 Y147.086 E.02533
G1 X126.523 Y147.223 E.02115
G1 X125.994 Y147.272 E.01707
G1 X94.011 Y147.272 E1.02847
G1 X93.216 Y147.189 E.0257
G1 X92.466 Y146.945 E.02535
G1 X91.783 Y146.551 E.02535
G1 X91.197 Y146.023 E.02535
G1 X91.059 Y145.833 E.00758
G1 E-2.8 F3600
;WIPE_START
G1 F2400
G1 X90.734 Y145.386 E-.66332
G1 X90.552 Y144.977 E-.53668
;WIPE_END
G1 Z2.4 F9000
G1 X125.94 Y75.802 Z2.4
G1 Z2
G1 E4 F2400
;TYPE:Inner wall
G1 X126.207 Y75.967 E.0101
G1 X126.564 Y76.342 E.01664
G1 X126.784 Y76.721 E.0141
G1 X126.933 Y77.233 E.01713
G1 X126.937 Y77.746 E.0165
G1 X126.835 Y78.163 E.01382
G1 X126.657 Y78.53 E.01312
G1 X126.383 Y78.872 E.01408
G1 X125.977 Y79.192 E.01662
G1 X125.604 Y79.358 E.01315
G1 X125.11 Y79.445 E.01612
G1 X124.594 Y79.411 E.01664
G1 X124.148 Y79.256 E.01517
G1 X123.802 Y79.04 E.01312
G1 X123.508 Y78.758 E.01312
G1 X123.279 Y78.42 E.01312
G1 X123.126 Y78.044 E.01304
G1 X123.057 Y77.634 E.01338
G1 X123.089 Y77.094 E.0174
G1 X123.244 Y76.648 E.01517
G1 X123.46 Y76.302 E.01312
G1 X123.742 Y76.008 E.01312
G1 X124.08 Y75.779 E.01312
G1 X124.458 Y75.625 E.01312
G1 X124.86 Y75.554 E.01312
G1 X125.297 Y75.574 E.01408
G1 X125.815 Y75.725 E.01736
G1 X125.906 Y75.781 E.00342
G1 X125.716 Y76.163 F9000
;TYPE:Outer wall
G1 F2400
G1 X125.92 Y76.286 E.00766
G1 X126.218 Y76.593 E.01376
G1 X126.444 Y77.011 E.01527
G1 X126.518 Y77.36 E.01146
G1 X126.514 Y77.678 E.01025
G1 X126.444 Y77.989 E.01025
G1 X126.311 Y78.279 E.01025
G1 X126.114 Y78.539 E.01051
G1 X125.746 Y78.83 E.01507
G1 X125.471 Y78.951 E.00964
G1 X125.045 Y79.013 E.01384
G1 X124.664 Y78.987 E.01228
G1 X124.363 Y78.885 E.01025
G1 X124.089 Y78.722 E.01025
G1 X123.855 Y78.506 E.01025
G1 X123.67 Y78.246 E.01025
G1 X123.545 Y77.954 E.01022
G1 X123.485 Y77.652 E.00988
G1 X123.513 Y77.164 E.01571
G1 X123.699 Y76.717 E.01559
G1 X123.994 Y76.355 E.01502
G1 X124.254 Y76.17 E.01025
G1 X124.547 Y76.044 E.01025
G1 X124.86 Y75.982 E.01025
G1 X125.186 Y75.988 E.01051
G1 X125.637 Y76.115 E.01507
G1 X125.682 Y76.142 E.00168
G1 E-2.8 F3600
;WIPE_START
G1 F2400
G1 X125.92 Y76.286 E-.33376
G1 X126.218 Y76.593 E-.5134
G1 X126.358 Y76.852 E-.35284
;WIPE_END
G1 Z2.4 F9000
G1 X93.162 Y78.13 Z2.4
G1 Z2
G1 E4 F2400
;TYPE:Inner wall
G1 X93.125 Y78.042 E.00307
G1 X93.054 Y77.64 E.01312
G1 X93.067 Y77.233 E.01312
G1 X93.165 Y76.837 E.01312
G1 X93.343 Y76.47 E.01312
G1 X93.617 Y76.128 E.01408
G1 X94.036 Y75.801 E.01709
G1 X94.458 Y75.625 E.01471
G1 X94.86 Y75.554 E.01312
G1 X95.267 Y75.567 E.01312
G1 X95.663 Y75.665 E.01312
G1 X96.03 Y75.843 E.01312
G1 X96.372 Y76.117 E.01408
G1 X96.692 Y76.523 E.01662
G1 X96.875 Y76.958 E.01519
G1 X96.943 Y77.296 E.01108
G1 X96.933 Y77.767 E.01517
G1 X96.835 Y78.163 E.01312
G1 X96.657 Y78.53 E.01312
G1 X96.407 Y78.853 E.01312
G1 X96.068 Y79.13 E.01408
G1 X95.604 Y79.358 E.01664
G1 X95.14 Y79.446 E.01517
G1 X94.733 Y79.433 E.01312
G1 X94.337 Y79.335 E.01312
G1 X93.97 Y79.157 E.01312
G1 X93.628 Y78.883 E.01408
G1 X93.312 Y78.484 E.01636
G1 X93.178 Y78.167 E.01108
G1 X93.55 Y77.966 F9000
;TYPE:Outer wall
G1 F2400
G1 X93.544 Y77.953 E.00046
G1 X93.482 Y77.64 E.01025
G1 X93.486 Y77.322 E.01025
G1 X93.556 Y77.011 E.01025
G1 X93.689 Y76.721 E.01025
G1 X93.886 Y76.461 E.01051
G1 X94.254 Y76.17 E.01507
G1 X94.547 Y76.044 E.01025
G1 X94.86 Y75.982 E.01025
G1 X95.178 Y75.986 E.01025
G1 X95.489 Y76.056 E.01025
G1 X95.779 Y76.189 E.01025
G1 X96.039 Y76.386 E.01051
G1 X96.33 Y76.754 E.01507
G1 X96.485 Y77.184 E.0147
G1 X96.517 Y77.341 E.00513
G1 X96.485 Y77.816 E.01531
G1 X96.321 Y78.263 E.01531
G1 X96.016 Y78.628 E.01531
G1 X95.796 Y78.788 E.00874
G1 X95.453 Y78.956 E.01228
G1 X95.14 Y79.018 E.01025
G1 X94.822 Y79.014 E.01025
G1 X94.511 Y78.944 E.01025
G1 X94.221 Y78.811 E.01025
G1 X93.961 Y78.614 E.01051
G1 X93.67 Y78.246 E.01507
G1 X93.566 Y78.003 E.0085
G1 E-2.8 F3600
;WIPE_START
G1 F2400
G1 X93.544 Y77.953 E-.06515
G1 X93.482 Y77.64 E-.38241
G1 X93.486 Y77.322 E-.38242
G1 X93.554 Y77.021 E-.37002
;WIPE_END
G1 Z2.4 F9000
G1 X122.746 Y75.714 Z2.4
G1 Z2
G1 E4 F2400
;TYPE:Inner wall
G1 X122.544 Y76.064 E.01297
G1 X122.296 Y76.621 E.01963
G1 X122.173 Y77.203 E.01911
G1 X122.173 Y77.797 E.01912
G1 X122.296 Y78.379 E.01911
G1 X122.538 Y78.922 E.01911
G1 X122.887 Y79.402 E.01911
G1 X123.329 Y79.8 E.01911
G1 X123.844 Y80.097 E.01911
G1 X124.409 Y80.281 E.01911
G1 X125 Y80.343 E.01911
G1 X125.591 Y80.281 E.01911
G1 X126.156 Y80.097 E.0191
G1 X126.737 Y79.761 E.02159
G1 X127.003 Y79.68 E.00892
G1 X127.261 Y79.719 E.00839
G1 X127.361 Y79.769 E.00361
G1 X127.565 Y79.972 E.00925
G1 X127.654 Y80.29 E.0106
G1 X127.654 Y139.71 E1.91075
G1 X127.565 Y140.028 E.0106
G1 X127.351 Y140.238 E.00964
G1 X127.137 Y140.314 E.00728
G1 X126.876 Y140.298 E.00841
G1 X126.436 Y140.044 E.01633
G1 X125.879 Y139.796 E.01963
G1 X125.297 Y139.673 E.01911
M73 P53 R20
G1 X124.703 Y139.673 E.01911
G1 X124.121 Y139.796 E.01911
G1 X123.578 Y140.038 E.01911
G1 X123.097 Y140.388 E.01915
G1 X122.725 Y140.798 E.01779
G1 X122.402 Y141.346 E.02048
G1 X122.219 Y141.909 E.01902
G1 X122.157 Y142.5 E.01911
G1 X122.219 Y143.091 E.01912
G1 X122.403 Y143.656 E.0191
G1 X122.739 Y144.237 E.02159
G1 X122.82 Y144.51 E.00915
G1 X122.755 Y144.818 E.01013
G1 X122.528 Y145.065 E.01079
G1 X122.21 Y145.154 E.0106
G1 X97.79 Y145.154 E.78528
G1 X97.472 Y145.065 E.0106
G1 X97.262 Y144.851 E.00964
G1 X97.186 Y144.637 E.00728
G1 X97.212 Y144.345 E.00943
G1 X97.47 Y143.904 E.01643
G1 X97.704 Y143.379 E.0185
G1 X97.827 Y142.797 E.01911
G1 X97.827 Y142.203 E.01912
G1 X97.704 Y141.621 E.01911
G1 X97.462 Y141.078 E.01911
G1 X97.113 Y140.598 E.01911
G1 X96.671 Y140.2 E.01911
G1 X96.156 Y139.903 E.01911
G1 X95.591 Y139.719 E.01911
G1 X95 Y139.657 E.01911
G1 X94.409 Y139.719 E.01911
G1 X93.844 Y139.903 E.0191
G1 X93.263 Y140.239 E.02159
G1 X92.99 Y140.32 E.00915
G1 X92.677 Y140.253 E.01031
G1 X92.435 Y140.028 E.01061
G1 X92.346 Y139.71 E.0106
G1 X92.346 Y80.29 E1.91075
G1 X92.435 Y79.972 E.0106
G1 X92.649 Y79.762 E.00964
G1 X92.895 Y79.682 E.0083
G1 X93.107 Y79.698 E.00685
G1 X93.564 Y79.956 E.01686
G1 X94.121 Y80.204 E.01963
G1 X94.703 Y80.327 E.01911
G1 X95.297 Y80.327 E.01911
G1 X95.879 Y80.204 E.01911
G1 X96.422 Y79.962 E.01911
G1 X96.902 Y79.613 E.01911
G1 X97.3 Y79.171 E.01911
G1 X97.597 Y78.656 E.01911
G1 X97.781 Y78.091 E.01911
G1 X97.843 Y77.5 E.01911
G1 X97.781 Y76.909 E.01911
G1 X97.597 Y76.344 E.0191
G1 X97.261 Y75.763 E.02159
G1 X97.18 Y75.497 E.00892
G1 X97.219 Y75.239 E.00839
G1 X97.269 Y75.139 E.00361
G1 X97.472 Y74.935 E.00925
G1 X97.79 Y74.846 E.0106
G1 X122.211 Y74.846 E.78528
G1 X122.528 Y74.936 E.01062
G1 X122.738 Y75.149 E.00961
G1 X122.814 Y75.363 E.00728
G1 X122.798 Y75.624 E.00841
G1 X122.766 Y75.68 E.00207
G1 X122.385 Y75.507 F9000
;TYPE:Outer wall
G1 F2400
G1 X122.07 Y76.075 E.02091
G1 X121.867 Y76.578 E.01744
G1 X121.744 Y77.158 E.01905
G1 X121.744 Y77.842 E.02202
G1 X121.886 Y78.512 E.022
G1 X122.165 Y79.137 E.02201
G1 X122.567 Y79.691 E.02201
G1 X123.076 Y80.149 E.02201
G1 X123.668 Y80.491 E.02201
G1 X124.319 Y80.702 E.02201
G1 X125 Y80.774 E.02201
G1 X125.681 Y80.702 E.02201
G1 X126.332 Y80.491 E.02201
G1 X126.952 Y80.132 E.02304
G1 X127.108 Y80.12 E.00504
G1 X127.198 Y80.195 E.00379
G1 X127.225 Y80.29 E.00316
G1 X127.225 Y139.71 E1.91075
G1 X127.198 Y139.805 E.00316
G1 X127.071 Y139.89 E.00493
G1 X126.944 Y139.863 E.00419
G1 X126.425 Y139.57 E.01917
G1 X125.921 Y139.367 E.01745
G1 X125.342 Y139.244 E.01904
G1 X124.658 Y139.244 E.02201
G1 X123.988 Y139.386 E.02201
G1 X123.363 Y139.665 E.02201
G1 X122.809 Y140.067 E.02202
G1 X122.378 Y140.542 E.02062
G1 X122.009 Y141.169 E.0234
G1 X121.798 Y141.819 E.02198
G1 X121.726 Y142.5 E.02201
G1 X121.798 Y143.181 E.02202
G1 X122.009 Y143.832 E.022
G1 X122.369 Y144.454 E.02314
G1 X122.38 Y144.609 E.00498
G1 X122.305 Y144.698 E.00376
G1 X122.21 Y144.725 E.00316
G1 X97.79 Y144.725 E.78528
G1 X97.632 Y144.635 E.00583
G1 X97.617 Y144.484 E.00487
G1 X97.918 Y143.952 E.01966
G1 X98.133 Y143.422 E.01838
G1 X98.256 Y142.842 E.01906
G1 X98.256 Y142.158 E.02202
G1 X98.114 Y141.488 E.022
G1 X97.835 Y140.863 E.02201
G1 X97.433 Y140.309 E.02201
G1 X96.924 Y139.851 E.02201
G1 X96.332 Y139.509 E.02201
G1 X95.681 Y139.298 E.02201
G1 X95 Y139.226 E.02201
G1 X94.319 Y139.298 E.02201
G1 X93.668 Y139.509 E.02201
G1 X93.048 Y139.868 E.02304
G1 X92.919 Y139.888 E.0042
G1 X92.802 Y139.805 E.00464
G1 X92.775 Y139.71 E.00316
G1 X92.775 Y80.29 E1.91075
G1 X92.865 Y80.132 E.00583
G1 X93.002 Y80.113 E.00443
G1 X93.547 Y80.417 E.02009
G1 X94.078 Y80.633 E.01841
G1 X94.658 Y80.756 E.01906
G1 X95.342 Y80.756 E.02201
G1 X96.012 Y80.614 E.02201
G1 X96.637 Y80.335 E.02201
G1 X97.191 Y79.933 E.02201
G1 X97.649 Y79.424 E.02201
G1 X97.991 Y78.832 E.02201
G1 X98.202 Y78.181 E.02201
G1 X98.274 Y77.5 E.02201
G1 X98.202 Y76.819 E.02201
G1 X97.991 Y76.168 E.02201
G1 X97.632 Y75.548 E.02304
G1 X97.62 Y75.392 E.00504
G1 X97.695 Y75.302 E.00379
G1 X97.79 Y75.275 E.00316
G1 X122.21 Y75.275 E.78528
G1 X122.368 Y75.365 E.00583
G1 X122.38 Y75.467 E.0033
G1 E-2.8 F3600
;WIPE_START
G1 F2400
G1 X122.07 Y76.075 E-.81942
G1 X121.951 Y76.369 E-.38058
;WIPE_END
G1 Z2.4 F9000
G1 X93.116 Y142.987 Z2.4
G1 Z2
G1 E4 F2400
;TYPE:Inner wall
G1 X93.054 Y142.64 E.01132
G1 X93.067 Y142.233 E.01312
G1 X93.178 Y141.809 E.01408
G1 X93.46 Y141.302 E.01866
G1 X93.756 Y140.998 E.01366
G1 X94.08 Y140.779 E.01257
G1 X94.458 Y140.625 E.01312
G1 X94.86 Y140.554 E.01312
G1 X95.267 Y140.567 E.01312
G1 X95.663 Y140.665 E.01312
G1 X96.054 Y140.862 E.01408
G1 X96.452 Y141.193 E.01664
G1 X96.721 Y141.58 E.01517
G1 X96.875 Y141.958 E.01312
G1 X96.946 Y142.36 E.01312
G1 X96.933 Y142.767 E.01312
G1 X96.835 Y143.163 E.01312
G1 X96.638 Y143.554 E.01408
G1 X96.258 Y143.992 E.01866
G1 X95.92 Y144.221 E.01312
G1 X95.542 Y144.375 E.01312
G1 X95.11 Y144.445 E.01408
G1 X94.532 Y144.395 E.01866
G1 X94.148 Y144.256 E.01312
G1 X93.793 Y144.033 E.01349
G1 X93.563 Y143.824 E.00998
G1 X93.292 Y143.441 E.01509
G1 X93.125 Y143.042 E.0139
G1 X93.123 Y143.026 E.00051
G1 X93.536 Y142.912 F9000
;TYPE:Outer wall
G1 F2400
G1 X93.482 Y142.64 E.00891
G1 X93.486 Y142.322 E.01025
G1 X93.56 Y142.004 E.01051
G1 X93.778 Y141.589 E.01507
G1 X94.008 Y141.344 E.01079
G1 X94.383 Y141.113 E.01417
G1 X94.841 Y140.983 E.01529
G1 X95.316 Y141.015 E.01531
G1 X95.762 Y141.179 E.01527
G1 X96.145 Y141.494 E.01598
G1 X96.33 Y141.754 E.01025
G1 X96.456 Y142.047 E.01025
G1 X96.518 Y142.36 E.01025
G1 X96.514 Y142.678 E.01025
G1 X96.444 Y142.989 E.01025
G1 X96.305 Y143.285 E.01051
G1 X96.006 Y143.645 E.01507
G1 X95.746 Y143.83 E.01025
G1 X95.453 Y143.956 E.01025
G1 X95.132 Y144.017 E.01051
G1 X94.622 Y143.973 E.01647
G1 X94.363 Y143.885 E.0088
G1 X94.08 Y143.714 E.01062
G1 X93.871 Y143.526 E.00904
G1 X93.681 Y143.263 E.01042
G1 X93.545 Y142.953 E.01089
G1 X93.544 Y142.951 E.00006
G1 E-2.8 F3600
;WIPE_START
G1 F2400
G1 X93.482 Y142.64 E-.3805
G1 X93.486 Y142.322 E-.38242
G1 X93.56 Y142.004 E-.39207
G1 X93.578 Y141.97 E-.045
;WIPE_END
G1 Z2.4 F9000
G1 X126.875 Y143.001 Z2.4
G1 Z2
G1 E4 F2400
;TYPE:Inner wall
G1 X126.835 Y143.163 E.00537
G1 X126.638 Y143.554 E.01408
G1 X126.258 Y143.992 E.01866
G1 X125.92 Y144.221 E.01312
G1 X125.542 Y144.375 E.01312
G1 X125.11 Y144.445 E.01408
G1 X124.534 Y144.395 E.01858
G1 X124.171 Y144.266 E.0124
G1 X123.802 Y144.041 E.0139
G1 X123.498 Y143.744 E.01367
G1 X123.279 Y143.42 E.01257
G1 X123.125 Y143.042 E.01312
G1 X123.054 Y142.64 E.01312
G1 X123.054 Y142.36 E.00903
G1 X123.165 Y141.837 E.01719
G1 X123.362 Y141.446 E.01408
G1 X123.692 Y141.049 E.0166
G1 X124.08 Y140.779 E.0152
G1 X124.458 Y140.625 E.01312
G1 X124.86 Y140.554 E.01312
G1 X125.297 Y140.574 E.01408
G1 X125.795 Y140.715 E.01663
G1 X126.198 Y140.96 E.01517
G1 X126.492 Y141.242 E.01312
G1 X126.721 Y141.58 E.01312
G1 X126.875 Y141.958 E.01312
G1 X126.946 Y142.36 E.01312
G1 X126.933 Y142.767 E.01312
G1 X126.885 Y142.963 E.00646
G1 X126.464 Y142.9 F9000
;TYPE:Outer wall
G1 F2400
G1 X126.444 Y142.989 E.00293
G1 X126.305 Y143.285 E.01051
G1 X126.006 Y143.645 E.01507
G1 X125.746 Y143.83 E.01025
G1 X125.453 Y143.956 E.01025
G1 X125.132 Y144.017 E.01051
G1 X124.665 Y143.987 E.01504
G1 X124.382 Y143.892 E.00961
G1 X124.089 Y143.722 E.01089
G1 X123.844 Y143.492 E.0108
G1 X123.613 Y143.117 E.01417
G1 X123.483 Y142.659 E.01529
G1 X123.482 Y142.36 E.00964
G1 X123.556 Y142.011 E.01146
G1 X123.695 Y141.715 E.01051
G1 X123.994 Y141.355 E.01507
G1 X124.254 Y141.17 E.01025
G1 X124.547 Y141.044 E.01025
G1 X124.86 Y140.982 E.01025
G1 X125.186 Y140.988 E.01051
G1 X125.637 Y141.115 E.01507
G1 X125.911 Y141.278 E.01025
G1 X126.145 Y141.494 E.01025
G1 X126.33 Y141.754 E.01025
G1 X126.456 Y142.047 E.01025
G1 X126.518 Y142.36 E.01025
G1 X126.514 Y142.678 E.01025
G1 X126.473 Y142.861 E.00603
G1 X127.189 Y141.988 F9000
;TYPE:Sparse infill
;WIDTH:0.45
G1 F3600
G1 X127.252 Y142.352 E.01188
G1 X127.239 Y142.793 E.01419
G1 X127.158 Y143.17 E.01239
G1 X126.987 Y143.567 E.0139
G1 X128.545 Y145.125 E.07085
G1 X128.454 Y145.283 E.00586
G1 X128.03 Y145.754 E.02039
G1 X127.517 Y146.127 E.02039
G1 X126.938 Y146.385 E.02037
G1 X126.293 Y146.522 E.02119
G1 X125.813 Y146.538 E.01545
G1 X122.624 Y143.349 E.14504
G1 X122.519 Y143.027 E.01087
G1 X122.464 Y142.5 E.01706
G1 X122.519 Y141.973 E.01705
G1 X122.59 Y141.754 E.00739
G1 E-3
;WIPE_START
G1 X122.519 Y141.973 E-.22967
G1 X122.464 Y142.5 E-.53015
G1 X122.489 Y142.739 E-.24018
;WIPE_END
G1 Z2.4 F9000
G1 X120.04 Y146.538 Z2.4
G1 Z2
G1 E4 F2400
G1 F3600
G1 X121.668 Y146.538 E.05236
G1 X120.589 Y145.459 E.04909
G1 X116.444 Y145.459 E.13329
G1 X117.523 Y146.538 E.04909
G1 X113.378 Y146.538 E.13329
G1 X112.299 Y145.459 E.04909
G1 X108.154 Y145.459 E.13329
G1 X109.233 Y146.538 E.04909
G1 X105.088 Y146.538 E.13329
G1 X104.009 Y145.459 E.04909
G1 X99.864 Y145.459 E.13329
G1 X100.943 Y146.538 E.04909
G1 X96.798 Y146.538 E.13329
G1 X95.005 Y144.745 E.08156
G1 X95.148 Y144.752 E.00461
G1 X95.612 Y144.672 E.01515
G1 X96.05 Y144.498 E.01517
G1 X96.441 Y144.237 E.01511
G1 X96.607 Y144.079 E.00737
G1 X96.945 Y143.65 E.01755
G1 X97.149 Y143.199 E.01593
G1 X97.229 Y142.824 E.01232
G1 X97.46 Y143.056 E.01054
G1 X97.522 Y142.765 E.00955
G1 X97.522 Y142.235 E.01706
G1 X97.412 Y141.716 E.01704
G1 X97.196 Y141.232 E.01705
G1 X96.885 Y140.803 E.01703
G1 X96.469 Y140.436 E.01786
G1 X96.031 Y140.183 E.01623
G1 X95.527 Y140.019 E.01705
G1 X95 Y139.964 E.01705
G1 X94.436 Y140.031 E.01826
G1 X94.672 Y140.267 E.01074
G1 X95 Y140.248 E.01056
G1 X95.325 Y140.267 E.01048
G1 X95.78 Y140.382 E.0151
G1 X96.131 Y140.544 E.01241
G1 X96.224 Y140.617 E.00381
G1 X93.196 Y141.11 F9000
;TYPE:Internal solid infill
;WIDTH:0.38292
G1 F3000
G1 X93.345 Y140.939 E.0061
G1 X92.766 Y141.073 F9000
;TYPE:Sparse infill
;WIDTH:0.45
G1 F3600
G1 X92.716 Y141.129 E.00243
G1 X92.957 Y141.346 E.01043
G1 X92.96 Y141.381 E.00114
G1 X93.026 Y141.437 E.00277
G1 X92.876 Y141.734 E.01072
G1 X92.767 Y142.176 E.01463
G1 X92.754 Y142.494 E.01024
G1 X90.962 Y140.702 E.08151
G1 X90.962 Y136.557 E.13329
M73 P54 R20
G1 X92.041 Y137.636 E.04909
G1 X92.041 Y133.491 E.13329
G1 X90.962 Y132.412 E.04909
G1 X90.962 Y128.267 E.13329
G1 X92.041 Y129.346 E.04909
G1 X92.041 Y125.201 E.13329
G1 X90.962 Y124.122 E.04909
G1 X90.962 Y119.977 E.13329
G1 X92.041 Y121.056 E.04909
G1 X92.041 Y116.911 E.13329
G1 X90.962 Y115.832 E.04909
G1 X90.962 Y111.687 E.13329
G1 X92.041 Y112.766 E.04909
G1 X92.041 Y108.621 E.13329
G1 X90.962 Y107.542 E.04909
G1 X90.962 Y103.397 E.13329
G1 X92.041 Y104.476 E.04909
G1 X92.041 Y100.331 E.13329
G1 X90.962 Y99.252 E.04909
G1 X90.962 Y95.107 E.13329
G1 X92.041 Y96.186 E.04909
G1 X92.041 Y92.041 E.13329
G1 X90.962 Y90.962 E.04909
G1 X90.962 Y92.59 E.05236
G1 X92.041 Y89.524 F9000
G1 F3600
G1 X92.041 Y87.896 E.05236
G1 X90.962 Y86.817 E.04909
G1 X90.962 Y82.672 E.13329
G1 X92.041 Y83.751 E.04909
G1 X92.041 Y80.276 E.11176
G1 X92.171 Y79.813 E.01544
G1 X92.21 Y79.775 E.00177
G1 X90.962 Y78.527 E.05675
G1 X90.962 Y80.155 E.05236
G1 X92.811 Y78.012 F9000
G1 F3600
G1 X92.748 Y77.647 E.01191
G1 X92.766 Y77.177 E.01511
G1 X92.839 Y76.843 E.01101
G1 X93.013 Y76.433 E.01433
G1 X91.455 Y74.875 E.07084
G1 X91.546 Y74.717 E.00586
G1 X91.97 Y74.246 E.02039
G1 X92.483 Y73.873 E.02039
G1 X93.063 Y73.615 E.02039
G1 X93.706 Y73.478 E.02116
G1 X94.187 Y73.462 E.01546
G1 X97.376 Y76.651 E.14504
G1 X97.481 Y76.973 E.01088
G1 X97.536 Y77.5 E.01705
G1 X97.481 Y78.027 E.01705
G1 X97.41 Y78.246 E.00738
G1 E-3
;WIPE_START
G1 X97.481 Y78.027 E-.22965
G1 X97.536 Y77.5 E-.53018
G1 X97.511 Y77.261 E-.24017
;WIPE_END
G1 Z2.4 F9000
G1 X99.962 Y73.464 Z2.4
G1 Z2
G1 E4 F2400
G1 F3600
G1 X98.333 Y73.463 E.05236
G1 X99.411 Y74.541 E.04903
G1 X103.556 Y74.541 E.13329
G1 X102.48 Y73.464 E.04896
G1 X106.626 Y73.466 E.13333
G1 X107.701 Y74.541 E.0489
G1 X111.846 Y74.541 E.13329
G1 X110.772 Y73.467 E.04884
G1 X114.919 Y73.469 E.13333
G1 X115.991 Y74.541 E.04877
G1 X120.136 Y74.541 E.13329
G1 X119.065 Y73.47 E.04871
G1 X123.212 Y73.471 E.13333
G1 X124.989 Y75.248 E.0808
G1 X124.851 Y75.248 E.00443
G1 X124.388 Y75.328 E.01511
G1 X123.95 Y75.502 E.01517
G1 X123.557 Y75.765 E.01518
G1 X123.206 Y76.128 E.01626
G1 X122.936 Y76.58 E.01691
G1 X122.813 Y76.944 E.01236
G1 X122.771 Y77.176 E.00759
G1 X122.54 Y76.944 E.01054
G1 X122.478 Y77.235 E.00955
G1 X122.478 Y77.765 E.01706
G1 X122.588 Y78.284 E.01704
G1 X122.804 Y78.768 E.01705
G1 X123.115 Y79.197 E.01705
G1 X123.509 Y79.552 E.01705
G1 X123.947 Y79.804 E.01625
G1 X124.473 Y79.981 E.01784
G1 X125 Y80.036 E.01703
G1 X125.564 Y79.969 E.01826
G1 X125.324 Y79.729 E.01092
G1 X125.698 Y79.649 E.01231
G1 X126.132 Y79.456 E.01527
G1 X126.58 Y79.106 E.01829
G1 X126.737 Y78.94 E.00734
G1 X126.996 Y78.552 E.01501
G1 X127.125 Y78.264 E.01014
G1 X127.239 Y77.795 E.01553
G1 X127.247 Y77.507 E.00925
G1 X129.038 Y79.298 E.08144
G1 X129.038 Y77.67 E.05236
G1 X127.959 Y80.735 F9000
G1 F3600
G1 X127.959 Y82.364 E.05236
G1 X129.038 Y83.443 E.04909
G1 X129.038 Y87.588 E.13329
G1 X127.959 Y86.509 E.04909
G1 X127.959 Y90.654 E.13329
G1 X129.038 Y91.733 E.04909
G1 X129.038 Y93.362 E.05236
G1 X127.959 Y93.17 F9000
G1 F3600
G1 X127.959 Y94.799 E.05236
G1 X129.038 Y95.878 E.04909
G1 X129.038 Y100.023 E.13329
G1 X127.959 Y98.944 E.04909
G1 X127.959 Y103.089 E.13329
G1 X129.038 Y104.168 E.04909
G1 X129.038 Y108.313 E.13329
G1 X127.959 Y107.234 E.04909
G1 X127.959 Y111.379 E.13329
G1 X129.038 Y112.458 E.04909
G1 X129.038 Y116.603 E.13329
G1 X127.959 Y115.524 E.04909
G1 X127.959 Y119.669 E.13329
G1 X129.038 Y120.748 E.04909
G1 X129.038 Y124.893 E.13329
G1 X127.959 Y123.814 E.04909
G1 X127.959 Y127.959 E.13329
G1 X129.038 Y129.038 E.04909
G1 X129.038 Y133.183 E.13329
G1 X127.959 Y132.104 E.04909
G1 X127.959 Y130.476 E.05236
G1 X129.038 Y135.7 F9000
G1 F3600
G1 X129.038 Y137.328 E.05236
G1 X127.959 Y136.249 E.04909
G1 X127.959 Y139.715 E.11145
G1 X127.945 Y139.874 E.00513
G1 X127.826 Y140.19 E.01086
G1 X127.79 Y140.226 E.00162
G1 X129.038 Y141.473 E.05675
G1 X129.038 Y139.845 E.05236
; stop printing object Remote75T.stl id:0 copy 0
;LAYER_CHANGE
;Z:2.2
;HEIGHT:0.2
;BEFORE_LAYER_CHANGE
;2.2
G92 E0

G1 E-3 F3600
;WIPE_START
G1 X129.038 Y140.845 E-1
;WIPE_END
;_SET_FAN_SPEED_CHANGING_LAYER
; printing object Remote75T.stl id:0 copy 0
G1 Z2.6 F9000
G1 X91.372 Y145.546 Z2.6
G1 Z2.2
G1 E4 F2400
;TYPE:Inner wall
;WIDTH:0.449999
G1 X91.298 Y145.463 E.00357
G1 X90.948 Y144.859 E.02245
G1 X90.733 Y144.195 E.02245
G1 X90.656 Y143.467 E.02353
G1 X90.656 Y76.533 E2.15234
G1 X90.733 Y75.805 E.02353
G1 X90.948 Y75.141 E.02245
G1 X91.298 Y74.537 E.02246
G1 X91.765 Y74.018 E.02245
G1 X92.33 Y73.607 E.02246
G1 X92.968 Y73.323 E.02246
G1 X93.536 Y73.202 E.0187
G1 X94.017 Y73.156 E.01552
G1 X126.157 Y73.166 E1.0335
G1 X126.69 Y73.231 E.01726
G1 X127.359 Y73.448 E.02261
G1 X127.963 Y73.798 E.02246
G1 X128.482 Y74.265 E.02246
G1 X128.893 Y74.83 E.02246
G1 X129.179 Y75.473 E.02264
G1 X129.302 Y76.057 E.01919
G1 X129.344 Y76.584 E.017
G1 X129.344 Y143.467 E2.1507
G1 X129.267 Y144.195 E.02353
G1 X129.052 Y144.859 E.02245
G1 X128.702 Y145.463 E.02246
G1 X128.235 Y145.982 E.02246
G1 X127.67 Y146.393 E.02245
G1 X127.032 Y146.677 E.02245
G1 X126.464 Y146.798 E.0187
G1 X125.983 Y146.844 E.01553
G1 X94.033 Y146.844 E1.02739
G1 X93.305 Y146.767 E.02353
G1 X92.636 Y146.55 E.02264
G1 X92.194 Y146.305 E.01624
G1 X91.768 Y145.986 E.01711
G1 X91.399 Y145.576 E.01776
G1 X91.053 Y145.833 F9000
;TYPE:Outer wall
G1 F2400
G1 X90.949 Y145.717 E.00502
G1 X90.555 Y145.034 E.02535
G1 X90.311 Y144.284 E.02535
G1 X90.228 Y143.489 E.0257
G1 X90.228 Y76.511 E2.15379
G1 X90.311 Y75.716 E.0257
G1 X90.555 Y74.966 E.02535
G1 X90.949 Y74.283 E.02535
G1 X91.477 Y73.697 E.02535
G1 X92.114 Y73.234 E.02535
G1 X92.835 Y72.913 E.02535
G1 X93.478 Y72.777 E.02114
G1 X94.006 Y72.728 E.01706
G1 X126.183 Y72.738 E1.03469
G1 X126.783 Y72.811 E.01943
G1 X127.534 Y73.055 E.0254
G1 X128.217 Y73.449 E.02535
G1 X128.803 Y73.977 E.02535
G1 X129.266 Y74.614 E.02535
G1 X129.626 Y75.502 E.03079
G1 X129.729 Y76.019 E.01697
G1 X129.772 Y76.584 E.01822
G1 X129.772 Y143.489 E2.15142
G1 X129.689 Y144.284 E.0257
G1 X129.445 Y145.034 E.02535
G1 X129.051 Y145.717 E.02535
G1 X128.523 Y146.303 E.02536
G1 X127.886 Y146.766 E.02535
G1 X127.165 Y147.087 E.02535
G1 X126.522 Y147.223 E.02114
G1 X125.994 Y147.272 E.01706
G1 X94.011 Y147.272 E1.02847
G1 X93.216 Y147.189 E.0257
G1 X92.464 Y146.945 E.02541
G1 X91.96 Y146.666 E.01852
G1 X91.478 Y146.304 E.01941
G1 X91.08 Y145.862 E.01909
G1 E-2.8 F3600
;WIPE_START
G1 F2400
G1 X90.949 Y145.717 E-.23526
G1 X90.555 Y145.034 E-.94606
G1 X90.55 Y145.019 E-.01868
;WIPE_END
G1 Z2.6 F9000
G1 X125.942 Y75.803 Z2.6
G1 Z2.2
G1 E4 F2400
;TYPE:Inner wall
G1 X126.207 Y75.967 E.01002
G1 X126.564 Y76.342 E.01664
G1 X126.78 Y76.712 E.01377
G1 X126.875 Y76.958 E.00849
G1 X126.946 Y77.36 E.01312
G1 X126.933 Y77.767 E.01312
G1 X126.835 Y78.163 E.01312
G1 X126.657 Y78.53 E.01312
G1 X126.407 Y78.853 E.01312
G1 X126.068 Y79.13 E.01408
G1 X125.604 Y79.358 E.01664
G1 X125.14 Y79.446 E.01517
G1 X124.733 Y79.433 E.01312
G1 X124.337 Y79.335 E.01312
G1 X123.97 Y79.157 E.01312
G1 X123.647 Y78.907 E.01312
G1 X123.385 Y78.595 E.01312
G1 X123.184 Y78.206 E.01408
G1 X123.057 Y77.704 E.01663
G1 X123.067 Y77.233 E.01517
G1 X123.165 Y76.837 E.01312
G1 X123.343 Y76.47 E.01312
G1 X123.593 Y76.147 E.01312
G1 X123.932 Y75.87 E.01408
G1 X124.458 Y75.625 E.01866
G1 X124.86 Y75.554 E.01312
G1 X125.297 Y75.574 E.01408
G1 X125.816 Y75.725 E.01738
G1 X125.908 Y75.782 E.00349
G1 X125.718 Y76.164 F9000
;TYPE:Outer wall
G1 F2400
G1 X125.92 Y76.286 E.00758
G1 X126.218 Y76.593 E.01376
G1 X126.444 Y77.011 E.01527
G1 X126.518 Y77.36 E.01146
G1 X126.514 Y77.678 E.01025
G1 X126.444 Y77.989 E.01025
G1 X126.311 Y78.279 E.01025
G1 X126.12 Y78.534 E.01025
G1 X125.873 Y78.748 E.01051
G1 X125.453 Y78.956 E.01507
G1 X125 Y79.018 E.0147
G1 X124.529 Y78.951 E.01531
G1 X124.108 Y78.728 E.01531
G1 X123.766 Y78.397 E.01531
G1 X123.575 Y78.011 E.01384
G1 X123.482 Y77.64 E.01228
G1 X123.486 Y77.322 E.01025
G1 X123.556 Y77.011 E.01025
G1 X123.689 Y76.721 E.01025
G1 X123.88 Y76.466 E.01025
G1 X124.127 Y76.252 E.01051
G1 X124.547 Y76.044 E.01507
G1 X124.86 Y75.982 E.01025
G1 X125.186 Y75.988 E.01051
G1 X125.637 Y76.115 E.01507
G1 X125.684 Y76.143 E.00175
G1 E-2.8 F3600
;WIPE_START
G1 F2400
G1 X125.92 Y76.286 E-.3308
G1 X126.218 Y76.593 E-.51339
G1 X126.359 Y76.854 E-.3558
;WIPE_END
G1 Z2.6 F9000
G1 X93.158 Y78.122 Z2.6
G1 Z2.2
G1 E4 F2400
;TYPE:Inner wall
G1 X93.126 Y78.045 E.00268
G1 X93.058 Y77.64 E.01321
G1 X93.105 Y77.032 E.0196
G1 X93.244 Y76.648 E.01312
G1 X93.467 Y76.293 E.01349
G1 X93.647 Y76.093 E.00865
G1 X94.08 Y75.779 E.01719
G1 X94.458 Y75.625 E.01312
G1 X94.86 Y75.554 E.01312
G1 X95.267 Y75.567 E.01312
G1 X95.663 Y75.665 E.01312
G1 X96.03 Y75.843 E.01312
G1 X96.372 Y76.117 E.01408
G1 X96.692 Y76.523 E.01662
G1 X96.875 Y76.958 E.01519
G1 X96.946 Y77.36 E.01312
G1 X96.933 Y77.767 E.01312
G1 X96.835 Y78.163 E.01312
G1 X96.657 Y78.53 E.01312
G1 X96.407 Y78.853 E.01312
G1 X96.068 Y79.13 E.01408
G1 X95.604 Y79.358 E.01664
G1 X95.14 Y79.446 E.01517
G1 X94.733 Y79.433 E.01312
G1 X94.337 Y79.335 E.01312
G1 X93.946 Y79.138 E.01408
G1 X93.508 Y78.758 E.01866
G1 X93.279 Y78.42 E.01312
G1 X93.173 Y78.159 E.00905
G1 X93.549 Y77.963 F9000
;TYPE:Outer wall
G1 F2400
G1 X93.545 Y77.954 E.00031
G1 X93.486 Y77.657 E.00972
G1 X93.527 Y77.122 E.01727
G1 X93.615 Y76.863 E.0088
G1 X93.786 Y76.58 E.01062
G1 X93.966 Y76.38 E.00865
G1 X94.254 Y76.17 E.01146
G1 X94.547 Y76.044 E.01025
G1 X94.86 Y75.982 E.01025
G1 X95.178 Y75.986 E.01025
G1 X95.489 Y76.056 E.01025
M73 P55 R20
G1 X95.779 Y76.189 E.01025
G1 X96.039 Y76.386 E.01051
G1 X96.33 Y76.754 E.01507
G1 X96.485 Y77.184 E.0147
G1 X96.517 Y77.659 E.01531
G1 X96.387 Y78.117 E.01531
G1 X96.133 Y78.521 E.01531
G1 X95.796 Y78.788 E.01384
G1 X95.453 Y78.956 E.01228
G1 X95.14 Y79.018 E.01025
G1 X94.822 Y79.014 E.01025
G1 X94.511 Y78.944 E.01025
G1 X94.215 Y78.805 E.01051
G1 X93.855 Y78.506 E.01507
G1 X93.67 Y78.246 E.01025
G1 X93.564 Y77.999 E.00862
G1 E-2.8 F3600
;WIPE_START
G1 F2400
G1 X93.545 Y77.954 E-.05953
G1 X93.486 Y77.657 E-.36276
G1 X93.527 Y77.122 E-.64452
G1 X93.563 Y77.017 E-.1332
;WIPE_END
G1 Z2.6 F9000
G1 X122.772 Y75.637 Z2.6
G1 Z2.2
G1 E4 F2400
;TYPE:Inner wall
G1 X122.722 Y75.79 E.00515
G1 X122.474 Y76.222 E.01602
G1 X122.264 Y76.775 E.01903
G1 X122.173 Y77.36 E.01903
G1 X122.205 Y77.951 E.01903
G1 X122.351 Y78.501 E.01831
G1 X122.565 Y78.96 E.01628
G1 X122.887 Y79.402 E.0176
G1 X123.329 Y79.8 E.01911
G1 X123.844 Y80.097 E.01911
G1 X124.409 Y80.281 E.01911
G1 X125 Y80.343 E.01911
G1 X125.591 Y80.281 E.01912
G1 X126.156 Y80.097 E.01909
G1 X126.737 Y79.761 E.02159
G1 X127.002 Y79.68 E.0089
G1 X127.261 Y79.719 E.00841
G1 X127.361 Y79.769 E.00361
G1 X127.565 Y79.972 E.00925
G1 X127.654 Y80.29 E.0106
G1 X127.654 Y139.71 E1.91075
G1 X127.565 Y140.028 E.0106
G1 X127.351 Y140.238 E.00964
G1 X127.137 Y140.314 E.00728
G1 X126.845 Y140.288 E.00942
G1 X126.404 Y140.03 E.01643
G1 X125.879 Y139.796 E.0185
G1 X125.297 Y139.673 E.01911
G1 X124.703 Y139.673 E.01911
G1 X124.121 Y139.796 E.01911
G1 X123.578 Y140.038 E.01911
G1 X123.097 Y140.388 E.01916
G1 X122.732 Y140.789 E.01741
G1 X122.402 Y141.347 E.02087
G1 X122.219 Y141.909 E.019
G1 X122.157 Y142.5 E.01911
G1 X122.219 Y143.091 E.01912
G1 X122.403 Y143.656 E.01909
G1 X122.739 Y144.237 E.02159
G1 X122.82 Y144.51 E.00915
G1 X122.758 Y144.814 E.00997
G1 X122.528 Y145.064 E.01094
G1 X122.21 Y145.154 E.0106
G1 X97.79 Y145.154 E.78528
G1 X97.472 Y145.064 E.0106
G1 X97.242 Y144.814 E.01094
G1 X97.18 Y144.51 E.00997
G1 X97.278 Y144.21 E.01013
G1 X97.526 Y143.778 E.01603
G1 X97.736 Y143.225 E.01903
G1 X97.827 Y142.64 E.01903
G1 X97.795 Y142.049 E.01903
G1 X97.64 Y141.478 E.01903
G1 X97.383 Y140.97 E.01831
G1 X97.078 Y140.566 E.01628
G1 X96.671 Y140.2 E.0176
G1 X96.156 Y139.903 E.01911
G1 X95.591 Y139.719 E.01911
G1 X95 Y139.657 E.01911
G1 X94.409 Y139.719 E.01912
G1 X93.844 Y139.903 E.01909
G1 X93.263 Y140.239 E.02159
G1 X92.998 Y140.32 E.0089
G1 X92.863 Y140.314 E.00435
G1 X92.639 Y140.231 E.00768
G1 X92.435 Y140.028 E.00925
G1 X92.346 Y139.71 E.0106
G1 X92.346 Y80.29 E1.91075
G1 X92.435 Y79.972 E.0106
G1 X92.649 Y79.762 E.00964
G1 X92.863 Y79.686 E.00728
G1 X93.155 Y79.712 E.00943
G1 X93.596 Y79.97 E.01643
G1 X94.121 Y80.204 E.0185
G1 X94.703 Y80.327 E.01911
G1 X95.297 Y80.327 E.01911
G1 X95.879 Y80.204 E.01911
G1 X96.422 Y79.962 E.01911
G1 X96.902 Y79.613 E.01911
G1 X97.3 Y79.171 E.01911
G1 X97.597 Y78.656 E.01911
G1 X97.781 Y78.091 E.01911
G1 X97.843 Y77.5 E.01911
G1 X97.781 Y76.909 E.01911
G1 X97.597 Y76.344 E.0191
G1 X97.261 Y75.763 E.02159
G1 X97.18 Y75.497 E.00892
G1 X97.219 Y75.239 E.00839
G1 X97.269 Y75.139 E.00361
G1 X97.472 Y74.935 E.00925
G1 X97.79 Y74.846 E.0106
G1 X122.211 Y74.846 E.78528
G1 X122.528 Y74.936 E.01062
G1 X122.753 Y75.178 E.01062
G1 X122.82 Y75.491 E.01029
G1 X122.785 Y75.599 E.00367
G1 X122.384 Y75.511 F9000
;TYPE:Outer wall
G1 F2400
G1 X122.083 Y76.047 E.0198
G1 X121.867 Y76.578 E.01841
G1 X121.744 Y77.158 E.01906
G1 X121.744 Y77.843 E.02202
G1 X121.886 Y78.512 E.022
G1 X122.165 Y79.137 E.02201
G1 X122.567 Y79.691 E.02201
G1 X123.076 Y80.149 E.02201
G1 X123.668 Y80.491 E.02201
G1 X124.319 Y80.702 E.02201
G1 X125 Y80.774 E.02201
G1 X125.681 Y80.702 E.02202
G1 X126.332 Y80.491 E.022
G1 X126.952 Y80.132 E.02304
G1 X127.108 Y80.12 E.00504
G1 X127.198 Y80.195 E.00379
G1 X127.225 Y80.29 E.00316
G1 X127.225 Y139.71 E1.91075
G1 X127.198 Y139.805 E.00316
G1 X127.071 Y139.89 E.00493
G1 X126.944 Y139.863 E.00419
G1 X126.452 Y139.582 E.01822
G1 X125.922 Y139.367 E.01838
G1 X125.342 Y139.244 E.01906
G1 X124.658 Y139.244 E.02201
G1 X123.988 Y139.386 E.02201
G1 X123.363 Y139.665 E.02201
G1 X122.809 Y140.067 E.02202
G1 X122.386 Y140.533 E.02023
G1 X122.009 Y141.169 E.02379
G1 X121.798 Y141.819 E.02198
G1 X121.726 Y142.5 E.02201
G1 X121.798 Y143.181 E.02202
G1 X122.009 Y143.832 E.022
G1 X122.369 Y144.454 E.02313
G1 X122.381 Y144.605 E.00487
G1 X122.305 Y144.698 E.00387
G1 X122.21 Y144.725 E.00316
G1 X97.79 Y144.725 E.78528
G1 X97.634 Y144.638 E.00573
G1 X97.616 Y144.489 E.00481
G1 X97.917 Y143.953 E.0198
G1 X98.133 Y143.422 E.01841
G1 X98.256 Y142.842 E.01906
G1 X98.256 Y142.157 E.02202
G1 X98.114 Y141.488 E.022
G1 X97.835 Y140.863 E.02201
G1 X97.433 Y140.309 E.02201
G1 X96.924 Y139.851 E.02201
G1 X96.332 Y139.509 E.02201
G1 X95.681 Y139.298 E.02201
G1 X95 Y139.226 E.02201
G1 X94.319 Y139.298 E.02202
G1 X93.668 Y139.509 E.022
G1 X93.048 Y139.868 E.02304
G1 X92.929 Y139.89 E.0039
G1 X92.802 Y139.805 E.00493
G1 X92.775 Y139.71 E.00316
G1 X92.775 Y80.29 E1.91075
G1 X92.865 Y80.132 E.00583
G1 X93.016 Y80.117 E.00487
G1 X93.548 Y80.418 E.01966
G1 X94.078 Y80.633 E.01838
G1 X94.658 Y80.756 E.01906
G1 X95.342 Y80.756 E.02201
G1 X96.012 Y80.614 E.02201
G1 X96.637 Y80.335 E.02201
G1 X97.191 Y79.933 E.02201
G1 X97.649 Y79.424 E.02201
G1 X97.991 Y78.832 E.02201
G1 X98.202 Y78.181 E.02201
G1 X98.274 Y77.5 E.02201
G1 X98.202 Y76.819 E.02201
G1 X97.991 Y76.168 E.02201
G1 X97.632 Y75.548 E.02304
G1 X97.62 Y75.392 E.00504
G1 X97.695 Y75.302 E.00379
G1 X97.79 Y75.275 E.00316
G1 X122.21 Y75.275 E.78528
G1 X122.366 Y75.362 E.00574
G1 X122.379 Y75.471 E.00352
G1 E-2.8 F3600
;WIPE_START
G1 F2400
G1 X122.083 Y76.047 E-.77796
G1 X121.95 Y76.373 E-.42205
;WIPE_END
G1 Z2.6 F9000
G1 X93.118 Y142.977 Z2.6
G1 Z2.2
G1 E4 F2400
;TYPE:Inner wall
G1 X93.054 Y142.641 E.01102
G1 X93.067 Y142.233 E.01313
G1 X93.165 Y141.837 E.01312
G1 X93.343 Y141.47 E.01312
G1 X93.593 Y141.147 E.01312
G1 X93.932 Y140.87 E.01408
G1 X94.396 Y140.642 E.01664
G1 X94.86 Y140.554 E.01517
G1 X95.267 Y140.567 E.01312
G1 X95.663 Y140.665 E.01312
G1 X96.03 Y140.843 E.01312
G1 X96.353 Y141.093 E.01312
G1 X96.63 Y141.432 E.01408
G1 X96.858 Y141.896 E.01664
G1 X96.946 Y142.36 E.01517
G1 X96.933 Y142.767 E.01312
G1 X96.835 Y143.163 E.01312
G1 X96.657 Y143.53 E.01312
G1 X96.407 Y143.853 E.01312
G1 X96.095 Y144.115 E.01312
G1 X95.704 Y144.317 E.01414
G1 X95.14 Y144.446 E.0186
G1 X94.532 Y144.395 E.01963
G1 X94.148 Y144.256 E.01312
G1 X93.802 Y144.04 E.01312
G1 X93.508 Y143.758 E.01312
G1 X93.256 Y143.369 E.0149
G1 X93.135 Y143.071 E.01033
G1 X93.125 Y143.017 E.00178
G1 X93.537 Y142.898 F9000
;TYPE:Outer wall
G1 F2400
G1 X93.482 Y142.641 E.00846
G1 X93.486 Y142.322 E.01026
G1 X93.556 Y142.011 E.01025
G1 X93.689 Y141.721 E.01025
G1 X93.88 Y141.466 E.01025
G1 X94.127 Y141.252 E.01051
G1 X94.547 Y141.044 E.01507
G1 X95 Y140.982 E.0147
G1 X95.471 Y141.049 E.01531
G1 X95.892 Y141.272 E.01531
G1 X96.233 Y141.603 E.01527
G1 X96.456 Y142.047 E.01598
G1 X96.518 Y142.36 E.01025
G1 X96.514 Y142.678 E.01025
G1 X96.444 Y142.989 E.01025
G1 X96.311 Y143.279 E.01025
G1 X96.12 Y143.534 E.01025
G1 X95.881 Y143.744 E.01025
G1 X95.593 Y143.903 E.01055
G1 X95.131 Y144.017 E.01532
G1 X94.622 Y143.973 E.01644
G1 X94.363 Y143.885 E.0088
G1 X94.089 Y143.722 E.01025
G1 X93.855 Y143.506 E.01025
G1 X93.647 Y143.193 E.01209
G1 X93.553 Y142.977 E.00755
G1 X93.545 Y142.937 E.00131
G1 E-2.8 F3600
;WIPE_START
G1 F2400
G1 X93.482 Y142.641 E-.36375
G1 X93.486 Y142.322 E-.38273
G1 X93.556 Y142.011 E-.38241
G1 X93.581 Y141.957 E-.07111
;WIPE_END
G1 Z2.6 F9000
G1 X126.868 Y143.015 Z2.6
G1 Z2.2
M73 P55 R19
G1 E4 F2400
;TYPE:Inner wall
G1 X126.822 Y143.191 E.00583
G1 X126.555 Y143.682 E.01797
G1 X126.258 Y143.992 E.01382
G1 X125.92 Y144.221 E.01312
G1 X125.542 Y144.375 E.01312
G1 X125.11 Y144.445 E.01408
G1 X124.532 Y144.395 E.01866
G1 X124.148 Y144.256 E.01312
G1 X123.802 Y144.04 E.01312
G1 X123.593 Y143.853 E.00903
G1 X123.279 Y143.42 E.01719
G1 X123.125 Y143.042 E.01312
G1 X123.054 Y142.64 E.01312
G1 X123.067 Y142.233 E.01312
G1 X123.165 Y141.837 E.01312
G1 X123.362 Y141.446 E.01408
G1 X123.692 Y141.049 E.01659
G1 X124.08 Y140.779 E.01521
G1 X124.458 Y140.625 E.01312
G1 X124.86 Y140.554 E.01312
G1 X125.267 Y140.567 E.01312
G1 X125.663 Y140.665 E.01312
G1 X126.054 Y140.862 E.01408
G1 X126.492 Y141.242 E.01866
G1 X126.721 Y141.58 E.01312
G1 X126.875 Y141.958 E.01312
G1 X126.946 Y142.36 E.01312
G1 X126.933 Y142.767 E.01312
G1 X126.878 Y142.977 E.00696
G1 X126.46 Y142.909 F9000
;TYPE:Outer wall
G1 F2400
G1 X126.44 Y142.996 E.00289
G1 X126.214 Y143.42 E.01544
G1 X125.907 Y143.718 E.01376
G1 X125.486 Y143.945 E.01536
G1 X125.132 Y144.017 E.01163
G1 X124.664 Y143.987 E.01507
G1 X124.363 Y143.885 E.01025
G1 X124.089 Y143.722 E.01025
G1 X123.88 Y143.534 E.00903
G1 X123.67 Y143.246 E.01146
G1 X123.515 Y142.816 E.01469
G1 X123.483 Y142.341 E.01532
G1 X123.611 Y141.888 E.01512
G1 X123.78 Y141.61 E.01046
G1 X123.994 Y141.355 E.01073
G1 X124.254 Y141.17 E.01025
G1 X124.547 Y141.044 E.01025
G1 X124.86 Y140.982 E.01025
G1 X125.178 Y140.986 E.01025
G1 X125.489 Y141.056 E.01025
G1 X125.785 Y141.195 E.01051
G1 X126.145 Y141.494 E.01507
G1 X126.33 Y141.754 E.01025
G1 X126.456 Y142.047 E.01025
G1 X126.518 Y142.36 E.01025
G1 X126.514 Y142.678 E.01025
G1 X126.469 Y142.87 E.00633
G1 X127.188 Y141.982 F9000
;TYPE:Sparse infill
;WIDTH:0.45
G1 F3600
G1 X127.252 Y142.352 E.01209
G1 X127.239 Y142.793 E.01419
G1 X127.157 Y143.171 E.01241
G1 X126.974 Y143.554 E.01367
G1 X128.545 Y145.125 E.07143
G1 X128.454 Y145.283 E.00586
G1 X128.03 Y145.754 E.0204
G1 X127.517 Y146.127 E.02039
G1 X126.937 Y146.385 E.02039
G1 X126.293 Y146.522 E.02117
G1 X125.813 Y146.538 E.01545
G1 X122.624 Y143.349 E.14504
G1 X122.519 Y143.028 E.01087
G1 X122.464 Y142.5 E.01706
G1 X122.519 Y141.973 E.01705
G1 X122.59 Y141.754 E.00739
G1 E-3
;WIPE_START
G1 X122.519 Y141.973 E-.22967
G1 X122.464 Y142.5 E-.53015
G1 X122.489 Y142.739 E-.24018
;WIPE_END
G1 Z2.6 F9000
G1 X120.04 Y146.538 Z2.6
G1 Z2.2
G1 E4 F2400
G1 F3600
G1 X121.668 Y146.538 E.05236
G1 X120.589 Y145.459 E.04909
G1 X116.444 Y145.459 E.13329
G1 X117.523 Y146.538 E.04909
G1 X113.378 Y146.538 E.13329
G1 X112.299 Y145.459 E.04909
G1 X108.154 Y145.459 E.13329
G1 X109.233 Y146.538 E.04909
G1 X105.088 Y146.538 E.13329
G1 X104.009 Y145.459 E.04909
G1 X99.864 Y145.459 E.13329
G1 X100.943 Y146.538 E.04909
G1 X96.798 Y146.538 E.13329
G1 X95.005 Y144.745 E.08156
G1 X95.145 Y144.752 E.0045
G1 X95.372 Y144.722 E.00736
G1 X95.913 Y144.567 E.01812
G1 X96.252 Y144.378 E.01247
G1 X96.4 Y144.27 E.00589
G1 X96.721 Y143.962 E.0143
G1 X96.946 Y143.648 E.01242
G1 X97.149 Y143.199 E.01586
G1 X97.229 Y142.824 E.01232
G1 X97.46 Y143.056 E.01054
G1 X97.522 Y142.765 E.00955
G1 X97.522 Y142.235 E.01706
G1 X97.412 Y141.716 E.01704
G1 X97.196 Y141.232 E.01705
G1 X96.885 Y140.803 E.01705
G1 X96.491 Y140.448 E.01705
G1 X96.032 Y140.183 E.01705
G1 X95.527 Y140.019 E.01705
G1 X95 Y139.964 E.01705
G1 X94.436 Y140.031 E.01826
G1 X94.682 Y140.277 E.01119
G1 X94.39 Y140.327 E.00953
G1 X94.174 Y140.404 E.00735
G1 X93.749 Y140.622 E.01537
G1 X93.621 Y140.712 E.00502
G1 X93.265 Y141.057 E.01597
G1 X93.004 Y141.448 E.01511
G1 X92.876 Y141.736 E.01013
G1 X92.767 Y142.176 E.01458
G1 X92.754 Y142.494 E.01024
G1 X90.962 Y140.702 E.08151
G1 X90.962 Y136.557 E.13329
G1 X92.041 Y137.636 E.04909
G1 X92.041 Y133.491 E.13329
G1 X90.962 Y132.412 E.04909
G1 X90.962 Y128.267 E.13329
G1 X92.041 Y129.346 E.04909
G1 X92.041 Y125.201 E.13329
G1 X90.962 Y124.122 E.04909
G1 X90.962 Y119.977 E.13329
G1 X92.041 Y121.056 E.04909
G1 X92.041 Y116.911 E.13329
G1 X90.962 Y115.832 E.04909
G1 X90.962 Y111.687 E.13329
G1 X92.041 Y112.766 E.04909
G1 X92.041 Y108.621 E.13329
G1 X90.962 Y107.542 E.04909
G1 X90.962 Y103.397 E.13329
G1 X92.041 Y104.476 E.04909
G1 X92.041 Y100.331 E.13329
G1 X90.962 Y99.252 E.04909
G1 X90.962 Y95.107 E.13329
G1 X92.041 Y96.186 E.04909
G1 X92.041 Y94.558 E.05236
G1 X90.962 Y92.59 F9000
G1 F3600
G1 X90.962 Y90.962 E.05236
G1 X92.041 Y92.041 E.04909
G1 X92.041 Y87.896 E.13329
G1 X90.962 Y86.817 E.04909
G1 X90.962 Y82.672 E.13329
G1 X92.041 Y83.751 E.04909
G1 X92.041 Y80.276 E.11176
G1 X92.171 Y79.813 E.01544
G1 X92.21 Y79.775 E.00177
G1 X90.962 Y78.527 E.05675
G1 X90.962 Y80.155 E.05236
G1 X92.811 Y78.014 F9000
G1 F3600
G1 X92.752 Y77.671 E.01118
G1 X92.771 Y77.177 E.01592
G1 X92.813 Y76.943 E.00763
G1 X92.952 Y76.546 E.01354
G1 X93.016 Y76.435 E.00409
G1 X91.455 Y74.875 E.07097
G1 X91.546 Y74.717 E.00586
G1 X91.97 Y74.246 E.02039
G1 X92.483 Y73.873 E.02039
G1 X93.063 Y73.615 E.02039
G1 X93.706 Y73.478 E.02116
G1 X94.187 Y73.462 E.01546
G1 X97.376 Y76.651 E.14504
G1 X97.481 Y76.973 E.01088
G1 X97.536 Y77.5 E.01705
G1 X97.481 Y78.027 E.01705
G1 X97.41 Y78.246 E.00738
G1 E-3
;WIPE_START
G1 X97.481 Y78.027 E-.22965
G1 X97.536 Y77.5 E-.53019
G1 X97.511 Y77.261 E-.24017
;WIPE_END
G1 Z2.6 F9000
G1 X101.04 Y74.541 Z2.6
G1 Z2.2
G1 E4 F2400
G1 F3600
G1 X99.411 Y74.541 E.05236
G1 X98.333 Y73.463 E.04903
G1 X102.479 Y73.464 E.13333
G1 X103.556 Y74.541 E.04897
G1 X107.701 Y74.541 E.13329
G1 X106.626 Y73.466 E.04891
G1 X110.772 Y73.467 E.13333
G1 X111.846 Y74.541 E.04885
G1 X115.991 Y74.541 E.13329
G1 X114.918 Y73.468 E.04879
G1 X119.065 Y73.47 E.13333
G1 X120.136 Y74.541 E.04873
G1 X121.765 Y74.541 E.05236
G1 X124.839 Y73.471 F9000
G1 F3600
G1 X123.211 Y73.471 E.05236
G1 X124.989 Y75.248 E.08083
G1 X124.851 Y75.248 E.00443
G1 X124.39 Y75.327 E.01504
G1 X124.175 Y75.404 E.00735
G1 X123.787 Y75.601 E.01398
G1 X123.6 Y75.73 E.00731
G1 X123.266 Y76.056 E.01502
G1 X123.054 Y76.352 E.0117
M73 P56 R19
G1 X122.851 Y76.801 E.01586
G1 X122.771 Y77.176 E.01232
G1 X122.54 Y76.944 E.01054
G1 X122.478 Y77.235 E.00955
G1 X122.478 Y77.765 E.01706
G1 X122.588 Y78.284 E.01704
G1 X122.804 Y78.768 E.01705
G1 X123.115 Y79.197 E.01705
G1 X123.509 Y79.552 E.01705
G1 X123.739 Y79.684 E.00852
G1 X123.969 Y79.817 E.00852
G1 X124.473 Y79.981 E.01705
G1 X125 Y80.036 E.01705
G1 X125.564 Y79.969 E.01826
G1 X125.324 Y79.729 E.01092
G1 X125.7 Y79.649 E.01237
G1 X126.212 Y79.399 E.01831
G1 X126.4 Y79.27 E.00734
G1 X126.736 Y78.943 E.01507
G1 X126.996 Y78.552 E.01511
G1 X127.125 Y78.264 E.01014
G1 X127.239 Y77.795 E.01553
G1 X127.247 Y77.507 E.00925
G1 X129.038 Y79.298 E.08144
G1 X129.038 Y77.67 E.05236
G1 X127.959 Y80.735 F9000
G1 F3600
G1 X127.959 Y82.364 E.05236
G1 X129.038 Y83.443 E.04909
G1 X129.038 Y87.588 E.13329
G1 X127.959 Y86.509 E.04909
G1 X127.959 Y90.654 E.13329
G1 X129.038 Y91.733 E.04909
G1 X129.038 Y93.362 E.05236
G1 X127.959 Y96.427 F9000
G1 F3600
G1 X127.959 Y94.799 E.05236
G1 X129.038 Y95.878 E.04909
G1 X129.038 Y100.023 E.13329
G1 X127.959 Y98.944 E.04909
G1 X127.959 Y103.089 E.13329
G1 X129.038 Y104.168 E.04909
G1 X129.038 Y108.313 E.13329
G1 X127.959 Y107.234 E.04909
G1 X127.959 Y111.379 E.13329
G1 X129.038 Y112.458 E.04909
G1 X129.038 Y116.603 E.13329
G1 X127.959 Y115.524 E.04909
G1 X127.959 Y119.669 E.13329
G1 X129.038 Y120.748 E.04909
G1 X129.038 Y124.893 E.13329
G1 X127.959 Y123.814 E.04909
G1 X127.959 Y125.442 E.05236
G1 X129.038 Y127.41 F9000
G1 F3600
G1 X129.038 Y129.038 E.05236
G1 X127.959 Y127.959 E.04909
G1 X127.959 Y132.104 E.13329
G1 X129.038 Y133.183 E.04909
G1 X129.038 Y137.328 E.13329
G1 X127.959 Y136.249 E.04909
G1 X127.959 Y139.715 E.11145
G1 X127.945 Y139.874 E.00513
G1 X127.826 Y140.19 E.01086
G1 X127.79 Y140.226 E.00162
G1 X129.038 Y141.473 E.05675
G1 X129.038 Y139.845 E.05236
; stop printing object Remote75T.stl id:0 copy 0
;LAYER_CHANGE
;Z:2.4
;HEIGHT:0.2
;BEFORE_LAYER_CHANGE
;2.4
G92 E0

G1 E-3 F3600
;WIPE_START
G1 X129.038 Y140.845 E-1
;WIPE_END
;_SET_FAN_SPEED_CHANGING_LAYER
; printing object Remote75T.stl id:0 copy 0
G1 Z2.8 F9000
G1 X91.376 Y145.55 Z2.8
G1 Z2.4
G1 E4 F2400
;TYPE:Inner wall
;WIDTH:0.449999
G1 X91.298 Y145.463 E.00375
G1 X90.948 Y144.859 E.02246
G1 X90.733 Y144.195 E.02245
G1 X90.656 Y143.467 E.02353
G1 X90.656 Y76.533 E2.15234
G1 X90.733 Y75.805 E.02353
G1 X90.948 Y75.141 E.02245
G1 X91.298 Y74.537 E.02246
G1 X91.765 Y74.018 E.02245
G1 X92.33 Y73.607 E.02246
G1 X92.968 Y73.323 E.02246
G1 X93.466 Y73.217 E.01637
G1 X94.017 Y73.156 E.01784
G1 X126.144 Y73.166 E1.03308
G1 X126.69 Y73.231 E.01769
G1 X127.359 Y73.448 E.0226
G1 X127.963 Y73.798 E.02245
G1 X128.482 Y74.265 E.02246
G1 X128.893 Y74.83 E.02246
G1 X129.179 Y75.474 E.02266
G1 X129.3 Y76.045 E.01877
G1 X129.344 Y76.586 E.01745
G1 X129.344 Y143.467 E2.15065
G1 X129.267 Y144.195 E.02353
G1 X129.052 Y144.859 E.02245
G1 X128.702 Y145.463 E.02246
G1 X128.235 Y145.982 E.02246
G1 X127.67 Y146.393 E.02246
G1 X127.032 Y146.677 E.02245
G1 X126.464 Y146.798 E.0187
G1 X125.983 Y146.844 E.01553
G1 X94.033 Y146.844 E1.02739
G1 X93.305 Y146.767 E.02353
G1 X92.64 Y146.551 E.02249
G1 X92.177 Y146.286 E.01717
G1 X91.773 Y145.991 E.01607
G1 X91.402 Y145.58 E.01781
G1 X91.057 Y145.837 F9000
;TYPE:Outer wall
G1 F2400
G1 X90.949 Y145.717 E.0052
G1 X90.555 Y145.034 E.02535
G1 X90.311 Y144.284 E.02535
G1 X90.228 Y143.489 E.0257
G1 X90.228 Y76.511 E2.15379
G1 X90.311 Y75.716 E.0257
G1 X90.555 Y74.966 E.02535
G1 X90.949 Y74.283 E.02535
G1 X91.477 Y73.697 E.02535
G1 X92.114 Y73.234 E.02535
G1 X92.835 Y72.913 E.02535
G1 X93.478 Y72.777 E.02114
G1 X94.006 Y72.728 E.01706
G1 X126.17 Y72.737 E1.03427
G1 X126.783 Y72.811 E.01986
G1 X127.534 Y73.055 E.0254
G1 X128.217 Y73.449 E.02535
G1 X128.803 Y73.977 E.02535
G1 X129.266 Y74.614 E.02535
G1 X129.435 Y74.994 E.01335
G1 X129.626 Y75.501 E.01742
G1 X129.727 Y76.006 E.01658
G1 X129.772 Y76.586 E.0187
G1 X129.772 Y143.489 E2.15137
G1 X129.689 Y144.284 E.0257
G1 X129.445 Y145.034 E.02535
G1 X129.051 Y145.717 E.02535
G1 X128.523 Y146.303 E.02535
G1 X127.886 Y146.766 E.02535
G1 X127.165 Y147.087 E.02535
G1 X126.522 Y147.223 E.02114
G1 X125.994 Y147.272 E.01706
G1 X94.011 Y147.272 E1.02847
G1 X93.216 Y147.189 E.0257
G1 X92.466 Y146.945 E.02536
G1 X91.941 Y146.645 E.01943
G1 X91.479 Y146.305 E.01846
G1 X91.084 Y145.866 E.01898
G1 E-2.8 F3600
;WIPE_START
G1 F2400
G1 X90.949 Y145.717 E-.24189
G1 X90.555 Y145.034 E-.94609
G1 X90.552 Y145.024 E-.01202
;WIPE_END
G1 Z2.8 F9000
G1 X125.921 Y75.79 Z2.8
G1 Z2.4
G1 E4 F2400
;TYPE:Inner wall
G1 X126.03 Y75.843 E.00392
G1 X126.397 Y76.143 E.01522
G1 X126.615 Y76.405 E.01099
G1 X126.816 Y76.794 E.01408
G1 X126.946 Y77.36 E.01866
G1 X126.933 Y77.767 E.01312
G1 X126.835 Y78.163 E.01312
G1 X126.657 Y78.53 E.01312
G1 X126.407 Y78.853 E.01312
G1 X126.068 Y79.13 E.01408
G1 X125.604 Y79.358 E.01664
G1 X125.14 Y79.446 E.01517
G1 X124.733 Y79.433 E.01312
G1 X124.337 Y79.335 E.01312
G1 X123.946 Y79.138 E.01408
G1 X123.591 Y78.85 E.0147
G1 X123.279 Y78.42 E.01709
G1 X123.126 Y78.046 E.013
G1 X123.059 Y77.646 E.01304
G1 X123.089 Y77.094 E.01778
G1 X123.244 Y76.648 E.01517
G1 X123.46 Y76.302 E.01312
G1 X123.742 Y76.008 E.01312
G1 X124.08 Y75.779 E.01312
G1 X124.458 Y75.625 E.01312
G1 X124.86 Y75.554 E.01312
G1 X125.267 Y75.567 E.01312
G1 X125.663 Y75.665 E.01312
G1 X125.885 Y75.772 E.00792
G1 X125.736 Y76.17 F9000
;TYPE:Outer wall
G1 F2400
G1 X125.779 Y76.189 E.00149
G1 X126.078 Y76.429 E.01235
G1 X126.347 Y76.798 E.01468
G1 X126.512 Y77.312 E.01736
G1 X126.514 Y77.678 E.01177
G1 X126.444 Y77.989 E.01025
G1 X126.311 Y78.279 E.01025
G1 X126.12 Y78.534 E.01025
G1 X125.873 Y78.748 E.01051
G1 X125.453 Y78.956 E.01507
G1 X125 Y79.018 E.0147
G1 X124.529 Y78.951 E.01531
G1 X124.215 Y78.805 E.01112
G1 X123.879 Y78.533 E.01389
G1 X123.67 Y78.246 E.01143
G1 X123.545 Y77.954 E.01021
G1 X123.487 Y77.662 E.00957
G1 X123.513 Y77.164 E.01603
G1 X123.699 Y76.717 E.01559
G1 X123.994 Y76.355 E.01502
G1 X124.254 Y76.17 E.01025
G1 X124.547 Y76.044 E.01025
G1 X124.86 Y75.982 E.01025
G1 X125.178 Y75.986 E.01025
G1 X125.489 Y76.056 E.01025
G1 X125.7 Y76.153 E.00747
G1 E-2.8 F3600
;WIPE_START
G1 F2400
G1 X125.779 Y76.189 E-.10367
G1 X126.078 Y76.429 E-.4608
G1 X126.347 Y76.798 E-.54777
G1 X126.37 Y76.868 E-.08776
;WIPE_END
G1 Z2.8 F9000
G1 X93.16 Y78.123 Z2.8
G1 Z2.4
G1 E4 F2400
;TYPE:Inner wall
G1 X93.125 Y78.042 E.00283
G1 X93.054 Y77.64 E.01312
G1 X93.067 Y77.233 E.01312
G1 X93.165 Y76.837 E.01312
G1 X93.343 Y76.47 E.01312
G1 X93.643 Y76.103 E.01522
G1 X93.905 Y75.885 E.01099
G1 X94.265 Y75.692 E.01312
G1 X94.687 Y75.577 E.01408
G1 X95.267 Y75.567 E.01866
G1 X95.663 Y75.665 E.01312
G1 X96.03 Y75.843 E.01312
G1 X96.372 Y76.117 E.01408
G1 X96.692 Y76.523 E.01662
G1 X96.875 Y76.958 E.01519
G1 X96.946 Y77.36 E.01312
G1 X96.933 Y77.767 E.01312
G1 X96.835 Y78.163 E.01312
G1 X96.657 Y78.53 E.01312
G1 X96.383 Y78.872 E.01408
G1 X95.977 Y79.192 E.01663
G1 X95.542 Y79.375 E.01517
G1 X95.14 Y79.446 E.01312
G1 X94.733 Y79.433 E.01312
G1 X94.337 Y79.335 E.01312
G1 X93.97 Y79.157 E.01312
G1 X93.628 Y78.883 E.01408
G1 X93.312 Y78.484 E.01637
G1 X93.175 Y78.16 E.01132
G1 X93.547 Y77.959 F9000
;TYPE:Outer wall
G1 F2400
G1 X93.544 Y77.953 E.00022
G1 X93.482 Y77.64 E.01025
G1 X93.486 Y77.322 E.01025
G1 X93.556 Y77.011 E.01025
G1 X93.689 Y76.721 E.01025
G1 X93.929 Y76.422 E.01235
G1 X94.28 Y76.163 E.01402
G1 X94.71 Y76.005 E.01472
G1 X95.178 Y75.986 E.01507
G1 X95.489 Y76.056 E.01025
G1 X95.779 Y76.189 E.01025
G1 X96.039 Y76.386 E.01051
G1 X96.33 Y76.754 E.01507
G1 X96.485 Y77.184 E.0147
G1 X96.517 Y77.659 E.01531
G1 X96.387 Y78.117 E.01531
G1 X96.134 Y78.52 E.01527
G1 X95.746 Y78.83 E.01598
G1 X95.453 Y78.956 E.01025
G1 X95.14 Y79.018 E.01025
G1 X94.822 Y79.014 E.01025
G1 X94.511 Y78.944 E.01025
G1 X94.221 Y78.811 E.01025
G1 X93.961 Y78.614 E.01051
G1 X93.67 Y78.246 E.01507
G1 X93.563 Y77.996 E.00874
G1 E-2.8 F3600
;WIPE_START
G1 F2400
G1 X93.544 Y77.953 E-.05623
G1 X93.482 Y77.64 E-.38242
G1 X93.486 Y77.322 E-.38241
G1 X93.556 Y77.014 E-.37894
;WIPE_END
G1 Z2.8 F9000
G1 X122.746 Y75.714 Z2.8
G1 Z2.4
G1 E4 F2400
;TYPE:Inner wall
G1 X122.544 Y76.064 E.01297
G1 X122.296 Y76.621 E.01963
G1 X122.173 Y77.203 E.01911
G1 X122.173 Y77.798 E.01912
G1 X122.296 Y78.379 E.0191
G1 X122.538 Y78.922 E.01911
G1 X122.888 Y79.404 E.01917
G1 X123.28 Y79.76 E.01703
G1 X123.848 Y80.099 E.02126
G1 X124.409 Y80.281 E.01898
G1 X125 Y80.343 E.01911
G1 X125.591 Y80.281 E.01912
G1 X126.156 Y80.097 E.01909
G1 X126.737 Y79.761 E.02159
G1 X127.002 Y79.68 E.0089
G1 X127.261 Y79.719 E.00841
G1 X127.361 Y79.769 E.00361
G1 X127.565 Y79.972 E.00925
G1 X127.654 Y80.29 E.0106
G1 X127.654 Y139.71 E1.91075
G1 X127.565 Y140.028 E.0106
G1 X127.351 Y140.238 E.00964
G1 X127.137 Y140.314 E.00728
G1 X126.845 Y140.288 E.00943
G1 X126.404 Y140.03 E.01643
G1 X125.879 Y139.796 E.0185
G1 X125.297 Y139.673 E.01911
G1 X124.703 Y139.673 E.01911
G1 X124.121 Y139.796 E.01911
G1 X123.578 Y140.038 E.01911
G1 X123.096 Y140.388 E.01917
G1 X122.74 Y140.78 E.01703
G1 X122.401 Y141.348 E.02126
G1 X122.219 Y141.909 E.01898
G1 X122.157 Y142.5 E.01911
G1 X122.219 Y143.091 E.01911
G1 X122.403 Y143.656 E.0191
G1 X122.739 Y144.237 E.02159
G1 X122.82 Y144.51 E.00915
G1 X122.758 Y144.814 E.00997
G1 X122.528 Y145.064 E.01094
G1 X122.21 Y145.154 E.0106
G1 X97.79 Y145.154 E.78528
G1 X97.472 Y145.065 E.0106
G1 X97.262 Y144.851 E.00964
G1 X97.186 Y144.637 E.00728
G1 X97.212 Y144.345 E.00943
G1 X97.47 Y143.904 E.01643
G1 X97.704 Y143.379 E.0185
G1 X97.827 Y142.797 E.01911
G1 X97.827 Y142.203 E.01912
G1 X97.704 Y141.621 E.0191
G1 X97.461 Y141.077 E.01917
G1 X97.153 Y140.647 E.01703
G1 X96.667 Y140.198 E.02125
G1 X96.156 Y139.903 E.01898
G1 X95.591 Y139.719 E.01911
G1 X95 Y139.657 E.01911
G1 X94.409 Y139.719 E.01912
G1 X93.844 Y139.903 E.01909
G1 X93.263 Y140.239 E.02159
G1 X92.998 Y140.32 E.0089
G1 X92.739 Y140.281 E.00841
G1 X92.639 Y140.231 E.00361
G1 X92.435 Y140.028 E.00925
G1 X92.346 Y139.71 E.0106
G1 X92.346 Y80.29 E1.91075
G1 X92.435 Y79.972 E.0106
G1 X92.649 Y79.762 E.00964
G1 X92.895 Y79.682 E.0083
G1 X93.107 Y79.698 E.00685
G1 X93.722 Y80.026 E.0224
G1 X94.275 Y80.236 E.01903
G1 X94.86 Y80.327 E.01903
G1 X95.451 Y80.295 E.01903
G1 X96.022 Y80.14 E.01903
G1 X96.548 Y79.87 E.01903
G1 X96.992 Y79.513 E.01831
G1 X97.324 Y79.13 E.01628
G1 X97.597 Y78.656 E.0176
G1 X97.781 Y78.091 E.01911
G1 X97.843 Y77.5 E.01911
G1 X97.781 Y76.909 E.01911
G1 X97.597 Y76.344 E.0191
G1 X97.261 Y75.763 E.02159
G1 X97.18 Y75.497 E.00892
G1 X97.219 Y75.239 E.00839
G1 X97.269 Y75.139 E.00361
G1 X97.472 Y74.935 E.00925
G1 X97.79 Y74.846 E.0106
G1 X122.21 Y74.846 E.78528
G1 X122.528 Y74.936 E.01062
M73 P57 R19
G1 X122.738 Y75.149 E.00962
G1 X122.814 Y75.363 E.00728
G1 X122.798 Y75.624 E.00841
G1 X122.766 Y75.68 E.00207
G1 X122.385 Y75.507 F9000
;TYPE:Outer wall
G1 F2400
G1 X122.07 Y76.075 E.02091
G1 X121.867 Y76.578 E.01744
G1 X121.744 Y77.158 E.01905
G1 X121.744 Y77.843 E.02202
G1 X121.886 Y78.512 E.022
G1 X122.165 Y79.137 E.02201
G1 X122.567 Y79.691 E.02203
G1 X123.023 Y80.106 E.01983
G1 X123.67 Y80.491 E.02419
G1 X124.319 Y80.702 E.02197
G1 X125 Y80.774 E.02201
G1 X125.681 Y80.702 E.02202
G1 X126.332 Y80.491 E.02199
G1 X126.952 Y80.132 E.02304
G1 X127.108 Y80.12 E.00504
G1 X127.198 Y80.195 E.00379
G1 X127.225 Y80.29 E.00316
G1 X127.225 Y139.71 E1.91075
G1 X127.198 Y139.805 E.00316
G1 X127.071 Y139.89 E.00493
G1 X126.944 Y139.863 E.00419
G1 X126.452 Y139.582 E.01822
G1 X125.922 Y139.367 E.01838
G1 X125.342 Y139.244 E.01906
G1 X124.658 Y139.244 E.02201
G1 X123.988 Y139.386 E.02201
G1 X123.363 Y139.665 E.02201
G1 X122.809 Y140.067 E.02203
G1 X122.394 Y140.523 E.01983
G1 X122.009 Y141.17 E.02419
G1 X121.798 Y141.819 E.02197
G1 X121.726 Y142.5 E.02201
G1 X121.798 Y143.181 E.02201
G1 X122.009 Y143.832 E.02201
G1 X122.369 Y144.454 E.02313
G1 X122.381 Y144.605 E.00487
G1 X122.305 Y144.698 E.00387
G1 X122.21 Y144.725 E.00316
G1 X97.79 Y144.725 E.78528
G1 X97.632 Y144.635 E.00583
G1 X97.617 Y144.484 E.00487
G1 X97.918 Y143.952 E.01966
G1 X98.133 Y143.422 E.01838
G1 X98.256 Y142.842 E.01906
G1 X98.256 Y142.157 E.02202
G1 X98.114 Y141.488 E.022
G1 X97.835 Y140.863 E.02203
G1 X97.475 Y140.362 E.01983
G1 X96.923 Y139.851 E.02419
G1 X96.332 Y139.509 E.02197
G1 X95.681 Y139.298 E.02201
G1 X95 Y139.226 E.02201
G1 X94.319 Y139.298 E.02202
G1 X93.668 Y139.509 E.02199
G1 X93.048 Y139.868 E.02304
G1 X92.892 Y139.88 E.00504
G1 X92.802 Y139.805 E.00379
G1 X92.775 Y139.71 E.00316
G1 X92.775 Y80.29 E1.91075
G1 X92.865 Y80.132 E.00583
G1 X93.002 Y80.113 E.00443
G1 X93.547 Y80.417 E.02009
G1 X94.078 Y80.633 E.01841
G1 X94.658 Y80.756 E.01906
G1 X95.342 Y80.756 E.02201
G1 X96.012 Y80.614 E.02201
G1 X96.637 Y80.335 E.02201
G1 X97.191 Y79.933 E.02201
G1 X97.649 Y79.424 E.02201
G1 X97.991 Y78.832 E.02201
G1 X98.202 Y78.181 E.02201
G1 X98.274 Y77.5 E.02201
G1 X98.202 Y76.819 E.02201
G1 X97.991 Y76.168 E.02201
G1 X97.632 Y75.548 E.02304
G1 X97.62 Y75.392 E.00504
G1 X97.695 Y75.302 E.00379
G1 X97.79 Y75.275 E.00316
G1 X122.21 Y75.275 E.78528
G1 X122.368 Y75.365 E.00583
G1 X122.38 Y75.467 E.0033
G1 E-2.8 F3600
;WIPE_START
G1 F2400
G1 X122.07 Y76.075 E-.81942
G1 X121.951 Y76.369 E-.38058
;WIPE_END
G1 Z2.8 F9000
G1 X93.116 Y142.967 Z2.8
G1 Z2.4
G1 E4 F2400
;TYPE:Inner wall
G1 X93.054 Y142.641 E.01068
G1 X93.067 Y142.233 E.01313
G1 X93.165 Y141.837 E.01312
G1 X93.343 Y141.47 E.01312
G1 X93.508 Y141.242 E.00903
G1 X93.904 Y140.886 E.01714
G1 X94.396 Y140.642 E.01767
G1 X94.86 Y140.554 E.01517
G1 X95.267 Y140.567 E.01312
G1 X95.663 Y140.665 E.01312
G1 X96.054 Y140.862 E.01408
G1 X96.474 Y141.219 E.01772
G1 X96.721 Y141.58 E.01408
G1 X96.875 Y141.958 E.01312
G1 X96.946 Y142.36 E.01312
G1 X96.933 Y142.767 E.01312
G1 X96.835 Y143.163 E.01312
G1 X96.638 Y143.554 E.01408
G1 X96.258 Y143.992 E.01866
G1 X95.92 Y144.221 E.01312
G1 X95.542 Y144.375 E.01312
G1 X95.11 Y144.445 E.01408
G1 X94.532 Y144.395 E.01866
G1 X94.148 Y144.256 E.01312
G1 X93.783 Y144.023 E.01394
G1 X93.508 Y143.758 E.01229
G1 X93.255 Y143.367 E.01495
G1 X93.137 Y143.077 E.01009
G1 X93.124 Y143.006 E.00232
G1 X93.535 Y142.887 F9000
;TYPE:Outer wall
G1 F2400
G1 X93.482 Y142.641 E.00809
G1 X93.486 Y142.322 E.01026
G1 X93.556 Y142.011 E.01025
G1 X93.689 Y141.721 E.01025
G1 X93.855 Y141.494 E.00903
G1 X94.127 Y141.252 E.01172
G1 X94.547 Y141.044 E.01507
G1 X95 Y140.982 E.0147
G1 X95.471 Y141.049 E.01531
G1 X95.847 Y141.245 E.01361
G1 X96.145 Y141.494 E.01251
G1 X96.33 Y141.754 E.01025
G1 X96.456 Y142.047 E.01025
G1 X96.518 Y142.36 E.01025
G1 X96.514 Y142.678 E.01025
G1 X96.444 Y142.989 E.01025
G1 X96.305 Y143.285 E.01051
G1 X96.006 Y143.645 E.01507
G1 X95.746 Y143.83 E.01025
G1 X95.453 Y143.956 E.01025
G1 X95.132 Y144.017 E.01051
G1 X94.622 Y143.973 E.01647
G1 X94.363 Y143.885 E.0088
G1 X93.959 Y143.606 E.01577
G1 X93.671 Y143.247 E.0148
G1 X93.555 Y142.982 E.0093
G1 X93.543 Y142.926 E.00184
G1 E-2.8 F3600
;WIPE_START
G1 F2400
G1 X93.482 Y142.641 E-.34975
G1 X93.486 Y142.322 E-.38278
G1 X93.556 Y142.011 E-.38242
G1 X93.586 Y141.947 E-.08505
;WIPE_END
G1 Z2.8 F9000
G1 X126.864 Y143.031 Z2.8
G1 Z2.4
G1 E4 F2400
;TYPE:Inner wall
G1 X126.822 Y143.191 E.00531
G1 X126.555 Y143.682 E.01797
G1 X126.258 Y143.992 E.01382
G1 X125.92 Y144.221 E.01312
G1 X125.542 Y144.375 E.01312
G1 X125.11 Y144.445 E.01408
G1 X124.532 Y144.395 E.01866
G1 X124.148 Y144.256 E.01312
G1 X123.802 Y144.04 E.01312
G1 X123.498 Y143.744 E.01366
G1 X123.279 Y143.42 E.01257
G1 X123.125 Y143.042 E.01312
G1 X123.054 Y142.64 E.01312
G1 X123.067 Y142.233 E.01312
G1 X123.142 Y141.896 E.01108
G1 X123.362 Y141.446 E.01612
G1 X123.691 Y141.049 E.01658
G1 X124.08 Y140.779 E.01522
G1 X124.458 Y140.625 E.01312
G1 X124.86 Y140.554 E.01312
G1 X125.267 Y140.567 E.01312
G1 X125.663 Y140.665 E.01312
G1 X126.054 Y140.862 E.01408
G1 X126.492 Y141.242 E.01866
G1 X126.721 Y141.58 E.01312
G1 X126.875 Y141.958 E.01312
G1 X126.946 Y142.36 E.01312
G1 X126.933 Y142.767 E.01312
G1 X126.874 Y142.992 E.00748
G1 X126.457 Y142.925 F9000
;TYPE:Outer wall
G1 F2400
G1 X126.44 Y142.996 E.00237
G1 X126.214 Y143.42 E.01544
G1 X125.907 Y143.718 E.01376
G1 X125.486 Y143.945 E.01536
G1 X125.132 Y144.017 E.01163
G1 X124.664 Y143.987 E.01507
G1 X124.363 Y143.885 E.01025
G1 X124.089 Y143.722 E.01025
G1 X123.844 Y143.492 E.01079
G1 X123.613 Y143.117 E.01417
G1 X123.483 Y142.659 E.01529
G1 X123.515 Y142.184 E.01531
G1 X123.695 Y141.715 E.01616
G1 X123.994 Y141.355 E.01507
G1 X124.254 Y141.17 E.01025
G1 X124.547 Y141.044 E.01025
G1 X124.86 Y140.982 E.01025
G1 X125.178 Y140.986 E.01025
G1 X125.489 Y141.056 E.01025
G1 X125.785 Y141.195 E.01051
G1 X126.145 Y141.494 E.01507
G1 X126.33 Y141.754 E.01025
G1 X126.456 Y142.047 E.01025
G1 X126.518 Y142.36 E.01025
G1 X126.514 Y142.678 E.01025
G1 X126.466 Y142.886 E.00685
G1 X127.217 Y142.109 F9000
;TYPE:Sparse infill
;WIDTH:0.45
G1 F3600
G1 X127.233 Y142.176 E.0022
G1 X127.252 Y142.643 E.01502
G1 X127.239 Y142.796 E.00495
G1 X127.162 Y143.155 E.0118
G1 X127.096 Y143.325 E.00584
G1 X126.92 Y143.672 E.01254
G1 X127.267 Y144.196 E.02023
G1 X127.616 Y144.546 E.01588
G1 X128.53 Y145.151 E.03525
G1 X128.454 Y145.283 E.00489
G1 X128.03 Y145.754 E.02039
G1 X127.517 Y146.127 E.02039
G1 X126.937 Y146.385 E.02039
G1 X126.293 Y146.522 E.02117
G1 X126.068 Y146.534 E.00724
G1 X125.893 Y146.269 E.01021
G1 X125.544 Y145.92 E.01588
G1 X123.471 Y144.546 E.07996
G1 X123.122 Y144.196 E.01588
G1 X122.683 Y143.531 E.02563
G1 X122.519 Y143.027 E.01704
G1 X122.464 Y142.5 E.01705
G1 X122.523 Y141.963 E.01738
G1 E-3
;WIPE_START
G1 X122.464 Y142.5 E-.54051
G1 X122.512 Y142.957 E-.45949
;WIPE_END
G1 Z2.8 F9000
G1 X120.298 Y146.538 Z2.8
G1 Z2.4
G1 E4 F2400
G1 F3600
G1 X121.927 Y146.538 E.05236
G1 X121.748 Y146.269 E.0104
G1 X121.399 Y145.92 E.01588
G1 X120.704 Y145.459 E.02682
G1 X116.559 Y145.459 E.13329
G1 X117.254 Y145.92 E.02682
G1 X117.603 Y146.269 E.01588
G1 X117.782 Y146.538 E.0104
G1 X116.153 Y146.538 E.05236
G1 X114.042 Y145.459 F9000
G1 F3600
G1 X112.414 Y145.459 E.05236
G1 X113.109 Y145.92 E.02682
G1 X113.458 Y146.269 E.01588
G1 X113.637 Y146.538 E.0104
G1 X109.492 Y146.538 E.13329
G1 X109.313 Y146.269 E.0104
G1 X108.964 Y145.92 E.01588
G1 X108.269 Y145.459 E.02682
G1 X109.897 Y145.459 E.05236
G1 X103.718 Y146.538 F9000
G1 F3600
G1 X105.347 Y146.538 E.05236
G1 X105.168 Y146.269 E.0104
G1 X104.819 Y145.92 E.01588
G1 X104.124 Y145.459 E.02682
G1 X99.979 Y145.459 E.13329
G1 X100.674 Y145.92 E.02682
G1 X101.023 Y146.269 E.01588
G1 X101.202 Y146.538 E.0104
G1 X97.057 Y146.538 E.13329
G1 X96.878 Y146.269 E.0104
G1 X96.529 Y145.92 E.01588
G1 X94.737 Y144.732 E.06914
G1 X94.443 Y144.687 E.00956
G1 X94.046 Y144.548 E.01353
G1 X93.739 Y144.372 E.01136
G1 X93.601 Y144.27 E.00552
G1 X93.32 Y144.011 E.01228
G1 X93.029 Y143.604 E.01611
G1 X92.853 Y143.197 E.01425
G1 X92.762 Y142.797 E.01318
G1 X92.748 Y142.643 E.00497
G1 X92.767 Y142.175 E.01506
G1 X92.733 Y142.124 E.00197
G1 X92.384 Y141.775 E.01588
G1 X90.962 Y140.832 E.05487
G1 X90.962 Y136.687 E.13329
G1 X92.041 Y137.403 E.04165
G1 X92.041 Y133.258 E.13329
G1 X90.962 Y132.542 E.04165
G1 X90.962 Y128.397 E.13329
G1 X92.041 Y129.113 E.04165
G1 X92.041 Y124.968 E.13329
G1 X90.962 Y124.252 E.04165
G1 X90.962 Y120.107 E.13329
G1 X92.041 Y120.823 E.04165
G1 X92.041 Y116.678 E.13329
G1 X90.962 Y115.962 E.04165
G1 X90.962 Y114.333 E.05236
G1 X92.041 Y114.161 F9000
G1 F3600
G1 X92.041 Y112.533 E.05236
G1 X90.962 Y111.817 E.04165
G1 X90.962 Y107.672 E.13329
G1 X92.041 Y108.387 E.04165
G1 X92.041 Y104.242 E.13329
G1 X90.962 Y103.527 E.04165
G1 X90.962 Y99.382 E.13329
G1 X92.041 Y100.097 E.04165
G1 X92.041 Y95.952 E.13329
G1 X90.962 Y95.237 E.04165
G1 X90.962 Y91.092 E.13329
G1 X92.041 Y91.807 E.04165
G1 X92.041 Y87.662 E.13329
G1 X90.962 Y86.947 E.04165
G1 X90.962 Y82.802 E.13329
G1 X92.041 Y83.517 E.04165
G1 X92.041 Y80.276 E.10424
G1 X92.171 Y79.813 E.01544
G1 X92.384 Y79.6 E.00971
G1 X90.962 Y78.657 E.05488
G1 X90.962 Y80.285 E.05236
G1 X92.783 Y77.885 F9000
G1 F3600
G1 X92.761 Y77.795 E.003
G1 X92.748 Y77.356 E.01412
G1 X92.767 Y77.174 E.00587
G1 X92.839 Y76.843 E.0109
G1 X93.001 Y76.453 E.01359
G1 X93.076 Y76.321 E.00487
G1 X92.733 Y75.804 E.01995
G1 X92.384 Y75.454 E.01588
G1 X91.47 Y74.849 E.03525
G1 X91.546 Y74.717 E.00489
G1 X91.97 Y74.246 E.02039
G1 X92.483 Y73.873 E.02039
G1 X93.063 Y73.615 E.02039
G1 X93.706 Y73.478 E.02116
G1 X93.932 Y73.467 E.00727
G1 X94.107 Y73.731 E.01017
G1 X94.456 Y74.08 E.01588
G1 X96.529 Y75.454 E.07996
G1 X96.878 Y75.804 E.01588
G1 X97.317 Y76.469 E.02563
G1 X97.481 Y76.973 E.01703
G1 X97.536 Y77.5 E.01705
G1 X97.478 Y78.037 E.01736
G1 E-3
;WIPE_START
G1 X97.536 Y77.5 E-.53987
G1 X97.488 Y77.042 E-.46013
;WIPE_END
G1 Z2.8 F9000
G1 X99.702 Y73.463 Z2.8
G1 Z2.4
G1 E4 F2400
G1 F3600
G1 X98.074 Y73.463 E.05236
G1 X98.252 Y73.731 E.01035
G1 X98.601 Y74.08 E.01588
G1 X99.296 Y74.541 E.02682
G1 X103.441 Y74.541 E.13329
G1 X102.746 Y74.08 E.02682
G1 X102.397 Y73.731 E.01588
G1 X102.22 Y73.464 E.0103
G1 X103.848 Y73.465 E.05236
G1 X105.958 Y74.541 F9000
G1 F3600
G1 X107.586 Y74.541 E.05236
G1 X106.891 Y74.08 E.02682
G1 X106.542 Y73.731 E.01588
G1 X106.366 Y73.465 E.01026
G1 X110.512 Y73.466 E.13331
G1 X110.687 Y73.731 E.01021
G1 X111.036 Y74.08 E.01588
G1 X111.731 Y74.541 E.02682
G1 X115.876 Y74.541 E.13329
G1 X115.181 Y74.08 E.02682
G1 X114.832 Y73.731 E.01588
G1 X114.657 Y73.468 E.01016
G1 X116.286 Y73.468 E.05236
G1 E-3
;WIPE_START
G1 X115.286 Y73.468 E-1
;WIPE_END
G1 Z2.8 F9000
G1 X123.212 Y78.862 Z2.8
G1 Z2.4
G1 E4 F2400
G1 F3600
G1 X123.043 Y78.63 E.00924
G1 X122.851 Y78.198 E.01519
G1 X122.755 Y77.741 E.01501
G1 X122.767 Y77.34 E.01292
G1 X122.531 Y76.985 E.0137
G1 X122.588 Y76.716 E.00882
G1 X122.814 Y76.21 E.01783
G1 X123 Y75.921 E.01106
G1 X123.092 Y75.709 E.00743
G1 X123.125 Y75.518 E.00621
G1 X123.116 Y75.316 E.00652
G1 X123.067 Y75.131 E.00615
G1 X122.99 Y74.974 E.00563
G1 X122.687 Y74.671 E.01375
G1 X122.225 Y74.541 E.01546
G1 X120.021 Y74.541 E.07084
G1 X119.326 Y74.08 E.02682
G1 X118.977 Y73.731 E.01588
G1 X118.803 Y73.469 E.01011
G1 X122.949 Y73.47 E.13332
G1 X123.122 Y73.731 E.01007
G1 X123.471 Y74.08 E.01588
G1 X125.256 Y75.264 E.06888
G1 X125.728 Y75.361 E.01549
G1 X126.104 Y75.529 E.01323
G1 X126.512 Y75.82 E.01612
G1 X126.824 Y76.166 E.01497
G1 X127.064 Y76.579 E.01537
G1 X127.222 Y77.127 E.01834
G1 X127.252 Y77.354 E.00736
G1 X127.232 Y77.823 E.01509
G1 X127.267 Y77.876 E.00204
G1 X127.616 Y78.225 E.01588
G1 X129.038 Y79.168 E.05487
M73 P57 R18
G1 X129.038 Y83.313 E.13329
G1 X127.959 Y82.597 E.04165
G1 X127.959 Y86.742 E.13329
G1 X129.038 Y87.458 E.04165
G1 X129.038 Y91.603 E.13329
G1 X127.959 Y90.887 E.04165
G1 X127.959 Y95.032 E.13329
G1 X129.038 Y95.748 E.04165
G1 X129.038 Y99.893 E.13329
G1 X127.959 Y99.177 E.04165
G1 X127.959 Y103.322 E.13329
G1 X129.038 Y104.038 E.04165
G1 X129.038 Y108.183 E.13329
G1 X127.959 Y107.468 E.04165
G1 X127.959 Y111.613 E.13329
G1 X129.038 Y112.328 E.04165
G1 X129.038 Y116.473 E.13329
G1 X127.959 Y115.758 E.04165
G1 X127.959 Y119.903 E.13329
G1 X129.038 Y120.618 E.04165
G1 X129.038 Y124.763 E.13329
G1 X127.959 Y124.048 E.04165
G1 X127.959 Y128.193 E.13329
G1 X129.038 Y128.908 E.04165
G1 X129.038 Y130.537 E.05236
G1 X127.959 Y130.709 F9000
G1 F3600
G1 X127.959 Y132.338 E.05236
G1 X129.038 Y133.053 E.04165
G1 X129.038 Y137.198 E.13329
G1 X127.959 Y136.483 E.04165
G1 X127.959 Y139.715 E.10393
G1 X127.945 Y139.874 E.00513
G1 X127.826 Y140.19 E.01086
G1 X127.616 Y140.4 E.00956
G1 X129.038 Y141.343 E.05488
G1 X129.038 Y139.715 E.05236
G1 E-3
;WIPE_START
G1 X129.038 Y140.715 E-1
;WIPE_END
G1 Z2.8 F9000
G1 X97.285 Y141.431 Z2.8
G1 Z2.4
G1 E4 F2400
G1 F3600
G1 X97.412 Y141.716 E.01003
G1 X97.522 Y142.235 E.01704
G1 X97.522 Y142.765 E.01706
G1 X97.469 Y143.015 E.00823
G1 X97.247 Y142.681 E.0129
G1 X97.247 Y142.264 E.01343
G1 X97.149 Y141.802 E.01516
G1 X96.997 Y141.448 E.01239
G1 X96.8 Y141.154 E.01138
G1 X96.895 Y144.238 F9000
;TYPE:Internal solid infill
;WIDTH:0.38292
G1 F3000
G1 X96.976 Y144.076 E.00486
G1 X94.277 Y146.538 F9000
;TYPE:Sparse infill
;WIDTH:0.45
G1 F3600
G1 X94.049 Y146.538 E.00732
G1 X93.369 Y146.467 E.02198
G1 X92.765 Y146.271 E.02045
G1 X92.694 Y146.23 E.00262
G1 X92.384 Y145.92 E.01411
G1 X91.728 Y145.485 E.0253
G1 X91.546 Y145.283 E.00874
G1 X91.229 Y144.734 E.02039
G1 X91.033 Y144.131 E.02039
G1 X91.024 Y144.043 E.00284
G1 E-3
;WIPE_START
G1 X91.033 Y144.131 E-.08819
G1 X91.229 Y144.734 E-.63409
M73 P58 R18
G1 X91.368 Y144.974 E-.27773
;WIPE_END
G1 Z2.8 F9000
G1 X128.987 Y75.989 Z2.8
G1 Z2.4
G1 E4 F2400
G1 F3600
G1 X128.889 Y75.571 E.01379
G1 X128.627 Y74.983 E.0207
G1 X128.3 Y74.534 E.01787
G1 X127.616 Y74.08 E.02639
G1 X127.308 Y73.772 E.01403
G1 X127.234 Y73.729 E.00275
G1 X126.624 Y73.531 E.02061
G1 X126.126 Y73.471 E.01615
G1 X125.726 Y73.471 E.01285
; stop printing object Remote75T.stl id:0 copy 0
;LAYER_CHANGE
;Z:2.6
;HEIGHT:0.2
;BEFORE_LAYER_CHANGE
;2.6
G92 E0

G1 E-3 F3600
;WIPE_START
G1 X126.126 Y73.471 E-.39969
G1 X126.624 Y73.531 E-.50223
G1 X126.717 Y73.561 E-.09807
;WIPE_END
;_SET_FAN_SPEED_CHANGING_LAYER
; printing object Remote75T.stl id:0 copy 0
G1 Z3 F9000
G1 X91.381 Y145.559 Z3
G1 Z2.6
G1 E4 F2400
;TYPE:Inner wall
;WIDTH:0.449999
G1 X91.109 Y145.174 E.01517
G1 X90.823 Y144.532 E.02259
G1 X90.717 Y144.034 E.01637
G1 X90.656 Y143.483 E.01784
G1 X90.656 Y76.533 E2.15286
G1 X90.733 Y75.805 E.02353
G1 X90.906 Y75.273 E.018
G1 X91.178 Y74.739 E.01928
G1 X91.51 Y74.272 E.01842
G1 X92.037 Y73.798 E.02279
G1 X92.641 Y73.448 E.02246
G1 X93.305 Y73.233 E.02245
G1 X94.033 Y73.156 E.02352
G1 X126.131 Y73.165 E1.03215
G1 X126.691 Y73.231 E.01813
G1 X127.359 Y73.448 E.02259
G1 X127.963 Y73.798 E.02246
G1 X128.482 Y74.265 E.02246
G1 X128.893 Y74.83 E.02246
G1 X129.18 Y75.474 E.02268
G1 X129.298 Y76.033 E.01837
G1 X129.344 Y76.587 E.01788
G1 X129.344 Y143.467 E2.15061
G1 X129.267 Y144.195 E.02353
G1 X129.052 Y144.859 E.02245
G1 X128.702 Y145.463 E.02246
G1 X128.235 Y145.982 E.02245
G1 X127.67 Y146.393 E.02246
G1 X127.032 Y146.677 E.02245
G1 X126.433 Y146.804 E.01969
G1 X125.983 Y146.844 E.01454
G1 X94.033 Y146.844 E1.02739
G1 X93.305 Y146.767 E.02353
G1 X92.64 Y146.551 E.02251
G1 X92.173 Y146.285 E.01726
G1 X91.851 Y146.052 E.0128
G1 X91.431 Y145.629 E.01915
G1 X91.404 Y145.592 E.00148
G1 X91.031 Y145.806 F9000
;TYPE:Outer wall
G1 F2400
G1 X90.735 Y145.387 E.01653
G1 X90.413 Y144.665 E.02539
G1 X90.277 Y144.022 E.02114
G1 X90.228 Y143.494 E.01706
G1 X90.228 Y76.511 E2.15394
G1 X90.311 Y75.716 E.0257
G1 X90.555 Y74.966 E.02537
G1 X90.843 Y74.461 E.01868
G1 X91.195 Y73.978 E.01922
G1 X91.783 Y73.449 E.02544
G1 X92.466 Y73.055 E.02535
G1 X93.216 Y72.811 E.02535
G1 X94.011 Y72.728 E.0257
G1 X126.156 Y72.737 E1.03368
G1 X126.783 Y72.811 E.02029
G1 X127.534 Y73.055 E.02539
G1 X128.217 Y73.449 E.02535
G1 X128.803 Y73.977 E.02535
G1 X129.266 Y74.614 E.02535
G1 X129.435 Y74.994 E.01335
G1 X129.626 Y75.499 E.01737
G1 X129.725 Y75.994 E.01622
G1 X129.772 Y76.587 E.01914
G1 X129.772 Y143.489 E2.15133
G1 X129.689 Y144.284 E.0257
G1 X129.445 Y145.034 E.02535
G1 X129.051 Y145.717 E.02535
G1 X128.523 Y146.303 E.02535
G1 X127.886 Y146.766 E.02535
G1 X127.165 Y147.087 E.02535
G1 X126.522 Y147.223 E.02114
G1 X125.994 Y147.272 E.01706
G1 X94.011 Y147.272 E1.02847
G1 X93.216 Y147.189 E.0257
G1 X92.466 Y146.945 E.02537
G1 X91.961 Y146.658 E.01867
G1 X91.477 Y146.303 E.01929
G1 X91.098 Y145.901 E.01776
G1 X91.054 Y145.839 E.00245
G1 E-2.8 F3600
;WIPE_START
G1 F2400
G1 X90.735 Y145.387 E-.66468
G1 X90.553 Y144.979 E-.53532
;WIPE_END
G1 Z3 F9000
G1 X125.923 Y75.792 Z3
G1 Z2.6
G1 E4 F2400
;TYPE:Inner wall
G1 X126.03 Y75.843 E.00383
G1 X126.397 Y76.143 E.01522
G1 X126.615 Y76.405 E.01099
G1 X126.808 Y76.765 E.01312
G1 X126.921 Y77.157 E.01312
G1 X126.951 Y77.559 E.01298
G1 X126.892 Y77.955 E.01287
G1 X126.737 Y78.381 E.01458
G1 X126.492 Y78.758 E.01443
G1 X126.095 Y79.115 E.01718
G1 X125.735 Y79.308 E.01314
G1 X125.343 Y79.421 E.01312
G1 X124.936 Y79.45 E.01312
G1 X124.532 Y79.395 E.01312
G1 X124.148 Y79.256 E.01312
G1 X123.802 Y79.04 E.01312
G1 X123.508 Y78.758 E.01312
G1 X123.279 Y78.42 E.01312
G1 X123.12 Y78.012 E.01408
G1 X123.046 Y77.5 E.01663
G1 X123.108 Y77.045 E.01479
G1 X123.316 Y76.509 E.01847
G1 X123.593 Y76.147 E.01466
G1 X123.905 Y75.885 E.01312
G1 X124.265 Y75.692 E.01312
G1 X124.652 Y75.579 E.01298
G1 X125.052 Y75.554 E.01288
G1 X125.622 Y75.648 E.01857
G1 X125.887 Y75.774 E.00944
G1 X125.742 Y76.172 F9000
;TYPE:Outer wall
G1 F2400
G1 X125.779 Y76.189 E.00131
G1 X126.078 Y76.429 E.01235
G1 X126.348 Y76.8 E.01473
G1 X126.495 Y77.202 E.01376
G1 X126.524 Y77.518 E.0102
G1 X126.49 Y77.808 E.00941
G1 X126.334 Y78.234 E.01458
G1 X126.12 Y78.534 E.01185
G1 X125.881 Y78.744 E.01025
G1 X125.603 Y78.9 E.01025
G1 X125.298 Y78.995 E.01025
G1 X124.981 Y79.024 E.01025
G1 X124.664 Y78.987 E.01025
G1 X124.363 Y78.885 E.01025
G1 X124.089 Y78.722 E.01025
G1 X123.855 Y78.506 E.01025
G1 X123.67 Y78.246 E.01025
G1 X123.543 Y77.945 E.01051
G1 X123.476 Y77.482 E.01502
G1 X123.51 Y77.192 E.00941
G1 X123.689 Y76.721 E.01619
G1 X123.88 Y76.466 E.01025
G1 X124.119 Y76.256 E.01025
G1 X124.397 Y76.1 E.01025
G1 X124.7 Y76.005 E.0102
G1 X124.992 Y75.978 E.00941
G1 X125.489 Y76.056 E.01619
G1 X125.705 Y76.156 E.00765
G1 E-2.8 F3600
;WIPE_START
G1 F2400
G1 X125.779 Y76.189 E-.09696
G1 X126.078 Y76.429 E-.4608
G1 X126.348 Y76.8 E-.54977
G1 X126.375 Y76.872 E-.09247
;WIPE_END
G1 Z3 F9000
G1 X93.157 Y78.107 Z3
G1 Z2.6
G1 E4 F2400
;TYPE:Inner wall
G1 X93.12 Y78.011 E.00332
G1 X93.046 Y77.5 E.01657
G1 X93.119 Y76.99 E.01659
G1 X93.336 Y76.48 E.01781
G1 X93.593 Y76.147 E.01352
G1 X93.905 Y75.885 E.01312
G1 X94.265 Y75.692 E.01312
G1 X94.652 Y75.579 E.01298
G1 X95.052 Y75.554 E.01288
G1 X95.652 Y75.66 E.01959
G1 X96.03 Y75.843 E.01352
G1 X96.353 Y76.093 E.01312
G1 X96.615 Y76.405 E.01312
G1 X96.808 Y76.765 E.01312
G1 X96.921 Y77.157 E.01312
G1 X96.946 Y77.594 E.01408
G1 X96.858 Y78.104 E.01664
G1 X96.657 Y78.53 E.01517
G1 X96.407 Y78.853 E.01312
G1 X96.095 Y79.115 E.01312
G1 X95.735 Y79.308 E.01312
G1 X95.343 Y79.421 E.01312
G1 X94.936 Y79.45 E.01312
G1 X94.532 Y79.395 E.01312
G1 X94.148 Y79.256 E.01312
G1 X93.802 Y79.04 E.01312
G1 X93.508 Y78.758 E.01312
G1 X93.279 Y78.42 E.01312
G1 X93.171 Y78.144 E.00952
G1 X93.547 Y77.955 F9000
;TYPE:Outer wall
G1 F2400
G1 X93.543 Y77.944 E.00038
G1 X93.477 Y77.472 E.01531
G1 X93.556 Y77.011 E.01505
G1 X93.689 Y76.721 E.01025
G1 X93.88 Y76.466 E.01025
G1 X94.119 Y76.256 E.01025
G1 X94.397 Y76.1 E.01025
G1 X94.7 Y76.005 E.0102
G1 X94.992 Y75.978 E.00941
G1 X95.489 Y76.056 E.01619
G1 X95.779 Y76.189 E.01025
G1 X96.034 Y76.38 E.01025
G1 X96.244 Y76.619 E.01025
G1 X96.4 Y76.897 E.01025
G1 X96.495 Y77.202 E.01025
G1 X96.523 Y77.527 E.01051
G1 X96.444 Y77.989 E.01507
G1 X96.228 Y78.392 E.0147
G1 X95.897 Y78.734 E.01531
G1 X95.603 Y78.9 E.01086
G1 X95.159 Y79.01 E.0147
G1 X94.683 Y78.992 E.01531
G1 X94.363 Y78.885 E.01086
G1 X94.089 Y78.722 E.01025
G1 X93.855 Y78.506 E.01025
G1 X93.67 Y78.246 E.01025
G1 X93.563 Y77.991 E.00888
G1 E-2.8 F3600
;WIPE_START
G1 F2400
G1 X93.543 Y77.944 E-.0622
G1 X93.477 Y77.472 E-.5714
G1 X93.556 Y77.011 E-.56149
G1 X93.558 Y77.007 E-.00491
;WIPE_END
G1 Z3 F9000
G1 X122.772 Y75.637 Z3
G1 Z2.6
G1 E4 F2400
;TYPE:Inner wall
G1 X122.722 Y75.79 E.00516
G1 X122.445 Y76.287 E.01832
G1 X122.286 Y76.668 E.01327
G1 X122.173 Y77.203 E.01758
G1 X122.173 Y77.798 E.01913
G1 X122.296 Y78.379 E.0191
G1 X122.538 Y78.922 E.01911
G1 X122.888 Y79.404 E.01918
G1 X123.271 Y79.753 E.01665
G1 X123.848 Y80.099 E.02164
G1 X124.409 Y80.281 E.01895
G1 X125 Y80.343 E.01911
G1 X125.591 Y80.281 E.01913
G1 X126.156 Y80.097 E.01909
G1 X126.737 Y79.761 E.02159
G1 X127.002 Y79.68 E.0089
G1 X127.299 Y79.735 E.00971
G1 X127.563 Y79.97 E.01137
G1 X127.654 Y80.29 E.01067
G1 X127.654 Y139.71 E1.91075
G1 X127.564 Y140.028 E.0106
G1 X127.314 Y140.258 E.01094
G1 X127.01 Y140.32 E.00997
G1 X126.71 Y140.222 E.01013
G1 X126.278 Y139.974 E.01602
G1 X125.725 Y139.764 E.01903
G1 X125.25 Y139.673 E.01557
G1 X124.703 Y139.673 E.01758
G1 X124.121 Y139.796 E.01911
G1 X123.577 Y140.039 E.01918
G1 X123.156 Y140.34 E.01665
G1 X122.697 Y140.833 E.02164
G1 X122.403 Y141.344 E.01895
G1 X122.219 Y141.909 E.01911
G1 X122.157 Y142.5 E.01911
G1 X122.219 Y143.091 E.01911
G1 X122.403 Y143.656 E.0191
G1 X122.739 Y144.237 E.02159
G1 X122.82 Y144.51 E.00915
G1 X122.758 Y144.814 E.00997
G1 X122.528 Y145.064 E.01094
G1 X122.21 Y145.154 E.0106
G1 X97.79 Y145.154 E.78528
G1 X97.472 Y145.064 E.0106
G1 X97.237 Y144.802 E.01134
G1 X97.179 Y144.533 E.00885
G1 X97.268 Y144.225 E.0103
G1 X97.538 Y143.75 E.01757
G1 X97.714 Y143.333 E.01457
G1 X97.827 Y142.797 E.0176
G1 X97.827 Y142.203 E.01911
G1 X97.704 Y141.621 E.01911
G1 X97.461 Y141.077 E.01918
G1 X97.16 Y140.656 E.01665
G1 X96.667 Y140.197 E.02164
G1 X96.156 Y139.903 E.01895
G1 X95.591 Y139.719 E.01911
G1 X95 Y139.657 E.01911
G1 X94.409 Y139.719 E.01913
G1 X93.844 Y139.903 E.01909
G1 X93.263 Y140.239 E.02159
G1 X92.998 Y140.32 E.0089
G1 X92.739 Y140.281 E.00841
G1 X92.639 Y140.231 E.00361
G1 X92.435 Y140.028 E.00925
G1 X92.346 Y139.71 E.0106
G1 X92.346 Y80.29 E1.91075
G1 X92.435 Y79.972 E.0106
G1 X92.649 Y79.762 E.00964
G1 X92.863 Y79.686 E.00728
G1 X93.124 Y79.702 E.00841
G1 X93.564 Y79.956 E.01633
G1 X94.121 Y80.204 E.01963
G1 X94.703 Y80.327 E.01911
G1 X95.297 Y80.327 E.01911
G1 X95.879 Y80.204 E.01911
G1 X96.422 Y79.962 E.01911
G1 X96.902 Y79.613 E.01911
G1 X97.3 Y79.171 E.01911
G1 X97.597 Y78.656 E.01911
G1 X97.781 Y78.091 E.01911
G1 X97.843 Y77.5 E.01911
G1 X97.781 Y76.909 E.01911
G1 X97.597 Y76.344 E.0191
G1 X97.261 Y75.763 E.02159
G1 X97.18 Y75.498 E.0089
G1 X97.219 Y75.239 E.00841
G1 X97.269 Y75.139 E.00361
G1 X97.472 Y74.935 E.00925
G1 X97.79 Y74.846 E.0106
G1 X122.21 Y74.846 E.78528
G1 X122.528 Y74.936 E.01062
G1 X122.758 Y75.187 E.01094
G1 X122.82 Y75.49 E.00995
G1 X122.785 Y75.599 E.00368
G1 X122.384 Y75.511 F9000
;TYPE:Outer wall
G1 F2400
G1 X122.083 Y76.047 E.0198
G1 X121.867 Y76.579 E.01844
G1 X121.744 Y77.158 E.01903
G1 X121.744 Y77.843 E.02202
G1 X121.886 Y78.512 E.022
G1 X122.165 Y79.137 E.02201
G1 X122.567 Y79.691 E.02203
G1 X123.014 Y80.099 E.01943
G1 X123.67 Y80.491 E.02459
G1 X124.319 Y80.702 E.02196
G1 X125 Y80.774 E.02201
G1 X125.681 Y80.702 E.02202
G1 X126.332 Y80.491 E.02199
G1 X126.952 Y80.132 E.02304
G1 X127.098 Y80.116 E.00475
G1 X127.198 Y80.194 E.00407
G1 X127.225 Y80.29 E.00318
G1 X127.225 Y139.71 E1.91075
G1 X127.198 Y139.805 E.00316
G1 X127.071 Y139.89 E.00493
G1 X126.944 Y139.863 E.00419
G1 X126.453 Y139.583 E.01819
G1 X125.922 Y139.367 E.01841
G1 X125.342 Y139.244 E.01906
G1 X124.658 Y139.244 E.02201
G1 X123.988 Y139.386 E.02201
G1 X123.362 Y139.665 E.02203
G1 X122.871 Y140.017 E.01943
G1 X122.351 Y140.577 E.02459
G1 X122.009 Y141.168 E.02196
G1 X121.798 Y141.819 E.02201
G1 X121.726 Y142.5 E.02201
G1 X121.798 Y143.181 E.02201
G1 X122.009 Y143.832 E.02201
G1 X122.368 Y144.452 E.02304
G1 X122.381 Y144.605 E.00496
M73 P59 R18
G1 X122.305 Y144.698 E.00387
G1 X122.21 Y144.725 E.00316
G1 X97.79 Y144.725 E.78528
G1 X97.634 Y144.638 E.00573
G1 X97.615 Y144.493 E.0047
G1 X97.93 Y143.925 E.0209
G1 X98.133 Y143.422 E.01744
G1 X98.256 Y142.842 E.01905
G1 X98.256 Y142.158 E.02201
G1 X98.114 Y141.488 E.02201
G1 X97.835 Y140.862 E.02203
G1 X97.483 Y140.371 E.01943
G1 X96.923 Y139.851 E.02459
G1 X96.332 Y139.509 E.02196
G1 X95.681 Y139.298 E.02201
G1 X95 Y139.226 E.02201
G1 X94.319 Y139.298 E.02202
G1 X93.668 Y139.509 E.02199
G1 X93.048 Y139.868 E.02304
G1 X92.892 Y139.88 E.00504
G1 X92.802 Y139.805 E.00379
G1 X92.775 Y139.71 E.00316
G1 X92.775 Y80.29 E1.91075
G1 X92.865 Y80.132 E.00583
G1 X93.007 Y80.115 E.00459
G1 X93.575 Y80.43 E.02091
G1 X94.078 Y80.633 E.01744
G1 X94.658 Y80.756 E.01905
G1 X95.342 Y80.756 E.02201
G1 X96.012 Y80.614 E.02201
G1 X96.637 Y80.335 E.02201
G1 X97.191 Y79.933 E.02201
G1 X97.649 Y79.424 E.02201
G1 X97.991 Y78.832 E.02201
G1 X98.202 Y78.181 E.02201
G1 X98.274 Y77.5 E.02201
G1 X98.202 Y76.819 E.02201
G1 X97.991 Y76.168 E.02201
G1 X97.632 Y75.548 E.02304
G1 X97.62 Y75.392 E.00504
G1 X97.695 Y75.302 E.00379
G1 X97.79 Y75.275 E.00316
G1 X122.21 Y75.275 E.78528
G1 X122.366 Y75.362 E.00573
G1 X122.379 Y75.471 E.00352
G1 E-2.8 F3600
;WIPE_START
G1 F2400
G1 X122.083 Y76.047 E-.77797
G1 X121.95 Y76.373 E-.42204
;WIPE_END
G1 Z3 F9000
G1 X93.125 Y143.002 Z3
G1 Z2.6
G1 E4 F2400
;TYPE:Inner wall
G1 X93.079 Y142.843 E.00533
G1 X93.054 Y142.406 E.01408
G1 X93.16 Y141.848 E.01826
G1 X93.343 Y141.47 E.01352
G1 X93.593 Y141.147 E.01312
G1 X93.905 Y140.885 E.01312
G1 X94.265 Y140.692 E.01312
G1 X94.652 Y140.579 E.01298
G1 X95.052 Y140.554 E.01288
G1 X95.604 Y140.642 E.01796
G1 X96.03 Y140.843 E.01517
G1 X96.353 Y141.093 E.01312
G1 X96.615 Y141.405 E.01312
G1 X96.808 Y141.765 E.01312
G1 X96.921 Y142.157 E.01312
G1 X96.95 Y142.564 E.01312
G1 X96.895 Y142.968 E.01312
G1 X96.756 Y143.352 E.01312
G1 X96.54 Y143.698 E.01312
G1 X96.232 Y144.009 E.01408
G1 X95.804 Y144.281 E.01632
G1 X95.343 Y144.421 E.01548
G1 X94.936 Y144.45 E.01312
G1 X94.489 Y144.381 E.01454
G1 X94.148 Y144.256 E.01167
G1 X93.78 Y144.019 E.01408
G1 X93.425 Y143.656 E.01634
G1 X93.192 Y143.235 E.01547
G1 X93.136 Y143.041 E.0065
G1 X93.532 Y142.885 F9000
;TYPE:Outer wall
G1 F2400
G1 X93.505 Y142.798 E.00292
G1 X93.477 Y142.473 E.01051
G1 X93.556 Y142.011 E.01507
G1 X93.689 Y141.721 E.01025
G1 X93.88 Y141.466 E.01025
G1 X94.119 Y141.256 E.01025
G1 X94.397 Y141.1 E.01025
G1 X94.7 Y141.005 E.0102
G1 X94.992 Y140.978 E.00941
G1 X95.489 Y141.056 E.01619
G1 X95.885 Y141.267 E.01443
G1 X96.235 Y141.604 E.01562
G1 X96.444 Y142.031 E.01527
G1 X96.525 Y142.5 E.01531
G1 X96.444 Y142.969 E.01531
G1 X96.227 Y143.406 E.01568
G1 X95.999 Y143.65 E.01074
G1 X95.603 Y143.9 E.01507
G1 X95.298 Y143.995 E.01025
G1 X94.981 Y144.024 E.01025
G1 X94.622 Y143.973 E.01167
G1 X94.363 Y143.885 E.0088
G1 X94.013 Y143.646 E.01361
G1 X93.756 Y143.381 E.01189
G1 X93.6 Y143.103 E.01025
G1 X93.544 Y142.923 E.00604
G1 E-2.8 F3600
;WIPE_START
G1 F2400
G1 X93.505 Y142.798 E-.15691
G1 X93.477 Y142.473 E-.39206
G1 X93.556 Y142.011 E-.56235
G1 X93.587 Y141.944 E-.08867
;WIPE_END
G1 Z3 F9000
G1 X126.856 Y143.078 Z3
G1 Z2.6
G1 E4 F2400
;TYPE:Inner wall
G1 X126.756 Y143.352 E.00936
G1 X126.533 Y143.707 E.01349
G1 X126.215 Y144.02 E.01434
G1 X125.744 Y144.305 E.01772
G1 X125.343 Y144.421 E.01341
G1 X124.936 Y144.45 E.01312
G1 X124.532 Y144.395 E.01312
G1 X124.148 Y144.256 E.01312
G1 X123.802 Y144.04 E.01312
G1 X123.491 Y143.732 E.01408
G1 X123.215 Y143.294 E.01664
G1 X123.079 Y142.843 E.01516
G1 X123.05 Y142.436 E.01312
G1 X123.105 Y142.032 E.01312
G1 X123.244 Y141.648 E.01312
G1 X123.481 Y141.28 E.01408
G1 X123.855 Y140.917 E.01676
G1 X124.265 Y140.692 E.01504
G1 X124.652 Y140.579 E.01298
G1 X125.052 Y140.554 E.01288
G1 X125.604 Y140.642 E.01796
G1 X126.03 Y140.843 E.01517
G1 X126.353 Y141.093 E.01312
G1 X126.615 Y141.405 E.01312
G1 X126.808 Y141.765 E.01312
G1 X126.921 Y142.157 E.01312
G1 X126.95 Y142.564 E.01312
G1 X126.881 Y143.011 E.01454
G1 X126.87 Y143.041 E.00103
G1 X126.455 Y142.932 F9000
;TYPE:Outer wall
G1 F2400
G1 X126.385 Y143.137 E.00699
G1 X126.214 Y143.42 E.01062
G1 X125.982 Y143.661 E.01076
G1 X125.603 Y143.9 E.01442
G1 X125.298 Y143.995 E.01025
G1 X124.981 Y144.024 E.01025
G1 X124.664 Y143.987 E.01025
G1 X124.363 Y143.885 E.01025
G1 X124.089 Y143.722 E.01025
G1 X123.85 Y143.499 E.01051
G1 X123.6 Y143.103 E.01507
G1 X123.505 Y142.798 E.01025
G1 X123.476 Y142.481 E.01025
G1 X123.513 Y142.164 E.01025
G1 X123.615 Y141.863 E.01025
G1 X123.784 Y141.583 E.01051
G1 X124.119 Y141.256 E.01507
G1 X124.531 Y141.056 E.0147
G1 X124.966 Y140.977 E.01422
G1 X125.471 Y141.049 E.01642
G1 X125.779 Y141.189 E.01086
G1 X126.034 Y141.38 E.01025
G1 X126.244 Y141.619 E.01025
G1 X126.4 Y141.897 E.01025
G1 X126.495 Y142.202 E.01025
G1 X126.524 Y142.519 E.01025
G1 X126.473 Y142.878 E.01167
G1 X126.468 Y142.894 E.00053
G1 X127.243 Y142.325 F9000
;TYPE:Sparse infill
;WIDTH:0.45
G1 F3600
G1 X127.26 Y142.5 E.00566
G1 X127.216 Y142.941 E.01424
G1 X127.048 Y143.455 E.01738
G1 X126.804 Y143.855 E.01508
G1 X126.914 Y144.196 E.01153
G1 X127.616 Y144.899 E.03196
G1 X128.51 Y145.187 E.03017
G1 X128.454 Y145.283 E.00357
G1 X128.03 Y145.754 E.02039
G1 X127.517 Y146.127 E.02039
G1 X126.937 Y146.385 E.02039
G1 X126.326 Y146.515 E.02011
G1 X126.247 Y146.269 E.00831
G1 X125.544 Y145.566 E.03196
G1 X123.471 Y144.899 E.07001
G1 X123.123 Y144.55 E.01586
G1 X123.116 Y144.684 E.00431
G1 X123.071 Y144.857 E.00573
G1 X122.989 Y145.027 E.00608
G1 X122.69 Y145.326 E.01359
G1 X122.374 Y145.445 E.01087
G1 X122.215 Y145.459 E.00513
G1 X121.065 Y145.459 E.03696
G1 X121.399 Y145.566 E.01127
G1 X122.102 Y146.269 E.03196
G1 X122.188 Y146.538 E.0091
G1 X118.043 Y146.538 E.13329
G1 X117.957 Y146.269 E.0091
G1 X117.254 Y145.566 E.03196
G1 X116.92 Y145.459 E.01127
G1 X118.549 Y145.459 E.05236
G1 X115.527 Y146.538 F9000
G1 F3600
G1 X113.898 Y146.538 E.05236
G1 X113.811 Y146.269 E.0091
G1 X113.109 Y145.566 E.03196
G1 X112.775 Y145.459 E.01127
G1 X108.63 Y145.459 E.13329
G1 X108.964 Y145.566 E.01127
G1 X109.666 Y146.269 E.03196
G1 X109.753 Y146.538 E.0091
G1 X105.608 Y146.538 E.13329
G1 X105.521 Y146.269 E.0091
G1 X104.819 Y145.566 E.03196
G1 X104.485 Y145.459 E.01127
G1 X100.34 Y145.459 E.13329
G1 X100.674 Y145.566 E.01127
G1 X101.376 Y146.269 E.03196
G1 X101.463 Y146.538 E.0091
G1 X97.318 Y146.538 E.13329
G1 X97.231 Y146.269 E.0091
G1 X96.529 Y145.566 E.03196
G1 X94.456 Y144.899 E.07001
G1 X94.136 Y144.579 E.01455
G1 X94.046 Y144.548 E.00308
G1 X93.739 Y144.372 E.01137
G1 X93.598 Y144.268 E.00564
G1 X93.261 Y143.933 E.01526
G1 X93.122 Y143.752 E.00734
G1 X92.908 Y143.348 E.01469
G1 X92.784 Y142.94 E.01373
G1 X92.74 Y142.499 E.01424
G1 X92.836 Y141.874 E.02034
G1 X92.384 Y141.421 E.02059
G1 X90.962 Y140.963 E.04804
G1 X90.962 Y136.818 E.13329
G1 X92.041 Y137.166 E.03647
G1 X92.041 Y133.021 E.13329
G1 X90.962 Y132.673 E.03647
G1 X90.962 Y131.045 E.05236
G1 X92.041 Y127.248 F9000
G1 F3600
G1 X92.041 Y128.876 E.05236
G1 X90.962 Y128.528 E.03647
G1 X90.962 Y124.383 E.13329
G1 X92.041 Y124.731 E.03647
G1 X92.041 Y123.103 E.05236
G1 X90.962 Y118.61 F9000
G1 F3600
G1 X90.962 Y120.238 E.05236
G1 X92.041 Y120.586 E.03647
G1 X92.041 Y116.441 E.13329
G1 X90.962 Y116.093 E.03647
G1 X90.962 Y111.948 E.13329
G1 X92.041 Y112.296 E.03647
G1 X92.041 Y108.151 E.13329
G1 X90.962 Y107.803 E.03647
G1 X90.962 Y103.658 E.13329
G1 X92.041 Y104.006 E.03647
G1 X92.041 Y99.861 E.13329
G1 X90.962 Y99.513 E.03647
G1 X90.962 Y95.368 E.13329
G1 X92.041 Y95.716 E.03647
G1 X92.041 Y97.344 E.05236
G1 X90.962 Y92.852 F9000
G1 F3600
G1 X90.962 Y91.223 E.05236
G1 X92.041 Y91.571 E.03647
G1 X92.041 Y87.426 E.13329
G1 X90.962 Y87.078 E.03647
G1 X90.962 Y82.933 E.13329
G1 X92.041 Y83.281 E.03647
G1 X92.041 Y80.276 E.09663
G1 X92.171 Y79.813 E.01544
G1 X92.472 Y79.511 E.01373
G1 X92.591 Y79.453 E.00424
G1 X92.384 Y79.246 E.00942
G1 X90.962 Y78.788 E.04804
G1 X90.962 Y80.416 E.05236
G1 X92.765 Y77.68 F9000
G1 F3600
G1 X92.74 Y77.5 E.00584
G1 X92.819 Y76.936 E.01831
G1 X92.884 Y76.717 E.00736
G1 X93.081 Y76.31 E.01454
G1 X93.199 Y76.153 E.00631
G1 X93.086 Y75.804 E.01181
G1 X92.384 Y75.101 E.03196
G1 X91.487 Y74.812 E.03029
G1 X91.734 Y74.481 E.01329
G1 X92.217 Y74.046 E.0209
G1 X92.766 Y73.729 E.02039
G1 X93.369 Y73.533 E.02038
G1 X93.68 Y73.503 E.01005
G1 X93.753 Y73.731 E.00771
G1 X94.456 Y74.434 E.03196
G1 X96.529 Y75.101 E.07001
G1 X96.878 Y75.45 E.01589
G1 X96.884 Y75.316 E.00433
G1 X96.933 Y75.131 E.00615
G1 X97.011 Y74.972 E.00568
G1 X97.31 Y74.674 E.01358
G1 X97.626 Y74.555 E.01087
G1 X97.785 Y74.541 E.00513
G1 X98.935 Y74.541 E.03696
G1 X98.601 Y74.434 E.01127
G1 X97.898 Y73.731 E.03196
G1 X97.812 Y73.463 E.00907
G1 X101.957 Y73.464 E.1333
G1 X102.043 Y73.731 E.00903
G1 X102.746 Y74.434 E.03196
G1 X103.08 Y74.541 E.01127
G1 X104.708 Y74.541 E.05236
G1 X107.731 Y73.465 F9000
G1 F3600
G1 X106.103 Y73.465 E.05236
G1 X106.189 Y73.731 E.00899
G1 X106.891 Y74.434 E.03196
G1 X107.225 Y74.541 E.01127
G1 X111.37 Y74.541 E.13329
G1 X111.036 Y74.434 E.01127
G1 X110.334 Y73.731 E.03196
G1 X110.248 Y73.466 E.00895
G1 X114.394 Y73.467 E.1333
G1 X114.479 Y73.731 E.00891
G1 X115.181 Y74.434 E.03196
G1 X115.515 Y74.541 E.01127
G1 X119.66 Y74.541 E.13329
G1 X119.326 Y74.434 E.01127
G1 X118.624 Y73.731 E.03196
G1 X118.539 Y73.468 E.00888
G1 X122.684 Y73.469 E.1333
G1 X122.769 Y73.731 E.00884
G1 X123.471 Y74.434 E.03196
G1 X125.544 Y75.101 E.07001
G1 X125.866 Y75.423 E.01465
G1 X126.104 Y75.529 E.00837
G1 X126.512 Y75.82 E.01612
G1 X126.824 Y76.166 E.01497
G1 X127.061 Y76.574 E.01517
G1 X127.186 Y76.942 E.01251
G1 X127.224 Y77.12 E.00586
G1 X127.26 Y77.5 E.01226
G1 X127.221 Y77.908 E.01318
G1 X127.151 Y78.113 E.00698
G1 X127.616 Y78.579 E.02117
G1 X129.038 Y79.037 E.04804
G1 X129.038 Y76.543 E.08018
G1 X128.988 Y75.99 E.01787
G1 X128.889 Y75.572 E.0138
G1 X128.627 Y74.983 E.02072
G1 X128.414 Y74.691 E.01164
G1 X127.616 Y74.434 E.02695
G1 X126.914 Y73.731 E.03196
G1 X126.875 Y73.613 E.004
G1 X126.625 Y73.531 E.00847
G1 X126.113 Y73.47 E.01658
G1 X125.264 Y73.47 E.0273
G1 E-3
;WIPE_START
G1 X126.113 Y73.47 E-.84912
G1 X126.263 Y73.488 E-.15088
;WIPE_END
G1 Z3 F9000
G1 X123.61 Y79.265 Z3
G1 Z2.6
G1 E4 F2400
G1 F3600
G1 X123.382 Y79.073 E.00958
G1 X123.263 Y78.941 E.00572
G1 X123.043 Y78.63 E.01226
G1 X122.884 Y78.283 E.01227
G1 X122.819 Y78.066 E.00729
G1 X122.797 Y77.904 E.00525
G1 X122.769 Y77.876 E.00127
G1 X122.511 Y77.077 E.02699
G1 X122.478 Y77.235 E.00519
G1 X122.478 Y77.765 E.01706
G1 X122.588 Y78.284 E.01704
G1 X122.804 Y78.768 E.01705
G1 X123.117 Y79.199 E.01715
G1 X123.454 Y79.507 E.01466
G1 X123.976 Y79.819 E.01955
G1 X124.473 Y79.981 E.01681
G1 X125 Y80.036 E.01705
G1 X125.528 Y79.981 E.01706
G1 X126.031 Y79.817 E.01702
G1 X126.59 Y79.494 E.02075
G1 X126.792 Y79.408 E.00706
G1 X126.982 Y79.375 E.0062
G1 X127.186 Y79.384 E.00657
G1 X127.423 Y79.456 E.00797
G1 X127.524 Y79.51 E.00368
G1 X127.827 Y79.81 E.01373
G1 X127.959 Y80.276 E.01554
G1 X127.959 Y82.834 E.08227
G1 X129.038 Y83.182 E.03647
G1 X129.038 Y87.327 E.13329
G1 X127.959 Y86.979 E.03647
G1 X127.959 Y91.124 E.13329
G1 X129.038 Y91.472 E.03647
G1 X129.038 Y89.843 E.05236
G1 X127.959 Y93.641 F9000
G1 F3600
G1 X127.959 Y95.269 E.05236
G1 X129.038 Y95.617 E.03647
G1 X129.038 Y99.762 E.13329
G1 X127.959 Y99.414 E.03647
G1 X127.959 Y103.559 E.13329
G1 X129.038 Y103.907 E.03647
G1 X129.038 Y108.052 E.13329
G1 X127.959 Y107.704 E.03647
G1 X127.959 Y111.849 E.13329
G1 X129.038 Y112.197 E.03647
G1 X129.038 Y113.825 E.05236
G1 X127.959 Y114.366 F9000
G1 F3600
G1 X127.959 Y115.994 E.05236
G1 X129.038 Y116.342 E.03647
G1 X129.038 Y120.487 E.13329
G1 X127.959 Y120.139 E.03647
G1 X127.959 Y124.284 E.13329
G1 X129.038 Y124.632 E.03647
G1 X129.038 Y128.777 E.13329
G1 X127.959 Y128.429 E.03647
G1 X127.959 Y132.574 E.13329
G1 X129.038 Y132.922 E.03647
G1 X129.038 Y137.067 E.13329
G1 X127.959 Y136.719 E.03647
G1 X127.959 Y139.715 E.09632
G1 X127.945 Y139.874 E.00513
G1 X127.826 Y140.19 E.01087
G1 X127.527 Y140.489 E.01359
G1 X127.409 Y140.546 E.00423
G1 X127.616 Y140.754 E.00945
G1 X129.038 Y141.212 E.04804
G1 X129.038 Y139.584 E.05236
G1 E-3
;WIPE_START
G1 X129.038 Y140.584 E-1
;WIPE_END
G1 Z3 F9000
G1 X96.407 Y140.745 Z3
G1 Z2.6
G1 E4 F2400
G1 F3600
G1 X96.522 Y140.83 E.00459
G1 X96.831 Y141.176 E.01495
G1 X97.064 Y141.581 E.01501
G1 X97.21 Y142.03 E.01519
G1 X97.219 Y142.111 E.00262
G1 X97.489 Y142.923 E.0275
G1 X97.522 Y142.765 E.00519
G1 X97.522 Y142.235 E.01705
G1 X97.412 Y141.716 E.01705
G1 X97.247 Y141.345 E.01307
G1 X94.737 Y146.538 F9000
G1 F3600
G1 X94.049 Y146.538 E.02211
G1 X93.369 Y146.467 E.02198
G1 X93.125 Y146.387 E.00828
G1 X93.086 Y146.269 E.004
G1 X92.384 Y145.566 E.03196
G1 X91.576 Y145.306 E.02727
G1 X91.376 Y145.022 E.01119
G1 X91.115 Y144.437 E.02059
G1 X90.982 Y143.811 E.02058
; stop printing object Remote75T.stl id:0 copy 0
;LAYER_CHANGE
;Z:2.8
;HEIGHT:0.2
;BEFORE_LAYER_CHANGE
;2.8
G92 E0

G1 E-3 F3600
;WIPE_START
G1 X91.115 Y144.437 E-.64015
G1 X91.262 Y144.766 E-.35985
;WIPE_END
;_SET_FAN_SPEED_CHANGING_LAYER
; printing object Remote75T.stl id:0 copy 0
G1 Z3.2 F9000
G1 X91.382 Y145.559 Z3.2
G1 Z2.8
G1 E4 F2400
;TYPE:Inner wall
;WIDTH:0.449999
G1 X91.109 Y145.174 E.01518
G1 X90.823 Y144.532 E.02257
G1 X90.714 Y144.017 E.01694
G1 X90.656 Y143.483 E.01727
G1 X90.656 Y76.533 E2.15286
G1 X90.733 Y75.805 E.02353
G1 X90.949 Y75.139 E.02253
G1 X91.202 Y74.693 E.0165
G1 X91.511 Y74.271 E.0168
G1 X92.037 Y73.798 E.02275
G1 X92.641 Y73.448 E.02246
G1 X93.305 Y73.233 E.02245
G1 X94.033 Y73.156 E.02352
G1 X126.118 Y73.164 E1.03173
G1 X126.691 Y73.232 E.01856
G1 X127.359 Y73.448 E.02257
M73 P60 R18
G1 X127.963 Y73.798 E.02246
G1 X128.482 Y74.265 E.02246
G1 X128.893 Y74.83 E.02246
G1 X129.18 Y75.474 E.02267
G1 X129.297 Y76.022 E.01803
G1 X129.344 Y76.588 E.01825
G1 X129.344 Y143.467 E2.15058
G1 X129.267 Y144.195 E.02353
M73 P60 R17
G1 X129.052 Y144.859 E.02245
G1 X128.702 Y145.463 E.02246
G1 X128.235 Y145.982 E.02245
G1 X127.67 Y146.393 E.02246
G1 X127.032 Y146.677 E.02245
G1 X126.433 Y146.804 E.01969
G1 X125.983 Y146.844 E.01454
G1 X94.033 Y146.844 E1.02739
G1 X93.305 Y146.767 E.02353
G1 X92.641 Y146.552 E.02245
G1 X92.174 Y146.281 E.01737
G1 X91.843 Y146.049 E.013
G1 X91.438 Y145.638 E.01856
G1 X91.405 Y145.591 E.00183
G1 X91.032 Y145.806 F9000
;TYPE:Outer wall
G1 F2400
G1 X90.734 Y145.387 E.01655
G1 X90.413 Y144.665 E.02539
G1 X90.277 Y144.022 E.02114
G1 X90.228 Y143.494 E.01706
G1 X90.228 Y76.511 E2.15394
G1 X90.311 Y75.716 E.0257
G1 X90.555 Y74.965 E.02537
G1 X90.83 Y74.481 E.0179
G1 X91.196 Y73.978 E.02001
G1 X91.783 Y73.449 E.02543
G1 X92.466 Y73.055 E.02535
G1 X93.216 Y72.811 E.02535
G1 X94.011 Y72.728 E.0257
G1 X126.143 Y72.736 E1.03325
G1 X126.783 Y72.811 E.02073
G1 X127.534 Y73.055 E.02539
G1 X128.217 Y73.449 E.02535
G1 X128.803 Y73.977 E.02535
G1 X129.266 Y74.614 E.02535
G1 X129.587 Y75.336 E.0254
G1 X129.723 Y75.983 E.02125
G1 X129.772 Y76.588 E.01953
G1 X129.772 Y143.489 E2.1513
G1 X129.689 Y144.284 E.0257
G1 X129.445 Y145.034 E.02535
G1 X129.051 Y145.717 E.02535
G1 X128.523 Y146.303 E.02535
G1 X127.886 Y146.766 E.02535
G1 X127.165 Y147.087 E.02535
G1 X126.522 Y147.223 E.02114
G1 X125.994 Y147.272 E.01706
G1 X94.011 Y147.272 E1.02847
G1 X93.216 Y147.189 E.0257
G1 X92.466 Y146.945 E.02535
G1 X91.904 Y146.62 E.02088
G1 X91.479 Y146.305 E.01702
G1 X91.105 Y145.91 E.01747
G1 X91.055 Y145.839 E.00281
G1 E-2.8 F3600
;WIPE_START
G1 F2400
G1 X90.734 Y145.387 E-.66546
G1 X90.553 Y144.98 E-.53454
;WIPE_END
G1 Z3.2 F9000
G1 X125.925 Y75.793 Z3.2
G1 Z2.8
G1 E4 F2400
;TYPE:Inner wall
G1 X126.03 Y75.843 E.00376
G1 X126.397 Y76.143 E.01522
G1 X126.615 Y76.405 E.01099
G1 X126.808 Y76.765 E.01312
G1 X126.921 Y77.157 E.01312
G1 X126.95 Y77.564 E.01312
G1 X126.884 Y77.997 E.01408
G1 X126.657 Y78.53 E.01866
G1 X126.407 Y78.853 E.01312
G1 X126.095 Y79.115 E.01312
G1 X125.735 Y79.308 E.01312
G1 X125.343 Y79.421 E.01312
G1 X124.936 Y79.45 E.01312
G1 X124.532 Y79.395 E.01312
G1 X124.148 Y79.256 E.01312
G1 X123.802 Y79.04 E.01312
G1 X123.508 Y78.758 E.01312
G1 X123.279 Y78.42 E.01312
G1 X123.126 Y78.047 E.01295
G1 X123.06 Y77.658 E.01271
G1 X123.089 Y77.095 E.01812
G1 X123.267 Y76.61 E.01661
G1 X123.508 Y76.242 E.01414
G1 X123.905 Y75.885 E.01719
G1 X124.265 Y75.692 E.01312
G1 X124.652 Y75.58 E.01295
G1 X125.046 Y75.554 E.01271
G1 X125.618 Y75.647 E.01863
G1 X125.889 Y75.775 E.00964
G1 X125.744 Y76.173 F9000
;TYPE:Outer wall
G1 F2400
G1 X125.779 Y76.189 E.00123
G1 X126.078 Y76.429 E.01235
G1 X126.349 Y76.801 E.01477
G1 X126.495 Y77.202 E.01373
G1 X126.524 Y77.519 E.01025
G1 X126.484 Y77.843 E.01051
G1 X126.311 Y78.279 E.01507
G1 X126.12 Y78.534 E.01025
G1 X125.881 Y78.744 E.01025
G1 X125.603 Y78.9 E.01025
G1 X125.298 Y78.995 E.01025
G1 X124.981 Y79.024 E.01025
G1 X124.664 Y78.987 E.01025
G1 X124.363 Y78.885 E.01025
G1 X124.089 Y78.722 E.01025
G1 X123.855 Y78.506 E.01025
G1 X123.67 Y78.246 E.01025
G1 X123.545 Y77.955 E.01019
G1 X123.488 Y77.672 E.00926
G1 X123.516 Y77.157 E.0166
G1 X123.689 Y76.721 E.01507
G1 X123.855 Y76.494 E.00903
G1 X124.119 Y76.256 E.01146
G1 X124.397 Y76.1 E.01025
G1 X124.7 Y76.005 E.01019
G1 X124.987 Y75.979 E.00926
G1 X125.489 Y76.056 E.01635
G1 X125.707 Y76.157 E.00773
G1 E-2.8 F3600
;WIPE_START
G1 F2400
G1 X125.779 Y76.189 E-.09395
G1 X126.078 Y76.429 E-.4608
G1 X126.349 Y76.801 E-.55111
G1 X126.376 Y76.874 E-.09414
;WIPE_END
G1 Z3.2 F9000
G1 X93.155 Y78.103 Z3.2
G1 Z2.8
G1 E4 F2400
;TYPE:Inner wall
G1 X93.119 Y78.01 E.00319
G1 X93.046 Y77.5 E.01658
G1 X93.119 Y76.99 E.01658
G1 X93.279 Y76.58 E.01413
G1 X93.593 Y76.147 E.01719
G1 X93.905 Y75.885 E.01312
G1 X94.265 Y75.692 E.01312
G1 X94.615 Y75.585 E.01178
G1 X95.046 Y75.554 E.01389
G1 X95.652 Y75.66 E.01977
G1 X96.03 Y75.843 E.01352
G1 X96.353 Y76.093 E.01312
G1 X96.615 Y76.405 E.01312
G1 X96.808 Y76.765 E.01312
G1 X96.921 Y77.157 E.01312
G1 X96.946 Y77.594 E.01408
G1 X96.858 Y78.104 E.01664
G1 X96.657 Y78.53 E.01517
G1 X96.407 Y78.853 E.01312
G1 X96.095 Y79.115 E.01312
G1 X95.735 Y79.308 E.01312
G1 X95.343 Y79.421 E.01312
G1 X94.936 Y79.45 E.01312
G1 X94.532 Y79.395 E.01312
G1 X94.148 Y79.256 E.01312
G1 X93.802 Y79.04 E.01312
G1 X93.508 Y78.758 E.01312
G1 X93.279 Y78.42 E.01312
G1 X93.17 Y78.14 E.00966
G1 X93.546 Y77.951 F9000
;TYPE:Outer wall
G1 F2400
G1 X93.543 Y77.943 E.00025
G1 X93.477 Y77.472 E.01532
G1 X93.556 Y77.011 E.01503
G1 X93.689 Y76.721 E.01025
G1 X93.88 Y76.466 E.01025
G1 X94.119 Y76.256 E.01025
G1 X94.397 Y76.1 E.01025
G1 X94.689 Y76.007 E.00985
G1 X94.987 Y75.979 E.00961
G1 X95.486 Y76.055 E.01623
G1 X95.779 Y76.189 E.01037
G1 X96.034 Y76.38 E.01025
G1 X96.244 Y76.619 E.01025
G1 X96.4 Y76.897 E.01025
G1 X96.495 Y77.202 E.01025
G1 X96.523 Y77.527 E.01051
G1 X96.444 Y77.989 E.01507
G1 X96.228 Y78.392 E.0147
G1 X95.897 Y78.734 E.01531
G1 X95.469 Y78.944 E.01531
G1 X95 Y79.025 E.01531
G1 X94.531 Y78.944 E.01531
G1 X94.094 Y78.727 E.01568
G1 X93.855 Y78.506 E.01048
G1 X93.67 Y78.246 E.01025
G1 X93.561 Y77.987 E.00901
G1 E-2.8 F3600
;WIPE_START
G1 F2400
G1 X93.543 Y77.943 E-.05729
G1 X93.477 Y77.472 E-.5717
G1 X93.556 Y77.011 E-.56095
G1 X93.56 Y77.003 E-.01007
;WIPE_END
G1 Z3.2 F9000
G1 X122.772 Y75.637 Z3.2
G1 Z2.8
G1 E4 F2400
;TYPE:Inner wall
G1 X122.722 Y75.79 E.00516
G1 X122.451 Y76.273 E.01781
G1 X122.268 Y76.753 E.01652
G1 X122.173 Y77.25 E.01629
G1 X122.173 Y77.797 E.01759
G1 X122.296 Y78.379 E.01911
G1 X122.538 Y78.922 E.01911
G1 X122.887 Y79.402 E.01911
G1 X123.329 Y79.8 E.01911
G1 X123.844 Y80.097 E.01911
G1 X124.409 Y80.281 E.01911
G1 X125 Y80.343 E.01911
G1 X125.592 Y80.281 E.01913
G1 X126.156 Y80.097 E.01909
G1 X126.737 Y79.761 E.02159
G1 X127.002 Y79.68 E.0089
G1 X127.291 Y79.732 E.00942
G1 X127.564 Y79.971 E.01167
G1 X127.654 Y80.29 E.01066
G1 X127.654 Y139.71 E1.91075
G1 X127.564 Y140.028 E.0106
G1 X127.314 Y140.258 E.01094
G1 X127.01 Y140.32 E.00997
G1 X126.71 Y140.222 E.01013
G1 X126.278 Y139.974 E.01602
G1 X125.725 Y139.764 E.01903
G1 X125.25 Y139.673 E.01557
G1 X124.703 Y139.673 E.01758
G1 X124.121 Y139.796 E.01911
G1 X123.578 Y140.038 E.01911
G1 X123.098 Y140.387 E.01911
G1 X122.7 Y140.829 E.01911
G1 X122.403 Y141.344 E.01911
G1 X122.219 Y141.909 E.01911
G1 X122.157 Y142.5 E.01911
G1 X122.219 Y143.092 E.01913
G1 X122.403 Y143.656 E.01909
G1 X122.739 Y144.237 E.02159
G1 X122.818 Y144.479 E.00818
G1 X122.784 Y144.752 E.00885
G1 X122.731 Y144.861 E.0039
G1 X122.528 Y145.064 E.00925
G1 X122.21 Y145.154 E.0106
G1 X97.79 Y145.154 E.78528
G1 X97.472 Y145.064 E.0106
G1 X97.242 Y144.814 E.01094
G1 X97.18 Y144.51 E.00997
G1 X97.281 Y144.203 E.01038
G1 X97.597 Y143.656 E.02032
G1 X97.781 Y143.091 E.0191
G1 X97.843 Y142.5 E.01911
G1 X97.781 Y141.909 E.01911
G1 X97.597 Y141.344 E.01911
G1 X97.3 Y140.829 E.01911
G1 X96.891 Y140.375 E.01965
G1 X96.414 Y140.051 E.01855
G1 X95.978 Y139.845 E.0155
G1 X95.544 Y139.714 E.01458
G1 X95 Y139.657 E.01759
G1 X94.408 Y139.719 E.01913
G1 X93.844 Y139.903 E.01909
G1 X93.263 Y140.239 E.02159
G1 X92.998 Y140.32 E.0089
G1 X92.739 Y140.281 E.00841
G1 X92.639 Y140.231 E.00361
G1 X92.435 Y140.028 E.00925
G1 X92.346 Y139.71 E.0106
G1 X92.346 Y80.29 E1.91075
G1 X92.435 Y79.972 E.0106
G1 X92.649 Y79.762 E.00964
G1 X92.863 Y79.686 E.00728
G1 X93.124 Y79.702 E.00841
G1 X93.564 Y79.956 E.01633
G1 X94.121 Y80.204 E.01963
G1 X94.703 Y80.327 E.01911
G1 X95.297 Y80.327 E.01911
G1 X95.879 Y80.204 E.01911
G1 X96.422 Y79.962 E.01911
G1 X96.902 Y79.613 E.01911
G1 X97.3 Y79.171 E.01911
G1 X97.597 Y78.656 E.01911
G1 X97.781 Y78.091 E.01911
G1 X97.843 Y77.5 E.01911
G1 X97.781 Y76.909 E.01911
G1 X97.597 Y76.344 E.0191
G1 X97.261 Y75.763 E.02159
G1 X97.18 Y75.498 E.0089
G1 X97.219 Y75.239 E.00841
G1 X97.269 Y75.139 E.00361
G1 X97.472 Y74.935 E.00925
G1 X97.79 Y74.846 E.0106
G1 X122.21 Y74.846 E.78528
G1 X122.528 Y74.936 E.01062
G1 X122.758 Y75.187 E.01094
G1 X122.82 Y75.49 E.00995
G1 X122.785 Y75.599 E.00368
G1 X122.384 Y75.511 F9000
;TYPE:Outer wall
G1 F2400
G1 X122.083 Y76.047 E.0198
G1 X121.867 Y76.579 E.01843
G1 X121.744 Y77.158 E.01904
G1 X121.744 Y77.842 E.02201
G1 X121.886 Y78.512 E.02201
G1 X122.165 Y79.137 E.02201
G1 X122.567 Y79.691 E.02201
G1 X123.076 Y80.149 E.02201
G1 X123.668 Y80.491 E.02201
G1 X124.319 Y80.702 E.02201
G1 X125 Y80.774 E.02201
G1 X125.681 Y80.702 E.02202
G1 X126.332 Y80.491 E.02199
G1 X126.952 Y80.132 E.02304
G1 X127.097 Y80.116 E.00469
G1 X127.198 Y80.195 E.00413
G1 X127.225 Y80.29 E.00318
G1 X127.225 Y139.71 E1.91075
G1 X127.198 Y139.805 E.00316
G1 X127.071 Y139.89 E.00493
G1 X126.944 Y139.863 E.00419
G1 X126.453 Y139.583 E.01819
G1 X125.922 Y139.367 E.01841
G1 X125.342 Y139.244 E.01906
G1 X124.658 Y139.244 E.02201
G1 X123.988 Y139.386 E.02201
G1 X123.363 Y139.665 E.02201
G1 X122.809 Y140.067 E.02201
G1 X122.351 Y140.576 E.02201
G1 X122.009 Y141.168 E.02201
G1 X121.798 Y141.819 E.02201
G1 X121.726 Y142.5 E.02201
G1 X121.798 Y143.181 E.02202
G1 X122.009 Y143.832 E.02199
G1 X122.368 Y144.452 E.02304
G1 X122.381 Y144.605 E.00496
G1 X122.305 Y144.698 E.00387
G1 X122.21 Y144.725 E.00316
G1 X97.79 Y144.725 E.78528
G1 X97.634 Y144.638 E.00573
G1 X97.616 Y144.489 E.00481
G1 X97.863 Y144.053 E.01612
G1 X98.054 Y143.639 E.01467
G1 X98.212 Y143.09 E.01838
G1 X98.274 Y142.5 E.01906
G1 X98.202 Y141.819 E.02201
G1 X97.991 Y141.168 E.02201
G1 X97.649 Y140.576 E.02201
G1 X97.187 Y140.063 E.02218
G1 X96.723 Y139.735 E.01827
G1 X96.244 Y139.481 E.01744
G1 X95.681 Y139.298 E.01905
G1 X95 Y139.226 E.02201
G1 X94.319 Y139.298 E.02202
G1 X93.668 Y139.509 E.02199
G1 X93.048 Y139.868 E.02304
G1 X92.892 Y139.88 E.00504
G1 X92.802 Y139.805 E.00379
G1 X92.775 Y139.71 E.00316
G1 X92.775 Y80.29 E1.91075
G1 X92.865 Y80.132 E.00583
G1 X93.007 Y80.115 E.00459
G1 X93.575 Y80.43 E.02091
G1 X94.078 Y80.633 E.01744
G1 X94.658 Y80.756 E.01905
G1 X95.342 Y80.756 E.02201
G1 X96.012 Y80.614 E.02201
G1 X96.637 Y80.335 E.02201
G1 X97.191 Y79.933 E.02201
G1 X97.649 Y79.424 E.02201
G1 X97.991 Y78.832 E.02201
G1 X98.202 Y78.181 E.02201
G1 X98.274 Y77.5 E.02201
G1 X98.202 Y76.819 E.02201
G1 X97.991 Y76.168 E.02201
G1 X97.632 Y75.548 E.02304
G1 X97.62 Y75.392 E.00504
G1 X97.695 Y75.302 E.00379
G1 X97.79 Y75.275 E.00316
G1 X122.21 Y75.275 E.78528
G1 X122.366 Y75.362 E.00573
G1 X122.379 Y75.471 E.00352
G1 E-2.8 F3600
;WIPE_START
G1 F2400
G1 X122.083 Y76.047 E-.77797
G1 X121.95 Y76.373 E-.42203
;WIPE_END
G1 Z3.2 F9000
G1 X93.112 Y142.912 Z3.2
G1 Z2.8
G1 E4 F2400
;TYPE:Inner wall
G1 X93.046 Y142.501 E.01337
G1 X93.119 Y141.99 E.01661
G1 X93.279 Y141.58 E.01414
G1 X93.593 Y141.147 E.01719
G1 X93.905 Y140.885 E.01312
G1 X94.265 Y140.692 E.01312
G1 X94.652 Y140.58 E.01295
G1 X95.046 Y140.554 E.01271
G1 X95.604 Y140.642 E.01815
G1 X96.03 Y140.843 E.01517
G1 X96.353 Y141.093 E.01312
G1 X96.615 Y141.405 E.01312
G1 X96.808 Y141.765 E.01312
G1 X96.921 Y142.157 E.01312
G1 X96.95 Y142.564 E.01312
G1 X96.895 Y142.968 E.01312
G1 X96.74 Y143.377 E.01408
G1 X96.407 Y143.853 E.01866
G1 X96.095 Y144.115 E.01312
G1 X95.735 Y144.308 E.01312
G1 X95.343 Y144.421 E.01312
G1 X94.936 Y144.45 E.01312
G1 X94.489 Y144.381 E.01454
G1 X94.148 Y144.256 E.01167
G1 X93.754 Y143.997 E.01516
G1 X93.558 Y143.818 E.00854
G1 X93.281 Y143.425 E.01547
G1 X93.135 Y143.057 E.01271
G1 X93.118 Y142.951 E.00346
G1 X93.535 Y142.844 F9000
;TYPE:Outer wall
G1 F2400
G1 X93.477 Y142.473 E.01209
G1 X93.556 Y142.011 E.01507
G1 X93.689 Y141.721 E.01025
G1 X93.88 Y141.466 E.01025
G1 X94.119 Y141.256 E.01025
G1 X94.397 Y141.1 E.01025
G1 X94.7 Y141.005 E.01019
G1 X94.987 Y140.979 E.00926
G1 X95.489 Y141.056 E.01635
G1 X95.915 Y141.288 E.01559
G1 X96.244 Y141.619 E.01502
G1 X96.4 Y141.897 E.01025
G1 X96.495 Y142.202 E.01025
G1 X96.524 Y142.519 E.01025
G1 X96.487 Y142.836 E.01025
G1 X96.38 Y143.144 E.01051
G1 X96.12 Y143.534 E.01507
G1 X95.881 Y143.744 E.01025
G1 X95.603 Y143.9 E.01025
G1 X95.298 Y143.995 E.01025
G1 X94.981 Y144.024 E.01025
G1 X94.622 Y143.973 E.01167
G1 X94.363 Y143.885 E.0088
M73 P61 R17
G1 X94.041 Y143.679 E.01228
G1 X93.87 Y143.524 E.00743
G1 X93.671 Y143.247 E.01095
G1 X93.557 Y142.983 E.00926
G1 X93.542 Y142.884 E.00323
G1 E-2.8 F3600
;WIPE_START
G1 F2400
G1 X93.477 Y142.473 E-.49911
G1 X93.556 Y142.011 E-.56234
G1 X93.605 Y141.906 E-.13855
;WIPE_END
G1 Z3.2 F9000
G1 X126.85 Y143.094 Z3.2
G1 Z2.8
G1 E4 F2400
;TYPE:Inner wall
G1 X126.756 Y143.352 E.00881
G1 X126.533 Y143.707 E.01349
G1 X126.215 Y144.02 E.01434
G1 X125.744 Y144.305 E.01772
G1 X125.343 Y144.421 E.01341
G1 X124.936 Y144.45 E.01312
G1 X124.532 Y144.395 E.01312
G1 X124.148 Y144.256 E.01312
G1 X123.78 Y144.019 E.01408
G1 X123.446 Y143.682 E.01527
G1 X123.192 Y143.235 E.01652
G1 X123.079 Y142.843 E.01312
G1 X123.05 Y142.436 E.01312
G1 X123.104 Y142.037 E.01295
G1 X123.241 Y141.666 E.01271
G1 X123.548 Y141.193 E.01815
G1 X123.905 Y140.885 E.01517
G1 X124.265 Y140.692 E.01312
G1 X124.652 Y140.58 E.01295
G1 X125.046 Y140.554 E.01271
G1 X125.542 Y140.625 E.01611
G1 X126.004 Y140.825 E.01618
G1 X126.353 Y141.093 E.01415
G1 X126.615 Y141.405 E.01312
G1 X126.808 Y141.765 E.01312
G1 X126.921 Y142.157 E.01312
G1 X126.95 Y142.564 E.01312
G1 X126.881 Y143.011 E.01454
G1 X126.864 Y143.057 E.00158
G1 X126.449 Y142.948 F9000
;TYPE:Outer wall
G1 F2400
G1 X126.385 Y143.137 E.00644
G1 X126.214 Y143.42 E.01062
G1 X125.982 Y143.661 E.01076
G1 X125.603 Y143.9 E.01441
G1 X125.298 Y143.995 E.01025
G1 X124.981 Y144.024 E.01025
G1 X124.664 Y143.987 E.01025
G1 X124.363 Y143.885 E.01025
G1 X124.083 Y143.716 E.01051
G1 X123.774 Y143.407 E.01406
G1 X123.6 Y143.103 E.01126
G1 X123.505 Y142.798 E.01025
G1 X123.476 Y142.481 E.01025
G1 X123.513 Y142.166 E.01019
G1 X123.605 Y141.893 E.00926
G1 X123.88 Y141.466 E.01635
G1 X124.241 Y141.185 E.0147
G1 X124.683 Y141.008 E.0153
G1 X124.987 Y140.979 E.00982
G1 X125.489 Y141.056 E.01635
G1 X125.779 Y141.189 E.01025
G1 X126.034 Y141.38 E.01025
G1 X126.244 Y141.619 E.01025
G1 X126.4 Y141.897 E.01025
G1 X126.495 Y142.202 E.01025
G1 X126.524 Y142.519 E.01025
G1 X126.473 Y142.878 E.01167
G1 X126.462 Y142.91 E.00108
G1 X127.241 Y142.689 F9000
;TYPE:Sparse infill
;WIDTH:0.45
G1 F3600
G1 X127.216 Y142.941 E.00815
G1 X127.048 Y143.455 E.01738
G1 X126.793 Y143.873 E.01577
G1 X126.561 Y144.128 E.01107
G1 X126.56 Y144.196 E.00219
G1 X127.616 Y145.253 E.04804
G1 X128.481 Y145.236 E.02781
G1 X128.03 Y145.754 E.0221
G1 X127.517 Y146.127 E.02039
G1 X126.937 Y146.385 E.02039
G1 X126.596 Y146.457 E.01121
G1 X126.6 Y146.269 E.00606
G1 X125.544 Y145.213 E.04804
G1 X123.471 Y145.253 E.06666
G1 X123.072 Y144.854 E.01815
G1 X122.989 Y145.027 E.00619
G1 X122.69 Y145.326 E.01359
G1 X122.374 Y145.445 E.01087
G1 X121.645 Y145.459 E.02344
G1 X122.455 Y146.269 E.03684
G1 X122.45 Y146.538 E.00867
G1 X118.305 Y146.538 E.13329
G1 X118.31 Y146.269 E.00867
G1 X117.5 Y145.459 E.03684
G1 X113.355 Y145.459 E.13329
G1 X114.165 Y146.269 E.03684
G1 X114.16 Y146.538 E.00867
G1 X112.532 Y146.538 E.05236
G1 X110.838 Y145.459 F9000
G1 F3600
G1 X109.21 Y145.459 E.05236
G1 X110.02 Y146.269 E.03684
G1 X110.015 Y146.538 E.00867
G1 X105.87 Y146.538 E.13329
G1 X105.875 Y146.269 E.00867
G1 X105.065 Y145.459 E.03684
G1 X100.92 Y145.459 E.13329
G1 X101.73 Y146.269 E.03684
G1 X101.725 Y146.538 E.00867
G1 X97.58 Y146.538 E.13329
G1 X97.585 Y146.269 E.00867
G1 X96.529 Y145.213 E.04804
G1 X94.456 Y145.253 E.06666
G1 X93.4 Y144.196 E.04804
G1 X93.402 Y144.085 E.00359
G1 X93.335 Y144.028 E.00282
G1 X93.074 Y143.68 E.014
G1 X92.886 Y143.291 E.01388
G1 X92.835 Y143.115 E.00591
G1 X92.74 Y142.502 E.01994
G1 X92.819 Y141.937 E.01834
G1 X92.877 Y141.732 E.00684
G1 X92.933 Y141.617 E.00412
G1 X92.384 Y141.068 E.025
G1 X90.962 Y141.095 E.04574
G1 X90.962 Y136.95 E.13329
G1 X92.041 Y136.929 E.03472
G1 X92.041 Y132.784 E.13329
G1 X90.962 Y132.805 E.03472
G1 X90.962 Y128.66 E.13329
G1 X92.041 Y128.639 E.03472
G1 X92.041 Y124.494 E.13329
G1 X90.962 Y124.515 E.03472
G1 X90.962 Y122.887 E.05236
G1 X92.041 Y121.977 F9000
G1 F3600
G1 X92.041 Y120.349 E.05236
G1 X90.962 Y120.37 E.03472
G1 X90.962 Y116.225 E.13329
G1 X92.041 Y116.204 E.03472
G1 X92.041 Y112.059 E.13329
G1 X90.962 Y112.08 E.03472
G1 X90.962 Y107.935 E.13329
G1 X92.041 Y107.914 E.03472
G1 X92.041 Y103.769 E.13329
G1 X90.962 Y103.79 E.03472
G1 X90.962 Y99.645 E.13329
G1 X92.041 Y99.624 E.03472
G1 X92.041 Y95.479 E.13329
G1 X90.962 Y95.5 E.03472
G1 X90.962 Y91.355 E.13329
G1 X92.041 Y91.334 E.03472
G1 X92.041 Y87.189 E.13329
G1 X90.962 Y87.21 E.03472
G1 X90.962 Y83.065 E.13329
G1 X92.041 Y83.044 E.03472
G1 X92.041 Y80.276 E.08902
G1 X92.171 Y79.813 E.01544
G1 X92.472 Y79.511 E.01373
G1 X92.631 Y79.433 E.00568
G1 X92.873 Y79.382 E.00796
G1 X92.384 Y78.892 E.02225
G1 X90.962 Y78.92 E.04574
G1 X90.962 Y77.291 E.05236
G1 X92.765 Y77.318 F9000
G1 F3600
G1 X92.819 Y76.936 E.01239
G1 X92.884 Y76.717 E.00736
G1 X93.082 Y76.31 E.01456
G1 X93.333 Y75.975 E.01346
G1 X93.438 Y75.879 E.00459
G1 X93.44 Y75.804 E.00242
G1 X92.384 Y74.747 E.04804
G1 X91.515 Y74.764 E.02793
G1 X91.736 Y74.48 E.01157
G1 X92.217 Y74.046 E.02084
G1 X92.766 Y73.729 E.02039
G1 X93.369 Y73.533 E.02038
G1 X93.404 Y73.53 E.00113
G1 X93.4 Y73.731 E.00648
G1 X94.456 Y74.787 E.04804
G1 X96.529 Y74.747 E.06666
G1 X96.929 Y75.147 E.0182
G1 X97.011 Y74.972 E.00622
G1 X97.31 Y74.674 E.01358
G1 X97.626 Y74.555 E.01087
G1 X98.355 Y74.541 E.02343
G1 X97.545 Y73.731 E.03684
G1 X97.55 Y73.462 E.00864
G1 X101.695 Y73.464 E.13329
G1 X101.69 Y73.731 E.0086
G1 X102.5 Y74.541 E.03684
G1 X106.645 Y74.541 E.13329
G1 X105.835 Y73.731 E.03684
G1 X105.84 Y73.465 E.00857
G1 X107.468 Y73.465 E.05236
G1 X109.162 Y74.541 F9000
G1 F3600
G1 X110.79 Y74.541 E.05236
G1 X109.98 Y73.731 E.03684
G1 X109.985 Y73.466 E.00854
G1 X114.13 Y73.467 E.13329
G1 X114.125 Y73.731 E.0085
G1 X114.935 Y74.541 E.03684
G1 X119.08 Y74.541 E.13329
G1 X118.27 Y73.731 E.03684
G1 X118.275 Y73.468 E.00847
G1 X122.42 Y73.469 E.13329
G1 X122.415 Y73.731 E.00844
G1 X123.471 Y74.787 E.04804
G1 X125.544 Y74.747 E.06666
G1 X126.6 Y75.804 E.04804
G1 X126.598 Y75.916 E.00361
G1 X126.824 Y76.166 E.01083
G1 X127.059 Y76.57 E.01505
G1 X127.186 Y76.942 E.01264
G1 X127.224 Y77.12 E.00586
G1 X127.26 Y77.5 E.01227
G1 X127.216 Y77.941 E.01424
G1 X127.062 Y78.378 E.01489
G1 X127.616 Y78.932 E.02523
G1 X129.038 Y78.905 E.04574
G1 X129.038 Y83.05 E.13329
G1 X127.959 Y83.071 E.03472
G1 X127.959 Y87.216 E.13329
G1 X129.038 Y87.195 E.03472
G1 X129.038 Y91.34 E.13329
G1 X127.959 Y91.361 E.03472
G1 X127.959 Y95.506 E.13329
G1 X129.038 Y95.485 E.03472
G1 X129.038 Y99.63 E.13329
G1 X127.959 Y99.651 E.03472
G1 X127.959 Y98.023 E.05236
G1 X129.038 Y105.403 F9000
G1 F3600
G1 X129.038 Y103.775 E.05236
G1 X127.959 Y103.796 E.03472
G1 X127.959 Y107.941 E.13329
G1 X129.038 Y107.92 E.03472
G1 X129.038 Y112.065 E.13329
G1 X127.959 Y112.086 E.03472
G1 X127.959 Y116.231 E.13329
G1 X129.038 Y116.21 E.03472
G1 X129.038 Y120.355 E.13329
G1 X127.959 Y120.376 E.03472
G1 X127.959 Y124.521 E.13329
G1 X129.038 Y124.5 E.03472
G1 X129.038 Y128.645 E.13329
G1 X127.959 Y128.666 E.03472
G1 X127.959 Y132.811 E.13329
G1 X129.038 Y132.79 E.03472
G1 X129.038 Y136.935 E.13329
G1 X127.959 Y136.956 E.03472
G1 X127.959 Y139.715 E.08871
G1 X127.945 Y139.874 E.00513
G1 X127.826 Y140.19 E.01087
G1 X127.527 Y140.489 E.01359
G1 X127.357 Y140.571 E.00608
G1 X127.127 Y140.619 E.00754
G1 X127.616 Y141.108 E.02224
G1 X129.038 Y141.08 E.04574
G1 X129.038 Y142.709 E.05236
G1 E-3
;WIPE_START
G1 X129.038 Y141.709 E-1
;WIPE_END
G1 Z3.2 F9000
G1 X96.707 Y140.626 Z3.2
G1 Z2.8
G1 E4 F2400
G1 F3600
G1 X97.052 Y141.009 E.01657
G1 X97.317 Y141.469 E.01705
G1 X97.486 Y142.025 E.01871
G1 X97.075 Y141.614 E.0187
G1 X96.828 Y141.172 E.01629
G1 X96.495 Y140.806 E.01589
G1 X96.13 Y140.543 E.01449
G1 X95.969 Y140.471 E.00566
G1 E-3
;WIPE_START
G1 X96.13 Y140.543 E-.17617
G1 X96.495 Y140.806 E-.45053
G1 X96.747 Y141.082 E-.37331
;WIPE_END
G1 Z3.2 F9000
G1 X90.974 Y143.718 Z3.2
G1 Z2.8
G1 E4 F2400
G1 F3600
G1 X91.115 Y144.437 E.02358
G1 X91.375 Y145.022 E.02057
G1 X91.522 Y145.229 E.00818
G1 X92.384 Y145.213 E.0277
G1 X93.44 Y146.269 E.04804
G1 X93.436 Y146.474 E.0066
G1 X94.049 Y146.538 E.01982
G1 X95.061 Y146.538 E.03254
G1 E-3
;WIPE_START
G1 X94.061 Y146.538 E-1
;WIPE_END
G1 Z3.2 F9000
G1 X96.565 Y75.833 Z3.2
G1 Z2.8
G1 E4 F2400
;TYPE:Internal solid infill
;WIDTH:0.38292
G1 F3000
G1 X96.631 Y75.908 E.00269
G1 E-3.87969 F3600
;WIPE_START
G1 F3000
G1 X96.565 Y75.833 E-.12031
;WIPE_END
G1 Z3.2 F9000
G1 X123.312 Y79.374 Z3.2
G1 Z2.8
G1 E4 F2400
;TYPE:Sparse infill
;WIDTH:0.45
G1 F3600
G1 X123.116 Y79.197 E.00847
G1 X122.794 Y78.745 E.01784
G1 X122.588 Y78.284 E.01625
G1 X122.525 Y77.986 E.00979
G1 X122.937 Y78.398 E.01876
G1 X123.003 Y78.552 E.00537
G1 X123.263 Y78.94 E.01502
G1 X123.385 Y79.076 E.0059
G1 X123.672 Y79.328 E.01228
G1 X124.044 Y79.543 E.01379
G1 E-3
;WIPE_START
G1 X123.672 Y79.328 E-.42892
G1 X123.385 Y79.076 E-.38195
G1 X123.263 Y78.94 E-.18352
G1 X123.26 Y78.935 E-.00562
;WIPE_END
G1 Z3.2 F9000
G1 X129.014 Y76.281 Z3.2
G1 Z2.8
G1 E4 F2400
G1 F3600
G1 X128.986 Y75.979 E.00973
G1 X128.889 Y75.572 E.01345
G1 X128.627 Y74.983 E.02073
G1 X128.472 Y74.771 E.00845
G1 X127.616 Y74.787 E.02754
G1 X126.56 Y73.731 E.04804
G1 X126.564 Y73.524 E.00666
G1 X126.1 Y73.47 E.01503
G1 X124.939 Y73.469 E.03733
; stop printing object Remote75T.stl id:0 copy 0
;LAYER_CHANGE
;Z:3
;HEIGHT:0.2
;BEFORE_LAYER_CHANGE
;3
G92 E0

G1 E-3 F3600
;WIPE_START
G1 X125.939 Y73.47 E-1
;WIPE_END
;_SET_FAN_SPEED_CHANGING_LAYER
; printing object Remote75T.stl id:0 copy 0
G1 Z3.4 F9000
G1 X91.387 Y145.563 Z3.4
G1 Z3
G1 E4 F2400
;TYPE:Inner wall
;WIDTH:0.449999
G1 X91.298 Y145.463 E.0043
G1 X90.948 Y144.859 E.02246
G1 X90.733 Y144.195 E.02245
G1 X90.656 Y143.467 E.02353
G1 X90.656 Y76.533 E2.15234
G1 X90.733 Y75.805 E.02353
G1 X90.948 Y75.141 E.02245
G1 X91.298 Y74.537 E.02246
G1 X91.765 Y74.018 E.02245
G1 X92.33 Y73.607 E.02246
G1 X92.968 Y73.323 E.02246
G1 X93.466 Y73.217 E.01637
G1 X94.017 Y73.156 E.01784
G1 X126.105 Y73.164 E1.03182
G1 X126.691 Y73.232 E.01899
G1 X127.359 Y73.448 E.02256
G1 X127.963 Y73.798 E.02245
G1 X128.482 Y74.265 E.02246
G1 X128.893 Y74.83 E.02246
G1 X129.18 Y75.475 E.02269
G1 X129.295 Y76.011 E.01763
G1 X129.344 Y76.589 E.01867
G1 X129.344 Y143.467 E2.15054
G1 X129.267 Y144.195 E.02353
G1 X129.052 Y144.859 E.02245
G1 X128.702 Y145.463 E.02246
G1 X128.235 Y145.982 E.02246
G1 X127.67 Y146.393 E.02246
G1 X127.032 Y146.677 E.02245
G1 X126.433 Y146.804 E.01969
G1 X125.983 Y146.844 E.01454
G1 X94.033 Y146.844 E1.02739
G1 X93.305 Y146.767 E.02353
M73 P62 R17
G1 X92.769 Y146.593 E.01815
G1 X92.213 Y146.31 E.02006
G1 X91.77 Y145.988 E.0176
G1 X91.414 Y145.592 E.01712
G1 X91.069 Y145.849 F9000
;TYPE:Outer wall
G1 F2400
G1 X90.949 Y145.717 E.00574
G1 X90.555 Y145.034 E.02535
G1 X90.311 Y144.284 E.02535
G1 X90.228 Y143.489 E.0257
G1 X90.228 Y76.511 E2.15379
G1 X90.311 Y75.716 E.0257
G1 X90.555 Y74.966 E.02535
G1 X90.949 Y74.283 E.02535
G1 X91.477 Y73.697 E.02535
G1 X92.114 Y73.234 E.02535
G1 X92.835 Y72.913 E.02535
G1 X93.478 Y72.777 E.02114
G1 X94.006 Y72.728 E.01706
G1 X126.13 Y72.735 E1.03298
G1 X126.783 Y72.811 E.02116
G1 X127.534 Y73.055 E.02538
G1 X128.217 Y73.449 E.02535
G1 X128.803 Y73.977 E.02535
G1 X129.266 Y74.614 E.02535
G1 X129.587 Y75.336 E.02541
G1 X129.721 Y75.97 E.02084
G1 X129.772 Y76.589 E.01997
G1 X129.772 Y143.489 E2.15126
G1 X129.689 Y144.284 E.0257
G1 X129.445 Y145.034 E.02535
G1 X129.051 Y145.717 E.02535
G1 X128.523 Y146.303 E.02535
G1 X127.886 Y146.766 E.02535
G1 X127.165 Y147.087 E.02535
G1 X126.522 Y147.223 E.02114
G1 X125.994 Y147.272 E.01706
G1 X94.011 Y147.272 E1.02847
G1 X93.216 Y147.189 E.0257
G1 X92.465 Y146.945 E.02538
G1 X91.89 Y146.62 E.02125
G1 X91.478 Y146.304 E.01669
G1 X91.095 Y145.879 E.01838
G1 E-2.8 F3600
;WIPE_START
G1 F2400
G1 X90.949 Y145.717 E-.26234
G1 X90.558 Y145.04 E-.93766
;WIPE_END
G1 Z3.4 F9000
G1 X125.927 Y75.794 Z3.4
G1 Z3
M73 P62 R16
G1 E4 F2400
;TYPE:Inner wall
G1 X126.03 Y75.843 E.00369
G1 X126.397 Y76.143 E.01522
G1 X126.615 Y76.405 E.01099
G1 X126.808 Y76.765 E.01312
G1 X126.921 Y77.157 E.01312
G1 X126.951 Y77.558 E.01293
G1 X126.895 Y77.944 E.01255
G1 X126.707 Y78.449 E.01731
G1 X126.407 Y78.853 E.01619
G1 X126.095 Y79.115 E.01312
G1 X125.735 Y79.308 E.01312
G1 X125.343 Y79.421 E.01312
G1 X124.936 Y79.45 E.01312
G1 X124.532 Y79.395 E.01312
G1 X124.148 Y79.256 E.01312
G1 X123.802 Y79.04 E.01312
G1 X123.508 Y78.758 E.01312
G1 X123.279 Y78.42 E.01312
G1 X123.127 Y78.048 E.01293
G1 X123.061 Y77.671 E.0123
G1 X123.082 Y77.137 E.0172
G1 X123.263 Y76.621 E.01757
G1 X123.508 Y76.242 E.0145
G1 X123.905 Y75.885 E.01719
G1 X124.265 Y75.692 E.01312
G1 X124.651 Y75.58 E.01293
G1 X125.04 Y75.554 E.01255
G1 X125.614 Y75.645 E.01869
G1 X125.891 Y75.776 E.00983
G1 X125.746 Y76.175 F9000
;TYPE:Outer wall
G1 F2400
G1 X125.779 Y76.189 E.00115
G1 X126.078 Y76.429 E.01235
G1 X126.35 Y76.802 E.01483
G1 X126.495 Y77.202 E.01367
G1 X126.524 Y77.517 E.01019
G1 X126.492 Y77.798 E.0091
G1 X126.311 Y78.279 E.01651
G1 X126.12 Y78.534 E.01025
G1 X125.881 Y78.744 E.01025
G1 X125.603 Y78.9 E.01025
G1 X125.298 Y78.995 E.01025
G1 X124.981 Y79.024 E.01025
G1 X124.664 Y78.987 E.01025
G1 X124.363 Y78.885 E.01025
G1 X124.089 Y78.722 E.01025
G1 X123.855 Y78.506 E.01025
G1 X123.67 Y78.246 E.01025
G1 X123.545 Y77.955 E.01019
G1 X123.489 Y77.68 E.00903
G1 X123.501 Y77.226 E.0146
G1 X123.67 Y76.754 E.0161
G1 X123.88 Y76.466 E.01146
G1 X124.119 Y76.256 E.01025
G1 X124.397 Y76.1 E.01025
G1 X124.7 Y76.005 E.01019
G1 X124.982 Y75.979 E.0091
G1 X125.489 Y76.056 E.01651
G1 X125.71 Y76.158 E.00781
G1 E-2.8 F3600
;WIPE_START
G1 F2400
G1 X125.779 Y76.189 E-.09088
G1 X126.078 Y76.429 E-.4608
G1 X126.35 Y76.802 E-.55334
G1 X126.377 Y76.877 E-.09498
;WIPE_END
G1 Z3.4 F9000
G1 X93.152 Y78.107 Z3.4
G1 Z3
G1 E4 F2400
;TYPE:Inner wall
G1 X93.125 Y78.042 E.00226
G1 X93.054 Y77.617 E.01385
G1 X93.105 Y77.056 E.01812
G1 X93.335 Y76.481 E.0199
G1 X93.643 Y76.103 E.01568
G1 X93.905 Y75.885 E.01099
G1 X94.265 Y75.692 E.01312
G1 X94.651 Y75.58 E.01293
G1 X95.04 Y75.554 E.01255
G1 X95.652 Y75.66 E.01996
G1 X96.03 Y75.843 E.01352
G1 X96.353 Y76.093 E.01312
G1 X96.615 Y76.405 E.01312
G1 X96.808 Y76.765 E.01312
G1 X96.921 Y77.157 E.01312
G1 X96.954 Y77.5 E.01107
G1 X96.881 Y78.01 E.01659
G1 X96.692 Y78.477 E.01619
G1 X96.407 Y78.853 E.01517
G1 X96.095 Y79.115 E.01312
G1 X95.735 Y79.308 E.01312
G1 X95.343 Y79.421 E.01312
G1 X94.936 Y79.45 E.01312
G1 X94.532 Y79.395 E.01312
G1 X94.148 Y79.256 E.01312
G1 X93.802 Y79.04 E.01312
G1 X93.508 Y78.758 E.01312
G1 X93.279 Y78.42 E.01312
G1 X93.167 Y78.144 E.00957
G1 X93.543 Y77.948 F9000
;TYPE:Outer wall
G1 F2400
G1 X93.483 Y77.634 E.01027
G1 X93.518 Y77.176 E.01478
G1 X93.689 Y76.721 E.01562
G1 X93.929 Y76.422 E.01235
G1 X94.28 Y76.163 E.01402
G1 X94.7 Y76.005 E.01441
G1 X94.982 Y75.979 E.0091
G1 X95.486 Y76.055 E.01639
G1 X95.779 Y76.189 E.01037
G1 X96.034 Y76.38 E.01025
G1 X96.244 Y76.619 E.01025
G1 X96.4 Y76.897 E.01025
G1 X96.495 Y77.202 E.01025
G1 X96.525 Y77.499 E.00961
G1 X96.444 Y77.989 E.01597
G1 X96.228 Y78.392 E.0147
G1 X95.897 Y78.734 E.01531
G1 X95.469 Y78.944 E.01531
G1 X95 Y79.025 E.01531
G1 X94.531 Y78.944 E.01531
G1 X94.094 Y78.727 E.01568
G1 X93.855 Y78.506 E.01048
G1 X93.67 Y78.246 E.01025
G1 X93.558 Y77.985 E.00913
G1 E-2.8 F3600
;WIPE_START
G1 F2400
G1 X93.483 Y77.634 E-.43044
G1 X93.518 Y77.176 E-.55172
G1 X93.582 Y77.006 E-.21784
;WIPE_END
G1 Z3.4 F9000
G1 X122.772 Y75.637 Z3.4
G1 Z3
G1 E4 F2400
;TYPE:Inner wall
G1 X122.722 Y75.79 E.00516
G1 X122.443 Y76.291 E.01845
G1 X122.286 Y76.668 E.01314
G1 X122.173 Y77.203 E.01758
G1 X122.173 Y77.797 E.01911
G1 X122.296 Y78.379 E.01911
G1 X122.538 Y78.922 E.01911
G1 X122.887 Y79.402 E.01911
G1 X123.329 Y79.8 E.01911
G1 X123.844 Y80.097 E.01911
G1 X124.409 Y80.281 E.01911
G1 X125 Y80.343 E.01911
G1 X125.591 Y80.281 E.01911
G1 X126.156 Y80.097 E.0191
G1 X126.737 Y79.761 E.02159
G1 X127.002 Y79.68 E.0089
G1 X127.301 Y79.736 E.00979
G1 X127.563 Y79.97 E.0113
G1 X127.654 Y80.29 E.01068
G1 X127.654 Y139.71 E1.91075
G1 X127.564 Y140.028 E.0106
G1 X127.314 Y140.258 E.01094
G1 X127.01 Y140.32 E.00997
G1 X126.71 Y140.222 E.01013
G1 X126.278 Y139.974 E.01602
G1 X125.725 Y139.764 E.01903
G1 X125.25 Y139.673 E.01557
G1 X124.703 Y139.673 E.01758
G1 X124.121 Y139.796 E.01911
G1 X123.578 Y140.038 E.01911
G1 X123.098 Y140.387 E.01911
G1 X122.7 Y140.829 E.01911
G1 X122.403 Y141.344 E.01911
G1 X122.219 Y141.909 E.01911
G1 X122.157 Y142.5 E.01911
G1 X122.219 Y143.092 E.01913
G1 X122.403 Y143.656 E.01909
G1 X122.739 Y144.237 E.02159
G1 X122.818 Y144.479 E.00818
G1 X122.784 Y144.752 E.00885
G1 X122.731 Y144.861 E.0039
G1 X122.528 Y145.064 E.00925
G1 X122.21 Y145.154 E.0106
G1 X97.79 Y145.154 E.78528
G1 X97.472 Y145.064 E.0106
G1 X97.242 Y144.814 E.01094
G1 X97.18 Y144.51 E.00997
G1 X97.28 Y144.206 E.01028
G1 X97.542 Y143.742 E.01713
G1 X97.714 Y143.333 E.01428
G1 X97.827 Y142.797 E.0176
G1 X97.827 Y142.203 E.01911
G1 X97.704 Y141.621 E.01911
G1 X97.462 Y141.078 E.01911
G1 X97.113 Y140.598 E.01911
G1 X96.671 Y140.2 E.01911
G1 X96.156 Y139.903 E.01911
G1 X95.591 Y139.719 E.01911
G1 X95 Y139.657 E.01911
G1 X94.409 Y139.719 E.01911
G1 X93.844 Y139.903 E.0191
G1 X93.263 Y140.239 E.02159
G1 X93.124 Y140.298 E.00486
G1 X92.863 Y140.314 E.00841
G1 X92.639 Y140.231 E.00768
G1 X92.435 Y140.028 E.00925
G1 X92.346 Y139.71 E.0106
G1 X92.346 Y80.29 E1.91075
G1 X92.435 Y79.972 E.0106
G1 X92.649 Y79.762 E.00964
G1 X92.863 Y79.686 E.00728
G1 X93.124 Y79.702 E.00841
G1 X93.564 Y79.956 E.01633
G1 X94.121 Y80.204 E.01963
G1 X94.703 Y80.327 E.01911
G1 X95.297 Y80.327 E.01911
G1 X95.879 Y80.204 E.01911
G1 X96.422 Y79.962 E.01911
G1 X96.902 Y79.613 E.01911
G1 X97.3 Y79.171 E.01911
G1 X97.597 Y78.656 E.01911
G1 X97.781 Y78.091 E.01911
G1 X97.843 Y77.5 E.01911
G1 X97.781 Y76.909 E.01911
G1 X97.597 Y76.344 E.0191
G1 X97.261 Y75.763 E.02159
G1 X97.18 Y75.498 E.0089
G1 X97.219 Y75.239 E.00841
G1 X97.269 Y75.139 E.00361
G1 X97.472 Y74.935 E.00925
G1 X97.79 Y74.846 E.0106
G1 X122.21 Y74.846 E.78528
G1 X122.528 Y74.936 E.01061
G1 X122.758 Y75.187 E.01094
G1 X122.82 Y75.49 E.00996
G1 X122.785 Y75.599 E.00368
G1 X122.384 Y75.511 F9000
;TYPE:Outer wall
G1 F2400
G1 X122.083 Y76.047 E.0198
G1 X121.867 Y76.579 E.01844
G1 X121.744 Y77.158 E.01903
G1 X121.744 Y77.842 E.02201
G1 X121.886 Y78.512 E.02201
G1 X122.165 Y79.137 E.02201
G1 X122.567 Y79.691 E.02201
G1 X123.076 Y80.149 E.02201
G1 X123.668 Y80.491 E.02201
G1 X124.319 Y80.702 E.02201
G1 X125 Y80.774 E.02201
G1 X125.681 Y80.702 E.02201
G1 X126.332 Y80.491 E.02201
G1 X126.952 Y80.132 E.02304
G1 X127.099 Y80.116 E.00476
G1 X127.198 Y80.194 E.00406
G1 X127.225 Y80.29 E.00318
G1 X127.225 Y139.71 E1.91075
G1 X127.198 Y139.805 E.00316
G1 X127.071 Y139.89 E.00493
G1 X126.944 Y139.863 E.00419
G1 X126.453 Y139.583 E.01819
G1 X125.922 Y139.367 E.01841
G1 X125.342 Y139.244 E.01906
G1 X124.658 Y139.244 E.02201
G1 X123.988 Y139.386 E.02201
G1 X123.363 Y139.665 E.02201
G1 X122.809 Y140.067 E.02201
G1 X122.351 Y140.576 E.02201
G1 X122.009 Y141.168 E.02201
G1 X121.798 Y141.819 E.02201
G1 X121.726 Y142.5 E.02201
G1 X121.798 Y143.181 E.02203
G1 X122.009 Y143.832 E.02199
G1 X122.368 Y144.452 E.02304
G1 X122.381 Y144.605 E.00496
G1 X122.305 Y144.698 E.00387
G1 X122.21 Y144.725 E.00316
G1 X97.79 Y144.725 E.78528
G1 X97.634 Y144.638 E.00573
G1 X97.616 Y144.489 E.00481
G1 X97.933 Y143.917 E.02106
G1 X98.133 Y143.422 E.01716
G1 X98.256 Y142.842 E.01905
G1 X98.256 Y142.158 E.02201
G1 X98.114 Y141.488 E.02201
G1 X97.835 Y140.863 E.02201
G1 X97.433 Y140.309 E.02201
G1 X96.924 Y139.851 E.02201
G1 X96.332 Y139.509 E.02201
G1 X95.681 Y139.298 E.02201
G1 X95 Y139.226 E.02201
G1 X94.319 Y139.298 E.02201
G1 X93.668 Y139.509 E.02201
G1 X93.048 Y139.868 E.02304
G1 X92.862 Y139.866 E.00599
G1 X92.775 Y139.738 E.00498
G1 X92.775 Y80.29 E1.91163
G1 X92.865 Y80.132 E.00583
G1 X93.007 Y80.115 E.00459
G1 X93.575 Y80.43 E.02091
G1 X94.078 Y80.633 E.01744
G1 X94.658 Y80.756 E.01905
G1 X95.342 Y80.756 E.02201
G1 X96.012 Y80.614 E.02201
G1 X96.637 Y80.335 E.02201
G1 X97.191 Y79.933 E.02201
G1 X97.649 Y79.424 E.02201
G1 X97.991 Y78.832 E.02201
G1 X98.202 Y78.181 E.02201
G1 X98.274 Y77.5 E.02201
G1 X98.202 Y76.819 E.02201
G1 X97.991 Y76.168 E.02201
G1 X97.632 Y75.548 E.02304
G1 X97.62 Y75.392 E.00504
G1 X97.695 Y75.302 E.00379
G1 X97.79 Y75.275 E.00316
G1 X122.21 Y75.275 E.78528
G1 X122.366 Y75.362 E.00573
G1 X122.379 Y75.471 E.00352
G1 E-2.8 F3600
;WIPE_START
G1 F2400
G1 X122.083 Y76.047 E-.77796
G1 X121.95 Y76.373 E-.42204
;WIPE_END
G1 Z3.4 F9000
G1 X93.11 Y142.894 Z3.4
G1 Z3
G1 E4 F2400
;TYPE:Inner wall
G1 X93.046 Y142.501 E.01281
G1 X93.119 Y141.99 E.01661
G1 X93.279 Y141.58 E.01414
G1 X93.593 Y141.147 E.01719
G1 X93.905 Y140.885 E.01312
G1 X94.265 Y140.692 E.01312
G1 X94.651 Y140.58 E.01293
G1 X95.04 Y140.554 E.01255
G1 X95.604 Y140.642 E.01833
G1 X96.03 Y140.843 E.01517
G1 X96.353 Y141.093 E.01312
G1 X96.615 Y141.405 E.01312
G1 X96.808 Y141.765 E.01312
G1 X96.921 Y142.157 E.01312
G1 X96.95 Y142.564 E.01312
G1 X96.896 Y142.962 E.01293
G1 X96.761 Y143.328 E.01255
G1 X96.482 Y143.771 E.01683
G1 X96.095 Y144.115 E.01667
G1 X95.735 Y144.308 E.01312
G1 X95.343 Y144.421 E.01312
G1 X94.936 Y144.45 E.01312
G1 X94.489 Y144.381 E.01454
G1 X94.148 Y144.256 E.01167
G1 X93.802 Y144.04 E.01312
G1 X93.508 Y143.758 E.01312
G1 X93.253 Y143.363 E.0151
G1 X93.137 Y143.063 E.01035
G1 X93.116 Y142.934 E.0042
G1 X93.533 Y142.826 F9000
;TYPE:Outer wall
G1 F2400
G1 X93.477 Y142.473 E.0115
G1 X93.556 Y142.011 E.01507
G1 X93.689 Y141.721 E.01025
G1 X93.88 Y141.466 E.01025
G1 X94.119 Y141.256 E.01025
G1 X94.397 Y141.1 E.01025
G1 X94.7 Y141.005 E.01019
G1 X94.982 Y140.979 E.0091
G1 X95.489 Y141.056 E.01651
G1 X95.892 Y141.272 E.0147
G1 X96.234 Y141.603 E.01531
G1 X96.444 Y142.031 E.01531
G1 X96.525 Y142.5 E.01531
G1 X96.442 Y142.977 E.01558
G1 X96.153 Y143.495 E.01907
G1 X95.881 Y143.744 E.01187
G1 X95.603 Y143.9 E.01025
G1 X95.298 Y143.995 E.01025
G1 X94.981 Y144.024 E.01025
G1 X94.622 Y143.973 E.01167
G1 X94.363 Y143.885 E.0088
G1 X94.089 Y143.722 E.01025
G1 X93.855 Y143.506 E.01025
G1 X93.643 Y143.185 E.01235
G1 X93.559 Y142.988 E.00691
G1 X93.54 Y142.866 E.00397
G1 E-2.8 F3600
;WIPE_START
G1 F2400
G1 X93.477 Y142.473 E-.47727
G1 X93.556 Y142.011 E-.56234
G1 X93.612 Y141.889 E-.16039
;WIPE_END
G1 Z3.4 F9000
G1 X126.844 Y143.111 Z3.4
G1 Z3
G1 E4 F2400
;TYPE:Inner wall
G1 X126.756 Y143.352 E.00825
G1 X126.533 Y143.707 E.01349
G1 X126.215 Y144.02 E.01434
G1 X125.744 Y144.305 E.01772
G1 X125.343 Y144.421 E.01341
G1 X124.936 Y144.45 E.01312
G1 X124.532 Y144.395 E.01312
G1 X124.148 Y144.256 E.01312
G1 X123.78 Y144.019 E.01408
G1 X123.385 Y143.595 E.01864
G1 X123.192 Y143.235 E.01314
G1 X123.079 Y142.843 E.01312
G1 X123.05 Y142.436 E.01312
G1 X123.104 Y142.038 E.01293
G1 X123.239 Y141.672 E.01255
G1 X123.548 Y141.193 E.01833
G1 X123.905 Y140.885 E.01517
G1 X124.265 Y140.692 E.01312
G1 X124.651 Y140.58 E.01293
G1 X125.04 Y140.554 E.01255
G1 X125.542 Y140.625 E.01629
G1 X126.004 Y140.825 E.01618
G1 X126.353 Y141.093 E.01415
G1 X126.615 Y141.405 E.01312
G1 X126.808 Y141.765 E.01312
G1 X126.921 Y142.157 E.01312
G1 X126.95 Y142.564 E.01312
G1 X126.881 Y143.011 E.01454
G1 X126.858 Y143.073 E.00214
G1 X126.444 Y142.964 F9000
;TYPE:Outer wall
G1 F2400
G1 X126.385 Y143.137 E.00588
G1 X126.214 Y143.42 E.01062
G1 X125.982 Y143.661 E.01076
G1 X125.603 Y143.9 E.01442
G1 X125.298 Y143.995 E.01025
G1 X124.981 Y144.024 E.01025
G1 X124.664 Y143.987 E.01025
G1 X124.363 Y143.885 E.01025
G1 X124.083 Y143.716 E.01051
G1 X123.756 Y143.381 E.01507
G1 X123.6 Y143.103 E.01025
G1 X123.505 Y142.798 E.01025
G1 X123.476 Y142.481 E.01025
G1 X123.512 Y142.166 E.01019
G1 X123.603 Y141.898 E.0091
G1 X123.867 Y141.479 E.01591
G1 X124.241 Y141.185 E.01531
G1 X124.683 Y141.008 E.0153
G1 X124.982 Y140.979 E.00966
G1 X125.489 Y141.056 E.01651
G1 X125.779 Y141.189 E.01025
G1 X126.034 Y141.38 E.01025
G1 X126.244 Y141.619 E.01025
G1 X126.4 Y141.897 E.01025
G1 X126.495 Y142.202 E.01025
G1 X126.524 Y142.519 E.01025
G1 X126.473 Y142.878 E.01167
G1 X126.457 Y142.926 E.00163
G1 E-2.8 F3600
;WIPE_START
G1 F2400
G1 X126.385 Y143.137 E-.26761
G1 X126.214 Y143.42 E-.39625
G1 X125.982 Y143.661 E-.40171
G1 X125.887 Y143.721 E-.13443
;WIPE_END
G1 Z3.4 F9000
G1 X129.011 Y143.707 Z3.4
G1 Z3
G1 E4 F2400
;TYPE:Sparse infill
;WIDTH:0.45
G1 F3600
G1 X128.967 Y144.131 E.01369
G1 X128.771 Y144.734 E.02039
G1 X128.487 Y145.226 E.01828
G1 X127.616 Y145.192 E.02801
M73 P63 R16
G1 X126.539 Y146.269 E.04899
G1 X126.547 Y146.468 E.0064
G1 X126.293 Y146.522 E.00834
G1 X125.975 Y146.538 E.01026
G1 X122.405 Y146.538 E.1148
G1 X122.394 Y146.269 E.00867
G1 X123.471 Y145.192 E.04899
G1 X125.544 Y145.274 E.0667
G1 X126.621 Y144.196 E.04899
G1 X126.616 Y144.068 E.00413
G1 X126.793 Y143.873 E.00846
G1 X127.048 Y143.455 E.01577
G1 X127.216 Y142.941 E.01738
G1 X127.26 Y142.5 E.01424
G1 X127.224 Y142.12 E.01227
G1 X127.186 Y141.942 E.00585
G1 X127.069 Y141.594 E.01181
G1 X127.616 Y141.047 E.02489
G1 X129.038 Y141.103 E.04576
G1 X129.038 Y136.958 E.13329
G1 X127.959 Y136.915 E.03474
G1 X127.959 Y132.77 E.13329
G1 X129.038 Y132.813 E.03474
G1 X129.038 Y128.668 E.13329
G1 X127.959 Y128.625 E.03474
G1 X127.959 Y124.48 E.13329
G1 X129.038 Y124.523 E.03474
G1 X129.038 Y126.151 E.05236
G1 X127.959 Y118.707 F9000
G1 F3600
G1 X127.959 Y120.335 E.05236
G1 X129.038 Y120.378 E.03474
G1 X129.038 Y116.233 E.13329
G1 X127.959 Y116.19 E.03474
G1 X127.959 Y112.045 E.13329
G1 X129.038 Y112.088 E.03474
G1 X129.038 Y113.716 E.05236
G1 X127.959 Y106.272 F9000
G1 F3600
G1 X127.959 Y107.9 E.05236
G1 X129.038 Y107.943 E.03474
G1 X129.038 Y103.798 E.13329
G1 X127.959 Y103.755 E.03474
G1 X127.959 Y99.61 E.13329
G1 X129.038 Y99.653 E.03474
G1 X129.038 Y95.508 E.13329
G1 X127.959 Y95.465 E.03474
G1 X127.959 Y93.837 E.05236
G1 X129.038 Y92.991 F9000
G1 F3600
G1 X129.038 Y91.363 E.05236
G1 X127.959 Y91.32 E.03474
G1 X127.959 Y87.175 E.13329
G1 X129.038 Y87.218 E.03474
G1 X129.038 Y83.073 E.13329
G1 X127.959 Y83.03 E.03474
G1 X127.959 Y80.276 E.08857
G1 X127.827 Y79.81 E.01555
G1 X127.524 Y79.51 E.01373
G1 X127.426 Y79.457 E.00356
G1 X127.186 Y79.384 E.00808
G1 X127.107 Y79.381 E.00255
G1 X127.616 Y78.871 E.02316
G1 X129.038 Y78.928 E.04576
G1 X129.038 Y77.299 E.05236
G1 X125.066 Y75.251 F9000
G1 F3600
G1 X125.71 Y75.355 E.02098
G1 X126.104 Y75.529 E.01384
G1 X126.541 Y75.853 E.0175
G1 X126.539 Y75.804 E.00159
G1 X127.616 Y74.726 E.04899
G1 X128.465 Y74.76 E.0273
G1 X128.254 Y74.47 E.01151
G1 X127.783 Y74.046 E.02039
G1 X127.234 Y73.729 E.02039
G1 X126.613 Y73.53 E.02096
G1 X126.621 Y73.731 E.00647
G1 X125.544 Y74.808 E.04899
G1 X123.471 Y74.726 E.0667
G1 X123.066 Y75.132 E.01844
G1 X122.99 Y74.974 E.00564
G1 X122.687 Y74.671 E.01376
G1 X122.225 Y74.541 E.01546
G1 X121.666 Y74.541 E.01796
G1 X122.476 Y73.731 E.03684
G1 X122.466 Y73.468 E.00846
G1 X118.321 Y73.467 E.13329
G1 X118.331 Y73.731 E.00849
G1 X117.521 Y74.541 E.03684
G1 X113.376 Y74.541 E.13329
G1 X114.186 Y73.731 E.03684
G1 X114.175 Y73.466 E.00852
G1 X110.03 Y73.465 E.13329
G1 X110.041 Y73.731 E.00855
G1 X109.231 Y74.541 E.03684
G1 X110.859 Y74.541 E.05236
G1 X107.514 Y73.465 F9000
G1 F3600
G1 X105.885 Y73.464 E.05236
G1 X105.896 Y73.731 E.00858
G1 X105.086 Y74.541 E.03684
G1 X100.941 Y74.541 E.13329
G1 X101.751 Y73.731 E.03684
G1 X101.74 Y73.463 E.00861
G1 X97.595 Y73.462 E.13329
G1 X97.606 Y73.731 E.00865
G1 X96.529 Y74.808 E.04899
G1 X94.456 Y74.726 E.0667
G1 X93.379 Y75.804 E.04899
G1 X93.384 Y75.931 E.0041
G1 X93.321 Y75.988 E.00272
G1 X93.081 Y76.31 E.01293
G1 X92.992 Y76.474 E.006
G1 X92.815 Y76.959 E.0166
G1 X92.765 Y77.219 E.00852
G1 X92.748 Y77.648 E.0138
G1 X92.828 Y78.112 E.01513
G1 X92.941 Y78.396 E.00983
G1 X92.384 Y78.953 E.02534
G1 X90.962 Y78.897 E.04576
G1 X90.962 Y83.042 E.13329
G1 X92.041 Y83.085 E.03474
G1 X92.041 Y87.23 E.13329
G1 X90.962 Y87.187 E.03474
G1 X90.962 Y91.332 E.13329
G1 X92.041 Y91.375 E.03474
G1 X92.041 Y95.52 E.13329
G1 X90.962 Y95.477 E.03474
G1 X90.962 Y99.622 E.13329
G1 X92.041 Y99.665 E.03474
G1 X92.041 Y103.81 E.13329
G1 X90.962 Y103.767 E.03474
G1 X90.962 Y102.139 E.05236
G1 X92.041 Y109.583 F9000
G1 F3600
G1 X92.041 Y107.955 E.05236
G1 X90.962 Y107.912 E.03474
G1 X90.962 Y112.057 E.13329
G1 X92.041 Y112.1 E.03474
G1 X92.041 Y116.245 E.13329
G1 X90.962 Y116.202 E.03474
G1 X90.962 Y120.347 E.13329
G1 X92.041 Y120.39 E.03474
G1 X92.041 Y124.535 E.13329
G1 X90.962 Y124.492 E.03474
G1 X90.962 Y128.637 E.13329
G1 X92.041 Y128.68 E.03474
G1 X92.041 Y132.825 E.13329
G1 X90.962 Y132.782 E.03474
G1 X90.962 Y136.927 E.13329
G1 X92.041 Y136.97 E.03474
G1 X92.041 Y139.715 E.08826
G1 X92.055 Y139.874 E.00513
G1 X92.174 Y140.19 E.01086
G1 X92.472 Y140.489 E.01358
G1 X92.631 Y140.567 E.00568
G1 X92.893 Y140.619 E.0086
G1 X92.384 Y141.129 E.02316
G1 X90.962 Y141.072 E.04576
G1 X90.962 Y142.701 E.05236
G1 X94.926 Y144.753 F9000
G1 F3600
G1 X94.62 Y144.724 E.00988
G1 X94.442 Y144.686 E.00587
G1 X94.046 Y144.548 E.01349
G1 X93.734 Y144.369 E.01155
G1 X93.459 Y144.138 E.01157
G1 X93.461 Y144.196 E.00188
G1 X92.384 Y145.274 E.04899
G1 X91.521 Y145.24 E.02776
G1 X91.978 Y145.763 E.02235
G1 X92.295 Y146.007 E.01286
G1 X92.762 Y146.27 E.01722
G1 X93.387 Y146.469 E.0211
G1 X93.379 Y146.269 E.00643
G1 X94.456 Y145.192 E.04899
G1 X96.529 Y145.274 E.0667
G1 X96.934 Y144.868 E.01844
G1 X97.011 Y145.027 E.00568
G1 X97.313 Y145.329 E.01374
G1 X97.776 Y145.459 E.01544
G1 X98.334 Y145.459 E.01796
G1 X97.524 Y146.269 E.03684
G1 X97.535 Y146.538 E.00867
G1 X101.68 Y146.538 E.13329
G1 X101.669 Y146.269 E.00867
G1 X102.479 Y145.459 E.03684
G1 X106.624 Y145.459 E.13329
G1 X105.814 Y146.269 E.03684
G1 X105.825 Y146.538 E.00867
G1 X109.97 Y146.538 E.13329
G1 X109.959 Y146.269 E.00867
G1 X110.769 Y145.459 E.03684
G1 X114.914 Y145.459 E.13329
G1 X114.104 Y146.269 E.03684
G1 X114.115 Y146.538 E.00867
G1 X118.26 Y146.538 E.13329
G1 X118.249 Y146.269 E.00867
G1 X119.059 Y145.459 E.03684
G1 X122.215 Y145.459 E.10147
G1 X122.374 Y145.445 E.00513
G1 X122.69 Y145.326 E.01087
G1 X122.989 Y145.027 E.01359
G1 X123.071 Y144.857 E.00608
G1 X123.116 Y144.684 E.00575
G1 X123.122 Y144.444 E.00772
G1 X123.025 Y144.124 E.01074
G1 X122.683 Y143.531 E.02202
G1 X122.519 Y143.028 E.01702
G1 X122.464 Y142.5 E.01706
G1 X122.516 Y142.002 E.01611
G1 X122.954 Y141.564 E.0199
G1 X122.888 Y141.706 E.00504
G1 X122.79 Y142.031 E.01092
G1 X122.74 Y142.5 E.01515
G1 X122.79 Y142.97 E.01518
G1 X122.846 Y143.15 E.00606
G1 E-3
;WIPE_START
G1 X122.79 Y142.97 E-.1886
G1 X122.74 Y142.5 E-.47215
G1 X122.776 Y142.163 E-.33925
;WIPE_END
G1 Z3.4 F9000
G1 X96.69 Y79.39 Z3.4
G1 Z3
G1 E4 F2400
G1 F3600
G1 X97.052 Y78.991 E.01732
G1 X97.317 Y78.532 E.01705
G1 X97.481 Y78.027 E.01705
G1 X97.484 Y77.998 E.00094
G1 X97.041 Y78.441 E.02013
G1 X97.15 Y78.196 E.00863
G1 X97.26 Y77.502 E.02257
G1 X97.21 Y77.03 E.01527
G1 X97.154 Y76.856 E.00589
G1 X95.075 Y73.462 F9000
G1 F3600
G1 X94.053 Y73.462 E.03288
G1 X93.706 Y73.478 E.01115
G1 X93.453 Y73.532 E.00833
G1 X93.461 Y73.731 E.0064
G1 X92.384 Y74.808 E.04899
G1 X91.513 Y74.774 E.02801
G1 X91.229 Y75.266 E.01828
G1 X91.033 Y75.869 E.02039
G1 X90.989 Y76.293 E.01369
; stop printing object Remote75T.stl id:0 copy 0
;LAYER_CHANGE
;Z:3.2
;HEIGHT:0.2
;BEFORE_LAYER_CHANGE
;3.2
G92 E0

G1 E-3 F3600
;WIPE_START
G1 X91.033 Y75.869 E-.42567
G1 X91.21 Y75.323 E-.57433
;WIPE_END
;_SET_FAN_SPEED_CHANGING_LAYER
; printing object Remote75T.stl id:0 copy 0
G1 Z3.6 F9000
G1 X91.391 Y145.567 Z3.6
G1 Z3.2
G1 E4 F2400
;TYPE:Inner wall
;WIDTH:0.449999
G1 X91.298 Y145.463 E.00448
G1 X90.948 Y144.859 E.02246
G1 X90.733 Y144.195 E.02245
G1 X90.656 Y143.467 E.02353
G1 X90.656 Y76.533 E2.15234
G1 X90.733 Y75.805 E.02353
G1 X90.908 Y75.267 E.01822
G1 X91.177 Y74.731 E.01927
G1 X91.512 Y74.27 E.01834
G1 X92.037 Y73.798 E.02269
G1 X92.641 Y73.448 E.02245
G1 X93.305 Y73.233 E.02245
G1 X94.033 Y73.156 E.02352
G1 X126.092 Y73.163 E1.03089
G1 X126.692 Y73.232 E.01942
G1 X127.359 Y73.448 E.02255
G1 X127.963 Y73.798 E.02245
G1 X128.482 Y74.265 E.02246
G1 X128.893 Y74.83 E.02246
G1 X129.18 Y75.475 E.02271
G1 X129.293 Y75.999 E.01723
G1 X129.344 Y76.59 E.01909
G1 X129.344 Y143.467 E2.1505
G1 X129.267 Y144.195 E.02353
G1 X129.052 Y144.859 E.02245
G1 X128.702 Y145.463 E.02246
G1 X128.235 Y145.982 E.02246
G1 X127.67 Y146.393 E.02246
G1 X127.032 Y146.677 E.02245
G1 X126.433 Y146.804 E.01969
G1 X125.983 Y146.844 E.01454
G1 X94.033 Y146.844 E1.02739
G1 X93.305 Y146.767 E.02353
G1 X92.753 Y146.588 E.01869
G1 X92.245 Y146.339 E.01819
G1 X91.767 Y145.985 E.01913
G1 X91.418 Y145.597 E.01678
G1 X91.072 Y145.854 F9000
;TYPE:Outer wall
G1 F2400
G1 X90.949 Y145.717 E.00593
G1 X90.555 Y145.034 E.02535
G1 X90.311 Y144.284 E.02535
G1 X90.228 Y143.489 E.0257
G1 X90.228 Y76.511 E2.15379
G1 X90.311 Y75.716 E.0257
G1 X90.555 Y74.965 E.02539
G1 X90.866 Y74.41 E.02045
G1 X91.196 Y73.978 E.01748
G1 X91.783 Y73.449 E.02542
G1 X92.466 Y73.055 E.02535
G1 X93.216 Y72.811 E.02535
G1 X94.011 Y72.728 E.0257
G1 X126.116 Y72.734 E1.0324
G1 X126.783 Y72.811 E.02159
G1 X127.534 Y73.055 E.02538
G1 X128.217 Y73.449 E.02535
G1 X128.803 Y73.977 E.02535
G1 X129.266 Y74.614 E.02535
G1 X129.587 Y75.336 E.02542
G1 X129.72 Y75.958 E.02044
G1 X129.772 Y76.59 E.0204
G1 X129.772 Y143.489 E2.15123
G1 X129.689 Y144.284 E.0257
M73 P64 R16
G1 X129.445 Y145.034 E.02535
G1 X129.051 Y145.717 E.02535
G1 X128.523 Y146.303 E.02535
G1 X127.886 Y146.766 E.02535
G1 X127.165 Y147.087 E.02535
G1 X126.522 Y147.223 E.02114
G1 X125.994 Y147.272 E.01706
G1 X94.011 Y147.272 E1.02847
G1 X93.216 Y147.189 E.0257
G1 X92.464 Y146.945 E.02542
G1 X92.014 Y146.701 E.01646
G1 X91.477 Y146.303 E.02149
G1 X91.099 Y145.883 E.01816
G1 E-2.8 F3600
;WIPE_START
G1 F2400
G1 X90.949 Y145.717 E-.26929
G1 X90.561 Y145.045 E-.93071
;WIPE_END
G1 Z3.6 F9000
G1 X125.929 Y75.795 Z3.6
G1 Z3.2
G1 E4 F2400
;TYPE:Inner wall
G1 X126.03 Y75.843 E.00362
G1 X126.397 Y76.143 E.01522
G1 X126.615 Y76.405 E.01099
G1 X126.808 Y76.765 E.01312
G1 X126.921 Y77.157 E.01312
G1 X126.951 Y77.557 E.0129
G1 X126.896 Y77.938 E.01239
G1 X126.708 Y78.448 E.01747
G1 X126.407 Y78.853 E.01621
G1 X126.095 Y79.115 E.01312
G1 X125.735 Y79.308 E.01312
G1 X125.343 Y79.421 E.01312
G1 X124.936 Y79.45 E.01312
G1 X124.532 Y79.395 E.01312
G1 X124.148 Y79.256 E.01312
G1 X123.802 Y79.04 E.01312
G1 X123.508 Y78.758 E.01312
G1 X123.343 Y78.53 E.00903
G1 X123.126 Y78.043 E.01716
G1 X123.046 Y77.5 E.01764
G1 X123.104 Y77.062 E.01422
G1 X123.279 Y76.58 E.01648
G1 X123.593 Y76.147 E.01719
G1 X123.905 Y75.885 E.01312
G1 X124.265 Y75.692 E.01312
G1 X124.65 Y75.58 E.0129
G1 X125.035 Y75.554 E.01239
G1 X125.611 Y75.644 E.01875
G1 X125.893 Y75.778 E.01003
G1 X125.748 Y76.176 F9000
;TYPE:Outer wall
G1 F2400
G1 X125.779 Y76.189 E.00107
G1 X126.078 Y76.429 E.01235
G1 X126.351 Y76.804 E.01489
G1 X126.495 Y77.202 E.01361
G1 X126.524 Y77.517 E.01018
G1 X126.493 Y77.793 E.00895
G1 X126.311 Y78.279 E.01667
G1 X126.12 Y78.534 E.01025
G1 X125.881 Y78.744 E.01025
G1 X125.603 Y78.9 E.01025
G1 X125.298 Y78.995 E.01025
G1 X124.981 Y79.024 E.01025
G1 X124.664 Y78.987 E.01025
G1 X124.363 Y78.885 E.01025
G1 X124.089 Y78.722 E.01025
G1 X123.855 Y78.506 E.01025
G1 X123.689 Y78.279 E.00903
G1 X123.543 Y77.945 E.01172
G1 X123.476 Y77.483 E.015
G1 X123.507 Y77.207 E.00895
G1 X123.682 Y76.733 E.01622
G1 X123.88 Y76.466 E.01071
G1 X124.119 Y76.256 E.01025
G1 X124.397 Y76.1 E.01025
G1 X124.7 Y76.005 E.01018
G1 X124.977 Y75.979 E.00895
G1 X125.473 Y76.05 E.01614
G1 X125.712 Y76.159 E.00844
G1 E-2.8 F3600
;WIPE_START
G1 F2400
G1 X125.779 Y76.189 E-.08775
G1 X126.078 Y76.429 E-.46079
G1 X126.351 Y76.804 E-.55569
G1 X126.378 Y76.879 E-.09577
;WIPE_END
G1 Z3.6 F9000
G1 X93.152 Y78.094 Z3.6
G1 Z3.2
G1 E4 F2400
;TYPE:Inner wall
G1 X93.12 Y78.011 E.00289
G1 X93.046 Y77.501 E.01658
G1 X93.119 Y76.99 E.01659
G1 X93.279 Y76.58 E.01414
G1 X93.593 Y76.147 E.01719
G1 X93.818 Y75.945 E.00973
G1 X94.265 Y75.692 E.01651
G1 X94.65 Y75.58 E.0129
G1 X95.035 Y75.554 E.01239
G1 X95.652 Y75.66 E.02014
G1 X96.03 Y75.843 E.01352
G1 X96.353 Y76.093 E.01312
G1 X96.615 Y76.405 E.01312
G1 X96.808 Y76.765 E.01312
G1 X96.921 Y77.157 E.01312
G1 X96.946 Y77.594 E.01408
G1 X96.858 Y78.104 E.01664
G1 X96.657 Y78.53 E.01517
G1 X96.407 Y78.853 E.01312
G1 X96.095 Y79.115 E.01312
G1 X95.735 Y79.308 E.01312
G1 X95.232 Y79.433 E.01668
G1 X94.796 Y79.436 E.01399
G1 X94.399 Y79.351 E.01308
G1 X94.003 Y79.172 E.01397
G1 X93.593 Y78.853 E.01669
G1 X93.279 Y78.42 E.01719
G1 X93.167 Y78.132 E.00995
G1 X93.543 Y77.944 F9000
;TYPE:Outer wall
G1 F2400
G1 X93.477 Y77.472 E.01531
G1 X93.556 Y77.011 E.01505
G1 X93.689 Y76.721 E.01025
G1 X93.88 Y76.466 E.01025
G1 X94.094 Y76.274 E.00924
G1 X94.397 Y76.1 E.01126
G1 X94.7 Y76.005 E.01018
G1 X94.977 Y75.979 E.00895
G1 X95.486 Y76.055 E.01655
G1 X95.779 Y76.189 E.01037
G1 X96.034 Y76.38 E.01025
G1 X96.244 Y76.619 E.01025
G1 X96.4 Y76.897 E.01025
G1 X96.495 Y77.202 E.01025
G1 X96.523 Y77.527 E.01051
G1 X96.444 Y77.989 E.01507
G1 X96.212 Y78.415 E.01559
G1 X95.881 Y78.744 E.01502
G1 X95.603 Y78.9 E.01025
G1 X95.187 Y79.007 E.0138
G1 X94.702 Y78.995 E.0156
G1 X94.363 Y78.885 E.01146
G1 X94.089 Y78.722 E.01025
G1 X93.855 Y78.506 E.01025
G1 X93.67 Y78.246 E.01025
G1 X93.558 Y77.981 E.00925
G1 E-2.8 F3600
;WIPE_START
G1 F2400
G1 X93.477 Y77.472 E-.61784
G1 X93.556 Y77.011 E-.56166
G1 X93.563 Y76.995 E-.0205
;WIPE_END
G1 Z3.6 F9000
G1 X122.772 Y75.637 Z3.6
G1 Z3.2
G1 E4 F2400
;TYPE:Inner wall
G1 X122.722 Y75.79 E.00516
G1 X122.442 Y76.293 E.01851
G1 X122.286 Y76.668 E.01308
G1 X122.173 Y77.203 E.01758
G1 X122.173 Y77.797 E.01911
G1 X122.296 Y78.379 E.01911
G1 X122.538 Y78.922 E.01911
G1 X122.887 Y79.402 E.01911
G1 X123.329 Y79.8 E.01911
G1 X123.844 Y80.097 E.01911
G1 X124.409 Y80.281 E.01911
G1 X125 Y80.343 E.01911
G1 X125.591 Y80.281 E.01911
G1 X126.156 Y80.097 E.0191
G1 X126.737 Y79.761 E.02159
G1 X127.002 Y79.68 E.0089
G1 X127.302 Y79.737 E.00982
G1 X127.563 Y79.97 E.01126
G1 X127.654 Y80.29 E.01068
G1 X127.654 Y139.71 E1.91075
G1 X127.564 Y140.028 E.0106
G1 X127.314 Y140.258 E.01094
G1 X127.01 Y140.32 E.00997
G1 X126.71 Y140.222 E.01013
G1 X126.278 Y139.974 E.01602
G1 X125.725 Y139.764 E.01903
G1 X125.25 Y139.673 E.01557
G1 X124.702 Y139.673 E.0176
G1 X124.121 Y139.796 E.0191
G1 X123.578 Y140.038 E.01911
G1 X123.098 Y140.387 E.01911
G1 X122.7 Y140.829 E.01911
G1 X122.403 Y141.344 E.01911
G1 X122.219 Y141.909 E.01911
G1 X122.157 Y142.5 E.01911
G1 X122.219 Y143.092 E.01913
G1 X122.403 Y143.656 E.01909
G1 X122.739 Y144.237 E.02159
G1 X122.818 Y144.479 E.00818
G1 X122.784 Y144.752 E.00885
G1 X122.731 Y144.861 E.0039
G1 X122.528 Y145.064 E.00925
G1 X122.21 Y145.154 E.0106
G1 X97.79 Y145.154 E.78528
G1 X97.472 Y145.064 E.0106
G1 X97.237 Y144.802 E.01134
G1 X97.179 Y144.533 E.00885
G1 X97.267 Y144.227 E.01025
G1 X97.597 Y143.656 E.0212
G1 X97.781 Y143.091 E.0191
G1 X97.843 Y142.5 E.01911
G1 X97.781 Y141.909 E.01911
G1 X97.597 Y141.344 E.01911
G1 X97.3 Y140.829 E.01911
G1 X96.891 Y140.375 E.01965
G1 X96.414 Y140.051 E.01855
G1 X95.978 Y139.845 E.0155
G1 X95.544 Y139.714 E.01458
G1 X95 Y139.657 E.01759
G1 X94.409 Y139.719 E.01911
G1 X93.844 Y139.903 E.0191
G1 X93.263 Y140.239 E.02159
G1 X92.953 Y140.321 E.01031
G1 X92.638 Y140.231 E.01052
G1 X92.435 Y140.028 E.00924
G1 X92.346 Y139.71 E.0106
G1 X92.346 Y80.29 E1.91075
G1 X92.435 Y79.972 E.0106
G1 X92.649 Y79.762 E.00964
G1 X92.863 Y79.686 E.00728
G1 X93.124 Y79.702 E.00841
G1 X93.564 Y79.956 E.01633
G1 X94.121 Y80.204 E.01963
G1 X94.703 Y80.327 E.01911
G1 X95.314 Y80.327 E.01965
G1 X95.74 Y80.232 E.01405
G1 X96.292 Y80.019 E.01903
G1 X96.788 Y79.695 E.01903
G1 X97.164 Y79.343 E.01658
G1 X97.449 Y78.914 E.01656
G1 X97.655 Y78.478 E.0155
G1 X97.786 Y78.044 E.01458
G1 X97.843 Y77.5 E.01759
G1 X97.781 Y76.909 E.01911
G1 X97.597 Y76.344 E.0191
G1 X97.261 Y75.763 E.02159
G1 X97.18 Y75.498 E.0089
G1 X97.219 Y75.239 E.00841
G1 X97.269 Y75.139 E.00361
G1 X97.472 Y74.935 E.00925
G1 X97.79 Y74.846 E.0106
G1 X122.21 Y74.846 E.78528
G1 X122.528 Y74.936 E.01061
G1 X122.758 Y75.187 E.01094
G1 X122.82 Y75.49 E.00996
G1 X122.785 Y75.599 E.00368
G1 X122.384 Y75.511 F9000
;TYPE:Outer wall
G1 F2400
G1 X122.083 Y76.047 E.0198
G1 X121.867 Y76.579 E.01845
G1 X121.744 Y77.158 E.01903
G1 X121.744 Y77.842 E.02201
G1 X121.886 Y78.512 E.02201
G1 X122.165 Y79.137 E.02201
G1 X122.567 Y79.691 E.02201
G1 X123.076 Y80.149 E.02201
G1 X123.668 Y80.491 E.02201
G1 X124.319 Y80.702 E.02201
G1 X125 Y80.774 E.02201
G1 X125.681 Y80.702 E.02201
G1 X126.332 Y80.491 E.02201
G1 X126.952 Y80.132 E.02304
G1 X127.099 Y80.116 E.00477
G1 X127.198 Y80.194 E.00405
G1 X127.225 Y80.29 E.00318
G1 X127.225 Y139.71 E1.91075
G1 X127.198 Y139.805 E.00316
M73 P64 R15
G1 X127.071 Y139.89 E.00493
G1 X126.944 Y139.863 E.00419
G1 X126.453 Y139.583 E.01819
G1 X125.922 Y139.367 E.01841
G1 X125.342 Y139.244 E.01906
G1 X124.657 Y139.244 E.02203
G1 X123.988 Y139.386 E.02199
G1 X123.363 Y139.665 E.02201
G1 X122.809 Y140.067 E.02201
G1 X122.351 Y140.576 E.02201
G1 X122.009 Y141.168 E.02201
G1 X121.798 Y141.819 E.02201
G1 X121.726 Y142.5 E.02201
G1 X121.798 Y143.181 E.02203
G1 X122.009 Y143.832 E.02199
G1 X122.368 Y144.452 E.02304
G1 X122.381 Y144.605 E.00496
G1 X122.305 Y144.698 E.00387
G1 X122.21 Y144.725 E.00316
G1 X97.79 Y144.725 E.78528
G1 X97.634 Y144.638 E.00573
G1 X97.615 Y144.493 E.0047
G1 X97.889 Y144.007 E.01795
G1 X98.053 Y143.64 E.01293
G1 X98.212 Y143.09 E.01841
G1 X98.274 Y142.5 E.01906
G1 X98.202 Y141.819 E.02201
G1 X97.991 Y141.168 E.02201
G1 X97.649 Y140.576 E.02201
G1 X97.187 Y140.063 E.02218
G1 X96.723 Y139.735 E.01827
G1 X96.244 Y139.481 E.01744
G1 X95.681 Y139.298 E.01905
G1 X95 Y139.226 E.02201
G1 X94.319 Y139.298 E.02201
G1 X93.668 Y139.509 E.02201
G1 X93.048 Y139.868 E.02304
G1 X92.896 Y139.882 E.00493
G1 X92.802 Y139.805 E.0039
G1 X92.775 Y139.71 E.00316
G1 X92.775 Y80.29 E1.91075
G1 X92.865 Y80.132 E.00583
G1 X93.007 Y80.115 E.00458
G1 X93.575 Y80.43 E.02091
G1 X94.078 Y80.633 E.01744
G1 X94.658 Y80.756 E.01905
G1 X95.348 Y80.756 E.02218
G1 X95.873 Y80.64 E.01729
G1 X96.411 Y80.445 E.01841
G1 X96.924 Y80.149 E.01906
G1 X97.437 Y79.687 E.02218
G1 X97.765 Y79.223 E.01827
G1 X98.019 Y78.744 E.01744
G1 X98.202 Y78.181 E.01905
G1 X98.274 Y77.5 E.02201
G1 X98.202 Y76.819 E.02201
G1 X97.991 Y76.168 E.02201
G1 X97.632 Y75.548 E.02304
G1 X97.62 Y75.392 E.00504
G1 X97.695 Y75.302 E.00379
G1 X97.79 Y75.275 E.00316
G1 X122.21 Y75.275 E.78528
G1 X122.366 Y75.362 E.00573
G1 X122.379 Y75.471 E.00352
G1 E-2.8 F3600
;WIPE_START
G1 F2400
G1 X122.083 Y76.047 E-.77796
G1 X121.95 Y76.373 E-.42204
;WIPE_END
G1 Z3.6 F9000
G1 X93.11 Y142.889 Z3.6
G1 Z3.2
G1 E4 F2400
;TYPE:Inner wall
G1 X93.046 Y142.5 E.01266
G1 X93.103 Y142.039 E.01495
G1 X93.237 Y141.677 E.01239
G1 X93.593 Y141.147 E.02053
G1 X93.905 Y140.885 E.01312
G1 X94.265 Y140.692 E.01312
G1 X94.65 Y140.58 E.0129
G1 X95.035 Y140.554 E.01239
G1 X95.604 Y140.642 E.01852
G1 X96.03 Y140.843 E.01517
G1 X96.353 Y141.093 E.01312
G1 X96.615 Y141.405 E.01312
G1 X96.808 Y141.765 E.01312
G1 X96.921 Y142.157 E.01312
G1 X96.95 Y142.564 E.01312
G1 X96.895 Y142.968 E.01312
G1 X96.756 Y143.352 E.01312
G1 X96.532 Y143.707 E.0135
G1 X96.232 Y144.009 E.01369
G1 X95.804 Y144.281 E.01632
G1 X95.343 Y144.421 E.01548
G1 X94.936 Y144.45 E.01312
G1 X94.489 Y144.381 E.01454
G1 X94.148 Y144.256 E.01167
G1 X93.802 Y144.04 E.01312
G1 X93.335 Y143.519 E.02252
G1 X93.139 Y143.068 E.0158
G1 X93.116 Y142.928 E.00457
G1 X93.532 Y142.82 F9000
;TYPE:Outer wall
G1 F2400
G1 X93.476 Y142.481 E.01104
G1 X93.512 Y142.167 E.01018
G1 X93.601 Y141.903 E.00895
G1 X93.88 Y141.466 E.01667
G1 X94.119 Y141.256 E.01025
G1 X94.397 Y141.1 E.01025
G1 X94.7 Y141.005 E.01018
G1 X94.977 Y140.979 E.00895
G1 X95.489 Y141.056 E.01667
G1 X95.915 Y141.288 E.01559
G1 X96.244 Y141.619 E.01502
G1 X96.4 Y141.897 E.01025
G1 X96.495 Y142.202 E.01025
G1 X96.524 Y142.519 E.01025
G1 X96.487 Y142.836 E.01025
G1 X96.385 Y143.137 E.01025
G1 X96.214 Y143.42 E.01063
G1 X95.999 Y143.65 E.01012
G1 X95.603 Y143.9 E.01507
G1 X95.298 Y143.995 E.01025
G1 X94.981 Y144.024 E.01025
G1 X94.622 Y143.973 E.01167
G1 X94.363 Y143.885 E.0088
G1 X94.089 Y143.722 E.01025
G1 X93.671 Y143.248 E.02032
G1 X93.561 Y142.992 E.00895
G1 X93.539 Y142.859 E.00434
G1 E-2.8 F3600
;WIPE_START
G1 F2400
G1 X93.476 Y142.481 E-.45992
G1 X93.512 Y142.167 E-.37985
G1 X93.601 Y141.903 E-.33397
G1 X93.613 Y141.884 E-.02626
;WIPE_END
G1 Z3.6 F9000
G1 X126.838 Y143.127 Z3.6
G1 Z3.2
G1 E4 F2400
;TYPE:Inner wall
G1 X126.756 Y143.352 E.00768
G1 X126.533 Y143.707 E.01349
G1 X126.215 Y144.02 E.01434
G1 X125.744 Y144.305 E.01772
G1 X125.343 Y144.421 E.01341
G1 X124.936 Y144.45 E.01312
G1 X124.532 Y144.395 E.01312
G1 X124.148 Y144.256 E.01312
G1 X123.78 Y144.019 E.01408
G1 X123.385 Y143.595 E.01864
G1 X123.192 Y143.235 E.01314
G1 X123.079 Y142.843 E.01312
G1 X123.05 Y142.436 E.01312
G1 X123.103 Y142.039 E.0129
G1 X123.237 Y141.677 E.01239
G1 X123.548 Y141.193 E.01852
G1 X123.905 Y140.885 E.01517
G1 X124.265 Y140.692 E.01312
G1 X124.65 Y140.58 E.0129
G1 X125.035 Y140.554 E.01239
G1 X125.542 Y140.625 E.01648
G1 X126.004 Y140.825 E.01619
G1 X126.353 Y141.093 E.01414
G1 X126.615 Y141.405 E.01312
G1 X126.808 Y141.765 E.01312
G1 X126.921 Y142.157 E.01312
G1 X126.95 Y142.564 E.01312
G1 X126.881 Y143.011 E.01454
G1 X126.852 Y143.09 E.0027
G1 X126.438 Y142.981 F9000
;TYPE:Outer wall
G1 F2400
G1 X126.385 Y143.137 E.00532
G1 X126.214 Y143.42 E.01062
G1 X125.982 Y143.661 E.01076
G1 X125.603 Y143.9 E.01441
G1 X125.298 Y143.995 E.01025
G1 X124.981 Y144.024 E.01025
G1 X124.664 Y143.987 E.01025
G1 X124.363 Y143.885 E.01025
G1 X124.083 Y143.716 E.01051
G1 X123.756 Y143.381 E.01507
G1 X123.6 Y143.103 E.01025
G1 X123.505 Y142.798 E.01025
G1 X123.476 Y142.481 E.01025
G1 X123.512 Y142.167 E.01018
G1 X123.601 Y141.903 E.00895
G1 X123.867 Y141.479 E.01607
G1 X124.241 Y141.185 E.01531
G1 X124.683 Y141.008 E.0153
G1 X124.977 Y140.979 E.0095
G1 X125.489 Y141.056 E.01667
G1 X125.779 Y141.189 E.01025
G1 X126.034 Y141.38 E.01025
G1 X126.244 Y141.619 E.01025
G1 X126.4 Y141.897 E.01025
G1 X126.495 Y142.202 E.01025
G1 X126.524 Y142.519 E.01025
G1 X126.473 Y142.878 E.01167
G1 X126.451 Y142.943 E.0022
G1 E-2.8 F3600
;WIPE_START
G1 F2400
G1 X126.385 Y143.137 E-.24647
G1 X126.214 Y143.42 E-.39625
G1 X125.982 Y143.661 E-.40172
G1 X125.872 Y143.73 E-.15556
;WIPE_END
G1 Z3.6 F9000
G1 X129.003 Y143.79 Z3.6
G1 Z3.2
G1 E4 F2400
;TYPE:Sparse infill
;WIDTH:0.45
G1 F3600
G1 X128.967 Y144.131 E.011
G1 X128.771 Y144.734 E.02039
G1 X128.454 Y145.283 E.02039
G1 X127.616 Y145.545 E.02823
G1 X126.893 Y146.269 E.03291
G1 X126.852 Y146.403 E.0045
G1 X126.293 Y146.522 E.01837
G1 X125.975 Y146.538 E.01026
G1 X122.666 Y146.538 E.10639
G1 X122.748 Y146.269 E.00905
G1 X123.471 Y145.545 E.03291
G1 X125.544 Y144.92 E.06961
G1 X125.894 Y144.569 E.01595
G1 X126.038 Y144.5 E.00514
G1 X126.533 Y144.159 E.01932
G1 X126.793 Y143.873 E.01241
G1 X127.048 Y143.455 E.01577
G1 X127.216 Y142.941 E.01738
G1 X127.26 Y142.5 E.01424
G1 X127.224 Y142.12 E.01227
G1 X127.158 Y141.858 E.00868
G1 X127.616 Y141.4 E.02084
G1 X129.038 Y140.971 E.04776
G1 X129.038 Y136.826 E.13329
G1 X127.959 Y137.152 E.03626
G1 X127.959 Y133.007 E.13329
G1 X129.038 Y132.681 E.03626
G1 X129.038 Y128.536 E.13329
G1 X127.959 Y128.862 E.03626
G1 X127.959 Y124.717 E.13329
G1 X129.038 Y124.391 E.03626
G1 X129.038 Y120.246 E.13329
G1 X127.959 Y120.572 E.03626
G1 X127.959 Y116.427 E.13329
G1 X129.038 Y116.101 E.03626
G1 X129.038 Y111.956 E.13329
G1 X127.959 Y112.282 E.03626
G1 X127.959 Y110.653 E.05236
G1 X129.038 Y109.439 F9000
G1 F3600
G1 X129.038 Y107.811 E.05236
G1 X127.959 Y108.137 E.03626
G1 X127.959 Y103.992 E.13329
G1 X129.038 Y103.666 E.03626
G1 X129.038 Y99.521 E.13329
G1 X127.959 Y99.847 E.03626
G1 X127.959 Y95.702 E.13329
G1 X129.038 Y95.376 E.03626
G1 X129.038 Y91.231 E.13329
G1 X127.959 Y91.557 E.03626
G1 X127.959 Y87.412 E.13329
G1 X129.038 Y87.086 E.03626
G1 X129.038 Y82.941 E.13329
G1 X127.959 Y83.267 E.03626
G1 X127.959 Y80.276 E.09618
G1 X127.827 Y79.81 E.01555
G1 X127.524 Y79.51 E.01373
G1 X127.394 Y79.448 E.00464
G1 X127.616 Y79.225 E.01013
G1 X129.038 Y78.796 E.04776
G1 X129.038 Y80.424 E.05236
G1 X125.438 Y75.31 F9000
G1 F3600
M73 P65 R15
G1 X125.705 Y75.353 E.0087
G1 X126.104 Y75.529 E.01402
G1 X126.512 Y75.82 E.01612
G1 X126.794 Y76.132 E.01352
G1 X126.893 Y75.804 E.01105
G1 X127.616 Y75.08 E.03291
G1 X128.503 Y74.813 E.02977
G1 X128.254 Y74.47 E.0136
G1 X127.783 Y74.046 E.02039
G1 X127.234 Y73.729 E.02039
G1 X126.626 Y73.532 E.02053
G1 X126.338 Y73.498 E.00935
G1 X126.267 Y73.731 E.00781
G1 X125.544 Y74.455 E.03291
G1 X123.471 Y75.08 E.06961
G1 X123.122 Y75.43 E.01591
G1 X123.116 Y75.316 E.00367
G1 X123.071 Y75.143 E.00573
G1 X122.99 Y74.974 E.00605
G1 X122.687 Y74.671 E.01376
G1 X122.225 Y74.541 E.01546
G1 X121.112 Y74.541 E.03577
G1 X121.399 Y74.455 E.00963
G1 X122.122 Y73.731 E.03291
G1 X122.202 Y73.467 E.00885
G1 X120.574 Y73.467 E.05236
G1 X115.339 Y74.541 F9000
G1 F3600
G1 X116.967 Y74.541 E.05236
G1 X117.254 Y74.455 E.00963
G1 X117.977 Y73.731 E.03291
G1 X118.057 Y73.467 E.00888
G1 X113.912 Y73.466 E.13328
G1 X113.832 Y73.731 E.00891
G1 X113.109 Y74.455 E.03291
G1 X112.822 Y74.541 E.00963
G1 X108.677 Y74.541 E.13329
G1 X108.964 Y74.455 E.00963
G1 X109.687 Y73.731 E.03291
G1 X109.768 Y73.465 E.00894
G1 X105.623 Y73.464 E.13328
G1 X105.542 Y73.731 E.00897
G1 X104.819 Y74.455 E.03291
G1 X104.532 Y74.541 E.00963
G1 X100.387 Y74.541 E.13329
G1 X100.674 Y74.455 E.00963
G1 X101.397 Y73.731 E.03291
G1 X101.478 Y73.463 E.009
G1 X97.333 Y73.462 E.13328
G1 X97.252 Y73.731 E.00903
G1 X96.529 Y74.455 E.03291
G1 X94.456 Y75.08 E.06961
G1 X94.104 Y75.432 E.01601
G1 X93.626 Y75.707 E.01773
G1 X93.335 Y75.973 E.01267
G1 X93.083 Y76.308 E.0135
G1 X92.884 Y76.717 E.01463
G1 X92.819 Y76.936 E.00737
G1 X92.74 Y77.501 E.01832
G1 X92.84 Y78.143 E.02091
G1 X92.384 Y78.6 E.02077
G1 X90.962 Y79.029 E.04776
G1 X90.962 Y83.174 E.13329
G1 X92.041 Y82.848 E.03626
G1 X92.041 Y86.993 E.13329
G1 X90.962 Y87.319 E.03626
G1 X90.962 Y91.464 E.13329
G1 X92.041 Y91.138 E.03626
G1 X92.041 Y95.283 E.13329
G1 X90.962 Y95.609 E.03626
G1 X90.962 Y99.754 E.13329
G1 X92.041 Y99.428 E.03626
G1 X92.041 Y103.573 E.13329
G1 X90.962 Y103.899 E.03626
G1 X90.962 Y108.044 E.13329
G1 X92.041 Y107.718 E.03626
G1 X92.041 Y111.863 E.13329
G1 X90.962 Y112.189 E.03626
G1 X90.962 Y116.334 E.13329
G1 X92.041 Y116.008 E.03626
G1 X92.041 Y120.153 E.13329
G1 X90.962 Y120.479 E.03626
G1 X90.962 Y118.851 E.05236
G1 X92.041 Y125.927 F9000
G1 F3600
G1 X92.041 Y124.298 E.05236
G1 X90.962 Y124.624 E.03626
G1 X90.962 Y128.769 E.13329
G1 X92.041 Y128.443 E.03626
G1 X92.041 Y132.588 E.13329
G1 X90.962 Y132.914 E.03626
G1 X90.962 Y137.059 E.13329
G1 X92.041 Y136.733 E.03626
G1 X92.041 Y139.715 E.09587
G1 X92.055 Y139.874 E.00513
G1 X92.174 Y140.19 E.01086
G1 X92.473 Y140.489 E.01359
G1 X92.606 Y140.553 E.00475
G1 X92.384 Y140.775 E.0101
G1 X90.962 Y141.204 E.04776
G1 X90.962 Y139.576 E.05236
G1 X94.554 Y144.71 F9000
G1 F3600
G1 X94.045 Y144.547 E.01718
G1 X93.652 Y144.313 E.01471
G1 X93.321 Y144.012 E.01439
G1 X93.209 Y143.861 E.00606
G1 X93.107 Y144.196 E.01127
G1 X92.384 Y144.92 E.03291
G1 X91.492 Y145.189 E.02995
G1 X91.546 Y145.283 E.00348
G1 X91.973 Y145.757 E.02053
G1 X92.409 Y146.08 E.01744
G1 X92.754 Y146.267 E.01263
G1 X93.369 Y146.467 E.02079
G1 X93.663 Y146.498 E.00951
G1 X93.733 Y146.269 E.00769
G1 X94.456 Y145.545 E.03291
G1 X96.529 Y144.92 E.06961
G1 X96.879 Y144.57 E.01591
G1 X96.912 Y144.809 E.00777
G1 X97.01 Y145.026 E.00765
G1 X97.313 Y145.329 E.01379
G1 X97.776 Y145.459 E.01544
G1 X98.888 Y145.459 E.03576
G1 X98.601 Y145.545 E.00963
G1 X97.878 Y146.269 E.03291
G1 X97.796 Y146.538 E.00905
G1 X101.941 Y146.538 E.13329
G1 X102.023 Y146.269 E.00905
G1 X102.746 Y145.545 E.03291
G1 X103.033 Y145.459 E.00963
G1 X107.178 Y145.459 E.13329
G1 X106.891 Y145.545 E.00963
G1 X106.168 Y146.269 E.03291
G1 X106.086 Y146.538 E.00905
G1 X110.231 Y146.538 E.13329
G1 X110.313 Y146.269 E.00905
G1 X111.036 Y145.545 E.03291
G1 X111.323 Y145.459 E.00963
G1 X115.468 Y145.459 E.13329
G1 X115.181 Y145.545 E.00963
G1 X114.458 Y146.269 E.03291
G1 X114.376 Y146.538 E.00905
G1 X118.521 Y146.538 E.13329
G1 X118.603 Y146.269 E.00905
G1 X119.326 Y145.545 E.03291
G1 X119.613 Y145.459 E.00963
G1 X122.215 Y145.459 E.08367
G1 X122.374 Y145.445 E.00513
G1 X122.69 Y145.326 E.01087
G1 X122.989 Y145.027 E.01359
G1 X123.071 Y144.857 E.00608
G1 X123.116 Y144.684 E.00575
G1 X123.122 Y144.444 E.00772
G1 X123.025 Y144.124 E.01074
G1 X122.683 Y143.531 E.02202
G1 X122.519 Y143.028 E.01702
G1 X122.508 Y142.918 E.00353
G1 X122.748 Y142.124 E.02669
G1 X122.784 Y142.088 E.00164
G1 X122.886 Y141.711 E.01257
G1 X122.974 Y141.521 E.00674
G1 X123.319 Y140.99 E.02035
G1 X123.612 Y140.726 E.01268
G1 E-3
;WIPE_START
G1 X123.319 Y140.99 E-.39428
G1 X122.989 Y141.498 E-.60572
;WIPE_END
G1 Z3.6 F9000
G1 X96.376 Y79.286 Z3.6
G1 Z3.2
G1 E4 F2400
G1 F3600
G1 X96.615 Y79.076 E.01022
G1 X96.736 Y78.941 E.00585
G1 X96.957 Y78.63 E.01226
G1 X97.117 Y78.282 E.0123
G1 X97.181 Y78.063 E.00733
G1 X97.2 Y77.928 E.00439
G1 X97.252 Y77.876 E.00237
G1 X97.492 Y77.081 E.02669
G1 X97.536 Y77.5 E.01353
G1 X97.481 Y78.027 E.01705
G1 X97.317 Y78.532 E.01705
G1 X97.243 Y78.659 E.00473
G1 X94.758 Y73.462 F9000
G1 F3600
G1 X94.104 Y73.462 E.02104
G1 X93.369 Y73.533 E.02375
G1 X93.145 Y73.606 E.00757
G1 X93.107 Y73.731 E.00421
G1 X92.384 Y74.455 E.03291
G1 X91.567 Y74.701 E.02741
G1 X91.481 Y74.814 E.00458
G1 X91.231 Y75.261 E.01646
G1 X91.033 Y75.869 E.02058
G1 X90.998 Y76.202 E.01074
; stop printing object Remote75T.stl id:0 copy 0
;LAYER_CHANGE
;Z:3.4
;HEIGHT:0.2
;BEFORE_LAYER_CHANGE
;3.4
G92 E0

G1 E-3 F3600
;WIPE_START
G1 X91.033 Y75.869 E-.33404
G1 X91.231 Y75.261 E-.63992
G1 X91.243 Y75.238 E-.02604
;WIPE_END
;_SET_FAN_SPEED_CHANGING_LAYER
; printing object Remote75T.stl id:0 copy 0
G1 Z3.8 F9000
G1 X91.381 Y145.554 Z3.8
G1 Z3.4
G1 E4 F2400
;TYPE:Inner wall
;WIDTH:0.449999
G1 X91.108 Y145.173 E.01508
G1 X90.823 Y144.532 E.02254
G1 X90.717 Y144.034 E.01637
G1 X90.656 Y143.483 E.01784
G1 X90.656 Y76.533 E2.15286
G1 X90.733 Y75.805 E.02353
G1 X90.909 Y75.264 E.01831
G1 X91.164 Y74.752 E.0184
G1 X91.513 Y74.269 E.01917
G1 X92.037 Y73.798 E.02265
G1 X92.641 Y73.448 E.02245
G1 X93.305 Y73.233 E.02245
G1 X94.033 Y73.156 E.02352
G1 X126.079 Y73.162 E1.03047
G1 X126.692 Y73.232 E.01985
G1 X127.359 Y73.448 E.02254
G1 X127.963 Y73.798 E.02245
G1 X128.482 Y74.265 E.02246
G1 X128.893 Y74.83 E.02246
G1 X129.179 Y75.472 E.02261
G1 X129.299 Y75.996 E.01729
G1 X129.344 Y76.581 E.01885
G1 X129.344 Y143.467 E2.15081
G1 X129.267 Y144.195 E.02353
G1 X129.052 Y144.859 E.02245
G1 X128.702 Y145.463 E.02246
G1 X128.235 Y145.982 E.02246
G1 X127.67 Y146.393 E.02246
G1 X127.032 Y146.677 E.02245
G1 X126.433 Y146.804 E.01969
G1 X125.983 Y146.844 E.01454
G1 X94.033 Y146.844 E1.02739
G1 X93.305 Y146.767 E.02353
G1 X92.752 Y146.587 E.01873
G1 X92.343 Y146.393 E.01455
G1 X91.856 Y146.05 E.01914
G1 X91.461 Y145.667 E.0177
G1 X91.404 Y145.587 E.00317
G1 X91.032 Y145.803 F9000
;TYPE:Outer wall
G1 F2400
G1 X90.734 Y145.386 E.01647
G1 X90.413 Y144.665 E.02538
G1 X90.277 Y144.022 E.02114
G1 X90.228 Y143.494 E.01706
G1 X90.228 Y76.511 E2.15394
G1 X90.311 Y75.716 E.0257
G1 X90.555 Y74.965 E.0254
G1 X90.852 Y74.432 E.0196
G1 X91.196 Y73.978 E.01834
G1 X91.783 Y73.449 E.02541
G1 X92.466 Y73.055 E.02535
G1 X93.216 Y72.811 E.02535
G1 X94.011 Y72.728 E.0257
G1 X126.103 Y72.734 E1.03197
G1 X126.783 Y72.811 E.02202
G1 X127.534 Y73.055 E.02538
G1 X128.217 Y73.449 E.02535
G1 X128.803 Y73.977 E.02535
G1 X129.266 Y74.614 E.02535
G1 X129.435 Y74.994 E.01335
G1 X129.626 Y75.505 E.01755
G1 X129.733 Y76.052 E.01791
G1 X129.772 Y76.581 E.01706
G1 X129.772 Y143.489 E2.15153
G1 X129.689 Y144.284 E.0257
G1 X129.445 Y145.034 E.02535
G1 X129.051 Y145.717 E.02535
G1 X128.523 Y146.303 E.02535
G1 X127.886 Y146.766 E.02535
G1 X127.165 Y147.087 E.02535
G1 X126.522 Y147.223 E.02114
G1 X125.994 Y147.272 E.01706
G1 X94.011 Y147.272 E1.02847
G1 X93.216 Y147.189 E.0257
G1 X92.619 Y146.995 E.02017
G1 X92.025 Y146.708 E.02121
G1 X91.601 Y146.395 E.01694
G1 X91.13 Y145.941 E.02104
G1 X91.055 Y145.836 E.00416
G1 E-2.8 F3600
;WIPE_START
G1 F2400
G1 X90.734 Y145.386 E-.6625
G1 X90.552 Y144.977 E-.53751
;WIPE_END
G1 Z3.8 F9000
G1 X125.931 Y75.796 Z3.8
G1 Z3.4
G1 E4 F2400
;TYPE:Inner wall
G1 X126.03 Y75.843 E.00352
G1 X126.397 Y76.143 E.01522
G1 X126.615 Y76.405 E.01099
G1 X126.808 Y76.765 E.01312
G1 X126.924 Y77.211 E.01482
G1 X126.933 Y77.717 E.01629
G1 X126.897 Y77.933 E.00702
G1 X126.708 Y78.447 E.01763
G1 X126.407 Y78.853 E.01623
G1 X126.095 Y79.115 E.01312
G1 X125.735 Y79.308 E.01312
G1 X125.343 Y79.421 E.01312
G1 X124.936 Y79.45 E.01312
G1 X124.532 Y79.395 E.01312
G1 X124.148 Y79.256 E.01312
G1 X123.802 Y79.04 E.01312
G1 X123.508 Y78.758 E.01312
G1 X123.259 Y78.37 E.01482
G1 X123.095 Y77.891 E.01629
G1 X123.062 Y77.684 E.00671
G1 X123.081 Y77.146 E.01733
G1 X123.262 Y76.623 E.01779
G1 X123.508 Y76.242 E.01457
G1 X123.905 Y75.885 E.01719
G1 X124.317 Y75.678 E.01482
G1 X124.811 Y75.565 E.01629
G1 X125.029 Y75.555 E.00702
G1 X125.607 Y75.643 E.01881
G1 X125.895 Y75.779 E.01025
G1 X125.751 Y76.178 F9000
;TYPE:Outer wall
G1 F2400
G1 X125.779 Y76.189 E.00095
G1 X126.078 Y76.429 E.01235
G1 X126.345 Y76.793 E.01451
G1 X126.496 Y77.218 E.01448
G1 X126.504 Y77.727 E.01638
G1 X126.335 Y78.233 E.01715
G1 X126.12 Y78.534 E.01189
G1 X125.881 Y78.744 E.01025
G1 X125.603 Y78.9 E.01025
G1 X125.298 Y78.995 E.01025
G1 X124.981 Y79.024 E.01025
G1 X124.664 Y78.987 E.01025
G1 X124.363 Y78.885 E.01025
G1 X124.089 Y78.722 E.01025
G1 X123.855 Y78.506 E.01025
G1 X123.665 Y78.231 E.01075
G1 X123.5 Y77.752 E.01629
G1 X123.5 Y77.235 E.01661
G1 X123.67 Y76.754 E.0164
G1 X123.88 Y76.466 E.01146
G1 X124.119 Y76.256 E.01025
G1 X124.413 Y76.096 E.01075
G1 X124.907 Y75.982 E.01629
G1 X125.439 Y76.042 E.01724
G1 X125.715 Y76.162 E.00965
G1 E-2.8 F3600
;WIPE_START
G1 F2400
G1 X125.779 Y76.189 E-.08363
G1 X126.078 Y76.429 E-.46079
G1 X126.345 Y76.793 E-.54135
G1 X126.377 Y76.883 E-.11422
;WIPE_END
G1 Z3.8 F9000
G1 X93.151 Y78.09 Z3.8
G1 Z3.4
G1 E4 F2400
;TYPE:Inner wall
G1 X93.119 Y78.01 E.00275
G1 X93.046 Y77.5 E.01658
G1 X93.119 Y76.99 E.01658
G1 X93.279 Y76.58 E.01413
G1 X93.593 Y76.147 E.01719
G1 X93.905 Y75.885 E.01312
G1 X94.317 Y75.678 E.01482
G1 X94.811 Y75.565 E.01629
G1 X95.029 Y75.555 E.00702
G1 X95.652 Y75.66 E.02032
G1 X96.03 Y75.843 E.01352
G1 X96.353 Y76.093 E.01312
G1 X96.615 Y76.405 E.01312
G1 X96.808 Y76.765 E.01312
G1 X96.921 Y77.157 E.01312
G1 X96.946 Y77.594 E.01408
G1 X96.858 Y78.104 E.01664
G1 X96.657 Y78.53 E.01517
G1 X96.407 Y78.853 E.01312
G1 X96.095 Y79.115 E.01312
G1 X95.795 Y79.285 E.01108
G1 X95.343 Y79.421 E.01517
G1 X94.936 Y79.45 E.01312
G1 X94.532 Y79.395 E.01312
G1 X94.148 Y79.256 E.01312
G1 X93.802 Y79.04 E.01312
G1 X93.508 Y78.758 E.01312
G1 X93.279 Y78.42 E.01312
G1 X93.165 Y78.127 E.01009
G1 X93.542 Y77.938 F9000
;TYPE:Outer wall
G1 F2400
M73 P66 R15
G1 X93.477 Y77.472 E.01514
G1 X93.556 Y77.011 E.01503
G1 X93.689 Y76.721 E.01025
G1 X93.88 Y76.466 E.01025
G1 X94.119 Y76.256 E.01025
G1 X94.479 Y76.08 E.01287
G1 X94.972 Y75.979 E.01617
G1 X95.486 Y76.055 E.01671
G1 X95.779 Y76.189 E.01037
G1 X96.034 Y76.38 E.01025
G1 X96.244 Y76.619 E.01025
G1 X96.4 Y76.897 E.01025
G1 X96.495 Y77.202 E.01025
G1 X96.523 Y77.527 E.01051
G1 X96.444 Y77.989 E.01507
G1 X96.228 Y78.392 E.0147
G1 X95.897 Y78.734 E.01531
G1 X95.62 Y78.893 E.01025
G1 X95.159 Y79.01 E.01531
G1 X94.683 Y78.992 E.01531
G1 X94.363 Y78.885 E.01086
G1 X94.089 Y78.722 E.01025
G1 X93.855 Y78.506 E.01025
G1 X93.67 Y78.246 E.01025
G1 X93.556 Y77.975 E.00944
G1 E-2.8 F3600
;WIPE_START
G1 F2400
G1 X93.477 Y77.472 E-.61159
G1 X93.556 Y77.011 E-.56094
G1 X93.566 Y76.99 E-.02747
;WIPE_END
G1 Z3.8 F9000
G1 X122.772 Y75.637 Z3.8
G1 Z3.4
G1 E4 F2400
;TYPE:Inner wall
G1 X122.722 Y75.79 E.00516
G1 X122.442 Y76.294 E.01857
G1 X122.286 Y76.668 E.01301
G1 X122.173 Y77.203 E.01758
G1 X122.173 Y77.798 E.01913
G1 X122.296 Y78.379 E.01909
G1 X122.538 Y78.922 E.01911
G1 X122.887 Y79.402 E.01911
G1 X123.329 Y79.8 E.01911
G1 X123.844 Y80.097 E.01911
G1 X124.409 Y80.281 E.01911
G1 X125 Y80.343 E.01911
G1 X125.592 Y80.281 E.01913
G1 X126.156 Y80.097 E.01908
G1 X126.737 Y79.761 E.02159
G1 X127.002 Y79.68 E.0089
G1 X127.303 Y79.737 E.00986
G1 X127.563 Y79.97 E.01122
G1 X127.654 Y80.29 E.01068
G1 X127.654 Y139.71 E1.91075
G1 X127.564 Y140.028 E.0106
G1 X127.314 Y140.258 E.01094
G1 X127.01 Y140.32 E.00997
G1 X126.737 Y140.239 E.00915
G1 X126.156 Y139.903 E.02159
G1 X125.591 Y139.719 E.0191
G1 X125 Y139.657 E.01911
G1 X124.409 Y139.719 E.01911
G1 X123.844 Y139.903 E.01911
G1 X123.329 Y140.2 E.01911
G1 X122.887 Y140.598 E.01911
G1 X122.528 Y141.092 E.01965
G1 X122.354 Y141.493 E.01405
G1 X122.203 Y142.065 E.01903
G1 X122.173 Y142.656 E.01903
G1 X122.268 Y143.24 E.01903
G1 X122.482 Y143.792 E.01904
G1 X122.739 Y144.237 E.01652
G1 X122.818 Y144.479 E.00818
G1 X122.784 Y144.752 E.00885
G1 X122.731 Y144.861 E.0039
G1 X122.528 Y145.064 E.00925
G1 X122.21 Y145.154 E.0106
G1 X97.79 Y145.154 E.78528
G1 X97.472 Y145.064 E.0106
G1 X97.242 Y144.814 E.01094
G1 X97.18 Y144.51 E.00997
G1 X97.282 Y144.203 E.0104
G1 X97.547 Y143.73 E.01743
G1 X97.722 Y143.293 E.01513
G1 X97.827 Y142.797 E.01631
G1 X97.827 Y142.202 E.01913
G1 X97.704 Y141.621 E.01909
G1 X97.462 Y141.078 E.01911
G1 X97.113 Y140.598 E.01911
G1 X96.671 Y140.2 E.01911
G1 X96.156 Y139.903 E.01911
G1 X95.591 Y139.719 E.01911
G1 X95 Y139.657 E.01911
G1 X94.408 Y139.719 E.01913
G1 X93.844 Y139.903 E.01908
G1 X93.263 Y140.239 E.02159
G1 X92.952 Y140.321 E.01035
G1 X92.638 Y140.231 E.01048
G1 X92.435 Y140.028 E.00924
G1 X92.346 Y139.71 E.0106
G1 X92.346 Y80.29 E1.91075
G1 X92.435 Y79.972 E.0106
G1 X92.649 Y79.762 E.00964
G1 X92.863 Y79.686 E.00728
G1 X92.998 Y79.68 E.00435
G1 X93.29 Y79.778 E.00989
G1 X93.75 Y80.038 E.017
G1 X94.167 Y80.214 E.01457
G1 X94.703 Y80.327 E.0176
G1 X95.297 Y80.327 E.01911
G1 X95.879 Y80.204 E.01911
G1 X96.422 Y79.962 E.01911
G1 X96.902 Y79.613 E.01911
G1 X97.3 Y79.171 E.01911
G1 X97.597 Y78.656 E.01911
G1 X97.781 Y78.091 E.01911
G1 X97.843 Y77.5 E.01911
G1 X97.781 Y76.909 E.01911
G1 X97.597 Y76.344 E.0191
G1 X97.261 Y75.763 E.02159
G1 X97.18 Y75.498 E.0089
G1 X97.219 Y75.239 E.00841
G1 X97.269 Y75.139 E.00361
G1 X97.472 Y74.935 E.00925
G1 X97.79 Y74.846 E.0106
G1 X122.21 Y74.846 E.78528
G1 X122.528 Y74.936 E.01061
G1 X122.758 Y75.187 E.01094
G1 X122.82 Y75.49 E.00996
G1 X122.785 Y75.599 E.00368
G1 X122.384 Y75.511 F9000
;TYPE:Outer wall
G1 F2400
G1 X122.083 Y76.047 E.0198
G1 X121.867 Y76.579 E.01845
G1 X121.744 Y77.158 E.01903
G1 X121.744 Y77.843 E.02203
G1 X121.886 Y78.512 E.02199
G1 X122.165 Y79.137 E.02201
G1 X122.567 Y79.691 E.02201
G1 X123.076 Y80.149 E.02201
G1 X123.668 Y80.491 E.02201
G1 X124.319 Y80.702 E.02201
G1 X125 Y80.774 E.02201
G1 X125.681 Y80.702 E.02203
G1 X126.332 Y80.491 E.02199
G1 X126.952 Y80.132 E.02304
G1 X127.099 Y80.117 E.00477
G1 X127.198 Y80.194 E.00404
G1 X127.225 Y80.29 E.00318
G1 X127.225 Y139.71 E1.91075
G1 X127.198 Y139.805 E.00316
G1 X127.071 Y139.89 E.00493
G1 X126.952 Y139.868 E.0039
G1 X126.332 Y139.509 E.02304
G1 X125.681 Y139.298 E.02201
G1 X125 Y139.226 E.02201
G1 X124.319 Y139.298 E.02201
G1 X123.668 Y139.509 E.02201
G1 X123.076 Y139.851 E.02201
G1 X122.567 Y140.309 E.02201
G1 X122.162 Y140.867 E.02218
G1 X121.947 Y141.36 E.01729
G1 X121.788 Y141.91 E.01841
G1 X121.726 Y142.5 E.01906
G1 X121.798 Y143.181 E.02203
G1 X122.009 Y143.832 E.02199
G1 X122.368 Y144.452 E.02304
G1 X122.381 Y144.605 E.00496
G1 X122.305 Y144.698 E.00387
G1 X122.21 Y144.725 E.00316
G1 X97.79 Y144.725 E.78528
G1 X97.634 Y144.638 E.00573
G1 X97.616 Y144.489 E.00481
G1 X97.939 Y143.905 E.02148
G1 X98.133 Y143.422 E.01673
G1 X98.256 Y142.842 E.01905
G1 X98.256 Y142.157 E.02203
G1 X98.114 Y141.488 E.02199
G1 X97.835 Y140.863 E.02201
G1 X97.433 Y140.309 E.02201
G1 X96.924 Y139.851 E.02201
G1 X96.332 Y139.509 E.02201
G1 X95.681 Y139.298 E.02201
G1 X95 Y139.226 E.02201
G1 X94.319 Y139.298 E.02203
G1 X93.668 Y139.509 E.02199
G1 X93.048 Y139.868 E.02304
G1 X92.895 Y139.881 E.00495
G1 X92.802 Y139.805 E.00388
G1 X92.775 Y139.71 E.00316
G1 X92.775 Y80.29 E1.91075
G1 X92.865 Y80.132 E.00583
G1 X92.969 Y80.108 E.00343
G1 X93.422 Y80.361 E.01668
G1 X93.988 Y80.614 E.01994
G1 X94.658 Y80.756 E.02201
G1 X95.342 Y80.756 E.02201
G1 X96.012 Y80.614 E.02201
G1 X96.637 Y80.335 E.02201
G1 X97.191 Y79.933 E.02201
G1 X97.649 Y79.424 E.02201
G1 X97.991 Y78.832 E.02201
G1 X98.202 Y78.181 E.02201
G1 X98.274 Y77.5 E.02201
G1 X98.202 Y76.819 E.02201
G1 X97.991 Y76.168 E.02201
G1 X97.632 Y75.548 E.02304
G1 X97.62 Y75.392 E.00504
G1 X97.695 Y75.302 E.00379
G1 X97.79 Y75.275 E.00316
G1 X122.21 Y75.275 E.78528
G1 X122.366 Y75.362 E.00573
G1 X122.379 Y75.471 E.00352
G1 E-2.8 F3600
;WIPE_START
G1 F2400
G1 X122.083 Y76.047 E-.77796
G1 X121.95 Y76.373 E-.42204
;WIPE_END
G1 Z3.8 F9000
G1 X93.097 Y142.906 Z3.8
G1 Z3.4
G1 E4 F2400
;TYPE:Inner wall
G1 X93.079 Y142.843 E.00211
G1 X93.058 Y142.383 E.01482
G1 X93.155 Y141.886 E.01629
G1 X93.234 Y141.682 E.00702
G1 X93.593 Y141.147 E.02071
G1 X93.905 Y140.885 E.01312
G1 X94.317 Y140.678 E.01482
G1 X94.811 Y140.565 E.01629
G1 X95.029 Y140.555 E.00702
G1 X95.604 Y140.642 E.0187
G1 X96.03 Y140.843 E.01517
G1 X96.353 Y141.093 E.01312
G1 X96.615 Y141.405 E.01312
G1 X96.808 Y141.765 E.01312
G1 X96.921 Y142.157 E.01312
G1 X96.942 Y142.617 E.01482
G1 X96.845 Y143.114 E.01629
G1 X96.666 Y143.479 E.01306
G1 X96.407 Y143.853 E.01462
G1 X96.095 Y144.115 E.01312
G1 X95.735 Y144.308 E.01312
G1 X95.343 Y144.421 E.01312
G1 X94.936 Y144.45 E.01312
G1 X94.489 Y144.381 E.01454
G1 X94.103 Y144.227 E.01338
G1 X93.688 Y143.936 E.01629
G1 X93.474 Y143.692 E.01044
G1 X93.195 Y143.244 E.01697
G1 X93.108 Y142.944 E.01002
G1 X93.504 Y142.784 F9000
;TYPE:Outer wall
G1 F2400
G1 X93.478 Y142.465 E.0103
G1 X93.575 Y141.968 E.01629
G1 X93.847 Y141.506 E.01724
G1 X94.119 Y141.256 E.01189
G1 X94.413 Y141.096 E.01075
G1 X94.907 Y140.982 E.01629
G1 X95.439 Y141.042 E.01724
G1 X95.779 Y141.189 E.01189
G1 X96.128 Y141.484 E.0147
G1 X96.393 Y141.88 E.01531
G1 X96.51 Y142.341 E.01529
G1 X96.513 Y142.581 E.00772
G1 X96.412 Y143.071 E.01609
G1 X96.142 Y143.51 E.01656
G1 X95.881 Y143.744 E.01131
G1 X95.603 Y143.9 E.01025
G1 X95.298 Y143.995 E.01025
G1 X94.981 Y144.024 E.01025
G1 X94.622 Y143.973 E.01167
G1 X94.349 Y143.876 E.00931
G1 X93.935 Y143.585 E.01629
G1 X93.623 Y143.149 E.01724
G1 X93.513 Y142.823 E.01106
G1 E-2.8 F3600
;WIPE_START
G1 F2400
G1 X93.478 Y142.465 E-.43156
G1 X93.575 Y141.968 E-.60777
G1 X93.643 Y141.853 E-.16066
;WIPE_END
G1 Z3.8 F9000
G1 X126.832 Y143.144 Z3.8
G1 Z3.4
G1 E4 F2400
;TYPE:Inner wall
G1 X126.756 Y143.352 E.00711
G1 X126.533 Y143.707 E.01349
G1 X126.215 Y144.02 E.01434
G1 X125.744 Y144.305 E.01772
G1 X125.343 Y144.421 E.01341
G1 X124.936 Y144.45 E.01312
G1 X124.532 Y144.395 E.01312
G1 X124.148 Y144.256 E.01312
G1 X123.78 Y144.019 E.01408
G1 X123.385 Y143.595 E.01864
G1 X123.192 Y143.235 E.01314
G1 X123.079 Y142.843 E.01312
G1 X123.05 Y142.436 E.01312
G1 X123.105 Y142.032 E.01312
G1 X123.3 Y141.551 E.01668
G1 X123.542 Y141.219 E.01323
G1 X123.905 Y140.885 E.01586
G1 X124.317 Y140.678 E.01482
G1 X124.811 Y140.565 E.01629
G1 X125.029 Y140.555 E.00702
G1 X125.604 Y140.642 E.0187
G1 X125.92 Y140.779 E.01108
G1 X126.353 Y141.093 E.01719
G1 X126.615 Y141.405 E.01312
G1 X126.808 Y141.765 E.01312
G1 X126.921 Y142.157 E.01312
G1 X126.95 Y142.564 E.01312
G1 X126.881 Y143.011 E.01454
G1 X126.846 Y143.107 E.00328
G1 X126.432 Y142.998 F9000
;TYPE:Outer wall
G1 F2400
G1 X126.385 Y143.137 E.00474
G1 X126.214 Y143.42 E.01062
G1 X125.982 Y143.661 E.01076
G1 X125.603 Y143.9 E.01441
G1 X125.298 Y143.995 E.01025
G1 X124.981 Y144.024 E.01025
G1 X124.664 Y143.987 E.01025
G1 X124.363 Y143.885 E.01025
G1 X124.083 Y143.716 E.01051
G1 X123.756 Y143.381 E.01507
G1 X123.6 Y143.103 E.01025
G1 X123.505 Y142.798 E.01025
G1 X123.476 Y142.481 E.01025
G1 X123.513 Y142.164 E.01025
G1 X123.671 Y141.766 E.0138
G1 X123.845 Y141.521 E.00965
G1 X124.119 Y141.256 E.01227
G1 X124.413 Y141.095 E.01075
G1 X124.907 Y140.982 E.01629
G1 X125.439 Y141.042 E.01724
G1 X125.746 Y141.17 E.01068
G1 X126.034 Y141.38 E.01146
G1 X126.244 Y141.619 E.01025
G1 X126.4 Y141.897 E.01025
G1 X126.495 Y142.202 E.01025
G1 X126.524 Y142.519 E.01025
G1 X126.473 Y142.878 E.01167
G1 X126.445 Y142.96 E.00277
G1 E-2.8 F3600
;WIPE_START
G1 F2400
G1 X126.385 Y143.137 E-.225
G1 X126.214 Y143.42 E-.39625
G1 X125.982 Y143.661 E-.40172
G1 X125.857 Y143.74 E-.17703
;WIPE_END
G1 Z3.8 F9000
G1 X128.979 Y144.019 Z3.8
G1 Z3.4
G1 E4 F2400
;TYPE:Sparse infill
;WIDTH:0.45
G1 F3600
G1 X128.967 Y144.131 E.00362
G1 X128.771 Y144.734 E.02039
G1 X128.454 Y145.283 E.02039
G1 X128.288 Y145.467 E.00795
G1 X127.616 Y145.899 E.02569
G1 X127.285 Y146.23 E.01506
G1 X126.937 Y146.385 E.01225
G1 X126.293 Y146.522 E.02117
G1 X125.975 Y146.538 E.01026
G1 X122.928 Y146.538 E.09798
G1 X123.101 Y146.269 E.0103
G1 X123.471 Y145.899 E.01683
G1 X125.288 Y144.731 E.06944
G1 X125.44 Y144.716 E.00491
G1 X125.847 Y144.593 E.01367
G1 X126.038 Y144.5 E.00685
G1 X126.533 Y144.159 E.01932
G1 X126.793 Y143.873 E.01241
G1 X127.048 Y143.455 E.01577
G1 X127.216 Y142.941 E.01738
G1 X127.26 Y142.5 E.01424
G1 X127.227 Y142.153 E.01121
G1 X127.246 Y142.124 E.00112
G1 X127.616 Y141.754 E.01683
G1 X129.038 Y140.84 E.05436
G1 X129.038 Y136.695 E.13329
G1 X127.959 Y137.389 E.04127
G1 X127.959 Y133.244 E.13329
G1 X129.038 Y132.55 E.04127
M73 P66 R14
G1 X129.038 Y128.405 E.13329
G1 X127.959 Y129.099 E.04127
G1 X127.959 Y124.954 E.13329
G1 X129.038 Y124.26 E.04127
G1 X129.038 Y120.115 E.13329
G1 X127.959 Y120.809 E.04127
G1 X127.959 Y119.18 E.05236
G1 X129.038 Y117.598 F9000
G1 F3600
G1 X129.038 Y115.97 E.05236
G1 X127.959 Y116.664 E.04127
G1 X127.959 Y112.519 E.13329
G1 X129.038 Y111.824 E.04127
G1 X129.038 Y113.453 E.05236
G1 X127.959 Y106.745 F9000
G1 F3600
G1 X127.959 Y108.373 E.05236
G1 X129.038 Y107.679 E.04127
G1 X129.038 Y103.534 E.13329
G1 X127.959 Y104.228 E.04127
G1 X127.959 Y100.083 E.13329
G1 X129.038 Y99.389 E.04127
G1 X129.038 Y95.244 E.13329
G1 X127.959 Y95.938 E.04127
G1 X127.959 Y91.793 E.13329
G1 X129.038 Y91.099 E.04127
G1 X129.038 Y86.954 E.13329
G1 X127.959 Y87.648 E.04127
G1 X127.959 Y89.277 E.05236
G1 X129.038 Y84.438 F9000
G1 F3600
G1 X129.038 Y82.809 E.05236
G1 X127.959 Y83.503 E.04127
G1 X127.959 Y80.276 E.10379
G1 X127.827 Y79.81 E.01555
G1 X127.605 Y79.59 E.01007
G1 X129.038 Y78.664 E.05486
G1 X129.038 Y80.293 E.05236
G1 X127.213 Y77.882 F9000
G1 F3600
G1 X127.238 Y77.735 E.0048
G1 X127.229 Y77.198 E.01726
G1 X127.187 Y76.943 E.00833
G1 X127.024 Y76.503 E.0151
G1 X126.915 Y76.319 E.00687
G1 X127.246 Y75.804 E.0197
G1 X127.616 Y75.433 E.01683
G1 X128.528 Y74.847 E.03485
G1 X128.254 Y74.47 E.01499
G1 X127.783 Y74.046 E.02039
G1 X127.234 Y73.729 E.02039
G1 X126.627 Y73.532 E.02052
G1 X126.082 Y73.47 E.01764
G1 X125.914 Y73.731 E.00998
G1 X125.544 Y74.101 E.01683
G1 X123.471 Y75.433 E.07923
G1 X123.101 Y75.804 E.01683
G1 X122.754 Y76.344 E.02066
G1 X122.588 Y76.716 E.01311
G1 X122.478 Y77.235 E.01705
G1 X122.478 Y77.766 E.01707
G1 X122.511 Y77.922 E.00514
G1 E-3
;WIPE_START
G1 X122.478 Y77.766 E-.15978
G1 X122.478 Y77.235 E-.53074
G1 X122.542 Y76.932 E-.30948
;WIPE_END
G1 Z3.8 F9000
G1 X120.31 Y73.466 Z3.8
G1 Z3.4
G1 E4 F2400
G1 F3600
G1 X121.939 Y73.467 E.05236
G1 X121.769 Y73.731 E.0101
G1 X121.399 Y74.101 E.01683
G1 X120.714 Y74.541 E.02617
G1 X116.569 Y74.541 E.13329
G1 X117.254 Y74.101 E.02617
G1 X117.624 Y73.731 E.01683
G1 X117.794 Y73.466 E.01013
G1 X113.65 Y73.465 E.13327
G1 X113.479 Y73.731 E.01016
G1 X113.109 Y74.101 E.01683
G1 X112.424 Y74.541 E.02617
G1 X108.279 Y74.541 E.13329
G1 X108.964 Y74.101 E.02617
G1 X109.334 Y73.731 E.01683
G1 X109.505 Y73.464 E.01019
G1 X105.361 Y73.464 E.13327
G1 X105.189 Y73.731 E.01022
G1 X104.819 Y74.101 E.01683
G1 X104.134 Y74.541 E.02617
G1 X99.989 Y74.541 E.13329
G1 X100.674 Y74.101 E.02617
G1 X101.044 Y73.731 E.01683
G1 X101.216 Y73.463 E.01025
G1 X97.072 Y73.462 E.13327
G1 X96.899 Y73.731 E.01028
G1 X96.529 Y74.101 E.01683
G1 X94.697 Y75.278 E.07001
G1 X94.2 Y75.393 E.01641
G1 X94.043 Y75.454 E.00542
G1 X93.626 Y75.707 E.01568
G1 X93.336 Y75.972 E.01262
G1 X93.083 Y76.307 E.0135
G1 X92.884 Y76.717 E.01466
G1 X92.819 Y76.936 E.00736
G1 X92.74 Y77.5 E.0183
G1 X92.786 Y77.826 E.01059
G1 X92.754 Y77.876 E.00191
G1 X92.384 Y78.246 E.01683
G1 X90.962 Y79.16 E.05436
G1 X90.962 Y83.305 E.13329
G1 X92.041 Y82.611 E.04127
G1 X92.041 Y80.276 E.07511
G1 X92.171 Y79.813 E.01544
G1 X92.472 Y79.511 E.01373
G1 X92.631 Y79.433 E.00568
G1 X92.816 Y79.384 E.00615
G1 X93.018 Y79.375 E.00652
G1 X93.209 Y79.408 E.00621
G1 X93.421 Y79.5 E.00743
G1 X93.71 Y79.686 E.01106
G1 X94.216 Y79.912 E.01783
G1 X94.735 Y80.022 E.01705
G1 X95.265 Y80.022 E.01705
G1 X95.784 Y79.912 E.01705
G1 X96.245 Y79.707 E.01624
G1 X96.697 Y79.384 E.01786
G1 X97.052 Y78.991 E.01703
G1 X97.317 Y78.532 E.01705
G1 X97.481 Y78.027 E.01705
G1 X97.536 Y77.5 E.01705
G1 X97.48 Y76.972 E.01709
G1 X97.246 Y77.336 E.01393
G1 X97.249 Y77.636 E.00965
G1 X97.15 Y78.197 E.01831
G1 X96.957 Y78.63 E.01525
G1 X96.79 Y78.86 E.00914
G1 E-3
;WIPE_START
G1 X96.957 Y78.63 E-.2841
G1 X97.15 Y78.197 E-.47417
G1 X97.192 Y77.959 E-.24173
;WIPE_END
G1 Z3.8 F9000
G1 X94.332 Y73.462 Z3.8
G1 Z3.4
G1 E4 F2400
G1 F3600
G1 X94.105 Y73.462 E.00731
G1 X93.369 Y73.533 E.02377
M73 P67 R14
G1 X92.766 Y73.729 E.02038
G1 X92.384 Y74.101 E.01716
G1 X91.681 Y74.553 E.02685
G1 X91.468 Y74.834 E.01136
G1 X91.231 Y75.26 E.01565
G1 X91.033 Y75.869 E.02062
G1 X91.018 Y76.016 E.00473
G1 X90.962 Y85.822 F9000
G1 F3600
G1 X90.962 Y87.45 E.05236
G1 X92.041 Y86.756 E.04127
G1 X92.041 Y90.901 E.13329
G1 X90.962 Y91.595 E.04127
G1 X90.962 Y89.967 E.05236
G1 X92.041 Y96.675 F9000
G1 F3600
G1 X92.041 Y95.046 E.05236
G1 X90.962 Y95.74 E.04127
G1 X90.962 Y99.885 E.13329
G1 X92.041 Y99.191 E.04127
G1 X92.041 Y103.336 E.13329
G1 X90.962 Y104.03 E.04127
G1 X90.962 Y108.176 E.13329
G1 X92.041 Y107.481 E.04127
G1 X92.041 Y111.627 E.13329
G1 X90.962 Y112.321 E.04127
G1 X90.962 Y116.466 E.13329
G1 X92.041 Y115.772 E.04127
G1 X92.041 Y119.917 E.13329
G1 X90.962 Y120.611 E.04127
G1 X90.962 Y124.756 E.13329
G1 X92.041 Y124.062 E.04127
G1 X92.041 Y128.207 E.13329
G1 X90.962 Y128.901 E.04127
G1 X90.962 Y127.272 E.05236
G1 X92.041 Y130.723 F9000
G1 F3600
G1 X92.041 Y132.352 E.05236
G1 X90.962 Y133.046 E.04127
G1 X90.962 Y137.191 E.13329
G1 X92.041 Y136.497 E.04127
G1 X92.041 Y139.715 E.10348
G1 X92.055 Y139.874 E.00513
G1 X92.174 Y140.19 E.01086
G1 X92.394 Y140.411 E.01004
G1 X90.962 Y141.336 E.05484
G1 X90.962 Y139.707 E.05236
G1 X92.802 Y142.118 F9000
G1 F3600
G1 X92.74 Y142.5 E.01245
G1 X92.784 Y142.94 E.01422
G1 X92.923 Y143.39 E.01514
G1 X93.092 Y143.67 E.01051
G1 X92.754 Y144.196 E.02014
G1 X92.384 Y144.567 E.01683
G1 X91.47 Y145.154 E.03493
G1 X91.697 Y145.472 E.01256
G1 X91.962 Y145.749 E.01234
G1 X92.419 Y146.087 E.01827
G1 X92.754 Y146.267 E.01221
G1 X93.369 Y146.467 E.02082
G1 X93.921 Y146.525 E.01785
G1 X94.086 Y146.269 E.00979
G1 X94.456 Y145.899 E.01683
G1 X96.529 Y144.567 E.07923
G1 X96.899 Y144.196 E.01683
G1 X97.246 Y143.656 E.02066
G1 X97.412 Y143.284 E.01311
G1 X97.522 Y142.765 E.01705
G1 X97.522 Y142.234 E.01707
G1 X97.489 Y142.078 E.00514
G1 E-3
;WIPE_START
G1 X97.522 Y142.234 E-.15978
G1 X97.522 Y142.765 E-.53075
G1 X97.458 Y143.068 E-.30947
;WIPE_END
G1 Z3.8 F9000
G1 X100.914 Y145.459 Z3.8
G1 Z3.4
G1 E4 F2400
G1 F3600
G1 X99.286 Y145.459 E.05236
G1 X98.601 Y145.899 E.02617
G1 X98.231 Y146.269 E.01683
G1 X98.058 Y146.538 E.0103
G1 X102.203 Y146.538 E.13329
G1 X102.376 Y146.269 E.0103
G1 X102.746 Y145.899 E.01683
G1 X103.431 Y145.459 E.02617
G1 X107.576 Y145.459 E.13329
G1 X106.891 Y145.899 E.02617
G1 X106.521 Y146.269 E.01683
G1 X106.348 Y146.538 E.0103
G1 X110.493 Y146.538 E.13329
G1 X110.666 Y146.269 E.0103
G1 X111.036 Y145.899 E.01683
G1 X111.721 Y145.459 E.02617
G1 X115.866 Y145.459 E.13329
G1 X115.181 Y145.899 E.02617
G1 X114.811 Y146.269 E.01683
G1 X114.638 Y146.538 E.0103
G1 X118.783 Y146.538 E.13329
G1 X118.956 Y146.269 E.0103
G1 X119.326 Y145.899 E.01683
G1 X120.011 Y145.459 E.02617
G1 X122.215 Y145.459 E.07087
G1 X122.374 Y145.445 E.00513
G1 X122.69 Y145.326 E.01087
G1 X122.989 Y145.027 E.01359
G1 X123.071 Y144.857 E.00608
G1 X123.116 Y144.684 E.00575
G1 X123.122 Y144.444 E.00772
G1 X123.025 Y144.124 E.01074
G1 X122.683 Y143.531 E.02202
G1 X122.52 Y143.028 E.017
G1 X122.757 Y142.659 E.01412
G1 X122.74 Y142.5 E.00515
G1 X122.79 Y142.031 E.01517
G1 X122.904 Y141.663 E.01239
G1 X123.122 Y141.249 E.01503
G1 X123.209 Y141.135 E.00463
; stop printing object Remote75T.stl id:0 copy 0
;LAYER_CHANGE
;Z:3.6
;HEIGHT:0.2
;BEFORE_LAYER_CHANGE
;3.6
G92 E0

G1 E-3 F3600
;WIPE_START
G1 X123.122 Y141.249 E-.14391
G1 X122.904 Y141.663 E-.46726
G1 X122.79 Y142.031 E-.38528
G1 X122.789 Y142.034 E-.00355
;WIPE_END
;_SET_FAN_SPEED_CHANGING_LAYER
; printing object Remote75T.stl id:0 copy 0
G1 Z4 F9000
G1 X91.385 Y145.553 Z4
G1 Z3.6
G1 E4 F2400
;TYPE:Inner wall
;WIDTH:0.449999
G1 X91.107 Y145.17 E.0152
G1 X90.823 Y144.532 E.02246
G1 X90.717 Y144.034 E.01637
G1 X90.656 Y143.483 E.01784
G1 X90.656 Y76.533 E2.15286
G1 X90.733 Y75.805 E.02353
G1 X90.948 Y75.141 E.02245
G1 X91.298 Y74.537 E.02246
G1 X91.765 Y74.018 E.02245
G1 X92.33 Y73.607 E.02246
G1 X92.968 Y73.323 E.02246
G1 X93.466 Y73.217 E.01637
G1 X94.017 Y73.156 E.01784
G1 X126.065 Y73.162 E1.03056
G1 X126.692 Y73.232 E.02029
G1 X127.359 Y73.448 E.02253
G1 X127.963 Y73.798 E.02245
G1 X128.482 Y74.265 E.02246
G1 X128.893 Y74.83 E.02246
G1 X129.181 Y75.476 E.02276
G1 X129.289 Y75.976 E.01643
G1 X129.344 Y76.592 E.01991
G1 X129.344 Y143.467 E2.15044
G1 X129.267 Y144.195 E.02353
G1 X129.052 Y144.859 E.02245
G1 X128.702 Y145.463 E.02246
G1 X128.235 Y145.982 E.02246
G1 X127.67 Y146.393 E.02246
G1 X127.032 Y146.677 E.02245
G1 X126.433 Y146.804 E.01969
G1 X125.983 Y146.844 E.01454
G1 X94.033 Y146.844 E1.02739
G1 X93.305 Y146.767 E.02353
G1 X92.641 Y146.552 E.02245
G1 X92.037 Y146.202 E.02246
G1 X91.518 Y145.735 E.02245
G1 X91.409 Y145.585 E.00597
G1 X91.038 Y145.805 F9000
;TYPE:Outer wall
G1 F2400
G1 X90.734 Y145.386 E.01665
G1 X90.413 Y144.665 E.02535
G1 X90.277 Y144.022 E.02114
G1 X90.228 Y143.494 E.01706
G1 X90.228 Y76.511 E2.15394
G1 X90.311 Y75.716 E.0257
G1 X90.555 Y74.966 E.02535
G1 X90.949 Y74.283 E.02535
G1 X91.477 Y73.697 E.02535
G1 X92.114 Y73.234 E.02535
G1 X92.835 Y72.913 E.02535
G1 X93.478 Y72.777 E.02114
G1 X94.006 Y72.728 E.01706
G1 X126.09 Y72.733 E1.03169
G1 X126.783 Y72.811 E.02245
G1 X127.534 Y73.055 E.02537
G1 X128.217 Y73.449 E.02535
G1 X128.803 Y73.977 E.02535
G1 X129.266 Y74.614 E.02535
G1 X129.588 Y75.337 E.02543
G1 X129.716 Y75.934 E.01964
G1 X129.772 Y76.592 E.02125
G1 X129.772 Y143.489 E2.15116
G1 X129.689 Y144.284 E.0257
G1 X129.445 Y145.034 E.02535
G1 X129.051 Y145.717 E.02535
G1 X128.523 Y146.303 E.02535
G1 X127.886 Y146.766 E.02535
G1 X127.165 Y147.087 E.02535
G1 X126.522 Y147.223 E.02114
G1 X125.994 Y147.272 E.01706
G1 X94.011 Y147.272 E1.02847
G1 X93.216 Y147.189 E.0257
G1 X92.466 Y146.945 E.02535
G1 X91.783 Y146.551 E.02535
G1 X91.197 Y146.023 E.02535
G1 X91.062 Y145.837 E.00742
G1 E-2.8 F3600
;WIPE_START
G1 F2400
G1 X90.734 Y145.386 E-.66937
G1 X90.554 Y144.982 E-.53063
;WIPE_END
G1 Z4 F9000
G1 X125.933 Y75.797 Z4
G1 Z3.6
G1 E4 F2400
;TYPE:Inner wall
G1 X126.03 Y75.843 E.00345
G1 X126.397 Y76.143 E.01522
G1 X126.615 Y76.405 E.01099
G1 X126.808 Y76.765 E.01312
G1 X126.924 Y77.21 E.01479
G1 X126.933 Y77.712 E.01614
G1 X126.898 Y77.927 E.00701
G1 X126.708 Y78.447 E.0178
G1 X126.407 Y78.853 E.01626
G1 X126.095 Y79.115 E.01312
G1 X125.735 Y79.308 E.01312
G1 X125.343 Y79.421 E.01312
G1 X124.936 Y79.45 E.01312
G1 X124.532 Y79.395 E.01312
G1 X124.148 Y79.256 E.01312
G1 X123.802 Y79.04 E.01312
G1 X123.508 Y78.758 E.01312
G1 X123.267 Y78.39 E.01414
G1 X123.086 Y77.89 E.0171
G1 X123.067 Y77.288 E.01936
G1 X123.102 Y77.073 E.00701
G1 X123.308 Y76.523 E.0189
G1 X123.593 Y76.147 E.01515
G1 X123.905 Y75.885 E.01312
G1 X124.316 Y75.678 E.01479
G1 X124.805 Y75.565 E.01614
G1 X125.023 Y75.555 E.00701
G1 X125.603 Y75.642 E.01886
G1 X125.897 Y75.78 E.01046
G1 X125.754 Y76.179 F9000
;TYPE:Outer wall
G1 F2400
G1 X125.779 Y76.189 E.00087
G1 X126.078 Y76.429 E.01235
G1 X126.353 Y76.808 E.01503
G1 X126.496 Y77.218 E.01396
G1 X126.505 Y77.723 E.01624
G1 X126.335 Y78.233 E.01729
G1 X126.12 Y78.534 E.0119
G1 X125.881 Y78.744 E.01025
G1 X125.603 Y78.9 E.01025
G1 X125.298 Y78.995 E.01025
G1 X124.848 Y79.01 E.01448
G1 X124.38 Y78.893 E.01553
G1 X124.089 Y78.722 E.01086
G1 X123.772 Y78.392 E.0147
G1 X123.637 Y78.158 E.0087
G1 X123.503 Y77.751 E.01377
G1 X123.501 Y77.231 E.01671
G1 X123.679 Y76.737 E.01688
G1 X123.88 Y76.466 E.01085
G1 X124.119 Y76.256 E.01025
G1 X124.413 Y76.096 E.01074
G1 X124.902 Y75.983 E.01614
G1 X125.439 Y76.042 E.01739
G1 X125.717 Y76.163 E.00975
G1 E-2.8 F3600
;WIPE_START
G1 F2400
G1 X125.779 Y76.189 E-.08034
G1 X126.078 Y76.429 E-.4608
G1 X126.353 Y76.808 E-.56071
G1 X126.38 Y76.885 E-.09815
;WIPE_END
G1 Z4 F9000
G1 X93.147 Y78.095 Z4
G1 Z3.6
G1 E4 F2400
;TYPE:Inner wall
G1 X93.125 Y78.042 E.00186
G1 X93.054 Y77.62 E.01376
G1 X93.102 Y77.073 E.01765
G1 X93.273 Y76.594 E.01635
G1 X93.593 Y76.147 E.01768
G1 X93.905 Y75.885 E.01312
G1 X94.337 Y75.673 E.01547
G1 X94.837 Y75.558 E.01649
G1 X95.495 Y75.617 E.02125
G1 X95.92 Y75.779 E.01461
G1 X96.353 Y76.093 E.01719
G1 X96.615 Y76.405 E.01312
G1 X96.808 Y76.765 E.01312
G1 X96.924 Y77.21 E.01479
G1 X96.933 Y77.712 E.01614
G1 X96.898 Y77.927 E.00701
G1 X96.692 Y78.477 E.01889
G1 X96.407 Y78.853 E.01517
G1 X96.095 Y79.115 E.01312
G1 X95.735 Y79.308 E.01312
G1 X95.343 Y79.421 E.01312
G1 X94.936 Y79.45 E.01312
G1 X94.532 Y79.395 E.01312
G1 X94.148 Y79.256 E.01312
G1 X93.802 Y79.04 E.01312
G1 X93.508 Y78.758 E.01312
G1 X93.279 Y78.42 E.01312
G1 X93.162 Y78.133 E.00998
G1 X93.541 Y77.935 F9000
;TYPE:Outer wall
G1 F2400
G1 X93.482 Y77.635 E.00984
G1 X93.523 Y77.167 E.01509
G1 X93.689 Y76.721 E.01531
G1 X93.929 Y76.422 E.01235
G1 X94.28 Y76.163 E.01402
G1 X94.434 Y76.091 E.00546
G1 X94.943 Y75.978 E.01675
G1 X95.439 Y76.042 E.01609
G1 X95.779 Y76.189 E.0119
G1 X96.034 Y76.38 E.01025
G1 X96.244 Y76.619 E.01025
G1 X96.4 Y76.897 E.01025
G1 X96.496 Y77.218 E.01074
G1 X96.505 Y77.719 E.01614
G1 X96.335 Y78.233 E.01739
G1 X96.12 Y78.534 E.0119
G1 X95.881 Y78.744 E.01025
G1 X95.469 Y78.944 E.0147
G1 X95 Y79.025 E.01531
G1 X94.531 Y78.944 E.01531
G1 X94.094 Y78.727 E.01568
G1 X93.855 Y78.506 E.01048
G1 X93.67 Y78.246 E.01025
G1 X93.553 Y77.973 E.00954
G1 E-2.8 F3600
;WIPE_START
G1 F2400
G1 X93.482 Y77.635 E-.41451
G1 X93.523 Y77.167 E-.5633
G1 X93.588 Y76.994 E-.22219
;WIPE_END
G1 Z4 F9000
G1 X122.779 Y75.628 Z4
G1 Z3.6
G1 E4 F2400
;TYPE:Inner wall
G1 X122.739 Y75.763 E.00452
G1 X122.403 Y76.344 E.02159
G1 X122.218 Y76.913 E.01923
G1 X122.163 Y77.417 E.0163
G1 X122.204 Y78.013 E.01922
G1 X122.388 Y78.611 E.02014
G1 X122.676 Y79.13 E.01909
G1 X123.066 Y79.578 E.01908
G1 X123.54 Y79.935 E.01908
G1 X124.079 Y80.185 E.01908
G1 X124.664 Y80.319 E.01931
G1 X125.182 Y80.335 E.01667
G1 X125.74 Y80.232 E.01825
G1 X126.292 Y80.018 E.01904
G1 X126.737 Y79.761 E.01652
G1 X127.002 Y79.68 E.0089
G1 X127.304 Y79.738 E.00989
G1 X127.563 Y79.97 E.01119
G1 X127.654 Y80.29 E.01068
G1 X127.654 Y139.71 E1.91075
G1 X127.564 Y140.028 E.0106
G1 X127.314 Y140.258 E.01094
G1 X127.01 Y140.32 E.00997
G1 X126.737 Y140.239 E.00915
G1 X126.156 Y139.903 E.02159
G1 X125.591 Y139.719 E.0191
G1 X125 Y139.657 E.01911
G1 X124.409 Y139.719 E.01911
G1 X123.844 Y139.903 E.01911
G1 X123.329 Y140.2 E.01911
G1 X122.887 Y140.598 E.01911
G1 X122.538 Y141.078 E.01911
G1 X122.296 Y141.621 E.01911
G1 X122.172 Y142.207 E.01924
G1 X122.169 Y142.713 E.01628
G1 X122.268 Y143.24 E.01724
G1 X122.482 Y143.792 E.01904
G1 X122.739 Y144.237 E.01652
G1 X122.818 Y144.479 E.00818
G1 X122.784 Y144.752 E.00885
G1 X122.731 Y144.861 E.0039
G1 X122.528 Y145.064 E.00925
G1 X122.21 Y145.154 E.0106
G1 X97.79 Y145.154 E.78528
G1 X97.472 Y145.064 E.0106
G1 X97.242 Y144.814 E.01094
M73 P68 R14
G1 X97.18 Y144.51 E.00997
G1 X97.261 Y144.237 E.00915
G1 X97.597 Y143.656 E.02159
G1 X97.782 Y143.087 E.01923
G1 X97.837 Y142.584 E.01628
G1 X97.789 Y142.02 E.01822
G1 X97.685 Y141.579 E.01457
G1 X97.461 Y141.075 E.01773
G1 X97.165 Y140.664 E.01628
G1 X96.776 Y140.295 E.01724
G1 X96.278 Y139.974 E.01903
G1 X95.725 Y139.764 E.01903
G1 X95.248 Y139.671 E.01561
G1 X94.648 Y139.687 E.01932
G1 X94.374 Y139.73 E.0089
G1 X93.844 Y139.903 E.01793
G1 X93.263 Y140.239 E.02159
G1 X92.998 Y140.32 E.0089
G1 X92.696 Y140.262 E.00989
G1 X92.437 Y140.03 E.01119
G1 X92.346 Y139.71 E.01068
G1 X92.346 Y80.29 E1.91075
G1 X92.435 Y79.972 E.0106
G1 X92.649 Y79.762 E.00964
G1 X92.863 Y79.686 E.00728
G1 X93.124 Y79.702 E.00841
G1 X93.564 Y79.956 E.01633
G1 X94.121 Y80.204 E.01963
G1 X94.703 Y80.327 E.01911
G1 X95.297 Y80.327 E.01911
G1 X95.879 Y80.204 E.01911
G1 X96.425 Y79.961 E.01924
G1 X96.836 Y79.665 E.01628
G1 X97.199 Y79.3 E.01654
G1 X97.544 Y78.748 E.02094
G1 X97.741 Y78.214 E.01831
G1 X97.838 Y77.548 E.02164
G1 X97.786 Y76.955 E.01912
G1 X97.612 Y76.388 E.01907
G1 X97.267 Y75.773 E.02267
G1 X97.18 Y75.498 E.00928
G1 X97.219 Y75.239 E.00841
G1 X97.269 Y75.139 E.00361
G1 X97.472 Y74.935 E.00925
G1 X97.79 Y74.846 E.0106
G1 X122.21 Y74.846 E.78528
G1 X122.528 Y74.936 E.01061
G1 X122.758 Y75.187 E.01094
G1 X122.82 Y75.49 E.00996
G1 X122.79 Y75.59 E.00335
G1 X122.384 Y75.511 F9000
;TYPE:Outer wall
G1 F2400
G1 X122.09 Y76.028 E.01915
G1 X121.98 Y76.257 E.00815
G1 X121.797 Y76.82 E.01906
G1 X121.733 Y77.364 E.01761
G1 X121.753 Y77.904 E.01737
G1 X121.876 Y78.423 E.01716
G1 X122.055 Y78.912 E.01672
G1 X122.351 Y79.424 E.01904
G1 X122.809 Y79.933 E.02201
G1 X123.363 Y80.335 E.02201
G1 X123.988 Y80.614 E.02201
G1 X124.659 Y80.756 E.02205
G1 X125.206 Y80.763 E.01761
G1 X125.757 Y80.678 E.01792
G1 X126.332 Y80.491 E.01942
G1 X126.952 Y80.132 E.02304
G1 X127.1 Y80.117 E.00478
G1 X127.198 Y80.194 E.00404
G1 X127.225 Y80.29 E.00318
G1 X127.225 Y139.71 E1.91075
G1 X127.198 Y139.805 E.00316
G1 X127.071 Y139.89 E.00493
G1 X126.952 Y139.868 E.0039
G1 X126.332 Y139.509 E.02304
G1 X125.681 Y139.298 E.02201
G1 X125 Y139.226 E.02201
G1 X124.319 Y139.298 E.02201
G1 X123.668 Y139.509 E.02201
G1 X123.076 Y139.851 E.02201
G1 X122.567 Y140.309 E.02201
G1 X122.165 Y140.863 E.02201
G1 X121.886 Y141.488 E.02201
G1 X121.744 Y142.159 E.02205
G1 X121.737 Y142.706 E.01761
G1 X121.822 Y143.257 E.01792
G1 X122.009 Y143.832 E.01942
G1 X122.368 Y144.452 E.02304
G1 X122.381 Y144.605 E.00496
G1 X122.305 Y144.698 E.00387
G1 X122.21 Y144.725 E.00316
G1 X97.79 Y144.725 E.78528
G1 X97.634 Y144.638 E.00573
G1 X97.616 Y144.489 E.00481
G1 X97.903 Y143.983 E.01873
G1 X98.071 Y143.585 E.01387
G1 X98.213 Y143.093 E.01647
G1 X98.266 Y142.574 E.01676
G1 X98.239 Y142.079 E.01596
G1 X98.114 Y141.488 E.01942
G1 X97.835 Y140.862 E.02205
G1 X97.519 Y140.415 E.01761
G1 X97.126 Y140.02 E.01792
G1 X96.637 Y139.665 E.01943
G1 X96.012 Y139.386 E.02201
G1 X95.341 Y139.244 E.02205
G1 X94.794 Y139.237 E.01761
G1 X94.242 Y139.323 E.01795
G1 X93.668 Y139.509 E.01939
G1 X93.048 Y139.868 E.02304
G1 X92.9 Y139.883 E.00478
G1 X92.802 Y139.806 E.00404
G1 X92.775 Y139.71 E.00318
G1 X92.775 Y80.29 E1.91075
G1 X92.865 Y80.132 E.00583
G1 X93.007 Y80.115 E.00459
G1 X93.575 Y80.43 E.02091
G1 X94.078 Y80.633 E.01744
G1 X94.658 Y80.756 E.01905
G1 X95.342 Y80.756 E.02201
G1 X96.012 Y80.614 E.02201
G1 X96.638 Y80.335 E.02205
G1 X97.085 Y80.019 E.01761
G1 X97.473 Y79.643 E.01736
G1 X97.765 Y79.223 E.01645
G1 X98.019 Y78.744 E.01745
G1 X98.202 Y78.181 E.01904
G1 X98.274 Y77.5 E.02201
G1 X98.202 Y76.819 E.02201
G1 X97.991 Y76.168 E.02201
G1 X97.632 Y75.548 E.02304
G1 X97.62 Y75.392 E.00504
G1 X97.695 Y75.302 E.00379
G1 X97.79 Y75.275 E.00316
G1 X122.21 Y75.275 E.78528
G1 X122.366 Y75.362 E.00573
G1 X122.379 Y75.471 E.00352
G1 E-2.8 F3600
;WIPE_START
G1 F2400
G1 X122.09 Y76.028 E-.75362
G1 X121.98 Y76.257 E-.30396
G1 X121.944 Y76.37 E-.14242
;WIPE_END
G1 Z4 F9000
G1 X93.081 Y142.775 Z4
G1 Z3.6
G1 E4 F2400
;TYPE:Inner wall
G1 X93.067 Y142.288 E.01566
G1 X93.201 Y141.794 E.01646
G1 X93.343 Y141.47 E.0114
G1 X93.593 Y141.147 E.01312
G1 X93.905 Y140.885 E.01312
G1 X94.316 Y140.678 E.01479
G1 X94.805 Y140.565 E.01614
G1 X95.183 Y140.576 E.01215
G1 X95.663 Y140.665 E.01572
G1 X96.03 Y140.843 E.01312
G1 X96.353 Y141.093 E.01312
G1 X96.615 Y141.405 E.01312
G1 X96.808 Y141.765 E.01312
G1 X96.921 Y142.157 E.01312
G1 X96.943 Y142.616 E.01479
G1 X96.847 Y143.109 E.01614
G1 X96.768 Y143.312 E.00701
G1 X96.498 Y143.75 E.01653
G1 X96.095 Y144.115 E.0175
G1 X95.735 Y144.308 E.01312
G1 X95.343 Y144.421 E.01312
G1 X94.936 Y144.45 E.01312
G1 X94.489 Y144.381 E.01454
G1 X94.104 Y144.227 E.01335
G1 X93.692 Y143.94 E.01614
G1 X93.269 Y143.392 E.02226
G1 X93.085 Y142.885 E.01735
G1 X93.083 Y142.815 E.00225
G1 X93.504 Y142.762 F9000
;TYPE:Outer wall
G1 F2400
G1 X93.495 Y142.277 E.01558
G1 X93.665 Y141.767 E.01729
G1 X93.88 Y141.466 E.0119
G1 X94.119 Y141.256 E.01025
G1 X94.413 Y141.096 E.01074
G1 X94.902 Y140.983 E.01614
G1 X95.439 Y141.042 E.01739
G1 X95.779 Y141.189 E.0119
G1 X96.034 Y141.38 E.01025
G1 X96.311 Y141.735 E.01448
G1 X96.492 Y142.183 E.01553
G1 X96.522 Y142.535 E.01135
G1 X96.426 Y143.027 E.01614
G1 X96.153 Y143.494 E.01739
G1 X95.881 Y143.744 E.0119
G1 X95.603 Y143.9 E.01025
G1 X95.298 Y143.995 E.01025
G1 X94.981 Y144.024 E.01025
G1 X94.622 Y143.973 E.01167
G1 X94.349 Y143.876 E.0093
G1 X93.936 Y143.587 E.01624
G1 X93.623 Y143.149 E.01729
G1 X93.51 Y142.801 E.01177
G1 E-2.8 F3600
;WIPE_START
G1 F2400
G1 X93.495 Y142.277 E-.62855
G1 X93.646 Y141.826 E-.57145
;WIPE_END
G1 Z4 F9000
G1 X126.826 Y143.161 Z4
G1 Z3.6
G1 E4 F2400
;TYPE:Inner wall
G1 X126.756 Y143.352 E.00652
G1 X126.533 Y143.707 E.01349
G1 X126.215 Y144.02 E.01434
G1 X125.744 Y144.305 E.01772
G1 X125.343 Y144.421 E.01341
G1 X124.936 Y144.45 E.01312
G1 X124.532 Y144.395 E.01312
G1 X124.148 Y144.256 E.01312
G1 X123.78 Y144.019 E.01408
G1 X123.385 Y143.595 E.01864
G1 X123.192 Y143.235 E.01314
G1 X123.079 Y142.843 E.01312
G1 X123.05 Y142.436 E.01312
G1 X123.105 Y142.032 E.01312
G1 X123.244 Y141.648 E.01312
G1 X123.481 Y141.28 E.01408
G1 X123.852 Y140.919 E.01664
G1 X124.316 Y140.678 E.01683
G1 X124.805 Y140.565 E.01614
G1 X125.023 Y140.555 E.00701
G1 X125.604 Y140.642 E.01889
G1 X126.031 Y140.843 E.01517
G1 X126.353 Y141.093 E.01312
G1 X126.615 Y141.405 E.01312
G1 X126.808 Y141.765 E.01312
G1 X126.921 Y142.157 E.01312
G1 X126.95 Y142.564 E.01312
G1 X126.881 Y143.011 E.01454
G1 X126.839 Y143.124 E.00387
G1 X126.426 Y143.015 F9000
;TYPE:Outer wall
G1 F2400
G1 X126.385 Y143.137 E.00416
G1 X126.214 Y143.42 E.01062
G1 X125.982 Y143.661 E.01076
G1 X125.603 Y143.9 E.01441
G1 X125.298 Y143.995 E.01025
G1 X124.981 Y144.024 E.01025
G1 X124.664 Y143.987 E.01025
G1 X124.363 Y143.885 E.01025
G1 X124.083 Y143.716 E.01051
G1 X123.756 Y143.381 E.01507
G1 X123.6 Y143.103 E.01025
G1 X123.505 Y142.798 E.01025
G1 X123.49 Y142.348 E.01448
G1 X123.607 Y141.88 E.01553
G1 X123.845 Y141.521 E.01384
G1 X124.119 Y141.256 E.01228
G1 X124.413 Y141.096 E.01074
G1 X124.902 Y140.983 E.01614
G1 X125.439 Y141.042 E.01739
G1 X125.779 Y141.189 E.0119
G1 X126.034 Y141.38 E.01025
G1 X126.244 Y141.619 E.01025
G1 X126.4 Y141.897 E.01025
G1 X126.495 Y142.202 E.01025
G1 X126.524 Y142.519 E.01025
G1 X126.473 Y142.878 E.01167
G1 X126.439 Y142.977 E.00336
G1 E-2.8 F3600
;WIPE_START
G1 F2400
G1 X126.385 Y143.137 E-.20329
G1 X126.214 Y143.42 E-.39626
G1 X125.982 Y143.661 E-.40171
G1 X125.842 Y143.749 E-.19875
;WIPE_END
G1 Z4 F9000
G1 X129.038 Y134.04 Z4
G1 Z3.6
G1 E4 F2400
;TYPE:Sparse infill
;WIDTH:0.45
G1 F3600
G1 X129.038 Y132.412 E.05236
G1 X127.959 Y133.491 E.04909
G1 X127.959 Y137.636 E.13329
G1 X129.038 Y136.557 E.04909
G1 X129.038 Y140.702 E.13329
G1 X127.258 Y142.482 E.08097
G1 X127.224 Y142.12 E.01169
G1 X127.186 Y141.942 E.00585
G1 X127.066 Y141.585 E.01213
G1 X126.876 Y141.246 E.0125
G1 X126.578 Y140.887 E.015
G1 X126.459 Y140.777 E.00519
G1 X126.13 Y140.543 E.01299
G1 X125.696 Y140.35 E.01529
G1 X125.306 Y140.289 E.01269
G1 X125.564 Y140.031 E.01174
G1 X125 Y139.964 E.01826
G1 X124.473 Y140.019 E.01705
G1 X123.969 Y140.183 E.01705
G1 X123.509 Y140.448 E.01705
G1 X123.115 Y140.803 E.01705
G1 X122.804 Y141.232 E.01705
G1 X122.588 Y141.716 E.01705
G1 X122.477 Y142.241 E.01724
G1 X122.471 Y142.664 E.01362
G1 X122.531 Y143.064 E.01299
G1 X122.774 Y142.821 E.01103
G1 X122.788 Y142.96 E.00449
G1 X122.904 Y143.337 E.01268
G1 X123.123 Y143.752 E.01509
G1 X123.261 Y143.933 E.00732
G1 X123.569 Y144.24 E.01398
G1 X123.748 Y144.378 E.00727
G1 X124.085 Y144.566 E.0124
G1 X124.442 Y144.686 E.01213
G1 X124.62 Y144.724 E.00585
G1 X124.982 Y144.758 E.01169
G1 X123.202 Y146.538 E.08097
G1 X119.057 Y146.538 E.13329
G1 X120.136 Y145.459 E.04909
G1 X115.991 Y145.459 E.13329
G1 X114.912 Y146.538 E.04909
G1 X113.283 Y146.538 E.05236
G1 X110.218 Y145.459 F9000
G1 F3600
G1 X111.846 Y145.459 E.05236
G1 X110.767 Y146.538 E.04909
G1 X106.622 Y146.538 E.13329
G1 X107.701 Y145.459 E.04909
G1 X103.556 Y145.459 E.13329
G1 X102.477 Y146.538 E.04909
G1 X98.332 Y146.538 E.13329
G1 X99.411 Y145.459 E.04909
G1 X101.04 Y145.459 E.05236
G1 E-3
;WIPE_START
G1 X100.04 Y145.459 E-1
;WIPE_END
G1 Z4 F9000
G1 X97.419 Y141.752 Z4
G1 Z3.6
G1 E4 F2400
G1 F3600
G1 X97.524 Y142.245 E.01621
G1 X97.532 Y142.601 E.01146
G1 X97.483 Y143.022 E.01362
G1 X97.376 Y143.349 E.01107
G1 X94.187 Y146.538 E.14504
G1 X93.369 Y146.467 E.02638
G1 X92.766 Y146.271 E.02039
G1 X92.217 Y145.954 E.02039
G1 X91.746 Y145.53 E.02039
G1 X91.453 Y145.127 E.01601
G1 X93.017 Y143.563 E.07112
G1 X92.924 Y143.39 E.00631
G1 X92.813 Y143.055 E.01134
G1 X92.771 Y142.803 E.00823
G1 X92.761 Y142.27 E.01716
G1 X92.81 Y141.984 E.00932
G1 X90.962 Y139.845 F9000
G1 F3600
G1 X90.962 Y141.473 E.05236
G1 X92.209 Y140.226 E.05673
G1 X92.176 Y140.193 E.0015
G1 X92.055 Y139.874 E.01098
G1 X92.041 Y139.715 E.00514
G1 X92.041 Y136.249 E.11145
G1 X90.962 Y137.328 E.04909
G1 X90.962 Y133.183 E.13329
G1 X92.041 Y132.104 E.04909
G1 X92.041 Y127.959 E.13329
G1 X90.962 Y129.038 E.04909
G1 X90.962 Y124.893 E.13329
G1 X92.041 Y123.814 E.04909
G1 X92.041 Y119.669 E.13329
G1 X90.962 Y120.748 E.04909
G1 X90.962 Y119.12 E.05236
G1 X92.041 Y117.152 F9000
G1 F3600
G1 X92.041 Y115.524 E.05236
G1 X90.962 Y116.603 E.04909
G1 X90.962 Y112.458 E.13329
G1 X92.041 Y111.379 E.04909
G1 X92.041 Y107.234 E.13329
G1 X90.962 Y108.313 E.04909
G1 X90.962 Y104.168 E.13329
G1 X92.041 Y103.089 E.04909
G1 X92.041 Y98.944 E.13329
G1 X90.962 Y100.023 E.04909
G1 X90.962 Y98.395 E.05236
G1 X92.041 Y96.427 F9000
G1 F3600
G1 X92.041 Y94.799 E.05236
G1 X90.962 Y95.878 E.04909
G1 X90.962 Y91.733 E.13329
G1 X92.041 Y90.654 E.04909
G1 X92.041 Y92.282 E.05236
G1 X90.962 Y85.96 F9000
G1 F3600
G1 X90.962 Y87.588 E.05236
G1 X92.041 Y86.509 E.04909
G1 X92.041 Y82.364 E.13329
G1 X90.962 Y83.443 E.04909
G1 X90.962 Y79.298 E.13329
G1 X92.753 Y77.507 E.08147
G1 X92.748 Y77.648 E.00456
G1 X92.828 Y78.112 E.01513
G1 X93.002 Y78.55 E.01517
G1 X93.264 Y78.943 E.01517
G1 X93.6 Y79.27 E.01506
G1 X93.748 Y79.378 E.0059
G1 X94.081 Y79.564 E.01226
G1 X94.444 Y79.687 E.01234
G1 X94.679 Y79.726 E.00765
G1 X94.444 Y79.96 E.01068
G1 X94.735 Y80.022 E.00955
G1 X95.265 Y80.022 E.01705
G1 X95.784 Y79.912 E.01705
G1 X96.274 Y79.694 E.01724
G1 X96.62 Y79.449 E.01362
G1 X96.896 Y79.188 E.01223
G1 X97.04 Y79.012 E.00731
G1 X97.317 Y78.532 E.01783
G1 X97.481 Y78.027 E.01705
G1 X97.536 Y77.5 E.01705
G1 X97.469 Y76.936 E.01826
G1 X97.226 Y77.178 E.01102
G1 X97.186 Y76.942 E.00771
G1 X97.064 Y76.581 E.01225
G1 X96.877 Y76.248 E.01229
G1 X96.761 Y76.091 E.00629
G1 X96.443 Y75.764 E.01466
G1 X96.052 Y75.504 E.01511
G1 X95.765 Y75.376 E.0101
G1 X95.542 Y75.316 E.00743
G1 X95.008 Y75.252 E.01731
G1 X96.798 Y73.462 E.0814
G1 X100.942 Y73.463 E.13327
G1 X99.864 Y74.541 E.04904
G1 X104.009 Y74.541 E.13329
G1 X105.086 Y73.463 E.04901
G1 X109.231 Y73.464 E.13327
G1 X108.154 Y74.541 E.04898
G1 X109.782 Y74.541 E.05236
G1 X115.003 Y73.465 F9000
G1 F3600
G1 X113.375 Y73.465 E.05236
G1 X112.299 Y74.541 E.04895
G1 X116.444 Y74.541 E.13329
G1 X117.519 Y73.465 E.04892
G1 X121.664 Y73.466 E.13327
G1 X120.589 Y74.541 E.04889
G1 X118.96 Y74.541 E.05236
G1 E-3
;WIPE_START
G1 X119.96 Y74.541 E-1
;WIPE_END
G1 Z4 F9000
G1 X122.59 Y78.244 Z4
G1 Z3.6
M73 P68 R13
G1 E4 F2400
G1 F3600
G1 X122.512 Y78.004 E.00811
G1 X122.476 Y77.78 E.00731
G1 X122.468 Y77.399 E.01223
G1 X122.518 Y76.978 E.01362
G1 X122.624 Y76.651 E.01107
G1 X125.808 Y73.467 E.1448
G1 X126.048 Y73.467 E.00773
G1 X126.628 Y73.532 E.01874
G1 X127.234 Y73.729 E.0205
G1 X127.783 Y74.046 E.02039
G1 X128.254 Y74.47 E.02039
G1 X128.547 Y74.873 E.01601
G1 X126.984 Y76.436 E.07105
G1 X127.024 Y76.503 E.00251
G1 X127.187 Y76.943 E.01509
G1 X127.229 Y77.197 E.00828
G1 X127.239 Y77.73 E.01716
G1 X127.19 Y78.016 E.00932
G1 X129.038 Y80.155 F9000
G1 F3600
G1 X129.038 Y78.527 E.05236
G1 X127.791 Y79.774 E.05673
G1 X127.827 Y79.81 E.00165
G1 X127.959 Y80.276 E.01555
G1 X127.959 Y83.751 E.11176
G1 X129.038 Y82.672 E.04909
G1 X129.038 Y84.3 E.05236
G1 X127.959 Y86.268 F9000
G1 F3600
G1 X127.959 Y87.896 E.05236
G1 X129.038 Y86.817 E.04909
G1 X129.038 Y90.962 E.13329
G1 X127.959 Y92.041 E.04909
G1 X127.959 Y96.186 E.13329
G1 X129.038 Y95.107 E.04909
G1 X129.038 Y96.735 E.05236
G1 X127.959 Y98.703 F9000
G1 F3600
G1 X127.959 Y100.331 E.05236
G1 X129.038 Y99.252 E.04909
G1 X129.038 Y103.397 E.13329
M73 P69 R13
G1 X127.959 Y104.476 E.04909
G1 X127.959 Y108.621 E.13329
G1 X129.038 Y107.542 E.04909
G1 X129.038 Y111.687 E.13329
G1 X127.959 Y112.766 E.04909
G1 X127.959 Y116.911 E.13329
G1 X129.038 Y115.832 E.04909
G1 X129.038 Y119.977 E.13329
G1 X127.959 Y121.056 E.04909
G1 X127.959 Y125.201 E.13329
G1 X129.038 Y124.122 E.04909
G1 X129.038 Y128.267 E.13329
G1 X127.959 Y129.346 E.04909
G1 X127.959 Y127.718 E.05236
; stop printing object Remote75T.stl id:0 copy 0
;LAYER_CHANGE
;Z:3.8
;HEIGHT:0.2
;BEFORE_LAYER_CHANGE
;3.8
G92 E0

G1 E-3 F3600
;WIPE_START
G1 X127.959 Y128.718 E-1
;WIPE_END
;_SET_FAN_SPEED_CHANGING_LAYER
; printing object Remote75T.stl id:0 copy 0
G1 Z4.2 F9000
G1 X91.397 Y145.559 Z4.2
G1 Z3.8
G1 E4 F2400
;TYPE:Inner wall
;WIDTH:0.449999
G1 X91.155 Y145.248 E.01266
G1 X90.925 Y144.799 E.01622
G1 X90.733 Y144.196 E.02035
G1 X90.656 Y143.467 E.02359
G1 X90.656 Y76.533 E2.15234
G1 X90.733 Y75.805 E.02353
G1 X90.948 Y75.141 E.02245
G1 X91.298 Y74.537 E.02246
G1 X91.765 Y74.018 E.02246
G1 X92.33 Y73.607 E.02246
G1 X92.968 Y73.323 E.02246
G1 X93.466 Y73.217 E.01637
G1 X94.017 Y73.156 E.01784
G1 X126.052 Y73.161 E1.03014
G1 X126.693 Y73.232 E.02072
G1 X127.359 Y73.448 E.02252
G1 X127.963 Y73.798 E.02245
G1 X128.482 Y74.265 E.02246
G1 X128.893 Y74.83 E.02246
G1 X129.181 Y75.477 E.02278
G1 X129.288 Y75.964 E.01604
G1 X129.344 Y76.593 E.02031
G1 X129.344 Y143.467 E2.1504
G1 X129.267 Y144.195 E.02353
G1 X129.052 Y144.859 E.02245
G1 X128.702 Y145.463 E.02246
G1 X128.235 Y145.982 E.02245
G1 X127.67 Y146.393 E.02246
G1 X127.032 Y146.677 E.02245
G1 X126.433 Y146.804 E.01969
G1 X125.983 Y146.844 E.01454
G1 X94.033 Y146.844 E1.02739
G1 X93.305 Y146.767 E.02353
G1 X92.758 Y146.589 E.01851
G1 X92.295 Y146.363 E.0166
G1 X91.878 Y146.068 E.01642
G1 X91.482 Y145.668 E.0181
G1 X91.421 Y145.59 E.00316
G1 X91.059 Y145.821 F9000
;TYPE:Outer wall
G1 F2400
G1 X90.795 Y145.482 E.01382
G1 X90.526 Y144.959 E.01891
G1 X90.311 Y144.285 E.02276
G1 X90.228 Y143.489 E.02572
G1 X90.228 Y76.511 E2.15379
G1 X90.311 Y75.716 E.0257
G1 X90.555 Y74.966 E.02535
G1 X90.949 Y74.283 E.02535
G1 X91.477 Y73.697 E.02535
G1 X92.114 Y73.234 E.02535
G1 X92.835 Y72.913 E.02535
G1 X93.478 Y72.777 E.02114
G1 X94.006 Y72.728 E.01706
G1 X126.076 Y72.732 E1.03126
G1 X126.784 Y72.811 E.02289
G1 X127.534 Y73.055 E.02537
G1 X128.217 Y73.449 E.02535
G1 X128.803 Y73.977 E.02535
G1 X129.266 Y74.614 E.02535
G1 X129.588 Y75.337 E.02544
G1 X129.714 Y75.922 E.01925
G1 X129.772 Y76.593 E.02167
G1 X129.772 Y143.489 E2.15112
G1 X129.689 Y144.284 E.0257
G1 X129.445 Y145.034 E.02535
G1 X129.051 Y145.717 E.02535
G1 X128.523 Y146.303 E.02535
G1 X127.886 Y146.766 E.02535
G1 X127.165 Y147.087 E.02535
G1 X126.522 Y147.223 E.02114
G1 X125.994 Y147.272 E.01706
G1 X94.011 Y147.272 E1.02847
G1 X93.216 Y147.189 E.0257
G1 X92.464 Y146.945 E.02542
G1 X91.977 Y146.677 E.01789
G1 X91.477 Y146.303 E.02005
G1 X91.163 Y145.955 E.0151
G1 X91.084 Y145.852 E.00416
G1 E-2.8 F3600
;WIPE_START
G1 F2400
G1 X90.795 Y145.482 E-.5637
G1 X90.552 Y145.01 E-.6363
;WIPE_END
G1 Z4.2 F9000
G1 X125.935 Y75.798 Z4.2
G1 Z3.8
G1 E4 F2400
;TYPE:Inner wall
G1 X126.03 Y75.843 E.00339
G1 X126.397 Y76.143 E.01522
G1 X126.615 Y76.405 E.01099
G1 X126.808 Y76.765 E.01312
G1 X126.921 Y77.157 E.01312
G1 X126.943 Y77.615 E.01476
G1 X126.821 Y78.202 E.01927
G1 X126.519 Y78.717 E.01921
G1 X126.198 Y79.04 E.01464
G1 X125.735 Y79.308 E.01719
G1 X125.343 Y79.421 E.01312
G1 X124.936 Y79.45 E.01312
G1 X124.532 Y79.395 E.01312
G1 X124.148 Y79.256 E.01312
G1 X123.802 Y79.04 E.01312
G1 X123.508 Y78.758 E.01312
G1 X123.279 Y78.42 E.01312
G1 X123.12 Y78.011 E.01412
G1 X123.057 Y77.384 E.02025
G1 X123.17 Y76.823 E.01841
G1 X123.481 Y76.283 E.02005
G1 X123.802 Y75.96 E.01464
G1 X124.258 Y75.694 E.01698
G1 X124.799 Y75.565 E.01789
G1 X125.017 Y75.555 E.00701
G1 X125.599 Y75.64 E.01892
G1 X125.899 Y75.781 E.01065
G1 X125.756 Y76.18 F9000
;TYPE:Outer wall
G1 F2400
G1 X125.779 Y76.189 E.00079
G1 X126.078 Y76.429 E.01235
G1 X126.354 Y76.81 E.0151
G1 X126.495 Y77.202 E.0134
G1 X126.522 Y77.534 E.01073
G1 X126.42 Y78.052 E.01697
G1 X126.153 Y78.494 E.01659
G1 X125.881 Y78.744 E.01191
G1 X125.603 Y78.9 E.01025
G1 X125.298 Y78.995 E.01025
G1 X124.849 Y79.01 E.01446
G1 X124.38 Y78.893 E.01556
G1 X124.089 Y78.722 E.01086
G1 X123.855 Y78.506 E.01025
G1 X123.67 Y78.246 E.01025
G1 X123.543 Y77.944 E.01054
G1 X123.477 Y77.528 E.01354
G1 X123.572 Y76.977 E.01797
G1 X123.847 Y76.506 E.01753
G1 X124.119 Y76.256 E.01191
G1 X124.412 Y76.096 E.01073
G1 X124.907 Y75.981 E.01631
G1 X125.439 Y76.042 E.01722
G1 X125.719 Y76.164 E.00984
G1 E-2.8 F3600
;WIPE_START
G1 F2400
G1 X125.779 Y76.189 E-.07745
G1 X126.078 Y76.429 E-.4608
G1 X126.354 Y76.81 E-.56343
G1 X126.382 Y76.887 E-.09833
;WIPE_END
G1 Z4.2 F9000
G1 X93.147 Y78.082 Z4.2
G1 Z3.8
G1 E4 F2400
;TYPE:Inner wall
G1 X93.12 Y78.011 E.00244
G1 X93.046 Y77.501 E.01658
G1 X93.119 Y76.99 E.0166
G1 X93.335 Y76.481 E.01776
G1 X93.643 Y76.103 E.01568
G1 X93.905 Y75.885 E.01099
G1 X94.34 Y75.673 E.01554
G1 X94.833 Y75.559 E.01627
G1 X95.494 Y75.617 E.02136
G1 X95.92 Y75.779 E.01464
G1 X96.353 Y76.093 E.01719
G1 X96.615 Y76.405 E.01312
G1 X96.808 Y76.765 E.01312
G1 X96.921 Y77.157 E.01312
G1 X96.946 Y77.594 E.01408
G1 X96.858 Y78.104 E.01664
G1 X96.657 Y78.53 E.01517
G1 X96.407 Y78.853 E.01312
G1 X96.095 Y79.115 E.01312
G1 X95.735 Y79.308 E.01312
G1 X95.343 Y79.421 E.01312
G1 X94.936 Y79.45 E.01312
G1 X94.532 Y79.395 E.01312
G1 X94.148 Y79.256 E.01312
G1 X93.878 Y79.099 E.01006
G1 X93.508 Y78.758 E.01618
G1 X93.279 Y78.42 E.01312
G1 X93.162 Y78.119 E.01039
G1 X93.541 Y77.929 F9000
;TYPE:Outer wall
G1 F2400
G1 X93.477 Y77.472 E.01482
G1 X93.556 Y77.011 E.01505
G1 X93.689 Y76.721 E.01025
G1 X93.929 Y76.422 E.01235
G1 X94.28 Y76.163 E.01402
G1 X94.437 Y76.09 E.00555
G1 X94.938 Y75.978 E.01652
G1 X95.439 Y76.042 E.01623
G1 X95.779 Y76.189 E.01191
G1 X96.034 Y76.38 E.01025
G1 X96.244 Y76.619 E.01025
G1 X96.4 Y76.897 E.01025
G1 X96.495 Y77.202 E.01025
G1 X96.523 Y77.527 E.01051
G1 X96.444 Y77.989 E.01507
G1 X96.228 Y78.392 E.0147
G1 X95.897 Y78.734 E.01531
G1 X95.469 Y78.944 E.01531
G1 X95 Y79.025 E.01531
G1 X94.531 Y78.944 E.01531
G1 X94.111 Y78.739 E.01501
G1 X93.855 Y78.506 E.01116
G1 X93.67 Y78.246 E.01025
G1 X93.552 Y77.967 E.00974
G1 E-2.8 F3600
;WIPE_START
G1 F2400
G1 X93.477 Y77.472 E-.59991
G1 X93.556 Y77.011 E-.5618
G1 X93.57 Y76.982 E-.03828
;WIPE_END
G1 Z4.2 F9000
G1 X122.779 Y75.628 Z4.2
G1 Z3.8
G1 E4 F2400
;TYPE:Inner wall
G1 X122.739 Y75.763 E.00452
G1 X122.403 Y76.344 E.02159
G1 X122.218 Y76.913 E.01925
G1 X122.166 Y77.531 E.01993
G1 X122.18 Y77.833 E.00974
G1 X122.296 Y78.379 E.01793
G1 X122.538 Y78.922 E.01911
G1 X122.89 Y79.406 E.01926
G1 X123.359 Y79.811 E.01994
G1 X123.75 Y80.038 E.01453
G1 X124.167 Y80.214 E.01457
G1 X124.707 Y80.328 E.01775
G1 X125.445 Y80.3 E.02374
G1 X126.007 Y80.146 E.01876
G1 X126.876 Y79.702 E.03137
G1 X127.05 Y79.679 E.00565
G1 X127.362 Y79.769 E.01041
G1 X127.565 Y79.972 E.00924
G1 X127.654 Y80.29 E.0106
G1 X127.654 Y139.71 E1.91075
G1 X127.564 Y140.028 E.0106
G1 X127.314 Y140.258 E.01094
G1 X127.01 Y140.32 E.00997
G1 X126.71 Y140.222 E.01013
G1 X126.278 Y139.974 E.01602
G1 X125.725 Y139.764 E.01903
G1 X125.249 Y139.673 E.01558
G1 X124.703 Y139.673 E.01758
G1 X124.121 Y139.796 E.01911
G1 X123.578 Y140.038 E.01911
G1 X123.094 Y140.39 E.01926
G1 X122.734 Y140.795 E.01743
G1 X122.445 Y141.254 E.01744
G1 X122.234 Y141.863 E.02074
G1 X122.162 Y142.454 E.01912
G1 X122.214 Y143.045 E.01908
G1 X122.388 Y143.612 E.01907
G1 X122.714 Y144.195 E.02148
G1 X122.818 Y144.479 E.00973
G1 X122.784 Y144.752 E.00885
G1 X122.731 Y144.861 E.0039
G1 X122.528 Y145.064 E.00925
G1 X122.21 Y145.154 E.0106
G1 X97.79 Y145.154 E.78528
G1 X97.472 Y145.064 E.0106
G1 X97.242 Y144.814 E.01094
G1 X97.18 Y144.51 E.00997
G1 X97.261 Y144.237 E.00915
G1 X97.597 Y143.656 E.02159
G1 X97.781 Y143.091 E.0191
G1 X97.843 Y142.5 E.01911
G1 X97.781 Y141.909 E.01911
G1 X97.597 Y141.344 E.01911
G1 X97.3 Y140.829 E.01911
G1 X96.902 Y140.387 E.01911
G1 X96.422 Y140.038 E.01911
G1 X95.879 Y139.796 E.01911
G1 X95.293 Y139.672 E.01926
G1 X94.751 Y139.675 E.01744
G1 X94.373 Y139.731 E.01226
G1 X93.844 Y139.903 E.0179
G1 X93.263 Y140.239 E.02159
G1 X92.95 Y140.321 E.01041
G1 X92.638 Y140.231 E.01041
G1 X92.435 Y140.028 E.00924
G1 X92.346 Y139.71 E.0106
G1 X92.346 Y80.29 E1.91075
G1 X92.435 Y79.972 E.0106
G1 X92.649 Y79.762 E.00964
G1 X92.863 Y79.686 E.00728
G1 X93.124 Y79.702 E.00841
G1 X93.75 Y80.038 E.02285
G1 X94.167 Y80.214 E.01457
G1 X94.703 Y80.327 E.0176
G1 X95.297 Y80.327 E.01911
G1 X95.879 Y80.204 E.01911
G1 X96.422 Y79.962 E.01911
G1 X96.902 Y79.613 E.01911
G1 X97.3 Y79.171 E.01911
G1 X97.597 Y78.656 E.01911
G1 X97.781 Y78.091 E.01911
G1 X97.843 Y77.5 E.01911
G1 X97.781 Y76.909 E.01911
G1 X97.597 Y76.344 E.0191
G1 X97.261 Y75.763 E.02159
G1 X97.18 Y75.498 E.0089
G1 X97.219 Y75.239 E.00841
G1 X97.269 Y75.139 E.00361
G1 X97.472 Y74.935 E.00925
G1 X97.79 Y74.846 E.0106
G1 X122.21 Y74.846 E.78528
G1 X122.528 Y74.936 E.01061
G1 X122.758 Y75.187 E.01094
G1 X122.82 Y75.49 E.00996
G1 X122.79 Y75.59 E.00335
G1 X122.384 Y75.511 F9000
;TYPE:Outer wall
G1 F2400
G1 X122.093 Y76.023 E.01894
G1 X121.887 Y76.543 E.018
G1 X121.787 Y76.906 E.01211
G1 X121.735 Y77.413 E.01638
G1 X121.761 Y77.922 E.01639
G1 X121.886 Y78.512 E.01938
G1 X122.165 Y79.137 E.02201
G1 X122.568 Y79.692 E.02205
G1 X122.96 Y80.056 E.01721
G1 X123.438 Y80.369 E.01836
G1 X123.988 Y80.614 E.01938
G1 X124.659 Y80.756 E.02205
G1 X125.194 Y80.764 E.01721
G1 X125.758 Y80.677 E.01834
G1 X126.332 Y80.491 E.01939
G1 X126.952 Y80.132 E.02304
G1 X127.107 Y80.119 E.005
G1 X127.198 Y80.195 E.00383
G1 X127.225 Y80.29 E.00316
G1 X127.225 Y139.71 E1.91075
G1 X127.198 Y139.805 E.00316
G1 X127.071 Y139.89 E.00493
G1 X126.944 Y139.863 E.00419
G1 X126.453 Y139.583 E.01819
G1 X125.922 Y139.367 E.01841
G1 X125.342 Y139.244 E.01906
G1 X124.658 Y139.244 E.02201
G1 X123.988 Y139.386 E.02201
G1 X123.363 Y139.665 E.02201
G1 X122.808 Y140.068 E.02205
G1 X122.444 Y140.46 E.01721
G1 X122.135 Y140.92 E.01781
G1 X121.928 Y141.419 E.0174
G1 X121.788 Y141.912 E.01646
G1 X121.726 Y142.5 E.01902
G1 X121.798 Y143.181 E.02201
G1 X122.009 Y143.832 E.02201
G1 X122.368 Y144.452 E.02304
G1 X122.381 Y144.605 E.00496
M73 P70 R13
G1 X122.305 Y144.698 E.00387
G1 X122.21 Y144.725 E.00316
G1 X97.79 Y144.725 E.78528
G1 X97.634 Y144.638 E.00573
G1 X97.616 Y144.489 E.00481
G1 X97.874 Y144.034 E.01685
G1 X98.063 Y143.611 E.01489
G1 X98.212 Y143.089 E.01745
G1 X98.274 Y142.5 E.01904
G1 X98.202 Y141.819 E.02201
G1 X97.991 Y141.168 E.02201
G1 X97.649 Y140.576 E.02201
G1 X97.191 Y140.067 E.02201
G1 X96.637 Y139.665 E.02201
G1 X96.012 Y139.386 E.02201
G1 X95.341 Y139.244 E.02205
G1 X94.806 Y139.236 E.01721
G1 X94.241 Y139.323 E.01838
G1 X93.668 Y139.509 E.01936
G1 X93.048 Y139.868 E.02304
G1 X92.893 Y139.881 E.005
G1 X92.802 Y139.805 E.00383
G1 X92.775 Y139.71 E.00316
G1 X92.775 Y80.29 E1.91075
G1 X92.865 Y80.132 E.00583
G1 X93.007 Y80.115 E.00458
G1 X93.575 Y80.43 E.02091
G1 X94.078 Y80.633 E.01744
G1 X94.658 Y80.756 E.01905
G1 X95.342 Y80.756 E.02201
G1 X96.012 Y80.614 E.02201
G1 X96.637 Y80.335 E.02201
G1 X97.191 Y79.933 E.02201
G1 X97.649 Y79.424 E.02201
G1 X97.991 Y78.832 E.02201
G1 X98.202 Y78.181 E.02201
G1 X98.274 Y77.5 E.02201
G1 X98.202 Y76.819 E.02201
G1 X97.991 Y76.168 E.02201
G1 X97.632 Y75.548 E.02304
G1 X97.62 Y75.392 E.00504
G1 X97.695 Y75.302 E.00379
G1 X97.79 Y75.275 E.00316
G1 X122.21 Y75.275 E.78528
G1 X122.366 Y75.362 E.00573
G1 X122.379 Y75.471 E.00352
G1 E-2.8 F3600
;WIPE_START
G1 F2400
G1 X122.093 Y76.023 E-.74591
G1 X121.954 Y76.375 E-.45409
;WIPE_END
G1 Z4.2 F9000
G1 X93.107 Y142.824 Z4.2
G1 Z3.8
G1 E4 F2400
;TYPE:Inner wall
G1 X93.057 Y142.612 E.00702
G1 X93.057 Y142.385 E.0073
G1 X93.179 Y141.798 E.01927
G1 X93.481 Y141.283 E.01921
G1 X93.818 Y140.946 E.01533
G1 X94.265 Y140.692 E.01652
G1 X94.799 Y140.565 E.01766
G1 X95.183 Y140.576 E.01233
G1 X95.663 Y140.665 E.01572
G1 X96.03 Y140.843 E.01312
G1 X96.353 Y141.093 E.01312
G1 X96.615 Y141.405 E.01312
G1 X96.808 Y141.765 E.01312
G1 X96.921 Y142.157 E.01312
G1 X96.946 Y142.594 E.01408
G1 X96.858 Y143.104 E.01664
G1 X96.657 Y143.53 E.01517
G1 X96.407 Y143.853 E.01312
G1 X96.095 Y144.115 E.01312
G1 X95.735 Y144.308 E.01312
G1 X95.343 Y144.421 E.01312
G1 X94.936 Y144.45 E.01312
G1 X94.489 Y144.381 E.01454
G1 X94.148 Y144.256 E.01167
G1 X93.829 Y144.063 E.01199
G1 X93.479 Y143.714 E.01589
G1 X93.212 Y143.271 E.01665
G1 X93.116 Y142.863 E.01347
G1 X93.518 Y142.727 F9000
;TYPE:Outer wall
G1 F2400
G1 X93.478 Y142.533 E.00637
G1 X93.572 Y141.977 E.01813
G1 X93.847 Y141.506 E.01753
G1 X94.119 Y141.256 E.01191
G1 X94.412 Y141.096 E.01073
G1 X94.915 Y140.98 E.01659
G1 X95.439 Y141.042 E.01695
G1 X95.779 Y141.189 E.01191
G1 X96.034 Y141.38 E.01025
G1 X96.244 Y141.619 E.01025
G1 X96.4 Y141.897 E.01025
G1 X96.495 Y142.202 E.01025
G1 X96.523 Y142.527 E.01051
G1 X96.444 Y142.989 E.01507
G1 X96.311 Y143.279 E.01025
G1 X96.12 Y143.534 E.01025
G1 X95.881 Y143.744 E.01025
G1 X95.603 Y143.9 E.01025
G1 X95.298 Y143.995 E.01025
G1 X94.981 Y144.024 E.01025
G1 X94.622 Y143.973 E.01167
G1 X94.363 Y143.885 E.0088
G1 X94.097 Y143.729 E.00991
G1 X93.846 Y143.493 E.01107
G1 X93.586 Y143.062 E.01619
G1 X93.526 Y142.767 E.00969
G1 E-2.8 F3600
;WIPE_START
G1 F2400
G1 X93.478 Y142.533 E-.28561
G1 X93.572 Y141.977 E-.67673
G1 X93.672 Y141.806 E-.23767
;WIPE_END
G1 Z4.2 F9000
G1 X126.819 Y143.178 Z4.2
G1 Z3.8
G1 E4 F2400
;TYPE:Inner wall
G1 X126.756 Y143.352 E.00593
G1 X126.533 Y143.707 E.01349
G1 X126.215 Y144.02 E.01434
G1 X125.744 Y144.305 E.01772
G1 X125.343 Y144.421 E.01341
G1 X124.936 Y144.45 E.01312
G1 X124.532 Y144.395 E.01312
G1 X124.148 Y144.256 E.01312
G1 X123.78 Y144.019 E.01408
G1 X123.385 Y143.595 E.01864
G1 X123.192 Y143.235 E.01314
G1 X123.079 Y142.843 E.01312
G1 X123.057 Y142.385 E.01476
G1 X123.17 Y141.823 E.01842
G1 X123.481 Y141.283 E.02005
G1 X123.852 Y140.919 E.01669
G1 X124.315 Y140.678 E.0168
G1 X124.811 Y140.563 E.01637
G1 X125.19 Y140.577 E.01221
G1 X125.663 Y140.665 E.01547
G1 X126.03 Y140.843 E.01312
G1 X126.353 Y141.093 E.01312
G1 X126.615 Y141.405 E.01312
G1 X126.808 Y141.765 E.01312
G1 X126.921 Y142.157 E.01312
G1 X126.95 Y142.564 E.01312
G1 X126.881 Y143.011 E.01454
G1 X126.833 Y143.141 E.00445
G1 X126.421 Y143.032 F9000
;TYPE:Outer wall
G1 F2400
G1 X126.385 Y143.137 E.00358
G1 X126.214 Y143.42 E.01062
G1 X125.982 Y143.661 E.01076
G1 X125.603 Y143.9 E.01441
G1 X125.298 Y143.995 E.01025
G1 X124.981 Y144.024 E.01025
G1 X124.664 Y143.987 E.01025
G1 X124.363 Y143.885 E.01025
G1 X124.083 Y143.716 E.01051
G1 X123.756 Y143.381 E.01507
G1 X123.6 Y143.103 E.01025
G1 X123.505 Y142.798 E.01025
G1 X123.478 Y142.466 E.01073
G1 X123.578 Y141.955 E.01671
G1 X123.847 Y141.506 E.01683
G1 X124.119 Y141.256 E.01191
G1 X124.461 Y141.084 E.01229
G1 X124.962 Y140.98 E.01644
G1 X125.471 Y141.049 E.01654
G1 X125.779 Y141.189 E.01086
G1 X126.034 Y141.38 E.01025
G1 X126.244 Y141.619 E.01025
G1 X126.4 Y141.897 E.01025
G1 X126.495 Y142.202 E.01025
G1 X126.524 Y142.519 E.01025
G1 X126.473 Y142.878 E.01167
G1 X126.434 Y142.994 E.00394
G1 X128.091 Y143.275 F9000
;TYPE:Sparse infill
;WIDTH:0.45
G1 F3600
G1 X128.173 Y142.833 E.01444
G1 X128.19 Y142.5 E.01074
G1 X128.173 Y142.167 E.01074
G1 X128.12 Y141.837 E.01074
G1 X128.075 Y141.666 E.0057
G1 X127.255 Y142.486 E.03729
G1 X127.188 Y141.945 E.01751
G1 X127.066 Y141.585 E.01224
G1 X126.878 Y141.248 E.01239
G1 X126.77 Y141.1 E.00589
G1 X126.462 Y140.779 E.0143
G1 X126.148 Y140.554 E.01242
G1 X125.696 Y140.35 E.01596
G1 X125.305 Y140.29 E.01271
G1 X125.556 Y140.04 E.01139
G1 X125.265 Y139.978 E.00955
G1 X124.735 Y139.978 E.01705
G1 X124.216 Y140.088 E.01705
G1 X123.732 Y140.304 E.01705
G1 X123.298 Y140.619 E.01727
G1 X123.018 Y140.921 E.01325
G1 X122.794 Y141.244 E.01262
G1 X122.691 Y141.446 E.00729
G1 X122.519 Y141.973 E.01783
G1 X122.464 Y142.5 E.01705
G1 X122.531 Y143.064 E.01826
G1 X122.773 Y142.823 E.01097
G1 X122.79 Y142.97 E.00478
G1 X122.936 Y143.419 E.01518
G1 X123.209 Y143.876 E.01709
G1 X123.569 Y144.24 E.01647
G1 X123.749 Y144.378 E.00732
G1 X124.156 Y144.594 E.0148
G1 X124.618 Y144.724 E.01545
G1 X124.992 Y144.749 E.01203
G1 X124.166 Y145.575 E.03756
G1 X124.337 Y145.62 E.0057
G1 X124.667 Y145.673 E.01074
G1 X125 Y145.69 E.01074
G1 X125.333 Y145.673 E.01074
G1 X125.775 Y145.589 E.01444
G1 E-3
;WIPE_START
G1 X125.333 Y145.673 E-.44895
G1 X125 Y145.69 E-.33393
G1 X124.783 Y145.679 E-.21713
;WIPE_END
G1 Z4.2 F9000
G1 X97.41 Y141.754 Z4.2
G1 Z3.8
G1 E4 F2400
G1 F3600
G1 X97.481 Y141.973 E.00738
G1 X97.536 Y142.5 E.01705
G1 X97.481 Y143.027 E.01705
G1 X97.376 Y143.349 E.01088
G1 X95.037 Y145.688 E.10638
G1 X95 Y145.69 E.00119
G1 X94.667 Y145.673 E.01074
G1 X94.337 Y145.62 E.01074
G1 X94.014 Y145.534 E.01074
G1 X93.557 Y145.34 E.01596
G1 X93.231 Y145.227 E.0111
G1 X93.055 Y145.137 E.00636
G1 X92.736 Y144.905 E.01268
G1 X92.589 Y144.756 E.00673
G1 X92.363 Y144.445 E.01236
G1 X92.286 Y144.294 E.00545
G1 X93.026 Y143.554 E.03365
G1 X92.943 Y143.416 E.00518
G1 X92.864 Y143.225 E.00664
G1 X92.74 Y142.504 E.02353
G1 X92.757 Y142.331 E.00559
G1 X92.83 Y141.984 E.01141
G1 X91.909 Y76.725 F9000
G1 F3600
G1 X91.827 Y77.167 E.01444
G1 X91.81 Y77.5 E.01074
G1 X91.827 Y77.833 E.01074
G1 X91.88 Y78.163 E.01074
G1 X91.925 Y78.334 E.0057
G1 X92.742 Y77.517 E.03716
G1 X92.821 Y78.078 E.01819
G1 X92.877 Y78.268 E.00639
G1 X93.092 Y78.705 E.01564
G1 X93.383 Y79.075 E.01515
G1 X93.708 Y79.353 E.01376
G1 X94.081 Y79.564 E.01378
G1 X94.53 Y79.71 E.01516
G1 X94.677 Y79.727 E.00478
G1 X94.444 Y79.96 E.01059
G1 X94.735 Y80.022 E.00955
G1 X95.265 Y80.022 E.01705
G1 X95.784 Y79.912 E.01705
G1 X96.245 Y79.707 E.01624
G1 X96.697 Y79.384 E.01786
G1 X97.052 Y78.991 E.01703
G1 X97.317 Y78.532 E.01705
G1 X97.481 Y78.027 E.01705
G1 X97.536 Y77.5 E.01705
G1 X97.469 Y76.936 E.01826
G1 X97.227 Y77.177 E.01097
G1 X97.21 Y77.03 E.00478
G1 X97.065 Y76.582 E.01514
G1 X96.877 Y76.248 E.01232
G1 X96.77 Y76.1 E.00588
G1 X96.443 Y75.764 E.01506
G1 X96.052 Y75.504 E.01511
G1 X95.765 Y75.376 E.0101
G1 X95.541 Y75.315 E.00748
G1 X95.008 Y75.252 E.01725
G1 X95.834 Y74.425 E.03759
G1 X95.663 Y74.38 E.0057
G1 X95.333 Y74.327 E.01074
G1 X95 Y74.31 E.01074
G1 X94.667 Y74.327 E.01074
G1 X94.225 Y74.411 E.01444
G1 E-3
;WIPE_START
G1 X94.667 Y74.327 E-.44895
G1 X95 Y74.31 E-.33393
G1 X95.217 Y74.321 E-.21713
;WIPE_END
G1 Z4.2 F9000
G1 X122.581 Y78.248 Z4.2
G1 Z3.8
G1 E4 F2400
G1 F3600
G1 X122.476 Y77.756 E.01618
G1 X122.468 Y77.388 E.01184
G1 X122.517 Y76.979 E.01325
G1 X122.624 Y76.651 E.0111
G1 X124.962 Y74.313 E.1063
G1 X125.333 Y74.327 E.01197
G1 X125.663 Y74.38 E.01074
G1 X125.986 Y74.466 E.01074
G1 X126.443 Y74.66 E.01596
G1 X126.769 Y74.773 E.0111
G1 X126.945 Y74.863 E.00636
G1 X127.265 Y75.095 E.01271
G1 X127.404 Y75.235 E.00634
G1 X127.637 Y75.555 E.01273
G1 X127.714 Y75.706 E.00545
G1 X126.983 Y76.437 E.03324
G1 X127.05 Y76.55 E.00423
G1 X127.187 Y76.945 E.01344
G1 X127.255 Y77.409 E.01509
G1 X127.246 Y77.653 E.00784
G1 X127.171 Y78.011 E.01176
G1 X128.935 Y76.775 F9000
;TYPE:Internal solid infill
;WIDTH:0.49634
G1 F3000
G1 X128.884 Y76.369 E.01464
;WIDTH:0.53884
G1 X128.832 Y75.964 E.01601
G1 X128.733 Y75.607 E.01449
;WIDTH:0.566237
G1 X128.498 Y75.089 E.0235
G1 X128.15 Y74.601 E.02479
G1 X127.708 Y74.195 E.02479
G1 X127.191 Y73.892 E.02478
G1 X126.62 Y73.689 E.02505
;WIDTH:0.534302
G1 X126.331 Y73.639 E.01141
;WIDTH:0.503844
G1 X126.041 Y73.589 E.01071
;WIDTH:0.473377
G1 X125.74 Y73.573 E.01024
;WIDTH:0.43019
G1 X124.65 Y73.554 E.03335
;WIDTH:0.44259
G1 X124.256 Y73.574 E.01247
;WIDTH:0.481726
G1 X123.861 Y73.593 E.0137
;WIDTH:0.516927
G1 X123.676 Y73.609 E.00695
;WIDTH:0.564678
G1 X123.491 Y73.624 E.00766
G1 X96.499 Y73.622 E1.11246
;WIDTH:0.548691
G1 X96.278 Y73.604 E.00884
;WIDTH:0.514562
G1 X96.058 Y73.587 E.00825
;WIDTH:0.480434
G1 X95.837 Y73.57 E.00765
;WIDTH:0.43753
G1 X95.044 Y73.547 E.02473
G1 X94.275 Y73.565 E.02399
;WIDTH:0.4697
G1 X94.009 Y73.589 E.00899
;WIDTH:0.504328
G1 X93.743 Y73.614 E.00972
;WIDTH:0.560254
G1 X93.138 Y73.76 E.02544
G1 X92.589 Y74.002 E.02451
G1 X92.101 Y74.35 E.02451
G1 X91.695 Y74.792 E.02451
;WIDTH:0.565258
G1 X91.392 Y75.309 E.02473
G1 X91.19 Y75.876 E.02483
;WIDTH:0.532802
G1 X91.135 Y76.21 E.0131
;WIDTH:0.49899
G1 X91.081 Y76.544 E.0122
;WIDTH:0.469046
G1 X91.067 Y76.802 E.0087
;WIDTH:0.431356
G1 X91.051 Y77.85 E.03216
;WIDTH:0.44475
G1 X91.071 Y78.245 E.01255
;WIDTH:0.483884
G1 X91.09 Y78.64 E.01377
;WIDTH:0.519071
G1 X91.106 Y78.825 E.00698
;WIDTH:0.565885
G1 X91.121 Y79.01 E.00767
G1 X91.121 Y141.001 E2.56088
;WIDTH:0.54886
G1 X91.104 Y141.222 E.00885
;WIDTH:0.514716
G1 X91.087 Y141.442 E.00825
;WIDTH:0.480573
G1 X91.07 Y141.663 E.00765
;WIDTH:0.437928
G1 X91.047 Y142.456 E.02475
G1 X91.065 Y143.244 E.02459
;WIDTH:0.476007
G1 X91.12 Y143.65 E.01402
;WIDTH:0.520359
G1 X91.174 Y144.056 E.01546
;WIDTH:0.561309
G1 X91.346 Y144.596 E.02319
G1 X91.631 Y145.12 E.02445
G1 X92.026 Y145.58 E.02482
G1 X92.447 Y145.913 E.02197
G1 X92.845 Y146.126 E.0185
G1 X93.376 Y146.31 E.02299
;WIDTH:0.532799
G1 X93.71 Y146.365 E.0131
;WIDTH:0.498987
G1 X94.044 Y146.419 E.0122
;WIDTH:0.469044
G1 X94.302 Y146.433 E.0087
;WIDTH:0.431355
G1 X95.35 Y146.449 E.03216
;WIDTH:0.444748
G1 X95.745 Y146.429 E.01255
;WIDTH:0.483882
G1 X96.14 Y146.41 E.01377
;WIDTH:0.519069
G1 X96.325 Y146.394 E.00698
;WIDTH:0.565823
G1 X96.51 Y146.379 E.00767
G1 X123.501 Y146.379 E1.11489
;WIDTH:0.548858
G1 X123.722 Y146.396 E.00885
;WIDTH:0.514715
G1 X123.942 Y146.413 E.00825
;WIDTH:0.480572
G1 X124.163 Y146.43 E.00765
;WIDTH:0.437604
G1 X124.956 Y146.453 E.02473
G1 X125.725 Y146.435 E.02399
;WIDTH:0.469701
G1 X125.991 Y146.411 E.00899
;WIDTH:0.504295
G1 X126.257 Y146.386 E.00972
;WIDTH:0.561826
G1 X126.862 Y146.24 E.02552
G1 X127.411 Y145.998 E.02458
G1 X127.899 Y145.65 E.02458
G1 X128.305 Y145.208 E.02458
G1 X128.608 Y144.691 E.02457
G1 X128.81 Y144.124 E.02467
;WIDTH:0.532797
G1 X128.865 Y143.79 E.0131
;WIDTH:0.498987
G1 X128.919 Y143.456 E.0122
;WIDTH:0.469045
G1 X128.933 Y143.198 E.0087
;WIDTH:0.431356
G1 X128.949 Y142.15 E.03216
;WIDTH:0.444749
G1 X128.929 Y141.755 E.01255
;WIDTH:0.483882
G1 X128.91 Y141.36 E.01377
;WIDTH:0.519069
G1 X128.894 Y141.175 E.00698
;WIDTH:0.565885
G1 X128.879 Y140.99 E.00767
G1 X128.879 Y78.999 E2.56088
;WIDTH:0.548859
G1 X128.896 Y78.778 E.00885
;WIDTH:0.514716
G1 X128.913 Y78.558 E.00825
;WIDTH:0.480572
G1 X128.93 Y78.337 E.00765
;WIDTH:0.441306
G1 X128.953 Y77.544 E.02497
G1 X128.936 Y76.815 E.02296
G1 X128.356 Y140.99 F9000
;WIDTH:0.543168
G1 F3000
G1 X128.425 Y141.363 E.015
;WIDTH:0.497641
G1 X128.495 Y141.737 E.01364
;WIDTH:0.435775
G1 X128.565 Y142.11 E.01178
G1 X128.566 Y142.859 E.02326
;WIDTH:0.439759
G1 X128.526 Y143.123 E.00837
;WIDTH:0.467975
G1 X128.486 Y143.387 E.00896
;WIDTH:0.498987
G1 X128.411 Y143.668 E.01046
;WIDTH:0.532797
G1 X128.335 Y143.948 E.01123
;WIDTH:0.561396
G1 X128.135 Y144.459 E.0225
G1 X127.897 Y144.879 E.01975
G1 X127.569 Y145.243 E.02008
G1 X127.172 Y145.53 E.02005
G1 X126.712 Y145.747 E.02081
G1 X126.171 Y145.919 E.02326
;WIDTH:0.504295
G1 X125.938 Y145.973 E.00873
;WIDTH:0.469701
G1 X125.704 Y146.027 E.00808
;WIDTH:0.435377
G1 X125.015 Y146.08 E.02145
G1 X124.268 Y146.023 E.0232
;WIDTH:0.473342
G1 X124.021 Y145.968 E.00863
;WIDTH:0.510377
G1 X123.773 Y145.912 E.00937
;WIDTH:0.565758
G1 X123.526 Y145.856 E.01048
G1 X96.51 Y145.856 E1.11578
;WIDTH:0.543167
G1 X96.137 Y145.925 E.015
;WIDTH:0.497641
G1 X95.763 Y145.995 E.01364
;WIDTH:0.435775
G1 X95.39 Y146.065 E.01178
G1 X94.641 Y146.066 E.02326
;WIDTH:0.439757
G1 X94.377 Y146.026 E.00837
;WIDTH:0.467973
G1 X94.113 Y145.986 E.00896
;WIDTH:0.498987
G1 X93.832 Y145.911 E.01046
;WIDTH:0.532799
G1 X93.552 Y145.835 E.01123
;WIDTH:0.561009
G1 X93.027 Y145.63 E.02308
G1 X92.756 Y145.492 E.01243
G1 X92.41 Y145.233 E.01768
G1 X92.084 Y144.864 E.02017
G1 X91.835 Y144.421 E.02081
G1 X91.66 Y143.953 E.02043
;WIDTH:0.52669
G1 X91.582 Y143.66 E.01161
;WIDTH:0.495001
G1 X91.504 Y143.366 E.01085
;WIDTH:0.463647
G1 X91.462 Y142.941 E.01422
;WIDTH:0.434757
G1 X91.42 Y142.515 E.01324
G1 X91.477 Y141.768 E.02318
;WIDTH:0.473342
G1 X91.532 Y141.521 E.00863
;WIDTH:0.510378
G1 X91.588 Y141.273 E.00937
;WIDTH:0.565856
G1 X91.644 Y141.026 E.01048
G1 X91.644 Y78.964 E2.56366
;WIDTH:0.550311
G1 X91.595 Y78.778 E.00771
;WIDTH:0.519071
G1 X91.546 Y78.592 E.00724
;WIDTH:0.484927
G1 X91.49 Y78.241 E.0124
;WIDTH:0.434052
G1 X91.435 Y77.89 E.01098
G1 X91.434 Y77.141 E.02316
;WIDTH:0.439759
G1 X91.474 Y76.877 E.00837
;WIDTH:0.467976
G1 X91.514 Y76.613 E.00896
;WIDTH:0.49899
G1 X91.589 Y76.332 E.01046
;WIDTH:0.532802
G1 X91.665 Y76.052 E.01123
;WIDTH:0.566097
G1 X91.865 Y75.542 E.02266
G1 X92.103 Y75.121 E.01996
G1 X92.431 Y74.757 E.02028
G1 X92.828 Y74.47 E.02024
G1 X93.288 Y74.253 E.021
;WIDTH:0.541037
G1 X93.828 Y74.081 E.02231
;WIDTH:0.504328
G1 X94.062 Y74.027 E.00875
;WIDTH:0.4697
G1 X94.296 Y73.973 E.00809
;WIDTH:0.435307
G1 X94.985 Y73.92 E.02145
G1 X95.732 Y73.977 E.0232
;WIDTH:0.47321
G1 X95.979 Y74.033 E.00862
;WIDTH:0.510228
G1 X96.227 Y74.088 E.00936
;WIDTH:0.564629
G1 X96.474 Y74.144 E.01046
G1 X123.491 Y74.145 E1.11338
;WIDTH:0.541052
G1 X123.864 Y74.076 E.01493
;WIDTH:0.4955
G1 X124.237 Y74.006 E.01357
;WIDTH:0.433581
G1 X124.61 Y73.936 E.01171
G1 X125.359 Y73.935 E.02313
;WIDTH:0.439713
G1 X125.665 Y73.982 E.00967
;WIDTH:0.472314
G1 X125.97 Y74.028 E.01047
;WIDTH:0.503844
G1 X126.207 Y74.096 E.00898
;WIDTH:0.534302
G1 X126.444 Y74.163 E.00957
;WIDTH:0.566046
G1 X126.959 Y74.365 E.02287
G1 X127.379 Y74.603 E.01993
G1 X127.742 Y74.931 E.02021
G1 X128.03 Y75.327 E.02026
G1 X128.255 Y75.808 E.02195
;WIDTH:0.540902
G1 X128.374 Y76.219 E.01681
;WIDTH:0.500918
G1 X128.494 Y76.629 E.01546
;WIDTH:0.464968
G1 X128.537 Y77.057 E.01434
;WIDTH:0.434898
G1 X128.58 Y77.485 E.01332
G1 X128.523 Y78.232 E.02318
;WIDTH:0.473342
G1 X128.468 Y78.479 E.00863
;WIDTH:0.510378
G1 X128.412 Y78.727 E.00937
;WIDTH:0.56578
G1 X128.356 Y78.974 E.01048
G1 X128.356 Y140.95 E2.55975
; stop printing object Remote75T.stl id:0 copy 0
;LAYER_CHANGE
;Z:4
;HEIGHT:0.2
;BEFORE_LAYER_CHANGE
;4
G92 E0

G1 E-2.8 F3600
;WIPE_START
G1 F3000
G1 X128.356 Y139.95 E-1.2
;WIPE_END
;_SET_FAN_SPEED_CHANGING_LAYER
; printing object Remote75T.stl id:0 copy 0
G1 Z4.4 F9000
G1 X91.386 Y145.554 Z4.4
G1 Z4
G1 E4 F2400
;TYPE:Inner wall
;WIDTH:0.449999
G1 X91.107 Y145.17 E.01523
G1 X90.823 Y144.532 E.02247
G1 X90.717 Y144.034 E.01636
G1 X90.656 Y143.483 E.01784
G1 X90.656 Y76.533 E2.15286
G1 X90.733 Y75.805 E.02353
G1 X90.911 Y75.255 E.0186
G1 X91.172 Y74.729 E.01889
G1 X91.515 Y74.267 E.0185
G1 X92.037 Y73.798 E.02257
G1 X92.641 Y73.448 E.02245
G1 X93.305 Y73.233 E.02245
G1 X94.033 Y73.156 E.02353
G1 X126.039 Y73.16 E1.0292
G1 X126.693 Y73.232 E.02115
M73 P71 R13
G1 X127.359 Y73.448 E.02251
G1 X127.963 Y73.798 E.02245
G1 X128.482 Y74.265 E.02246
G1 X128.893 Y74.83 E.02246
G1 X129.177 Y75.467 E.02244
G1 X129.304 Y76.067 E.0197
G1 X129.344 Y76.55 E.01561
G1 X129.344 Y143.467 E2.15179
G1 X129.267 Y144.195 E.02353
G1 X129.052 Y144.858 E.02244
G1 X128.702 Y145.463 E.02247
G1 X128.235 Y145.982 E.02245
G1 X127.67 Y146.393 E.02246
G1 X127.032 Y146.677 E.02245
G1 X126.433 Y146.804 E.01969
G1 X125.983 Y146.844 E.01454
G1 X94.033 Y146.844 E1.02739
G1 X93.305 Y146.767 E.02353
G1 X92.641 Y146.552 E.02245
G1 X92.037 Y146.202 E.02246
G1 X91.518 Y145.735 E.02245
G1 X91.409 Y145.586 E.00592
G1 X91.039 Y145.806 F9000
;TYPE:Outer wall
G1 F2400
G1 X90.734 Y145.386 E.01668
G1 X90.413 Y144.665 E.02536
G1 X90.277 Y144.022 E.02114
G1 X90.228 Y143.494 E.01706
G1 X90.228 Y76.511 E2.15394
G1 X90.311 Y75.716 E.0257
M73 P71 R12
G1 X90.555 Y74.964 E.02541
G1 X90.81 Y74.497 E.0171
G1 X91.197 Y73.977 E.02085
G1 X91.783 Y73.449 E.02539
G1 X92.466 Y73.055 E.02535
G1 X93.216 Y72.811 E.02535
G1 X94.011 Y72.728 E.0257
G1 X126.063 Y72.732 E1.03068
G1 X126.784 Y72.811 E.02332
G1 X127.534 Y73.055 E.02537
G1 X128.217 Y73.449 E.02535
G1 X128.803 Y73.977 E.02535
G1 X129.266 Y74.614 E.02535
G1 X129.587 Y75.334 E.02534
G1 X129.723 Y75.978 E.02114
G1 X129.772 Y76.55 E.01849
G1 X129.772 Y143.489 E2.15251
G1 X129.689 Y144.284 E.0257
G1 X129.445 Y145.034 E.02534
G1 X129.051 Y145.717 E.02536
G1 X128.523 Y146.303 E.02535
G1 X127.886 Y146.766 E.02535
G1 X127.165 Y147.087 E.02535
G1 X126.522 Y147.223 E.02114
G1 X125.994 Y147.272 E.01706
G1 X94.011 Y147.272 E1.02847
G1 X93.216 Y147.189 E.0257
G1 X92.466 Y146.945 E.02535
G1 X91.783 Y146.551 E.02535
G1 X91.197 Y146.023 E.02535
G1 X91.063 Y145.838 E.00737
G1 E-2.8 F3600
;WIPE_START
G1 F2400
G1 X90.734 Y145.386 E-.67056
G1 X90.555 Y144.983 E-.52944
;WIPE_END
G1 Z4.4 F9000
G1 X126.014 Y75.839 Z4.4
G1 Z4
G1 E4 F2400
;TYPE:Inner wall
G1 X126.353 Y76.093 E.01362
G1 X126.615 Y76.405 E.01312
G1 X126.895 Y77.032 E.02207
G1 X126.935 Y77.7 E.02153
G1 X126.9 Y77.916 E.00701
G1 X126.709 Y78.446 E.01812
G1 X126.407 Y78.853 E.0163
G1 X126.095 Y79.115 E.01312
G1 X125.735 Y79.308 E.01312
G1 X125.343 Y79.421 E.01312
G1 X124.936 Y79.45 E.01312
G1 X124.532 Y79.395 E.01312
G1 X124.148 Y79.256 E.01312
G1 X123.802 Y79.04 E.01312
G1 X123.508 Y78.758 E.01312
G1 X123.267 Y78.39 E.01414
G1 X123.089 Y77.906 E.01659
G1 X123.065 Y77.299 E.01951
G1 X123.1 Y77.084 E.007
G1 X123.308 Y76.523 E.01927
G1 X123.593 Y76.147 E.01515
G1 X123.905 Y75.885 E.01312
G1 X124.314 Y75.678 E.01473
G1 X124.828 Y75.559 E.01696
G1 X125.493 Y75.617 E.02148
G1 X125.958 Y75.797 E.01603
G1 X125.982 Y75.815 E.00096
G1 X125.758 Y76.181 F9000
;TYPE:Outer wall
G1 F2400
G1 X125.779 Y76.189 E.00072
G1 X126.078 Y76.429 E.01235
G1 X126.337 Y76.78 E.01401
G1 X126.496 Y77.217 E.01495
G1 X126.504 Y77.745 E.01698
G1 X126.335 Y78.232 E.01658
G1 X126.12 Y78.534 E.01192
G1 X125.881 Y78.744 E.01025
G1 X125.603 Y78.9 E.01025
G1 X125.298 Y78.995 E.01025
G1 X124.85 Y79.01 E.01443
G1 X124.38 Y78.893 E.01558
G1 X123.984 Y78.628 E.01531
G1 X123.679 Y78.263 E.01531
G1 X123.504 Y77.782 E.01645
G1 X123.495 Y77.268 E.01654
G1 X123.665 Y76.768 E.01697
G1 X123.88 Y76.466 E.01192
G1 X124.119 Y76.256 E.01025
G1 X124.412 Y76.096 E.01072
G1 X124.902 Y75.981 E.01618
G1 X125.438 Y76.042 E.01736
G1 X125.721 Y76.165 E.00992
G1 E-2.8 F3600
;WIPE_START
G1 F2400
G1 X125.779 Y76.189 E-.07473
G1 X126.078 Y76.429 E-.4608
G1 X126.337 Y76.78 E-.52283
G1 X126.377 Y76.891 E-.14164
;WIPE_END
G1 Z4.4 F9000
G1 X93.145 Y78.077 Z4.4
G1 Z4
G1 E4 F2400
;TYPE:Inner wall
G1 X93.119 Y78.01 E.00231
G1 X93.046 Y77.5 E.01658
G1 X93.119 Y76.99 E.01658
G1 X93.279 Y76.58 E.01414
G1 X93.593 Y76.147 E.01719
G1 X93.905 Y75.885 E.01312
G1 X94.314 Y75.678 E.01473
G1 X94.828 Y75.559 E.01696
G1 X95.493 Y75.617 E.02148
G1 X95.92 Y75.779 E.01468
G1 X96.353 Y76.093 E.01719
G1 X96.615 Y76.405 E.01312
G1 X96.808 Y76.765 E.01312
G1 X96.924 Y77.208 E.01473
G1 X96.931 Y77.777 E.01831
G1 X96.754 Y78.332 E.01874
G1 X96.655 Y78.534 E.00723
G1 X96.407 Y78.853 E.01299
G1 X96.095 Y79.115 E.01312
G1 X95.735 Y79.308 E.01312
G1 X95.468 Y79.395 E.00903
G1 X94.936 Y79.45 E.01719
G1 X94.532 Y79.395 E.01312
G1 X94.148 Y79.256 E.01312
G1 X93.802 Y79.04 E.01312
G1 X93.508 Y78.758 E.01312
G1 X93.279 Y78.42 E.01312
G1 X93.16 Y78.114 E.01054
G1 X93.54 Y77.924 F9000
;TYPE:Outer wall
G1 F2400
G1 X93.477 Y77.472 E.01469
G1 X93.556 Y77.011 E.01503
G1 X93.689 Y76.721 E.01025
G1 X93.88 Y76.466 E.01025
G1 X94.119 Y76.256 E.01025
G1 X94.487 Y76.078 E.01314
G1 X94.957 Y75.98 E.01542
G1 X95.486 Y76.055 E.01718
G1 X95.779 Y76.189 E.01037
G1 X96.034 Y76.38 E.01025
G1 X96.244 Y76.619 E.01025
G1 X96.4 Y76.897 E.01025
G1 X96.496 Y77.217 E.01072
G1 X96.505 Y77.732 E.01658
G1 X96.335 Y78.232 E.01697
G1 X96.12 Y78.534 E.01192
G1 X95.766 Y78.81 E.01443
G1 X95.336 Y78.987 E.01497
G1 X94.981 Y79.024 E.01146
G1 X94.531 Y78.944 E.0147
G1 X94.094 Y78.727 E.01568
G1 X93.855 Y78.506 E.01048
G1 X93.67 Y78.246 E.01025
G1 X93.551 Y77.962 E.0099
G1 E-2.8 F3600
;WIPE_START
G1 F2400
G1 X93.477 Y77.472 E-.59525
G1 X93.556 Y77.011 E-.56094
G1 X93.572 Y76.978 E-.0438
;WIPE_END
G1 Z4.4 F9000
G1 X122.779 Y75.628 Z4.4
G1 Z4
G1 E4 F2400
;TYPE:Inner wall
G1 X122.739 Y75.763 E.00452
G1 X122.403 Y76.344 E.02159
G1 X122.219 Y76.909 E.0191
G1 X122.157 Y77.5 E.01911
G1 X122.219 Y78.091 E.01911
G1 X122.403 Y78.656 E.01911
G1 X122.7 Y79.171 E.01911
G1 X123.098 Y79.613 E.01911
G1 X123.578 Y79.962 E.01911
G1 X124.121 Y80.204 E.01911
G1 X124.708 Y80.328 E.01927
G1 X125.444 Y80.3 E.0237
G1 X126.007 Y80.146 E.01878
G1 X126.876 Y79.702 E.03137
G1 X127.137 Y79.686 E.00841
G1 X127.358 Y79.766 E.00754
G1 X127.563 Y79.97 E.0093
G1 X127.654 Y80.29 E.01068
G1 X127.654 Y139.71 E1.91075
G1 X127.564 Y140.028 E.0106
G1 X127.314 Y140.258 E.01094
G1 X127.01 Y140.32 E.00997
G1 X126.71 Y140.222 E.01013
G1 X126.278 Y139.974 E.01602
G1 X125.725 Y139.764 E.01903
G1 X125.249 Y139.673 E.01558
G1 X124.703 Y139.673 E.01758
G1 X124.121 Y139.796 E.01911
G1 X123.578 Y140.038 E.01911
G1 X123.098 Y140.387 E.01911
G1 X122.7 Y140.829 E.01911
G1 X122.403 Y141.344 E.01911
G1 X122.219 Y141.909 E.01911
G1 X122.157 Y142.5 E.01911
G1 X122.219 Y143.091 E.01911
G1 X122.403 Y143.656 E.0191
G1 X122.739 Y144.237 E.02159
G1 X122.818 Y144.479 E.00818
G1 X122.784 Y144.752 E.00885
G1 X122.731 Y144.861 E.0039
G1 X122.528 Y145.064 E.00925
G1 X122.21 Y145.154 E.0106
G1 X97.79 Y145.154 E.78528
G1 X97.472 Y145.064 E.0106
G1 X97.242 Y144.814 E.01094
G1 X97.18 Y144.51 E.00997
G1 X97.278 Y144.21 E.01013
G1 X97.561 Y143.7 E.01876
G1 X97.714 Y143.332 E.01283
G1 X97.827 Y142.797 E.01758
G1 X97.827 Y142.203 E.01911
G1 X97.704 Y141.621 E.01911
G1 X97.46 Y141.074 E.01927
G1 X97.005 Y140.495 E.0237
G1 X96.548 Y140.13 E.01878
G1 X96.022 Y139.86 E.01903
G1 X95.642 Y139.746 E.01276
G1 X95.248 Y139.671 E.01288
G1 X94.637 Y139.69 E.01967
G1 X94.373 Y139.731 E.00858
G1 X93.844 Y139.903 E.0179
G1 X93.263 Y140.239 E.02159
G1 X92.949 Y140.321 E.01045
G1 X92.638 Y140.231 E.01038
G1 X92.435 Y140.028 E.00924
G1 X92.346 Y139.71 E.0106
G1 X92.346 Y80.29 E1.91075
G1 X92.435 Y79.972 E.0106
G1 X92.649 Y79.762 E.00964
G1 X92.863 Y79.686 E.00728
G1 X93.124 Y79.702 E.00841
G1 X93.564 Y79.956 E.01633
G1 X94.121 Y80.204 E.01963
G1 X94.703 Y80.327 E.01911
G1 X95.297 Y80.327 E.01911
G1 X95.879 Y80.204 E.01911
G1 X96.426 Y79.96 E.01927
G1 X97.005 Y79.505 E.0237
G1 X97.37 Y79.062 E.01844
G1 X97.609 Y78.621 E.01613
G1 X97.781 Y78.091 E.01792
G1 X97.843 Y77.5 E.01911
G1 X97.781 Y76.909 E.01911
G1 X97.597 Y76.344 E.0191
G1 X97.261 Y75.763 E.02159
G1 X97.18 Y75.498 E.0089
G1 X97.219 Y75.239 E.00841
G1 X97.269 Y75.139 E.00361
G1 X97.472 Y74.935 E.00925
G1 X97.79 Y74.846 E.0106
G1 X122.21 Y74.846 E.78528
G1 X122.528 Y74.936 E.01061
G1 X122.758 Y75.187 E.01094
G1 X122.82 Y75.49 E.00996
G1 X122.79 Y75.59 E.00335
G1 X122.384 Y75.511 F9000
;TYPE:Outer wall
G1 F2400
G1 X122.09 Y76.028 E.01915
G1 X121.98 Y76.257 E.00815
G1 X121.798 Y76.819 E.01902
G1 X121.726 Y77.5 E.02201
G1 X121.798 Y78.181 E.02201
G1 X122.009 Y78.832 E.02201
G1 X122.351 Y79.424 E.02201
G1 X122.809 Y79.933 E.02201
G1 X123.363 Y80.335 E.02201
G1 X123.988 Y80.614 E.02201
G1 X124.659 Y80.756 E.02206
G1 X125.183 Y80.765 E.01686
G1 X125.758 Y80.677 E.0187
G1 X126.332 Y80.491 E.01938
G1 X126.952 Y80.132 E.02304
G1 X127.1 Y80.117 E.00479
G1 X127.198 Y80.194 E.00402
G1 X127.225 Y80.29 E.00319
G1 X127.225 Y139.71 E1.91075
G1 X127.198 Y139.805 E.00316
G1 X127.071 Y139.89 E.00493
G1 X126.944 Y139.863 E.00419
G1 X126.453 Y139.583 E.01819
G1 X125.922 Y139.367 E.01841
G1 X125.342 Y139.244 E.01906
G1 X124.658 Y139.244 E.02201
G1 X123.988 Y139.386 E.02201
G1 X123.363 Y139.665 E.02201
G1 X122.809 Y140.067 E.02201
G1 X122.351 Y140.576 E.02201
G1 X122.009 Y141.168 E.02201
G1 X121.798 Y141.819 E.02201
G1 X121.726 Y142.5 E.02201
G1 X121.798 Y143.181 E.02201
G1 X122.009 Y143.832 E.02201
G1 X122.368 Y144.452 E.02304
G1 X122.381 Y144.605 E.00496
G1 X122.305 Y144.698 E.00387
G1 X122.21 Y144.725 E.00316
G1 X97.79 Y144.725 E.78528
G1 X97.634 Y144.638 E.00573
G1 X97.616 Y144.489 E.00481
G1 X97.917 Y143.953 E.0198
G1 X98.133 Y143.421 E.01845
G1 X98.256 Y142.842 E.01902
G1 X98.256 Y142.158 E.02201
G1 X98.114 Y141.488 E.02201
G1 X97.835 Y140.862 E.02206
G1 X97.533 Y140.433 E.01686
G1 X97.125 Y140.019 E.01869
G1 X96.637 Y139.665 E.01939
G1 X96.012 Y139.386 E.02201
G1 X95.341 Y139.244 E.02206
G1 X94.817 Y139.235 E.01686
G1 X94.241 Y139.323 E.01873
G1 X93.668 Y139.509 E.01935
G1 X93.048 Y139.868 E.02304
G1 X92.893 Y139.881 E.00502
G1 X92.802 Y139.805 E.00381
G1 X92.775 Y139.71 E.00316
G1 X92.775 Y80.29 E1.91075
G1 X92.865 Y80.132 E.00583
G1 X93.007 Y80.115 E.00459
G1 X93.575 Y80.43 E.02091
G1 X94.078 Y80.633 E.01744
G1 X94.658 Y80.756 E.01905
G1 X95.342 Y80.756 E.02201
G1 X96.012 Y80.614 E.02201
G1 X96.638 Y80.335 E.02206
G1 X97.067 Y80.033 E.01686
G1 X97.433 Y79.691 E.01611
G1 X97.749 Y79.27 E.01692
G1 X98.016 Y78.753 E.01872
G1 X98.202 Y78.181 E.01937
G1 X98.274 Y77.5 E.02201
G1 X98.202 Y76.819 E.02201
G1 X97.991 Y76.168 E.02201
G1 X97.632 Y75.548 E.02304
G1 X97.62 Y75.392 E.00504
G1 X97.695 Y75.302 E.00379
G1 X97.79 Y75.275 E.00316
G1 X122.21 Y75.275 E.78528
G1 X122.366 Y75.362 E.00573
G1 X122.379 Y75.471 E.00352
G1 E-2.8 F3600
;WIPE_START
G1 F2400
G1 X122.09 Y76.028 E-.7536
G1 X121.98 Y76.257 E-.30399
G1 X121.944 Y76.37 E-.14241
;WIPE_END
G1 Z4.4 F9000
G1 X93.073 Y142.722 Z4.4
G1 Z4
G1 E4 F2400
;TYPE:Inner wall
G1 X93.057 Y142.386 E.01082
G1 X93.178 Y141.801 E.0192
G1 X93.48 Y141.284 E.01928
G1 X93.818 Y140.946 E.01536
G1 X94.265 Y140.692 E.01652
G1 X94.794 Y140.566 E.01748
G1 X95.183 Y140.577 E.01251
G1 X95.663 Y140.665 E.01571
G1 X96.03 Y140.843 E.01312
G1 X96.353 Y141.093 E.01312
G1 X96.615 Y141.405 E.01312
G1 X96.808 Y141.765 E.01312
G1 X96.924 Y142.208 E.01473
G1 X96.935 Y142.713 E.01626
G1 X96.84 Y143.087 E.01238
G1 X96.657 Y143.53 E.01544
G1 X96.407 Y143.853 E.01312
G1 X96.095 Y144.115 E.01312
G1 X95.735 Y144.308 E.01312
G1 X95.343 Y144.421 E.01312
G1 X94.936 Y144.45 E.01312
G1 X94.489 Y144.381 E.01454
M73 P72 R12
G1 X94.105 Y144.228 E.01328
G1 X93.688 Y143.938 E.01633
G1 X93.467 Y143.678 E.011
G1 X93.195 Y143.244 E.01647
G1 X93.079 Y142.843 E.01341
G1 X93.075 Y142.762 E.00262
G1 X93.497 Y142.702 F9000
;TYPE:Outer wall
G1 F2400
G1 X93.478 Y142.466 E.00761
G1 X93.579 Y141.952 E.01684
G1 X93.846 Y141.507 E.01671
G1 X94.119 Y141.256 E.01192
G1 X94.412 Y141.096 E.01072
G1 X94.911 Y140.98 E.01646
G1 X95.438 Y141.042 E.01708
G1 X95.779 Y141.189 E.01192
G1 X96.034 Y141.38 E.01025
G1 X96.31 Y141.734 E.01443
G1 X96.492 Y142.183 E.01558
G1 X96.506 Y142.709 E.01694
G1 X96.335 Y143.232 E.01768
G1 X96.12 Y143.534 E.01192
G1 X95.881 Y143.744 E.01025
G1 X95.603 Y143.9 E.01025
G1 X95.298 Y143.995 E.01025
G1 X94.981 Y144.024 E.01025
G1 X94.622 Y143.973 E.01167
G1 X94.35 Y143.877 E.00928
G1 X93.942 Y143.593 E.01599
G1 X93.623 Y143.15 E.01754
G1 X93.505 Y142.798 E.01192
G1 X93.501 Y142.742 E.00183
G1 E-2.8 F3600
;WIPE_START
G1 F2400
G1 X93.478 Y142.466 E-.33209
G1 X93.579 Y141.952 E-.6285
G1 X93.681 Y141.781 E-.23941
;WIPE_END
G1 Z4.4 F9000
G1 X126.813 Y143.196 Z4.4
G1 Z4
G1 E4 F2400
;TYPE:Inner wall
G1 X126.756 Y143.352 E.00534
G1 X126.533 Y143.707 E.01349
G1 X126.215 Y144.02 E.01434
G1 X125.744 Y144.305 E.01772
G1 X125.343 Y144.421 E.01341
G1 X124.936 Y144.45 E.01312
G1 X124.532 Y144.395 E.01312
G1 X124.148 Y144.256 E.01312
G1 X123.78 Y144.019 E.01408
G1 X123.385 Y143.595 E.01864
G1 X123.192 Y143.235 E.01314
G1 X123.079 Y142.843 E.01312
G1 X123.05 Y142.436 E.01312
G1 X123.105 Y142.032 E.01312
G1 X123.244 Y141.648 E.01312
G1 X123.481 Y141.28 E.01408
G1 X123.778 Y140.982 E.01355
G1 X124.205 Y140.715 E.01619
G1 X124.794 Y140.566 E.01952
G1 X125.191 Y140.578 E.01279
G1 X125.663 Y140.665 E.01544
G1 X126.03 Y140.843 E.01312
G1 X126.353 Y141.093 E.01312
G1 X126.615 Y141.405 E.01312
G1 X126.808 Y141.765 E.01312
G1 X126.921 Y142.157 E.01312
G1 X126.95 Y142.564 E.01312
G1 X126.881 Y143.011 E.01454
G1 X126.827 Y143.158 E.00505
G1 X126.415 Y143.049 F9000
;TYPE:Outer wall
G1 F2400
G1 X126.385 Y143.137 E.00299
G1 X126.214 Y143.42 E.01062
G1 X125.982 Y143.661 E.01076
G1 X125.603 Y143.9 E.01441
G1 X125.298 Y143.995 E.01025
G1 X124.981 Y144.024 E.01025
G1 X124.664 Y143.987 E.01025
G1 X124.363 Y143.885 E.01025
G1 X124.083 Y143.716 E.01051
G1 X123.756 Y143.381 E.01507
G1 X123.6 Y143.103 E.01025
G1 X123.505 Y142.798 E.01025
G1 X123.476 Y142.481 E.01025
G1 X123.513 Y142.164 E.01025
G1 X123.615 Y141.863 E.01025
G1 X123.784 Y141.583 E.01051
G1 X124.082 Y141.285 E.01355
G1 X124.463 Y141.084 E.01385
G1 X124.957 Y140.98 E.01623
G1 X125.453 Y141.044 E.01609
G1 X125.779 Y141.189 E.01146
G1 X126.034 Y141.38 E.01025
G1 X126.244 Y141.619 E.01025
G1 X126.4 Y141.897 E.01025
G1 X126.495 Y142.202 E.01025
G1 X126.524 Y142.519 E.01025
G1 X126.473 Y142.878 E.01167
G1 X126.428 Y143.012 E.00453
G1 E-2.8 F3600
;WIPE_START
G1 F2400
G1 X126.385 Y143.137 E-.15943
G1 X126.214 Y143.42 E-.39633
G1 X125.982 Y143.661 E-.40163
G1 X125.811 Y143.769 E-.24261
;WIPE_END
G1 Z4.4 F9000
G1 X127.054 Y140.622 Z4.4
G1 Z4
G1 E4 F2400
;TYPE:Sparse infill
;WIDTH:0.45
G1 F3600
G1 X126.774 Y140.587 E.00908
G1 X126.599 Y140.512 E.00612
G1 X126.29 Y140.314 E.01179
G1 X125.784 Y140.088 E.01783
G1 X125.556 Y140.04 E.0075
G1 X125.305 Y140.291 E.01141
G1 X125.044 Y140.251 E.00848
G1 X124.78 Y140.257 E.0085
G1 X124.237 Y140.383 E.01791
G1 X124.002 Y140.476 E.00815
G1 X123.67 Y140.673 E.01241
G1 X123.231 Y141.1 E.01968
G1 X123.122 Y141.249 E.00595
G1 X122.936 Y141.581 E.01223
G1 X122.813 Y141.945 E.01237
G1 X122.745 Y142.408 E.01502
G1 X122.773 Y142.823 E.01338
G1 X122.531 Y143.064 E.01097
G1 X122.683 Y143.531 E.0158
G1 X123.025 Y144.124 E.02202
G1 X123.122 Y144.444 E.01074
G1 X123.119 Y144.562 E.00381
G1 X128.847 Y144.163 F9000
;TYPE:Internal solid infill
;WIDTH:0.446582
G1 F3000
G1 X127.66 Y145.36 E.05376
G1 X127.241 Y145.748 E.01821
G1 X126.63 Y146.359 E.02756
G1 X126.918 Y146.296 E.0094
G1 X127.472 Y146.049 E.01935
G1 X127.936 Y145.684 E.01885
G1 X128.355 Y145.237 E.01951
G1 X128.669 Y144.703 E.01977
G1 X128.834 Y144.201 E.01685
G1 X129.211 Y143.248 F9000
;WIDTH:0.490716
G1 F3000
G1 X125.921 Y146.538 E.16459
G1 X125.835 Y146.538 E.00305
G1 X125.816 Y146.52 E.00095
G1 X125.307 Y146.52 E.01801
G1 X129.182 Y142.644 E.19388
G1 E-2.8 F3600
;WIPE_START
G1 F3000
G1 X128.475 Y143.351 E-1.2
;WIPE_END
G1 Z4.4 F9000
G1 X97.416 Y141.736 Z4.4
G1 Z4
G1 E4 F2400
;TYPE:Sparse infill
;WIDTH:0.45
G1 F3600
G1 X97.522 Y142.235 E.01639
G1 X97.522 Y142.765 E.01705
G1 X97.388 Y143.337 E.01888
G1 X95.982 Y144.743 E.06393
G1 X95.509 Y144.897 E.016
G1 X95 Y144.95 E.01647
G1 X94.491 Y144.897 E.01647
G1 X94.389 Y144.864 E.00343
G1 E-3
;WIPE_START
G1 X94.491 Y144.897 E-.10654
G1 X95 Y144.95 E-.5122
G1 X95.379 Y144.91 E-.38126
;WIPE_END
G1 Z4.4 F9000
G1 X91.514 Y80.113 Z4.4
G1 Z4
G1 E4 F2400
;TYPE:Internal solid infill
;WIDTH:0.521299
G1 F3000
G1 X91.64 Y79.692 E.01661
G1 X91.805 Y79.411 E.01233
G1 X91.985 Y79.23 E.00964
G1 X91.964 Y78.786 E.01678
;WIDTH:0.493238
G1 X91.899 Y78.515 E.00992
;WIDTH:0.449687
G1 X91.835 Y78.244 E.00896
;WIDTH:0.409775
G1 X91.764 Y77.583 E.01926
G1 X91.446 Y77.901 E.01302
;WIDTH:0.420888
G1 X91.465 Y78.22 E.00955
;WIDTH:0.458538
G1 X91.484 Y78.539 E.0105
;WIDTH:0.51131
G1 X91.503 Y78.859 E.01184
G1 X91.505 Y79.674 E.03016
;WIDTH:0.519476
G1 X91.513 Y80.073 E.01504
G1 X91.939 Y80.29 F9000
;WIDTH:0.449999
G1 F3000
G1 X92.066 Y79.812 E.0159
G1 X92.433 Y79.419 E.01729
G1 X92.411 Y78.742 E.02178
G1 X92.212 Y78.123 E.02093
G1 X92.144 Y77.531 E.01915
G1 X92.204 Y76.918 E.0198
G1 X92.368 Y76.438 E.01632
G1 X91.106 Y77.7 E.05739
G1 X91.063 Y77.7 E.00136
G1 X91.063 Y143.472 E2.115
G1 X91.135 Y144.04 E.01839
G1 X91.242 Y144.471 E.01429
G1 X91.462 Y144.966 E.01741
G1 X91.822 Y145.461 E.01969
G1 X92.277 Y145.871 E.0197
G1 X92.808 Y146.178 E.0197
G1 X93.391 Y146.367 E.0197
G1 X94.054 Y146.437 E.02146
G1 X124.885 Y146.437 E.99139
G1 X124.885 Y146.394 E.00136
G1 X126.185 Y145.094 E.05912
G1 X125.878 Y145.219 E.01065
G1 X125.329 Y145.337 E.01805
G1 X124.732 Y145.344 E.0192
G1 X124.111 Y145.217 E.02039
G1 X123.616 Y145.066 E.01664
G1 X123.083 Y145.064 E.01714
G1 X122.705 Y145.429 E.01689
G1 X122.332 Y145.561 E.01274
G1 X97.79 Y145.561 E.78918
G1 X97.311 Y145.434 E.01591
G1 X96.917 Y145.063 E.01741
G1 X96.392 Y145.064 E.01688
G1 X95.623 Y145.288 E.02575
G1 X95.031 Y145.356 E.01917
G1 X94.418 Y145.296 E.0198
G1 X93.375 Y144.929 E.03555
G1 X93.077 Y144.753 E.01113
G1 X92.842 Y144.533 E.01035
G1 X92.561 Y144.1 E.01662
G1 X92.334 Y143.496 E.02074
G1 X92.204 Y143.082 E.01395
G1 X92.144 Y142.531 E.01784
G1 X92.204 Y141.918 E.01979
G1 X92.405 Y141.228 E.02311
G1 X92.436 Y140.583 E.02078
G1 X92.071 Y140.205 E.01689
G1 X91.939 Y139.832 E.01273
G1 X91.939 Y80.33 E1.91337
G1 E-2.8 F3600
;WIPE_START
G1 F3000
G1 X91.939 Y81.33 E-1.2
;WIPE_END
G1 Z4.4 F9000
G1 X96.721 Y74.49 Z4.4
G1 Z4
G1 E4 F2400
;WIDTH:0.527714
G1 F3000
G1 X96.909 Y74.303 E.01016
G1 X97.138 Y74.155 E.01045
G1 X97.536 Y74.013 E.0162
G1 X96.787 Y74.008 E.02871
;WIDTH:0.499836
G1 X96.286 Y73.983 E.01809
;WIDTH:0.45008
G1 X95.785 Y73.958 E.01612
;WIDTH:0.407163
G1 X95.4 Y73.947 E.01108
G1 X95.082 Y74.266 E.01297
G1 X95.622 Y74.318 E.01563
;WIDTH:0.429876
G1 X95.881 Y74.372 E.00807
;WIDTH:0.467644
G1 X96.14 Y74.426 E.00886
;WIDTH:0.506056
G1 X96.398 Y74.479 E.00966
G1 X96.681 Y74.489 E.01034
G1 X97.536 Y74.013 F9000
;WIDTH:0.511619
G1 F3000
G1 X122.347 Y74.012 E.91857
G1 X128.55 Y76.873 F9000
;WIDTH:0.476411
G1 F3000
G1 X128.43 Y75.991 E.03049
;WIDTH:0.521731
G1 X128.276 Y75.529 E.0184
G1 X128.132 Y75.239 E.01224
G1 X127.827 Y74.821 E.01959
G1 X127.438 Y74.478 E.01962
G1 X126.987 Y74.222 E.01962
G1 X126.49 Y74.061 E.01975
;WIDTH:0.499532
G1 X126.242 Y74.019 E.00907
;WIDTH:0.471088
G1 X125.994 Y73.978 E.0085
;WIDTH:0.437885
G1 X125.553 Y73.959 E.01378
;WIDTH:0.396873
G1 X125.112 Y73.94 E.01235
G1 X124.364 Y73.954 E.02092
;WIDTH:0.427284
G1 X124.115 Y73.972 E.00757
;WIDTH:0.463438
G1 X123.866 Y73.99 E.00829
;WIDTH:0.515768
G1 X123.617 Y74.008 E.00932
G1 X122.827 Y74.011 E.02954
;WIDTH:0.525386
G1 X122.387 Y74.015 E.01677
G1 X122.809 Y74.138 E.01677
G1 X123.092 Y74.304 E.01249
G1 X123.28 Y74.492 E.01017
G1 X123.69 Y74.471 E.01565
;WIDTH:0.494915
G1 X123.972 Y74.404 E.01033
;WIDTH:0.449405
G1 X124.253 Y74.337 E.00929
;WIDTH:0.399479
G1 X124.978 Y74.276 E.02048
G1 X125.623 Y74.319 E.0182
;WIDTH:0.426578
G1 X125.877 Y74.385 E.00796
;WIDTH:0.461448
G1 X126.131 Y74.451 E.00869
;WIDTH:0.514157
G1 X126.386 Y74.517 E.00978
G1 X126.845 Y74.687 E.01823
G1 X127.218 Y74.916 E.01629
G1 X127.524 Y75.215 E.01595
G1 X127.843 Y75.722 E.02228
G1 X128.069 Y76.372 E.02561
;WIDTH:0.465875
G1 X128.126 Y76.632 E.00891
;WIDTH:0.428539
G1 X128.184 Y76.893 E.00812
;WIDTH:0.395835
G1 X128.227 Y77.429 E.01501
G1 X128.182 Y78.122 E.01936
;WIDTH:0.429972
G1 X128.128 Y78.381 E.00808
;WIDTH:0.467756
G1 X128.074 Y78.64 E.00886
;WIDTH:0.525867
G1 X128.021 Y78.898 E.01008
G1 X128.01 Y79.237 E.01295
G1 X128.17 Y79.382 E.00824
G1 X128.36 Y79.687 E.01372
G1 X128.486 Y80.112 E.0169
G1 X128.492 Y79.238 E.03332
;WIDTH:0.49998
G1 X128.517 Y78.762 E.01723
;WIDTH:0.450202
G1 X128.542 Y78.285 E.01535
;WIDTH:0.40417
G1 X128.564 Y77.568 E.02047
G1 X128.55 Y76.913 E.01871
G1 X128.486 Y80.112 F9000
;WIDTH:0.51194
G1 F3000
G1 X128.499 Y80.29 E.00661
G1 X128.489 Y139.924 E2.20939
G1 X128.061 Y139.71 F9000
;WIDTH:0.449999
G1 F3000
G1 X128.035 Y139.923 E.00688
G1 X127.882 Y140.277 E.01242
G1 X127.563 Y140.583 E.01421
G1 X127.564 Y141.108 E.01688
G1 X127.788 Y141.877 E.02575
G1 X127.856 Y142.469 E.01917
G1 X127.796 Y143.082 E.0198
G1 X127.585 Y143.694 E.02082
G1 X128.894 Y142.385 E.05953
G1 X128.937 Y142.385 E.00136
G1 X128.937 Y76.544 E2.1172
G1 X128.866 Y75.962 E.01885
G1 X128.758 Y75.529 E.01435
G1 X128.538 Y75.035 E.01739
G1 X128.178 Y74.539 E.0197
G1 X127.723 Y74.129 E.0197
G1 X127.192 Y73.822 E.0197
G1 X126.607 Y73.632 E.01979
G1 X126.017 Y73.567 E.01909
G1 X95.2 Y73.564 E.99097
G1 X95.2 Y73.606 E.00135
G1 X93.955 Y74.85 E.05661
G1 X94.435 Y74.701 E.01618
G1 X94.996 Y74.646 E.01813
G1 X95.582 Y74.704 E.01891
G1 X96.272 Y74.905 E.02311
G1 X96.917 Y74.936 E.02078
G1 X97.295 Y74.571 E.01688
G1 X97.668 Y74.439 E.01274
G1 X122.21 Y74.439 E.78918
G1 X122.689 Y74.566 E.01592
G1 X123.083 Y74.937 E.0174
G1 X123.608 Y74.936 E.01688
G1 X124.375 Y74.713 E.02568
G1 X125.013 Y74.647 E.02064
G1 X125.582 Y74.703 E.01836
G1 X126.625 Y75.071 E.03556
G1 X126.924 Y75.247 E.01116
G1 X127.153 Y75.46 E.01005
G1 X127.44 Y75.902 E.01695
G1 X127.665 Y76.502 E.02061
G1 X127.799 Y76.934 E.01455
G1 X127.856 Y77.469 E.0173
G1 X127.796 Y78.082 E.0198
G1 X127.595 Y78.772 E.02311
G1 X127.564 Y79.434 E.02134
G1 X127.932 Y79.808 E.01688
G1 X128.061 Y80.29 E.01602
G1 X128.061 Y139.67 E1.90946
G1 X128.488 Y139.964 F9000
;WIDTH:0.526145
G1 F3000
G1 X128.345 Y140.362 E.01615
G1 X128.009 Y140.781 E.02051
G1 X128.03 Y141.19 E.01565
;WIDTH:0.496662
G1 X128.097 Y141.473 E.0104
;WIDTH:0.451019
G1 X128.165 Y141.755 E.00936
;WIDTH:0.406016
G1 X128.235 Y142.506 E.02163
G1 X128.556 Y142.185 E.01302
;WIDTH:0.417741
G1 X128.536 Y141.829 E.01056
;WIDTH:0.458438
G1 X128.515 Y141.473 E.0117
;WIDTH:0.514931
G1 X128.495 Y141.117 E.01329
G1 X128.492 Y140.389 E.02715
;WIDTH:0.525851
G1 X128.488 Y140.004 E.01469
G1 X127.152 Y144.325 F9000
;WIDTH:0.38292
G1 F3000
G1 X126.769 Y144.693 E.01427
G1 X123.28 Y145.509 F9000
;WIDTH:0.5264
G1 F3000
G1 X123.092 Y145.697 E.01016
G1 X122.862 Y145.845 E.01043
G1 X122.464 Y145.988 E.01616
G1 X124.658 Y145.992 E.08382
G1 X124.863 Y145.788 E.01103
G1 X124.598 Y145.774 E.01013
G1 X124.019 Y145.652 E.02259
G1 X123.512 Y145.51 E.0201
G1 X123.32 Y145.509 E.00735
G1 X122.464 Y145.988 F9000
;WIDTH:0.51209
G1 F3000
G1 X97.653 Y145.989 E.91951
G1 E-2.8 F3600
;WIPE_START
G1 F3000
G1 X98.653 Y145.989 E-1.2
;WIPE_END
G1 Z4.4 F9000
G1 X91.512 Y139.964 Z4.4
G1 Z4
G1 E4 F2400
;WIDTH:0.529397
G1 F3000
G1 X91.508 Y140.713 E.02879
;WIDTH:0.49998
G1 X91.483 Y141.214 E.01811
;WIDTH:0.450201
G1 X91.458 Y141.715 E.01613
;WIDTH:0.399679
G1 X91.436 Y142.431 E.0202
G1 X91.451 Y143.144 E.0201
;WIDTH:0.429437
G1 X91.476 Y143.426 E.00863
;WIDTH:0.465867
G1 X91.5 Y143.707 E.00944
;WIDTH:0.520872
G1 X91.63 Y144.244 E.02084
G1 X91.842 Y144.716 E.01956
G1 X92.139 Y145.141 E.01957
G1 X92.521 Y145.493 E.01959
G1 X92.967 Y145.758 E.01959
G1 X93.459 Y145.928 E.01963
;WIDTH:0.49707
G1 X93.762 Y145.979 E.01103
;WIDTH:0.463586
G1 X94.065 Y146.03 E.01022
;WIDTH:0.430401
G1 X94.498 Y146.047 E.01326
;WIDTH:0.396663
G1 X94.931 Y146.064 E.01211
G1 X95.644 Y146.049 E.01993
;WIDTH:0.429263
G1 X95.89 Y146.031 E.00754
;WIDTH:0.46535
G1 X96.137 Y146.013 E.00824
;WIDTH:0.517608
G1 X96.383 Y145.995 E.00926
G1 X97.174 Y145.992 E.02964
;WIDTH:0.527552
G1 X97.613 Y145.986 E.01683
G1 X97.191 Y145.863 E.01683
G1 X96.908 Y145.697 E.01255
G1 X96.719 Y145.509 E.01023
G1 X96.31 Y145.53 E.01569
;WIDTH:0.49666
G1 X96.027 Y145.597 E.0104
;WIDTH:0.451018
G1 X95.745 Y145.665 E.00936
;WIDTH:0.400367
G1 X95.071 Y145.727 E.01911
G1 X94.378 Y145.682 E.01962
;WIDTH:0.428205
G1 X94.122 Y145.615 E.00805
;WIDTH:0.462447
G1 X93.866 Y145.548 E.00876
;WIDTH:0.514086
G1 X93.61 Y145.482 E.00984
G1 X93.155 Y145.313 E.01806
G1 X92.782 Y145.084 E.01632
G1 X92.47 Y144.777 E.01626
G1 X92.158 Y144.279 E.02188
G1 X91.93 Y143.627 E.02569
;WIDTH:0.465867
G1 X91.874 Y143.376 E.00861
;WIDTH:0.429437
G1 X91.818 Y143.124 E.00787
;WIDTH:0.396174
G1 X91.773 Y142.571 E.01549
G1 X91.818 Y141.878 E.01939
;WIDTH:0.429971
G1 X91.872 Y141.619 E.00808
;WIDTH:0.46776
G1 X91.926 Y141.36 E.00887
;WIDTH:0.518084
G1 X91.979 Y141.102 E.00992
G1 X91.99 Y140.779 E.01211
G1 X91.803 Y140.591 E.00998
G1 X91.655 Y140.362 E.01024
G1 X91.526 Y140.001 E.01437
G1 X91.512 Y139.964 F9000
;WIDTH:0.511962
G1 F3000
G1 X91.511 Y80.153 E2.21604
G1 X92.946 Y79.378 F9000
;TYPE:Sparse infill
;WIDTH:0.45
G1 F3600
G1 X93.209 Y79.408 E.0085
G1 X93.421 Y79.5 E.00743
G1 X93.71 Y79.686 E.01106
G1 X94.216 Y79.912 E.01783
G1 X94.444 Y79.96 E.0075
G1 X94.677 Y79.727 E.01059
G1 X95.091 Y79.755 E.01333
G1 X95.47 Y79.71 E.01228
G1 X95.919 Y79.564 E.01517
G1 X96.317 Y79.336 E.01475
G1 X96.626 Y79.066 E.0132
G1 X96.729 Y78.951 E.00495
G1 X96.967 Y78.613 E.0133
G1 X97.208 Y77.957 E.02247
G1 X97.24 Y77.701 E.00828
G1 X97.226 Y77.178 E.01682
G1 X97.469 Y76.936 E.01102
G1 X97.317 Y76.469 E.01579
G1 X96.994 Y75.91 E.02075
G1 X96.908 Y75.708 E.00706
G1 X96.875 Y75.518 E.0062
G1 X96.879 Y75.439 E.00255
G1 X90.81 Y77.433 F9000
;TYPE:Internal solid infill
;WIDTH:0.511063
G1 F3000
G1 X94.763 Y73.481 E.20673
G1 X94.343 Y73.481 E.01555
G1 X94.079 Y73.503 E.00978
G1 X91.002 Y76.58 E.16095
G1 X91.037 Y76.148 E.01604
G1 X91.007 Y76.118 E.00156
G1 X91.031 Y75.889 E.00852
G1 X93.389 Y73.531 E.1233
G1 X92.766 Y73.729 E.02415
G1 X92.217 Y74.046 E.02345
G1 X91.058 Y75.2 E.06049
G1 E-2.8 F3600
M73 P73 R12
;WIPE_START
G1 F3000
G1 X91.767 Y74.494 E-1.2
;WIPE_END
G1 Z4.4 F9000
G1 X122.59 Y78.246 Z4.4
G1 Z4
G1 E4 F2400
;TYPE:Sparse infill
;WIDTH:0.45
G1 F3600
G1 X122.519 Y78.027 E.00738
G1 X122.464 Y77.5 E.01705
G1 X122.519 Y76.973 E.01705
G1 X122.624 Y76.651 E.01088
G1 X124.018 Y75.257 E.06338
G1 X124.488 Y75.104 E.01591
G1 X125.04 Y75.053 E.01782
G1 X125.509 Y75.103 E.01517
G1 X125.611 Y75.137 E.00347
; stop printing object Remote75T.stl id:0 copy 0
;LAYER_CHANGE
;Z:4.2
;HEIGHT:0.2
;BEFORE_LAYER_CHANGE
;4.2
G92 E0

G1 E-3 F3600
;WIPE_START
G1 X125.509 Y75.103 E-.10792
G1 X125.04 Y75.053 E-.47162
G1 X124.621 Y75.092 E-.42047
;WIPE_END
;_SET_FAN_SPEED_CHANGING_LAYER
; printing object Remote75T.stl id:0 copy 0
G1 Z4.6 F9000
G1 X91.386 Y145.554 Z4.6
G1 Z4.2
G1 E4 F2400
;TYPE:Inner wall
;WIDTH:0.449999
G1 X91.107 Y145.17 E.01526
G1 X90.823 Y144.532 E.02246
G1 X90.702 Y143.964 E.0187
G1 X90.656 Y143.483 E.01553
G1 X90.656 Y76.533 E2.15286
G1 X90.733 Y75.805 E.02353
G1 X90.948 Y75.141 E.02245
G1 X91.298 Y74.537 E.02246
G1 X91.765 Y74.018 E.02246
G1 X92.33 Y73.607 E.02245
G1 X92.968 Y73.323 E.02246
G1 X93.466 Y73.217 E.01637
G1 X94.017 Y73.156 E.01784
G1 X126.026 Y73.159 E1.02929
G1 X126.693 Y73.232 E.02158
G1 X127.359 Y73.448 E.0225
G1 X127.963 Y73.798 E.02245
G1 X128.482 Y74.265 E.02246
G1 X128.893 Y74.83 E.02246
G1 X129.18 Y75.475 E.02272
G1 X129.292 Y75.993 E.01703
G1 X129.344 Y76.591 E.0193
G1 X129.344 Y143.467 E2.15047
G1 X129.267 Y144.195 E.02353
G1 X129.052 Y144.858 E.02245
G1 X128.702 Y145.463 E.02246
G1 X128.235 Y145.982 E.02245
G1 X127.67 Y146.393 E.02246
G1 X127.032 Y146.677 E.02245
G1 X126.463 Y146.798 E.0187
G1 X125.983 Y146.844 E.01553
G1 X94.033 Y146.844 E1.02739
G1 X93.305 Y146.767 E.02353
G1 X92.642 Y146.552 E.02245
G1 X92.037 Y146.202 E.02246
G1 X91.518 Y145.735 E.02245
G1 X91.41 Y145.587 E.0059
G1 X91.04 Y145.806 F9000
;TYPE:Outer wall
G1 F2400
G1 X90.734 Y145.386 E.0167
G1 X90.413 Y144.665 E.02536
G1 X90.277 Y144.022 E.02114
G1 X90.228 Y143.494 E.01706
G1 X90.228 Y76.511 E2.15394
G1 X90.311 Y75.716 E.0257
M73 P73 R11
G1 X90.555 Y74.966 E.02535
G1 X90.949 Y74.283 E.02535
G1 X91.477 Y73.697 E.02535
G1 X92.114 Y73.234 E.02535
G1 X92.835 Y72.913 E.02535
G1 X93.478 Y72.777 E.02114
G1 X94.006 Y72.728 E.01706
G1 X126.049 Y72.731 E1.0304
G1 X126.784 Y72.811 E.02375
G1 X127.534 Y73.055 E.02536
G1 X128.217 Y73.449 E.02535
G1 X128.803 Y73.977 E.02535
G1 X129.266 Y74.614 E.02535
G1 X129.588 Y75.337 E.02542
G1 X129.719 Y75.952 E.02024
G1 X129.772 Y76.591 E.02062
G1 X129.772 Y143.489 E2.15119
G1 X129.689 Y144.284 E.0257
G1 X129.445 Y145.034 E.02534
G1 X129.051 Y145.717 E.02536
G1 X128.523 Y146.303 E.02535
G1 X127.886 Y146.766 E.02535
G1 X127.165 Y147.087 E.02535
G1 X126.522 Y147.223 E.02114
G1 X125.994 Y147.272 E.01706
G1 X94.011 Y147.272 E1.02847
G1 X93.216 Y147.189 E.0257
G1 X92.466 Y146.945 E.02534
G1 X91.783 Y146.551 E.02536
G1 X91.197 Y146.023 E.02535
G1 X91.063 Y145.838 E.00735
G1 E-2.8 F3600
;WIPE_START
G1 F2400
G1 X90.734 Y145.386 E-.67137
G1 X90.555 Y144.983 E-.52863
;WIPE_END
G1 Z4.6 F9000
G1 X126.018 Y75.843 Z4.6
G1 Z4.2
G1 E4 F2400
;TYPE:Inner wall
G1 X126.366 Y76.108 E.01407
G1 X126.68 Y76.52 E.01665
G1 X126.779 Y76.714 E.00701
G1 X126.946 Y77.36 E.02144
G1 X126.933 Y77.767 E.01312
G1 X126.835 Y78.163 E.01312
G1 X126.626 Y78.57 E.01469
G1 X126.228 Y79.018 E.01928
G1 X125.755 Y79.288 E.01752
G1 X125.405 Y79.404 E.01185
G1 X125 Y79.446 E.01309
G1 X124.595 Y79.404 E.01309
G1 X124.292 Y79.313 E.01019
G1 X123.852 Y79.072 E.01614
G1 X123.572 Y78.799 E.01256
G1 X123.279 Y78.42 E.01541
G1 X123.125 Y78.042 E.01312
G1 X123.054 Y77.64 E.01312
G1 X123.067 Y77.233 E.01312
G1 X123.165 Y76.837 E.01312
G1 X123.343 Y76.47 E.01312
G1 X123.593 Y76.147 E.01312
G1 X123.905 Y75.885 E.01312
G1 X124.313 Y75.679 E.01469
G1 X124.823 Y75.559 E.01684
G1 X125.492 Y75.617 E.02159
G1 X125.958 Y75.797 E.01606
G1 X125.986 Y75.819 E.00114
G1 X125.76 Y76.182 F9000
;TYPE:Outer wall
G1 F2400
G1 X125.779 Y76.189 E.00064
G1 X126.044 Y76.391 E.01071
G1 X126.352 Y76.799 E.01645
G1 X126.51 Y77.307 E.0171
G1 X126.514 Y77.678 E.01193
G1 X126.444 Y77.989 E.01025
G1 X126.301 Y78.29 E.01071
G1 X125.959 Y78.684 E.01676
G1 X125.503 Y78.937 E.01679
G1 X125.14 Y79.018 E.01193
G1 X124.684 Y78.985 E.0147
G1 X124.498 Y78.937 E.0062
G1 X124.035 Y78.678 E.01704
G1 X123.699 Y78.29 E.01651
G1 X123.544 Y77.953 E.01193
G1 X123.482 Y77.64 E.01025
G1 X123.513 Y77.193 E.01441
G1 X123.679 Y76.737 E.01561
G1 X123.88 Y76.466 E.01085
G1 X124.119 Y76.256 E.01025
G1 X124.412 Y76.096 E.01071
G1 X124.929 Y75.979 E.01704
G1 X125.438 Y76.042 E.01651
G1 X125.724 Y76.166 E.01001
G1 E-2.8 F3600
;WIPE_START
G1 F2400
G1 X125.779 Y76.189 E-.07191
G1 X126.044 Y76.391 E-.39983
G1 X126.352 Y76.799 E-.61397
G1 X126.381 Y76.89 E-.1143
;WIPE_END
G1 Z4.6 F9000
G1 X93.145 Y78.088 Z4.6
G1 Z4.2
G1 E4 F2400
;TYPE:Inner wall
G1 X93.125 Y78.042 E.00162
G1 X93.054 Y77.64 E.01312
G1 X93.067 Y77.233 E.01312
G1 X93.165 Y76.837 E.01312
G1 X93.343 Y76.47 E.01312
G1 X93.643 Y76.103 E.01522
G1 X93.905 Y75.885 E.01099
G1 X94.344 Y75.672 E.01568
G1 X94.929 Y75.55 E.01921
G1 X95.492 Y75.617 E.01825
G1 X95.92 Y75.779 E.01471
G1 X96.257 Y76.007 E.01308
G1 X96.637 Y76.444 E.01863
G1 X96.858 Y76.896 E.01619
G1 X96.946 Y77.36 E.01517
G1 X96.933 Y77.767 E.01312
G1 X96.835 Y78.163 E.01312
G1 X96.657 Y78.53 E.01312
G1 X96.407 Y78.853 E.01312
G1 X96.068 Y79.13 E.01408
G1 X95.604 Y79.358 E.01664
G1 X95.14 Y79.446 E.01517
G1 X94.733 Y79.433 E.01312
G1 X94.337 Y79.335 E.01312
G1 X93.97 Y79.157 E.01312
G1 X93.628 Y78.883 E.01408
G1 X93.312 Y78.484 E.01637
G1 X93.16 Y78.125 E.01253
G1 X93.538 Y77.922 F9000
;TYPE:Outer wall
G1 F2400
G1 X93.482 Y77.64 E.00924
G1 X93.486 Y77.322 E.01025
G1 X93.556 Y77.011 E.01025
G1 X93.689 Y76.721 E.01025
G1 X93.929 Y76.422 E.01235
G1 X94.28 Y76.163 E.01402
G1 X94.442 Y76.089 E.00573
G1 X94.952 Y75.98 E.01674
G1 X95.486 Y76.055 E.01734
G1 X95.779 Y76.189 E.01037
G1 X96.039 Y76.386 E.01051
G1 X96.33 Y76.754 E.01507
G1 X96.485 Y77.184 E.0147
G1 X96.517 Y77.659 E.01531
G1 X96.387 Y78.117 E.01531
G1 X96.133 Y78.521 E.01531
G1 X95.796 Y78.788 E.01384
G1 X95.471 Y78.951 E.01168
G1 X95.14 Y79.018 E.01086
G1 X94.693 Y78.987 E.01441
G1 X94.237 Y78.821 E.01561
G1 X93.961 Y78.614 E.01111
G1 X93.67 Y78.246 E.01507
G1 X93.548 Y77.961 E.00997
G1 E-2.8 F3600
;WIPE_START
G1 F2400
G1 X93.482 Y77.64 E-.39253
G1 X93.486 Y77.322 E-.38241
G1 X93.556 Y77.011 E-.38242
G1 X93.571 Y76.979 E-.04263
;WIPE_END
G1 Z4.6 F9000
G1 X122.779 Y75.628 Z4.6
G1 Z4.2
G1 E4 F2400
;TYPE:Inner wall
G1 X122.739 Y75.763 E.00452
G1 X122.403 Y76.344 E.02159
G1 X122.217 Y76.914 E.01928
G1 X122.169 Y77.648 E.02366
G1 X122.264 Y78.225 E.0188
G1 X122.474 Y78.778 E.01903
G1 X122.681 Y79.119 E.01282
G1 X122.923 Y79.434 E.01278
G1 X123.329 Y79.8 E.01757
G1 X123.844 Y80.097 E.01911
G1 X124.409 Y80.281 E.01911
G1 X125 Y80.343 E.01911
G1 X125.591 Y80.281 E.01911
G1 X126.156 Y80.097 E.0191
G1 X126.737 Y79.761 E.02159
G1 X127.088 Y79.681 E.01156
G1 X127.361 Y79.769 E.00925
G1 X127.565 Y79.972 E.00925
G1 X127.654 Y80.29 E.0106
G1 X127.654 Y139.71 E1.91075
G1 X127.564 Y140.029 E.01064
G1 X127.354 Y140.236 E.00947
G1 X127.107 Y140.318 E.00839
G1 X126.863 Y140.294 E.00787
G1 X126.404 Y140.03 E.01702
G1 X125.879 Y139.796 E.0185
G1 X125.297 Y139.673 E.01911
G1 X124.703 Y139.673 E.01911
G1 X124.121 Y139.796 E.01911
G1 X123.578 Y140.038 E.01911
G1 X123.098 Y140.387 E.01911
G1 X122.7 Y140.829 E.01911
G1 X122.403 Y141.344 E.01911
G1 X122.219 Y141.909 E.01911
G1 X122.157 Y142.5 E.01911
G1 X122.219 Y143.091 E.01911
G1 X122.403 Y143.656 E.0191
G1 X122.739 Y144.237 E.02159
G1 X122.82 Y144.51 E.00915
G1 X122.758 Y144.814 E.00997
G1 X122.528 Y145.064 E.01094
G1 X122.21 Y145.154 E.0106
G1 X97.79 Y145.154 E.78528
G1 X97.472 Y145.065 E.0106
G1 X97.262 Y144.851 E.00964
G1 X97.181 Y144.587 E.00887
G1 X97.261 Y144.237 E.01155
G1 X97.597 Y143.656 E.02159
G1 X97.781 Y143.091 E.0191
G1 X97.843 Y142.5 E.01911
G1 X97.781 Y141.909 E.01911
G1 X97.597 Y141.344 E.01911
G1 X97.3 Y140.829 E.01911
G1 X96.902 Y140.387 E.01911
G1 X96.422 Y140.038 E.01911
G1 X95.879 Y139.796 E.01911
G1 X95.292 Y139.671 E.01929
G1 X94.746 Y139.677 E.01754
G1 X94.372 Y139.731 E.01215
G1 X93.844 Y139.903 E.01787
G1 X93.263 Y140.239 E.02159
G1 X92.998 Y140.32 E.0089
G1 X92.739 Y140.281 E.00841
G1 X92.639 Y140.231 E.00361
G1 X92.435 Y140.028 E.00925
G1 X92.346 Y139.71 E.0106
G1 X92.346 Y80.29 E1.91075
G1 X92.435 Y79.972 E.0106
G1 X92.649 Y79.762 E.00964
G1 X92.895 Y79.682 E.0083
G1 X93.107 Y79.698 E.00685
G1 X94.022 Y80.155 E.03288
G1 X94.587 Y80.304 E.01879
G1 X95.148 Y80.331 E.01807
G1 X95.725 Y80.236 E.0188
G1 X96.073 Y80.117 E.01181
G1 X96.53 Y79.883 E.01652
G1 X96.934 Y79.578 E.01628
G1 X97.3 Y79.171 E.0176
G1 X97.597 Y78.656 E.01911
G1 X97.781 Y78.091 E.01911
G1 X97.843 Y77.5 E.01911
G1 X97.781 Y76.909 E.01911
G1 X97.597 Y76.344 E.0191
G1 X97.261 Y75.763 E.02159
G1 X97.18 Y75.497 E.00892
G1 X97.219 Y75.239 E.00839
G1 X97.269 Y75.139 E.00361
G1 X97.472 Y74.935 E.00925
G1 X97.79 Y74.846 E.0106
G1 X122.21 Y74.846 E.78528
G1 X122.528 Y74.936 E.01061
G1 X122.758 Y75.187 E.01094
G1 X122.82 Y75.49 E.00996
G1 X122.79 Y75.59 E.00335
G1 X122.384 Y75.511 F9000
;TYPE:Outer wall
G1 F2400
G1 X122.126 Y75.966 E.01685
G1 X121.937 Y76.389 E.01489
G1 X121.787 Y76.905 E.01726
G1 X121.736 Y77.39 E.01569
G1 X121.761 Y77.923 E.01715
G1 X121.886 Y78.512 E.01936
G1 X122.165 Y79.137 E.02201
G1 X122.567 Y79.691 E.02201
G1 X123.076 Y80.149 E.02201
G1 X123.668 Y80.491 E.02201
G1 X124.319 Y80.702 E.02201
G1 X125 Y80.774 E.02201
G1 X125.681 Y80.702 E.02201
G1 X126.332 Y80.491 E.02201
G1 X126.952 Y80.132 E.02304
G1 X127.108 Y80.12 E.00504
G1 X127.198 Y80.195 E.00379
G1 X127.225 Y80.29 E.00316
G1 X127.225 Y139.71 E1.91075
G1 X127.198 Y139.805 E.00317
G1 X127.062 Y139.891 E.00519
G1 X126.944 Y139.863 E.00391
G1 X126.453 Y139.583 E.01819
G1 X125.922 Y139.367 E.01841
G1 X125.342 Y139.244 E.01906
G1 X124.658 Y139.244 E.02201
G1 X123.988 Y139.386 E.02201
G1 X123.363 Y139.665 E.02201
G1 X122.809 Y140.067 E.02201
G1 X122.351 Y140.576 E.02201
G1 X122.009 Y141.168 E.02201
G1 X121.798 Y141.819 E.02201
G1 X121.726 Y142.5 E.02201
G1 X121.798 Y143.181 E.02201
G1 X122.009 Y143.832 E.02201
G1 X122.369 Y144.454 E.02313
G1 X122.381 Y144.605 E.00487
G1 X122.305 Y144.698 E.00387
G1 X122.21 Y144.725 E.00316
G1 X97.79 Y144.725 E.78528
G1 X97.632 Y144.635 E.00583
M73 P74 R11
G1 X97.618 Y144.481 E.00495
G1 X97.944 Y143.912 E.02111
G1 X98.131 Y143.402 E.01746
G1 X98.227 Y142.95 E.01487
G1 X98.264 Y142.408 E.01744
G1 X98.202 Y141.819 E.01905
G1 X97.991 Y141.168 E.02201
G1 X97.649 Y140.576 E.02201
G1 X97.191 Y140.067 E.02201
G1 X96.637 Y139.665 E.02201
G1 X96.012 Y139.386 E.02201
G1 X95.341 Y139.244 E.02206
G1 X94.829 Y139.235 E.01646
G1 X94.321 Y139.297 E.01646
G1 X93.668 Y139.509 E.02206
G1 X93.048 Y139.868 E.02304
G1 X92.892 Y139.88 E.00504
G1 X92.802 Y139.805 E.00379
G1 X92.775 Y139.71 E.00316
G1 X92.775 Y80.29 E1.91075
G1 X92.865 Y80.132 E.00583
G1 X93.002 Y80.113 E.00443
G1 X93.466 Y80.374 E.01714
G1 X93.889 Y80.563 E.01489
G1 X94.405 Y80.713 E.01726
G1 X94.89 Y80.764 E.01569
G1 X95.423 Y80.739 E.01715
G1 X96.012 Y80.614 E.01936
G1 X96.637 Y80.335 E.02201
G1 X97.191 Y79.933 E.02201
G1 X97.649 Y79.424 E.02201
G1 X97.991 Y78.832 E.02201
G1 X98.202 Y78.181 E.02201
G1 X98.274 Y77.5 E.02201
G1 X98.202 Y76.819 E.02201
G1 X97.991 Y76.168 E.02201
G1 X97.632 Y75.548 E.02304
G1 X97.62 Y75.392 E.00504
G1 X97.695 Y75.302 E.00379
G1 X97.79 Y75.275 E.00316
G1 X122.21 Y75.275 E.78528
G1 X122.366 Y75.362 E.00573
G1 X122.379 Y75.471 E.00353
G1 E-2.8 F3600
;WIPE_START
G1 F2400
G1 X122.126 Y75.966 E-.66781
G1 X121.945 Y76.372 E-.53219
;WIPE_END
G1 Z4.6 F9000
G1 X93.072 Y142.746 Z4.6
G1 Z4.2
G1 E4 F2400
;TYPE:Inner wall
G1 X93.054 Y142.64 E.00346
G1 X93.067 Y142.233 E.01312
G1 X93.165 Y141.837 E.01312
G1 X93.343 Y141.47 E.01312
G1 X93.593 Y141.147 E.01312
G1 X93.905 Y140.885 E.01312
G1 X94.313 Y140.679 E.01469
G1 X94.854 Y140.555 E.01785
G1 X95.492 Y140.617 E.02061
G1 X95.977 Y140.808 E.01675
G1 X96.353 Y141.093 E.01517
G1 X96.63 Y141.432 E.01408
G1 X96.858 Y141.896 E.01664
G1 X96.946 Y142.36 E.01517
G1 X96.933 Y142.767 E.01312
G1 X96.813 Y143.208 E.01469
G1 X96.572 Y143.649 E.01616
G1 X96.442 Y143.806 E.00655
G1 X95.991 Y144.184 E.01892
G1 X95.542 Y144.375 E.01568
G1 X95.11 Y144.445 E.01408
G1 X94.532 Y144.395 E.01866
G1 X94.148 Y144.256 E.01312
G1 X93.793 Y144.033 E.01349
G1 X93.563 Y143.824 E.00998
G1 X93.279 Y143.42 E.01588
G1 X93.125 Y143.042 E.01312
G1 X93.08 Y142.786 E.00837
G1 X93.489 Y142.672 F9000
;TYPE:Outer wall
G1 F2400
G1 X93.482 Y142.64 E.00105
G1 X93.486 Y142.322 E.01025
G1 X93.556 Y142.011 E.01025
G1 X93.689 Y141.721 E.01025
G1 X93.88 Y141.466 E.01025
G1 X94.119 Y141.256 E.01025
G1 X94.412 Y141.096 E.01071
G1 X94.906 Y140.98 E.01634
G1 X95.438 Y141.042 E.01721
G1 X95.779 Y141.189 E.01193
G1 X96.034 Y141.38 E.01025
G1 X96.248 Y141.627 E.01051
G1 X96.456 Y142.047 E.01507
G1 X96.518 Y142.5 E.0147
G1 X96.451 Y142.971 E.01531
G1 X96.203 Y143.431 E.01678
G1 X95.79 Y143.801 E.01783
G1 X95.453 Y143.956 E.01193
G1 X95.132 Y144.017 E.01051
G1 X94.622 Y143.973 E.01647
G1 X94.363 Y143.885 E.0088
G1 X94.08 Y143.714 E.01062
G1 X93.871 Y143.525 E.00905
G1 X93.67 Y143.246 E.01107
G1 X93.544 Y142.953 E.01025
G1 X93.496 Y142.712 E.00791
G1 E-2.8 F3600
;WIPE_START
G1 F2400
G1 X93.482 Y142.64 E-.08723
G1 X93.486 Y142.322 E-.38241
G1 X93.556 Y142.011 E-.38242
G1 X93.677 Y141.747 E-.34795
;WIPE_END
G1 Z4.6 F9000
G1 X126.78 Y143.257 Z4.6
G1 Z4.2
G1 E4 F2400
;TYPE:Inner wall
G1 X126.631 Y143.566 E.01105
G1 X126.353 Y143.907 E.01414
G1 X125.92 Y144.221 E.01719
G1 X125.542 Y144.375 E.01312
G1 X125.11 Y144.445 E.01408
G1 X124.532 Y144.395 E.01866
G1 X124.148 Y144.256 E.01312
G1 X123.802 Y144.04 E.01312
G1 X123.498 Y143.744 E.01366
G1 X123.279 Y143.42 E.01257
G1 X123.125 Y143.042 E.01312
G1 X123.054 Y142.64 E.01312
G1 X123.067 Y142.233 E.01312
G1 X123.165 Y141.837 E.01312
G1 X123.343 Y141.47 E.01312
G1 X123.593 Y141.147 E.01312
G1 X123.905 Y140.885 E.01312
G1 X124.313 Y140.679 E.01469
G1 X124.802 Y140.563 E.01614
G1 X125.192 Y140.579 E.01256
G1 X125.663 Y140.665 E.01541
G1 X126.03 Y140.843 E.01312
G1 X126.353 Y141.093 E.01312
G1 X126.639 Y141.45 E.01469
G1 X126.85 Y141.896 E.01589
G1 X126.904 Y142.101 E.00681
G1 X126.946 Y142.64 E.01739
G1 X126.865 Y143.082 E.01443
G1 X126.798 Y143.221 E.00497
G1 X126.399 Y143.073 F9000
;TYPE:Outer wall
G1 F2400
G1 X126.214 Y143.42 E.01264
G1 X126.034 Y143.62 E.00865
G1 X125.746 Y143.83 E.01146
G1 X125.453 Y143.956 E.01025
G1 X125.132 Y144.017 E.01051
G1 X124.664 Y143.987 E.01507
G1 X124.363 Y143.885 E.01025
G1 X124.089 Y143.722 E.01025
G1 X123.844 Y143.492 E.01079
G1 X123.613 Y143.117 E.01417
G1 X123.483 Y142.659 E.01529
G1 X123.515 Y142.184 E.01531
G1 X123.679 Y141.737 E.01531
G1 X123.984 Y141.372 E.01531
G1 X124.38 Y141.107 E.01531
G1 X124.887 Y140.983 E.01678
G1 X125.438 Y141.042 E.01783
G1 X125.779 Y141.189 E.01193
G1 X126.034 Y141.38 E.01025
G1 X126.251 Y141.633 E.01071
G1 X126.477 Y142.137 E.01775
G1 X126.518 Y142.64 E.01625
G1 X126.44 Y142.996 E.01172
G1 X126.418 Y143.038 E.00151
G1 E-2.8 F3600
;WIPE_START
G1 F2400
G1 X126.214 Y143.42 E-.51978
G1 X126.034 Y143.62 E-.32278
G1 X125.793 Y143.795 E-.35744
;WIPE_END
G1 Z4.6 F9000
G1 X127.054 Y140.62 Z4.6
G1 Z4.2
G1 E4 F2400
;TYPE:Sparse infill
;WIDTH:0.45
G1 F3600
G1 X126.994 Y140.626 E.00191
G1 X126.774 Y140.587 E.00721
G1 X126.599 Y140.512 E.00612
G1 X126.29 Y140.314 E.01179
G1 X125.784 Y140.088 E.01783
G1 X125.556 Y140.04 E.0075
G1 X125.304 Y140.291 E.01143
G1 X125.038 Y140.251 E.00866
G1 X124.777 Y140.257 E.00839
G1 X124.084 Y140.434 E.02301
G1 X123.672 Y140.672 E.0153
G1 X123.321 Y140.988 E.01519
G1 X123.043 Y141.37 E.01519
G1 X122.851 Y141.802 E.01519
G1 X122.753 Y142.264 E.01519
G1 X122.753 Y142.736 E.01519
G1 X122.771 Y142.824 E.00288
G1 X122.531 Y143.064 E.01092
G1 X122.683 Y143.531 E.0158
G1 X123.024 Y144.121 E.02191
G1 X123.087 Y144.275 E.00533
G1 X123.122 Y144.561 E.00928
G1 E-3
;WIPE_START
G1 X123.087 Y144.275 E-.2887
G1 X123.024 Y144.121 E-.16578
G1 X122.751 Y143.649 E-.54552
;WIPE_END
G1 Z4.6 F9000
G1 X97.41 Y141.754 Z4.6
G1 Z4.2
G1 E4 F2400
G1 F3600
G1 X97.481 Y141.973 E.00738
G1 X97.536 Y142.5 E.01705
G1 X97.481 Y143.027 E.01705
G1 X97.376 Y143.349 E.01088
G1 X95.982 Y144.743 E.06338
G1 X95.509 Y144.897 E.016
G1 X95 Y144.95 E.01647
G1 X94.491 Y144.897 E.01647
G1 X94.389 Y144.864 E.00343
G1 X90.81 Y142.566 F9000
;TYPE:Internal solid infill
;WIDTH:0.511063
G1 F3000
G1 X94.764 Y146.52 E.20675
G1 X94.343 Y146.52 E.01556
G1 X94.08 Y146.498 E.00975
G1 X90.999 Y143.417 E.16112
G1 X91.031 Y143.847 E.01593
G1 X90.997 Y143.881 E.00178
G1 X91.05 Y144.13 E.0094
G1 X93.389 Y146.469 E.12235
G1 X92.766 Y146.271 E.02416
G1 X92.217 Y145.954 E.02346
G1 X91.091 Y144.833 E.05878
G1 X91.514 Y80.113 F9000
;WIDTH:0.521256
G1 F3000
G1 X91.64 Y79.692 E.01661
G1 X91.805 Y79.411 E.01233
G1 X91.985 Y79.23 E.00963
G1 X91.964 Y78.786 E.01679
;WIDTH:0.493226
G1 X91.899 Y78.515 E.00992
;WIDTH:0.449692
G1 X91.835 Y78.244 E.00896
;WIDTH:0.400297
G1 X91.773 Y77.571 E.01907
G1 X91.818 Y76.878 E.01962
;WIDTH:0.42828
G1 X91.885 Y76.622 E.00804
;WIDTH:0.462674
G1 X91.952 Y76.366 E.00876
;WIDTH:0.516862
G1 X92.019 Y76.111 E.00989
G1 X92.211 Y75.618 E.0198
G1 X92.508 Y75.183 E.0197
G1 X92.657 Y75.026 E.0081
G1 X93.098 Y74.723 E.02006
G1 X93.884 Y74.439 E.03128
;WIDTH:0.476629
G1 X94.07 Y74.393 E.00659
;WIDTH:0.445735
G1 X94.257 Y74.346 E.00612
;WIDTH:0.402156
G1 X94.938 Y74.277 E.01942
G1 X95.622 Y74.318 E.01946
;WIDTH:0.429896
G1 X95.881 Y74.372 E.00807
;WIDTH:0.467668
G1 X96.14 Y74.426 E.00886
;WIDTH:0.524743
G1 X96.398 Y74.479 E.01005
G1 X96.721 Y74.49 E.01228
G1 X96.909 Y74.303 E.0101
G1 X97.138 Y74.155 E.01039
G1 X97.536 Y74.013 E.0161
G1 X96.787 Y74.008 E.02853
;WIDTH:0.499864
G1 X96.286 Y73.983 E.0181
;WIDTH:0.450103
G1 X95.785 Y73.958 E.01613
;WIDTH:0.405153
G1 X95.095 Y73.937 E.01978
G1 X94.231 Y73.961 E.02472
;WIDTH:0.445735
G1 X93.994 Y73.985 E.00758
;WIDTH:0.476629
G1 X93.757 Y74.009 E.00816
;WIDTH:0.525717
G1 X93.259 Y74.136 E.01961
G1 X92.782 Y74.34 E.01977
G1 X92.369 Y74.634 E.01934
G1 X92.013 Y75.024 E.02015
G1 X91.743 Y75.468 E.01979
G1 X91.573 Y75.959 E.01983
;WIDTH:0.497425
G1 X91.521 Y76.262 E.01104
;WIDTH:0.463747
G1 X91.47 Y76.565 E.01022
;WIDTH:0.43045
G1 X91.453 Y76.998 E.01326
;WIDTH:0.396671
G1 X91.436 Y77.431 E.01211
G1 X91.451 Y78.144 E.01993
;WIDTH:0.428516
G1 X91.468 Y78.382 E.00727
;WIDTH:0.463106
G1 X91.486 Y78.62 E.00792
;WIDTH:0.512786
G1 X91.503 Y78.859 E.00886
G1 X91.505 Y79.674 E.03026
;WIDTH:0.519419
G1 X91.513 Y80.073 E.01504
G1 X91.939 Y80.29 F9000
;WIDTH:0.449999
G1 F3000
G1 X92.066 Y79.812 E.0159
G1 X92.433 Y79.421 E.01723
G1 X92.411 Y78.742 E.02185
G1 X92.212 Y78.123 E.02092
G1 X92.144 Y77.531 E.01916
G1 X92.204 Y76.918 E.0198
G1 X92.578 Y75.869 E.03583
G1 X92.875 Y75.434 E.01692
G1 X93.278 Y75.128 E.01628
G1 X94.311 Y74.74 E.03548
G1 X94.989 Y74.647 E.02199
G1 X95.582 Y74.704 E.01916
G1 X96.272 Y74.905 E.02311
G1 X96.917 Y74.936 E.02078
G1 X97.295 Y74.571 E.01688
G1 X97.668 Y74.439 E.01274
G1 X122.21 Y74.439 E.78918
G1 X122.689 Y74.566 E.01591
G1 X123.083 Y74.937 E.0174
G1 X123.608 Y74.936 E.01688
G1 X124.372 Y74.714 E.02558
G1 X125.038 Y74.649 E.02152
G1 X125.563 Y74.7 E.01697
G1 X126.17 Y74.89 E.02044
G1 X124.888 Y73.609 E.05829
G1 X124.888 Y73.566 E.00136
G1 X94.055 Y73.563 E.99147
G1 X93.668 Y73.591 E.01249
G1 X93.094 Y73.712 E.01886
G1 X92.535 Y73.962 E.0197
G1 X92.039 Y74.322 E.0197
G1 X91.629 Y74.777 E.0197
G1 X91.322 Y75.308 E.0197
G1 X91.133 Y75.891 E.0197
G1 X91.063 Y76.554 E.02146
G1 X91.063 Y142.3 E2.11413
G1 X91.106 Y142.3 E.00136
G1 X92.352 Y143.547 E.0567
G1 X92.2 Y143.046 E.01685
G1 X92.144 Y142.512 E.01724
G1 X92.241 Y141.8 E.02313
G1 X92.406 Y141.227 E.01915
G1 X92.436 Y140.583 E.02075
G1 X92.071 Y140.205 E.01688
G1 X91.939 Y139.832 E.01274
G1 X91.939 Y80.33 E1.91337
G1 E-2.8 F3600
;WIPE_START
G1 F3000
G1 X91.939 Y81.33 E-1.2
;WIPE_END
G1 Z4.6 F9000
G1 X97.536 Y74.013 Z4.6
G1 Z4.2
G1 E4 F2400
;WIDTH:0.511706
G1 F3000
G1 X122.347 Y74.012 E.91874
G1 X123.281 Y74.492 F9000
;WIDTH:0.521195
G1 F3000
G1 X123.69 Y74.471 E.01551
;WIDTH:0.495373
G1 X123.97 Y74.404 E.01028
;WIDTH:0.450119
G1 X124.25 Y74.337 E.00925
;WIDTH:0.407714
G1 X125.004 Y74.267 E.02181
G1 X124.688 Y73.948 E.01294
;WIDTH:0.418555
G1 X124.331 Y73.968 E.01061
;WIDTH:0.458333
G1 X123.974 Y73.988 E.01173
;WIDTH:0.514009
G1 X123.617 Y74.007 E.0133
G1 X122.827 Y74.01 E.02943
;WIDTH:0.527131
G1 X122.387 Y74.015 E.01682
G1 X122.809 Y74.138 E.01682
G1 X123.092 Y74.304 E.01253
G1 X123.252 Y74.464 E.00868
G1 X126.678 Y75.235 F9000
;WIDTH:0.38292
G1 F3000
G1 X126.999 Y75.515 E.01143
G1 X128.486 Y80.113 F9000
;WIDTH:0.511938
G1 F3000
G1 X128.499 Y80.29 E.00655
G1 X128.489 Y139.924 E2.20939
G1 X128.486 Y80.113 F9000
;WIDTH:0.53049
G1 F3000
G1 X128.492 Y79.287 E.03184
;WIDTH:0.505129
G1 X128.512 Y78.851 E.01592
;WIDTH:0.465692
G1 X128.532 Y78.415 E.01456
;WIDTH:0.414505
G1 X128.554 Y77.816 E.01762
G1 X128.219 Y77.48 E.01393
G1 X128.148 Y78.284 E.02369
;WIDTH:0.457195
G1 X128.084 Y78.59 E.01025
;WIDTH:0.518981
G1 X128.02 Y78.897 E.01177
G1 X128.01 Y79.221 E.01218
G1 X128.197 Y79.409 E.00998
G1 X128.362 Y79.692 E.01232
;WIDTH:0.524847
G1 X128.475 Y80.075 E.01521
G1 X128.488 Y139.964 F9000
;WIDTH:0.526409
G1 F3000
G1 X128.344 Y140.364 E.01625
G1 X128.009 Y140.78 E.02042
G1 X128.027 Y141.174 E.01504
;WIDTH:0.497666
G1 X128.096 Y141.465 E.01076
;WIDTH:0.451069
G1 X128.165 Y141.757 E.00966
;WIDTH:0.400257
G1 X128.227 Y142.429 E.01905
G1 X128.182 Y143.122 E.01961
;WIDTH:0.4351
G1 X128.086 Y143.51 E.01236
;WIDTH:0.483132
G1 X127.99 Y143.897 E.01387
;WIDTH:0.513915
G1 X127.685 Y144.567 E.0274
G1 X127.341 Y144.986 E.02015
G1 X126.946 Y145.257 E.01784
G1 X126.112 Y145.582 E.03329
;WIDTH:0.458553
G1 X125.76 Y145.645 E.01172
;WIDTH:0.416367
G1 X125.409 Y145.709 E.01053
;WIDTH:0.390554
G1 X124.733 Y145.719 E.01855
;WIDTH:0.403307
G1 X124.38 Y145.669 E.01017
;WIDTH:0.438253
G1 X124.026 Y145.618 E.01115
;WIDTH:0.473037
G1 X123.769 Y145.564 E.00892
;WIDTH:0.52545
G1 X123.512 Y145.51 E.01001
G1 X123.28 Y145.509 E.00886
G1 X123.092 Y145.697 E.01014
G1 X122.862 Y145.845 E.01041
G1 X122.464 Y145.988 E.01613
G1 X123.214 Y145.992 E.02858
;WIDTH:0.510243
G1 X123.561 Y146.007 E.01285
;WIDTH:0.480217
G1 X123.909 Y146.022 E.01202
;WIDTH:0.447403
G1 X124.242 Y146.04 E.01065
;WIDTH:0.397203
G1 X125.289 Y146.061 E.0293
;WIDTH:0.402468
G1 X125.623 Y146.045 E.00949
;WIDTH:0.433864
G1 X125.956 Y146.03 E.01032
;WIDTH:0.464603
G1 X126.242 Y145.997 E.00957
;WIDTH:0.519911
G1 X126.742 Y145.866 E.0195
G1 X127.219 Y145.661 E.01955
G1 X127.642 Y145.361 E.01955
G1 X127.993 Y144.979 E.01955
;WIDTH:0.525081
G1 X128.252 Y144.531 E.01973
G1 X128.431 Y144.042 E.0198
;WIDTH:0.491829
G1 X128.481 Y143.739 E.01091
;WIDTH:0.461187
G1 X128.531 Y143.435 E.01017
;WIDTH:0.429668
G1 X128.547 Y143.002 E.01324
;WIDTH:0.396573
G1 X128.564 Y142.569 E.0121
G1 X128.549 Y141.856 E.01992
;WIDTH:0.429512
G1 X128.531 Y141.604 E.00771
;WIDTH:0.466093
G1 X128.512 Y141.353 E.00843
;WIDTH:0.515528
G1 X128.494 Y141.101 E.00942
G1 X128.488 Y140.004 E.04096
G1 X128.061 Y139.71 F9000
;WIDTH:0.449999
G1 F3000
G1 X128.035 Y139.923 E.00689
G1 X127.881 Y140.279 E.01249
G1 X127.563 Y140.581 E.01409
G1 X127.564 Y141.108 E.01695
G1 X127.788 Y141.878 E.02577
G1 X127.856 Y142.469 E.01915
G1 X127.796 Y143.082 E.0198
G1 X127.576 Y143.759 E.02291
G1 X127.284 Y144.376 E.02194
G1 X127.033 Y144.664 E.01228
G1 X126.774 Y144.848 E.01021
G1 X125.914 Y145.208 E.03
G1 X125.329 Y145.337 E.01925
G1 X124.732 Y145.344 E.0192
G1 X124.111 Y145.217 E.02039
G1 X123.616 Y145.066 E.01664
G1 X123.083 Y145.064 E.01714
G1 X122.705 Y145.429 E.01689
G1 X122.332 Y145.561 E.01274
G1 X97.79 Y145.561 E.78918
G1 X97.312 Y145.434 E.0159
G1 X96.922 Y145.068 E.01719
G1 X96.223 Y145.094 E.02248
G1 X95.623 Y145.288 E.02029
G1 X95.031 Y145.356 E.01917
G1 X94.418 Y145.296 E.0198
G1 X93.938 Y145.132 E.01634
G1 X95.2 Y146.394 E.05742
G1 X95.2 Y146.437 E.00136
G1 X125.972 Y146.437 E.98952
G1 X126.329 Y146.41 E.01152
G1 X126.906 Y146.288 E.01895
G1 X127.465 Y146.038 E.0197
G1 X127.961 Y145.678 E.0197
G1 X128.371 Y145.223 E.0197
G1 X128.678 Y144.692 E.01971
G1 X128.867 Y144.109 E.01969
G1 X128.937 Y143.446 E.02147
G1 X128.937 Y77.615 E2.11687
G1 X128.894 Y77.615 E.00136
G1 X127.595 Y76.315 E.05911
G1 X127.809 Y77.044 E.02442
G1 X127.843 Y77.633 E.01898
G1 X127.753 Y78.221 E.01912
G1 X127.594 Y78.773 E.01847
G1 X127.564 Y79.417 E.02075
G1 X127.882 Y79.723 E.01419
G1 X128.061 Y80.257 E.01812
G1 X128.061 Y139.67 E1.9105
G1 E-2.8 F3600
M73 P75 R11
;WIPE_START
G1 F3000
G1 X128.061 Y138.67 E-1.2
;WIPE_END
G1 Z4.6 F9000
G1 X122.464 Y145.988 Z4.6
G1 Z4.2
G1 E4 F2400
;WIDTH:0.51209
G1 F3000
G1 X97.653 Y145.989 E.91951
G1 X96.732 Y145.516 F9000
;WIDTH:0.515547
G1 F3000
G1 X96.269 Y145.54 E.01731
;WIDTH:0.491659
G1 X96.007 Y145.602 E.00955
;WIDTH:0.449321
G1 X95.745 Y145.665 E.00865
;WIDTH:0.409867
G1 X95.083 Y145.736 E.01929
G1 X95.401 Y146.054 E.01302
;WIDTH:0.420544
G1 X95.714 Y146.035 E.00937
;WIDTH:0.457458
G1 X96.028 Y146.017 E.01028
;WIDTH:0.509745
G1 X96.341 Y145.998 E.01158
G1 X97.174 Y145.995 E.03069
;WIDTH:0.523806
G1 X97.613 Y145.986 E.0167
G1 X97.192 Y145.859 E.0167
G1 X96.911 Y145.695 E.01238
G1 X96.761 Y145.545 E.00807
G1 E-2.8 F3600
;WIPE_START
G1 F3000
G1 X96.911 Y145.695 E-.255
G1 X97.192 Y145.859 E-.3911
G1 X97.613 Y145.986 E-.52758
G1 X97.591 Y145.987 E-.02633
;WIPE_END
G1 Z4.6 F9000
G1 X91.512 Y139.964 Z4.6
G1 Z4.2
G1 E4 F2400
;WIDTH:0.511962
G1 F3000
G1 X91.511 Y80.153 E2.21604
G1 X91.512 Y139.964 F9000
;WIDTH:0.529398
G1 F3000
G1 X91.508 Y140.713 E.02881
;WIDTH:0.504453
G1 X91.487 Y141.158 E.01622
;WIDTH:0.463619
G1 X91.467 Y141.602 E.01478
;WIDTH:0.418865
G1 X91.45 Y142.098 E.01473
G1 X91.761 Y142.406 E.01301
G1 X91.847 Y141.743 E.01988
;WIDTH:0.454402
G1 X91.913 Y141.423 E.01062
;WIDTH:0.518276
G1 X91.979 Y141.103 E.01227
G1 X91.99 Y140.779 E.01215
G1 X91.803 Y140.591 E.00997
G1 X91.655 Y140.362 E.01025
;WIDTH:0.52487
G1 X91.526 Y140.001 E.01458
G1 X92.938 Y79.382 F9000
;TYPE:Sparse infill
;WIDTH:0.45
G1 F3600
G1 X93.18 Y79.4 E.00783
G1 X93.399 Y79.487 E.00756
G1 X93.969 Y79.817 E.02118
G1 X94.436 Y79.969 E.01579
G1 X94.675 Y79.73 E.01087
G1 X94.749 Y79.746 E.00244
G1 X95.228 Y79.748 E.0154
G1 X95.611 Y79.672 E.01256
G1 X95.826 Y79.596 E.00734
G1 X96.328 Y79.328 E.01827
G1 X96.679 Y79.012 E.01521
G1 X96.957 Y78.63 E.01519
G1 X97.149 Y78.198 E.01519
G1 X97.247 Y77.736 E.01519
G1 X97.247 Y77.264 E.01519
G1 X97.229 Y77.176 E.00288
G1 X97.469 Y76.936 E.01092
G1 X97.317 Y76.469 E.01579
G1 X96.994 Y75.911 E.02071
G1 X96.921 Y75.75 E.0057
G1 X96.875 Y75.519 E.00759
G1 X96.879 Y75.439 E.00257
G1 E-3
;WIPE_START
G1 X96.875 Y75.519 E-.07993
G1 X96.921 Y75.75 E-.23601
G1 X96.994 Y75.911 E-.17713
G1 X97.248 Y76.35 E-.50693
;WIPE_END
G1 Z4.6 F9000
G1 X122.581 Y78.248 Z4.6
G1 Z4.2
G1 E4 F2400
G1 F3600
G1 X122.476 Y77.757 E.01615
G1 X122.469 Y77.367 E.01254
G1 X122.517 Y76.98 E.01254
G1 X122.624 Y76.651 E.01114
G1 X124.018 Y75.257 E.06338
G1 X124.485 Y75.105 E.01579
G1 X125.062 Y75.056 E.01864
G1 X125.509 Y75.103 E.01444
G1 X125.612 Y75.137 E.00349
G1 X125.752 Y73.292 F9000
;TYPE:Internal solid infill
;WIDTH:0.490716
G1 F3000
G1 X129.038 Y76.579 E.16441
G1 X129.038 Y76.665 E.00305
G1 X129.02 Y76.684 E.00095
G1 X129.02 Y77.193 E.01801
G1 X125.147 Y73.321 E.19371
G1 X128.874 Y75.885 F9000
;WIDTH:0.446528
G1 F3000
G1 X128.802 Y75.597 E.00947
G1 X128.549 Y75.028 E.01984
G1 X128.184 Y74.564 E.01884
G1 X127.737 Y74.145 E.01951
G1 X127.203 Y73.831 E.01976
G1 X126.663 Y73.653 E.01813
G1 X127.86 Y74.84 E.05375
G1 X128.248 Y75.259 E.01821
G1 X128.845 Y75.857 E.02694
; stop printing object Remote75T.stl id:0 copy 0
;LAYER_CHANGE
;Z:4.4
;HEIGHT:0.2
;BEFORE_LAYER_CHANGE
;4.4
G92 E0

G1 E-2.8 F3600
;WIPE_START
G1 F3000
G1 X128.248 Y75.259 E-1.01393
G1 X128.143 Y75.145 E-.18607
;WIPE_END
;_SET_FAN_SPEED_CHANGING_LAYER
; printing object Remote75T.stl id:0 copy 0
G1 Z4.8 F9000
G1 X91.414 Y145.593 Z4.8
G1 Z4.4
G1 E4 F2400
;TYPE:Inner wall
;WIDTH:0.449999
G1 X91.298 Y145.463 E.0056
G1 X90.948 Y144.859 E.02245
G1 X90.733 Y144.195 E.02245
G1 X90.656 Y143.467 E.02353
G1 X90.656 Y76.533 E2.15234
G1 X90.733 Y75.805 E.02353
G1 X90.914 Y75.248 E.01886
G1 X91.144 Y74.771 E.01703
G1 X91.516 Y74.266 E.02015
G1 X92.037 Y73.798 E.02252
G1 X92.641 Y73.448 E.02245
G1 X93.305 Y73.233 E.02245
G1 X94.033 Y73.156 E.02353
G1 X126.013 Y73.159 E1.02836
G1 X126.694 Y73.232 E.02201
G1 X127.359 Y73.448 E.02249
G1 X127.963 Y73.798 E.02245
G1 X128.482 Y74.265 E.02246
G1 X128.893 Y74.83 E.02246
G1 X129.177 Y75.468 E.02245
G1 X129.304 Y76.067 E.01969
G1 X129.344 Y76.55 E.01561
G1 X129.344 Y143.467 E2.15179
G1 X129.267 Y144.195 E.02353
G1 X129.052 Y144.859 E.02245
G1 X128.702 Y145.463 E.02246
G1 X128.235 Y145.982 E.02245
G1 X127.67 Y146.393 E.02246
G1 X127.032 Y146.677 E.02245
G1 X126.464 Y146.798 E.0187
G1 X125.983 Y146.844 E.01553
G1 X94.033 Y146.844 E1.02739
G1 X93.305 Y146.767 E.02353
G1 X92.748 Y146.586 E.01886
G1 X92.271 Y146.356 E.01703
G1 X91.766 Y145.984 E.02014
G1 X91.441 Y145.623 E.01564
G1 X91.096 Y145.88 F9000
;TYPE:Outer wall
G1 F2400
G1 X90.949 Y145.717 E.00705
G1 X90.555 Y145.034 E.02535
G1 X90.311 Y144.284 E.02535
G1 X90.228 Y143.489 E.0257
G1 X90.228 Y76.511 E2.15379
G1 X90.311 Y75.716 E.0257
M73 P75 R10
G1 X90.506 Y75.115 E.02031
G1 X90.781 Y74.541 E.02046
G1 X91.197 Y73.977 E.02255
G1 X91.783 Y73.449 E.02537
G1 X92.466 Y73.055 E.02535
G1 X93.216 Y72.811 E.02535
G1 X94.011 Y72.728 E.0257
G1 X126.036 Y72.73 E1.02982
G1 X126.784 Y72.811 E.02418
G1 X127.534 Y73.055 E.02536
G1 X128.217 Y73.449 E.02535
G1 X128.803 Y73.977 E.02535
G1 X129.266 Y74.614 E.02535
G1 X129.587 Y75.334 E.02534
G1 X129.723 Y75.978 E.02114
G1 X129.772 Y76.55 E.01849
G1 X129.772 Y143.489 E2.15251
G1 X129.689 Y144.284 E.0257
G1 X129.445 Y145.034 E.02535
G1 X129.051 Y145.717 E.02535
G1 X128.523 Y146.303 E.02535
G1 X127.886 Y146.766 E.02535
G1 X127.165 Y147.087 E.02535
G1 X126.522 Y147.223 E.02114
G1 X125.994 Y147.272 E.01706
G1 X94.011 Y147.272 E1.02847
G1 X93.216 Y147.189 E.0257
G1 X92.615 Y146.994 E.02031
G1 X92.041 Y146.719 E.02045
G1 X91.477 Y146.303 E.02254
G1 X91.123 Y145.909 E.01704
G1 E-2.8 F3600
;WIPE_START
G1 F2400
G1 X90.949 Y145.717 E-.3111
G1 X90.579 Y145.075 E-.8889
;WIPE_END
G1 Z4.8 F9000
G1 X126.018 Y75.842 Z4.8
G1 Z4.4
G1 E4 F2400
;TYPE:Inner wall
G1 X126.353 Y76.093 E.01346
G1 X126.615 Y76.405 E.01312
G1 X126.816 Y76.794 E.01408
G1 X126.946 Y77.36 E.01866
G1 X126.933 Y77.767 E.01312
G1 X126.835 Y78.163 E.01312
G1 X126.627 Y78.569 E.01466
G1 X126.229 Y79.016 E.01925
G1 X125.754 Y79.288 E.0176
G1 X125.405 Y79.404 E.01183
G1 X125 Y79.446 E.01309
G1 X124.595 Y79.404 E.01309
G1 X124.244 Y79.287 E.01191
G1 X123.752 Y79 E.01832
G1 X123.375 Y78.571 E.01836
G1 X123.142 Y78.104 E.01679
G1 X123.054 Y77.64 E.01517
G1 X123.067 Y77.233 E.01312
G1 X123.165 Y76.837 E.01312
G1 X123.343 Y76.47 E.01312
G1 X123.508 Y76.242 E.00903
G1 X123.905 Y75.885 E.01719
G1 X124.312 Y75.679 E.01466
G1 X124.819 Y75.559 E.01673
G1 X125.491 Y75.617 E.02171
G1 X125.958 Y75.797 E.01609
G1 X125.986 Y75.818 E.00111
G1 X125.763 Y76.183 F9000
;TYPE:Outer wall
G1 F2400
G1 X125.779 Y76.189 E.00056
G1 X126.078 Y76.429 E.01235
G1 X126.337 Y76.78 E.01401
G1 X126.512 Y77.312 E.01801
G1 X126.514 Y77.678 E.01177
G1 X126.444 Y77.989 E.01025
G1 X126.301 Y78.29 E.0107
G1 X125.962 Y78.681 E.01665
G1 X125.503 Y78.937 E.0169
G1 X125.14 Y79.018 E.01194
G1 X124.684 Y78.985 E.0147
G1 X124.449 Y78.911 E.00793
G1 X124.023 Y78.665 E.01582
G1 X123.689 Y78.279 E.01641
G1 X123.544 Y77.953 E.01146
G1 X123.482 Y77.64 E.01025
G1 X123.486 Y77.322 E.01025
G1 X123.556 Y77.011 E.01025
G1 X123.689 Y76.721 E.01025
G1 X123.855 Y76.494 E.00903
G1 X124.119 Y76.256 E.01146
G1 X124.411 Y76.096 E.0107
G1 X124.924 Y75.979 E.0169
G1 X125.438 Y76.042 E.01665
G1 X125.726 Y76.167 E.0101
G1 E-2.8 F3600
;WIPE_START
G1 F2400
G1 X125.779 Y76.189 E-.06881
G1 X126.078 Y76.429 E-.4608
G1 X126.337 Y76.78 E-.52294
G1 X126.375 Y76.897 E-.14744
;WIPE_END
G1 Z4.8 F9000
G1 X93.117 Y77.993 Z4.8
G1 Z4.4
G1 E4 F2400
;TYPE:Inner wall
G1 X93.054 Y77.64 E.01152
G1 X93.067 Y77.233 E.01312
G1 X93.165 Y76.837 E.01312
G1 X93.343 Y76.47 E.01312
G1 X93.593 Y76.147 E.01312
G1 X93.905 Y75.885 E.01312
G1 X94.312 Y75.679 E.01466
G1 X94.819 Y75.559 E.01673
G1 X95.491 Y75.617 E.02171
G1 X95.92 Y75.779 E.01474
G1 X96.257 Y76.007 E.01308
G1 X96.637 Y76.444 E.01863
G1 X96.858 Y76.896 E.01619
G1 X96.946 Y77.36 E.01517
G1 X96.933 Y77.767 E.01312
G1 X96.835 Y78.163 E.01312
G1 X96.627 Y78.569 E.01466
G1 X96.257 Y78.992 E.01808
G1 X95.754 Y79.288 E.01875
G1 X95.405 Y79.404 E.01185
G1 X95 Y79.446 E.01309
G1 X94.595 Y79.404 E.01309
G1 X94.209 Y79.278 E.01307
G1 X93.97 Y79.157 E.00862
G1 X93.628 Y78.883 E.01408
G1 X93.312 Y78.484 E.01636
G1 X93.125 Y78.042 E.01544
G1 X93.124 Y78.032 E.00032
G1 X93.537 Y77.918 F9000
;TYPE:Outer wall
G1 F2400
G1 X93.482 Y77.64 E.0091
G1 X93.486 Y77.322 E.01025
G1 X93.556 Y77.011 E.01025
G1 X93.791 Y76.581 E.01575
G1 X94.119 Y76.256 E.01486
G1 X94.493 Y76.076 E.01332
G1 X94.947 Y75.98 E.01491
G1 X95.486 Y76.055 E.0175
G1 X95.779 Y76.189 E.01037
G1 X96.005 Y76.354 E.00899
G1 X96.33 Y76.754 E.01658
G1 X96.485 Y77.184 E.0147
G1 X96.517 Y77.659 E.01531
G1 X96.383 Y78.125 E.01558
G1 X96.301 Y78.29 E.00592
G1 X95.97 Y78.674 E.0163
G1 X95.503 Y78.937 E.01725
G1 X95.14 Y79.018 E.01194
G1 X94.684 Y78.985 E.0147
G1 X94.237 Y78.821 E.01531
G1 X93.961 Y78.614 E.01111
G1 X93.67 Y78.246 E.01507
G1 X93.546 Y77.957 E.01011
G1 E-2.8 F3600
;WIPE_START
G1 F2400
G1 X93.482 Y77.64 E-.38734
G1 X93.486 Y77.322 E-.38241
G1 X93.556 Y77.011 E-.38243
G1 X93.575 Y76.976 E-.04782
;WIPE_END
G1 Z4.8 F9000
G1 X122.772 Y75.637 Z4.8
G1 Z4.4
G1 E4 F2400
;TYPE:Inner wall
G1 X122.722 Y75.79 E.00516
G1 X122.474 Y76.222 E.01602
G1 X122.264 Y76.775 E.01903
G1 X122.173 Y77.36 E.01903
G1 X122.205 Y77.951 E.01903
G1 X122.36 Y78.522 E.01903
G1 X122.63 Y79.048 E.01903
G1 X122.923 Y79.434 E.01558
G1 X123.329 Y79.8 E.01757
G1 X123.844 Y80.097 E.01911
G1 X124.409 Y80.281 E.01911
G1 X125 Y80.343 E.01911
G1 X125.591 Y80.281 E.01911
G1 X126.156 Y80.097 E.0191
G1 X126.737 Y79.761 E.02159
G1 X127.089 Y79.681 E.0116
G1 X127.361 Y79.769 E.00922
G1 X127.565 Y79.972 E.00925
G1 X127.654 Y80.29 E.0106
G1 X127.654 Y139.71 E1.91075
G1 X127.564 Y140.028 E.0106
M73 P76 R10
G1 X127.314 Y140.258 E.01094
G1 X127.01 Y140.32 E.00997
G1 X126.737 Y140.239 E.00915
G1 X126.156 Y139.903 E.02159
G1 X125.591 Y139.719 E.0191
G1 X125 Y139.657 E.01911
G1 X124.409 Y139.719 E.01911
G1 X123.844 Y139.903 E.01911
G1 X123.329 Y140.2 E.01911
G1 X122.887 Y140.598 E.01911
G1 X122.538 Y141.078 E.01911
G1 X122.296 Y141.621 E.01911
G1 X122.171 Y142.209 E.0193
G1 X122.185 Y142.82 E.01965
G1 X122.277 Y143.269 E.01476
G1 X122.426 Y143.697 E.01457
G1 X122.739 Y144.237 E.02007
G1 X122.82 Y144.51 E.00915
G1 X122.758 Y144.814 E.00997
G1 X122.528 Y145.064 E.01094
G1 X122.21 Y145.154 E.0106
G1 X97.79 Y145.154 E.78528
G1 X97.472 Y145.065 E.0106
G1 X97.262 Y144.851 E.00964
G1 X97.181 Y144.586 E.00891
G1 X97.259 Y144.241 E.01137
G1 X97.47 Y143.903 E.01281
G1 X97.704 Y143.379 E.01848
G1 X97.827 Y142.797 E.01911
G1 X97.827 Y142.203 E.01911
G1 X97.704 Y141.621 E.01911
G1 X97.462 Y141.078 E.01911
G1 X97.113 Y140.598 E.01911
G1 X96.671 Y140.2 E.01911
G1 X96.156 Y139.903 E.01911
G1 X95.591 Y139.719 E.01911
G1 X95 Y139.657 E.01911
G1 X94.409 Y139.719 E.01911
G1 X93.844 Y139.903 E.0191
G1 X93.263 Y140.239 E.02159
G1 X92.998 Y140.32 E.0089
G1 X92.739 Y140.281 E.00841
G1 X92.639 Y140.231 E.00361
G1 X92.435 Y140.028 E.00925
G1 X92.346 Y139.71 E.0106
G1 X92.346 Y80.29 E1.91075
G1 X92.435 Y79.972 E.0106
G1 X92.649 Y79.762 E.00964
G1 X92.808 Y79.697 E.00552
G1 X93.107 Y79.698 E.00961
G1 X94.022 Y80.155 E.03288
G1 X94.456 Y80.286 E.01457
G1 X95 Y80.343 E.0176
G1 X95.591 Y80.281 E.01911
G1 X96.156 Y80.097 E.01911
G1 X96.671 Y79.8 E.01911
G1 X97.117 Y79.398 E.0193
G1 X97.465 Y78.896 E.01965
G1 X97.655 Y78.478 E.01476
G1 X97.786 Y78.044 E.01457
G1 X97.843 Y77.5 E.0176
G1 X97.781 Y76.909 E.01911
G1 X97.597 Y76.344 E.0191
G1 X97.261 Y75.763 E.02159
G1 X97.18 Y75.497 E.00892
G1 X97.219 Y75.239 E.00839
G1 X97.269 Y75.139 E.00361
G1 X97.472 Y74.935 E.00925
G1 X97.79 Y74.846 E.0106
G1 X122.21 Y74.846 E.78528
G1 X122.528 Y74.936 E.01061
G1 X122.758 Y75.187 E.01094
G1 X122.82 Y75.49 E.00997
G1 X122.785 Y75.599 E.00368
G1 X122.384 Y75.511 F9000
;TYPE:Outer wall
G1 F2400
G1 X122.083 Y76.047 E.0198
G1 X121.867 Y76.578 E.01841
G1 X121.744 Y77.158 E.01906
G1 X121.744 Y77.842 E.02201
G1 X121.886 Y78.512 E.02201
G1 X122.165 Y79.137 E.02201
G1 X122.567 Y79.691 E.02201
G1 X123.076 Y80.149 E.02201
G1 X123.668 Y80.491 E.02201
G1 X124.319 Y80.702 E.02201
G1 X125 Y80.774 E.02201
G1 X125.681 Y80.702 E.02201
G1 X126.332 Y80.491 E.02201
G1 X126.952 Y80.132 E.02304
G1 X127.108 Y80.12 E.00504
G1 X127.198 Y80.195 E.00379
G1 X127.225 Y80.29 E.00316
G1 X127.225 Y139.71 E1.91075
G1 X127.198 Y139.805 E.00316
G1 X127.071 Y139.89 E.00493
G1 X126.952 Y139.868 E.0039
G1 X126.332 Y139.509 E.02304
G1 X125.681 Y139.298 E.02201
G1 X125 Y139.226 E.02201
G1 X124.319 Y139.298 E.02201
G1 X123.668 Y139.509 E.02201
G1 X123.076 Y139.851 E.02201
G1 X122.567 Y140.309 E.02201
G1 X122.165 Y140.863 E.02201
G1 X121.886 Y141.488 E.02201
G1 X121.744 Y142.16 E.02207
G1 X121.741 Y142.719 E.01801
G1 X121.823 Y143.26 E.01759
G1 X122.009 Y143.832 E.01932
G1 X122.369 Y144.454 E.02313
G1 X122.381 Y144.605 E.00487
G1 X122.305 Y144.698 E.00387
G1 X122.21 Y144.725 E.00316
G1 X97.79 Y144.725 E.78528
G1 X97.632 Y144.635 E.00583
G1 X97.619 Y144.48 E.00498
G1 X97.862 Y144.078 E.01512
G1 X98.114 Y143.512 E.01993
G1 X98.256 Y142.842 E.02201
G1 X98.256 Y142.158 E.02201
G1 X98.114 Y141.488 E.02201
G1 X97.835 Y140.863 E.02201
G1 X97.433 Y140.309 E.02201
G1 X96.924 Y139.851 E.02201
G1 X96.332 Y139.509 E.02201
G1 X95.681 Y139.298 E.02201
G1 X95 Y139.226 E.02201
G1 X94.319 Y139.298 E.02201
G1 X93.668 Y139.509 E.02201
G1 X93.048 Y139.868 E.02304
G1 X92.892 Y139.88 E.00504
G1 X92.802 Y139.805 E.00379
G1 X92.775 Y139.71 E.00316
G1 X92.775 Y80.29 E1.91075
G1 X92.865 Y80.132 E.00583
G1 X93.048 Y80.132 E.00588
G1 X93.668 Y80.491 E.02304
G1 X94.319 Y80.702 E.02201
G1 X95 Y80.774 E.02201
G1 X95.681 Y80.702 E.02201
G1 X96.332 Y80.491 E.02201
G1 X96.924 Y80.149 E.02201
G1 X97.434 Y79.69 E.02207
G1 X97.765 Y79.238 E.01801
G1 X98.017 Y78.752 E.01759
G1 X98.202 Y78.181 E.01932
G1 X98.274 Y77.5 E.02201
G1 X98.202 Y76.819 E.02201
G1 X97.991 Y76.168 E.02201
G1 X97.632 Y75.548 E.02304
G1 X97.62 Y75.392 E.00504
G1 X97.695 Y75.302 E.00379
G1 X97.79 Y75.275 E.00316
G1 X122.21 Y75.275 E.78528
G1 X122.366 Y75.362 E.00573
G1 X122.379 Y75.471 E.00353
G1 E-2.8 F3600
;WIPE_START
G1 F2400
G1 X122.083 Y76.047 E-.77794
G1 X121.95 Y76.373 E-.42206
;WIPE_END
G1 Z4.8 F9000
G1 X93.069 Y142.728 Z4.8
G1 Z4.4
G1 E4 F2400
;TYPE:Inner wall
G1 X93.054 Y142.64 E.00287
G1 X93.067 Y142.233 E.01312
G1 X93.165 Y141.837 E.01312
G1 X93.343 Y141.47 E.01312
G1 X93.593 Y141.147 E.01312
G1 X93.905 Y140.885 E.01312
G1 X94.312 Y140.679 E.01466
G1 X94.86 Y140.554 E.01808
G1 X95.441 Y140.61 E.01875
G1 X95.792 Y140.722 E.01185
G1 X96.144 Y140.925 E.01309
G1 X96.446 Y141.198 E.01308
G1 X96.669 Y141.509 E.01232
G1 X96.875 Y141.958 E.01586
G1 X96.946 Y142.36 E.01312
G1 X96.933 Y142.767 E.01312
G1 X96.814 Y143.207 E.01466
G1 X96.558 Y143.672 E.01705
G1 X96.071 Y144.125 E.02139
G1 X95.652 Y144.34 E.01514
G1 X95.142 Y144.446 E.01676
G1 X94.532 Y144.395 E.01967
G1 X94.148 Y144.256 E.01312
G1 X93.802 Y144.04 E.01312
G1 X93.508 Y143.758 E.01312
G1 X93.259 Y143.375 E.01469
G1 X93.125 Y143.042 E.01152
G1 X93.076 Y142.768 E.00897
G1 X93.485 Y142.654 F9000
;TYPE:Outer wall
G1 F2400
G1 X93.482 Y142.64 E.00046
G1 X93.486 Y142.322 E.01025
G1 X93.556 Y142.011 E.01025
G1 X93.689 Y141.721 E.01025
G1 X93.88 Y141.466 E.01025
G1 X94.119 Y141.256 E.01025
G1 X94.411 Y141.096 E.0107
G1 X94.905 Y140.98 E.0163
G1 X95.438 Y141.042 E.01725
G1 X95.779 Y141.189 E.01194
G1 X96.128 Y141.484 E.0147
G1 X96.288 Y141.704 E.00874
G1 X96.456 Y142.047 E.01228
G1 X96.518 Y142.36 E.01025
G1 X96.514 Y142.678 E.01025
G1 X96.437 Y143.002 E.0107
G1 X96.193 Y143.447 E.01632
G1 X95.791 Y143.801 E.01723
G1 X95.453 Y143.956 E.01194
G1 X95.132 Y144.017 E.01051
G1 X94.622 Y143.973 E.01647
G1 X94.363 Y143.885 E.0088
G1 X94.089 Y143.722 E.01025
G1 X93.855 Y143.506 E.01025
G1 X93.65 Y143.2 E.01182
G1 X93.544 Y142.953 E.00865
G1 X93.493 Y142.694 E.0085
G1 E-2.8 F3600
;WIPE_START
G1 F2400
G1 X93.482 Y142.64 E-.06511
G1 X93.486 Y142.322 E-.38241
G1 X93.556 Y142.011 E-.38242
G1 X93.685 Y141.731 E-.37006
;WIPE_END
G1 Z4.8 F9000
G1 X126.77 Y143.269 Z4.8
G1 Z4.4
G1 E4 F2400
;TYPE:Inner wall
G1 X126.626 Y143.576 E.01089
G1 X126.324 Y143.937 E.01514
G1 X125.92 Y144.221 E.01588
G1 X125.542 Y144.375 E.01312
G1 X125.11 Y144.445 E.01408
G1 X124.532 Y144.395 E.01866
G1 X124.148 Y144.256 E.01312
G1 X123.802 Y144.04 E.01312
G1 X123.498 Y143.744 E.01366
G1 X123.279 Y143.42 E.01257
G1 X123.125 Y143.042 E.01312
G1 X123.054 Y142.614 E.01394
G1 X123.067 Y142.233 E.01228
G1 X123.165 Y141.837 E.01312
G1 X123.343 Y141.47 E.01312
G1 X123.593 Y141.147 E.01312
G1 X123.905 Y140.885 E.01312
G1 X124.312 Y140.679 E.01466
G1 X124.86 Y140.554 E.01808
G1 X125.441 Y140.61 E.01875
G1 X125.791 Y140.722 E.01183
G1 X126.031 Y140.843 E.00862
G1 X126.353 Y141.093 E.01312
G1 X126.615 Y141.405 E.01312
G1 X126.817 Y141.796 E.01414
G1 X126.946 Y142.361 E.01863
G1 X126.906 Y142.891 E.01709
G1 X126.85 Y143.101 E.00701
G1 X126.787 Y143.233 E.0047
G1 X126.382 Y143.086 F9000
;TYPE:Outer wall
G1 F2400
G1 X126.251 Y143.367 E.00995
G1 X126.006 Y143.645 E.01194
G1 X125.746 Y143.83 E.01025
G1 X125.453 Y143.956 E.01025
G1 X125.132 Y144.017 E.01051
G1 X124.664 Y143.987 E.01507
G1 X124.363 Y143.885 E.01025
G1 X124.089 Y143.722 E.01025
G1 X123.844 Y143.492 E.01079
G1 X123.613 Y143.117 E.01417
G1 X123.483 Y142.662 E.0152
G1 X123.486 Y142.322 E.01095
G1 X123.556 Y142.011 E.01025
G1 X123.689 Y141.721 E.01025
G1 X123.88 Y141.466 E.01025
G1 X124.119 Y141.256 E.01025
G1 X124.411 Y141.096 E.0107
G1 X124.905 Y140.98 E.0163
G1 X125.438 Y141.042 E.01725
G1 X125.779 Y141.189 E.01194
G1 X126.034 Y141.38 E.01025
G1 X126.244 Y141.619 E.01025
G1 X126.403 Y141.907 E.01055
G1 X126.517 Y142.375 E.01551
G1 X126.471 Y142.896 E.01681
G1 X126.399 Y143.05 E.00547
G1 E-2.8 F3600
;WIPE_START
G1 F2400
G1 X126.251 Y143.367 E-.41942
G1 X126.006 Y143.645 E-.44571
G1 X125.778 Y143.807 E-.33487
;WIPE_END
G1 Z4.8 F9000
G1 X127.061 Y140.622 Z4.8
G1 Z4.4
G1 E4 F2400
;TYPE:Sparse infill
;WIDTH:0.45
G1 F3600
G1 X126.774 Y140.587 E.00931
G1 X126.601 Y140.513 E.00604
G1 X126.031 Y140.183 E.02117
G1 X125.564 Y140.031 E.01579
G1 X125.304 Y140.292 E.01183
G1 X125.033 Y140.251 E.00879
G1 X124.828 Y140.249 E.00661
G1 X124.237 Y140.383 E.01947
G1 X124.08 Y140.436 E.00533
G1 X123.672 Y140.672 E.01517
G1 X123.321 Y140.988 E.01519
G1 X123.043 Y141.37 E.01519
G1 X122.851 Y141.802 E.01519
G1 X122.752 Y142.272 E.01545
G1 X122.754 Y142.749 E.01536
G1 X122.77 Y142.825 E.00248
G1 X122.531 Y143.064 E.01088
G1 X122.683 Y143.531 E.01579
G1 X123.013 Y144.101 E.02117
G1 X123.087 Y144.274 E.00604
G1 X123.122 Y144.561 E.00931
G1 X128.847 Y144.163 F9000
;TYPE:Internal solid infill
;WIDTH:0.446543
G1 F3000
G1 X127.66 Y145.36 E.05375
G1 X127.241 Y145.748 E.0182
G1 X126.63 Y146.359 E.02756
G1 X126.918 Y146.296 E.0094
G1 X127.472 Y146.049 E.01934
G1 X127.936 Y145.684 E.01884
G1 X128.355 Y145.237 E.01951
G1 X128.668 Y144.703 E.01976
G1 X128.834 Y144.201 E.01686
G1 X129.211 Y143.248 F9000
;WIDTH:0.490716
G1 F3000
G1 X125.921 Y146.538 E.16458
G1 X125.835 Y146.538 E.00305
G1 X125.816 Y146.52 E.00095
G1 X125.307 Y146.52 E.01801
G1 X129.182 Y142.644 E.19388
G1 E-2.8 F3600
;WIPE_START
G1 F3000
G1 X128.475 Y143.351 E-1.2
;WIPE_END
G1 Z4.8 F9000
G1 X97.416 Y141.736 Z4.8
G1 Z4.4
G1 E4 F2400
;TYPE:Sparse infill
;WIDTH:0.45
G1 F3600
G1 X97.522 Y142.235 E.01639
G1 X97.522 Y142.765 E.01705
G1 X97.388 Y143.337 E.01888
G1 X95.982 Y144.743 E.06393
G1 X95.509 Y144.897 E.016
G1 X95 Y144.95 E.01647
G1 X94.491 Y144.897 E.01647
G1 X94.389 Y144.864 E.00343
G1 E-3
;WIPE_START
G1 X94.491 Y144.897 E-.10655
G1 X95 Y144.95 E-.51219
G1 X95.379 Y144.91 E-.38126
;WIPE_END
G1 Z4.8 F9000
G1 X91.939 Y80.29 Z4.8
G1 Z4.4
G1 E4 F2400
;TYPE:Internal solid infill
;WIDTH:0.449999
G1 F3000
G1 X92.066 Y79.812 E.0159
G1 X92.437 Y79.416 E.01746
G1 X92.411 Y78.743 E.02165
G1 X92.212 Y78.123 E.02094
G1 X92.144 Y77.512 E.01975
G1 X92.22 Y76.866 E.02093
G1 X92.368 Y76.437 E.01458
G1 X91.106 Y77.7 E.05741
G1 X91.063 Y77.7 E.00136
G1 X91.063 Y143.446 E2.11414
G1 X91.133 Y144.109 E.02146
G1 X91.322 Y144.692 E.0197
G1 X91.629 Y145.223 E.0197
G1 X92.041 Y145.681 E.01982
G1 X92.488 Y146.01 E.01786
G1 X92.851 Y146.192 E.01302
G1 X93.391 Y146.367 E.01825
G1 X94.054 Y146.437 E.02147
G1 X124.885 Y146.437 E.99139
G1 X124.885 Y146.394 E.00136
G1 X126.185 Y145.094 E.05913
G1 X125.878 Y145.219 E.01066
G1 X125.329 Y145.337 E.01805
G1 X124.732 Y145.344 E.0192
G1 X124.111 Y145.217 E.02039
G1 X123.616 Y145.066 E.01664
G1 X123.083 Y145.064 E.01714
G1 X122.705 Y145.429 E.01689
G1 X122.332 Y145.561 E.01274
G1 X97.79 Y145.561 E.78918
G1 X97.312 Y145.434 E.0159
G1 X96.922 Y145.068 E.01719
G1 X96.223 Y145.094 E.02248
G1 X95.623 Y145.288 E.02029
G1 X95.031 Y145.356 E.01917
G1 X94.436 Y145.3 E.0192
G1 X93.789 Y145.096 E.02184
G1 X93.153 Y144.798 E.02258
G1 X92.836 Y144.525 E.01345
G1 X92.596 Y144.143 E.01451
G1 X92.369 Y143.599 E.01894
G1 X92.192 Y142.963 E.02122
G1 X92.157 Y142.367 E.01919
G1 X92.247 Y141.779 E.01913
G1 X92.406 Y141.227 E.01847
G1 X92.436 Y140.583 E.02075
G1 X92.071 Y140.205 E.01688
G1 X91.939 Y139.832 E.01274
G1 X91.939 Y80.33 E1.91337
G1 X91.514 Y80.113 F9000
;WIDTH:0.522177
G1 F3000
G1 X91.64 Y79.692 E.01664
G1 X91.804 Y79.41 E.01236
G1 X91.987 Y79.227 E.0098
G1 X91.964 Y78.789 E.0166
;WIDTH:0.493557
G1 X91.9 Y78.516 E.00997
;WIDTH:0.449806
G1 X91.835 Y78.244 E.00901
;WIDTH:0.409989
G1 X91.766 Y77.582 E.0193
G1 X91.447 Y77.901 E.01308
;WIDTH:0.421217
G1 X91.465 Y78.221 E.00958
;WIDTH:0.458903
G1 X91.484 Y78.541 E.01054
;WIDTH:0.51196
G1 X91.503 Y78.861 E.01188
G1 X91.506 Y79.674 E.0301
;WIDTH:0.520625
G1 X91.513 Y80.073 E.01508
G1 X93.272 Y75.317 F9000
;WIDTH:0.38292
G1 F3000
G1 X93.298 Y75.295 E.00091
G1 X96.721 Y74.49 F9000
;WIDTH:0.527813
G1 F3000
G1 X96.909 Y74.303 E.01017
G1 X97.138 Y74.155 E.01045
G1 X97.536 Y74.013 E.01621
G1 X96.787 Y74.008 E.02871
;WIDTH:0.499896
G1 X96.286 Y73.983 E.0181
;WIDTH:0.450131
G1 X95.785 Y73.958 E.01613
;WIDTH:0.407209
G1 X95.401 Y73.947 E.01107
G1 X95.082 Y74.266 E.01298
G1 X95.622 Y74.318 E.01563
;WIDTH:0.429921
G1 X95.881 Y74.372 E.00807
;WIDTH:0.467696
G1 X96.14 Y74.426 E.00886
;WIDTH:0.506114
G1 X96.398 Y74.479 E.00966
G1 X96.681 Y74.489 E.01034
G1 X97.536 Y74.013 F9000
;WIDTH:0.511793
G1 F3000
G1 X122.347 Y74.012 E.91892
G1 E-2.8 F3600
;WIPE_START
G1 F3000
G1 X121.347 Y74.012 E-1.2
;WIPE_END
G1 Z4.8 F9000
G1 X128.486 Y80.113 Z4.8
G1 Z4.4
G1 E4 F2400
;WIDTH:0.530492
G1 F3000
G1 X128.492 Y79.287 E.03184
;WIDTH:0.505133
G1 X128.512 Y78.851 E.01592
;WIDTH:0.465695
G1 X128.532 Y78.415 E.01456
;WIDTH:0.432187
G1 X128.545 Y78.089 E.01005
;WIDTH:0.398502
G1 X128.554 Y77.052 E.02912
;WIDTH:0.415356
G1 X128.539 Y76.798 E.00749
;WIDTH:0.444948
G1 X128.525 Y76.544 E.00808
;WIDTH:0.47666
G1 X128.459 Y76.114 E.01492
;WIDTH:0.526951
G1 X128.351 Y75.709 E.016
G1 X128.132 Y75.239 E.01982
G1 X127.825 Y74.822 E.0198
G1 X127.435 Y74.481 E.01982
G1 X126.985 Y74.225 E.0198
G1 X126.492 Y74.061 E.01989
;WIDTH:0.498495
G1 X126.236 Y74.019 E.00932
;WIDTH:0.471697
G1 X125.98 Y73.978 E.00878
;WIDTH:0.443685
G1 X125.719 Y73.963 E.00828
;WIDTH:0.399215
G1 X124.936 Y73.941 E.02204
G1 X124.365 Y73.953 E.01608
;WIDTH:0.428203
G1 X124.116 Y73.971 E.0076
;WIDTH:0.464255
G1 X123.866 Y73.989 E.00832
;WIDTH:0.516431
G1 X123.617 Y74.007 E.00934
G1 X122.827 Y74.01 E.02958
;WIDTH:0.526179
G1 X122.387 Y74.015 E.01679
G1 X122.809 Y74.138 E.01679
G1 X123.092 Y74.303 E.01251
G1 X123.281 Y74.492 E.01019
G1 X123.69 Y74.471 E.01566
;WIDTH:0.495709
G1 X123.97 Y74.404 E.01029
;WIDTH:0.450461
G1 X124.25 Y74.337 E.00926
;WIDTH:0.401048
G1 X124.884 Y74.285 E.01799
G1 X125.448 Y74.304 E.01596
;WIDTH:0.419861
G1 X125.807 Y74.375 E.01092
;WIDTH:0.459893
G1 X126.167 Y74.446 E.01208
;WIDTH:0.492591
G1 X126.492 Y74.564 E.01226
;WIDTH:0.522614
G1 X126.816 Y74.683 E.01308
G1 X127.167 Y74.892 E.01548
G1 X127.485 Y75.172 E.01605
G1 X127.796 Y75.643 E.0214
G1 X128.031 Y76.247 E.02456
;WIDTH:0.473649
G1 X128.107 Y76.591 E.01197
;WIDTH:0.433793
G1 X128.183 Y76.934 E.01087
;WIDTH:0.405418
G1 X128.218 Y77.613 E.01947
G1 X128.148 Y78.284 E.0193
;WIDTH:0.4572
G1 X128.084 Y78.59 E.01025
;WIDTH:0.518986
G1 X128.02 Y78.897 E.01178
G1 X128.01 Y79.221 E.01218
G1 X128.197 Y79.409 E.00998
G1 X128.362 Y79.692 E.01232
;WIDTH:0.524852
G1 X128.475 Y80.075 E.01521
G1 X128.486 Y80.113 F9000
;WIDTH:0.511938
G1 F3000
G1 X128.499 Y80.29 E.00655
G1 X128.489 Y139.924 E2.20939
G1 X128.061 Y139.71 F9000
M73 P77 R10
;WIDTH:0.449999
G1 F3000
G1 X128.035 Y139.923 E.00688
G1 X127.882 Y140.277 E.01242
G1 X127.563 Y140.583 E.01421
G1 X127.594 Y141.209 E.02015
G1 X127.788 Y141.877 E.02237
G1 X127.856 Y142.469 E.01917
G1 X127.796 Y143.082 E.0198
G1 X127.604 Y143.675 E.02005
G1 X128.894 Y142.385 E.05867
G1 X128.937 Y142.385 E.00136
G1 X128.937 Y76.544 E2.1172
G1 X128.879 Y76.024 E.01681
G1 X128.758 Y75.528 E.01643
G1 X128.538 Y75.035 E.01737
G1 X128.178 Y74.539 E.0197
G1 X127.723 Y74.129 E.0197
G1 X127.192 Y73.822 E.0197
G1 X126.608 Y73.633 E.01975
G1 X125.991 Y73.566 E.01995
G1 X95.2 Y73.563 E.99013
G1 X95.2 Y73.606 E.00135
G1 X93.924 Y74.882 E.05803
G1 X94.311 Y74.74 E.01327
G1 X94.989 Y74.647 E.02199
G1 X95.582 Y74.704 E.01916
G1 X96.272 Y74.905 E.02311
G1 X96.917 Y74.936 E.02078
G1 X97.295 Y74.571 E.01688
G1 X97.668 Y74.439 E.01274
G1 X122.21 Y74.439 E.78918
G1 X122.689 Y74.566 E.01591
G1 X123.083 Y74.937 E.01741
G1 X123.608 Y74.936 E.01688
G1 X124.372 Y74.714 E.02558
G1 X124.918 Y74.66 E.01764
G1 X125.426 Y74.686 E.01638
G1 X126.056 Y74.853 E.02094
G1 X126.644 Y75.096 E.02047
G1 X127.071 Y75.379 E.01647
G1 X127.371 Y75.791 E.01637
G1 X127.635 Y76.413 E.02173
G1 X127.808 Y77.037 E.02084
G1 X127.843 Y77.632 E.01918
G1 X127.753 Y78.221 E.01913
G1 X127.594 Y78.773 E.01847
G1 X127.564 Y79.417 E.02075
G1 X127.882 Y79.723 E.01419
G1 X128.061 Y80.257 E.01812
G1 X128.061 Y139.67 E1.9105
G1 X128.488 Y139.964 F9000
;WIDTH:0.521277
G1 F3000
G1 X128.343 Y140.361 E.01599
G1 X128.01 Y140.776 E.02009
G1 X128.042 Y141.239 E.01755
;WIDTH:0.490725
G1 X128.103 Y141.497 E.00938
;WIDTH:0.449043
G1 X128.165 Y141.755 E.0085
;WIDTH:0.406016
G1 X128.235 Y142.506 E.02164
G1 X128.556 Y142.185 E.01302
;WIDTH:0.416421
G1 X128.537 Y141.846 E.01003
;WIDTH:0.454479
G1 X128.518 Y141.506 E.01105
;WIDTH:0.509013
G1 X128.494 Y140.389 E.04116
;WIDTH:0.520845
G1 X128.488 Y140.004 E.01454
G1 X127.153 Y144.325 F9000
;WIDTH:0.38292
G1 F3000
G1 X126.772 Y144.691 E.01419
G1 X123.28 Y145.509 F9000
;WIDTH:0.526404
G1 F3000
G1 X123.092 Y145.697 E.01016
G1 X122.862 Y145.845 E.01043
G1 X122.464 Y145.988 E.01616
G1 X124.659 Y145.992 E.08383
G1 X124.863 Y145.788 E.01103
G1 X124.598 Y145.774 E.01014
G1 X124.019 Y145.652 E.02259
G1 X123.512 Y145.51 E.0201
G1 X123.32 Y145.509 E.00735
G1 X122.464 Y145.988 F9000
;WIDTH:0.512088
G1 F3000
G1 X97.653 Y145.989 E.9195
G1 E-2.8 F3600
;WIPE_START
G1 F3000
G1 X98.653 Y145.989 E-1.2
;WIPE_END
G1 Z4.8 F9000
G1 X91.512 Y139.964 Z4.8
G1 Z4.4
G1 E4 F2400
;WIDTH:0.529401
G1 F3000
G1 X91.508 Y140.713 E.02881
;WIDTH:0.505152
G1 X91.488 Y141.149 E.01592
;WIDTH:0.465703
G1 X91.468 Y141.585 E.01456
;WIDTH:0.432189
G1 X91.455 Y141.911 E.01005
;WIDTH:0.398501
G1 X91.446 Y142.948 E.02912
;WIDTH:0.420993
G1 X91.484 Y143.358 E.01231
;WIDTH:0.461867
G1 X91.523 Y143.769 E.01365
;WIDTH:0.513226
G1 X91.572 Y144.041 E.01028
G1 X91.747 Y144.531 E.01933
;WIDTH:0.527818
G1 X92.011 Y144.977 E.01984
G1 X92.363 Y145.363 E.02
G1 X92.743 Y145.639 E.01802
G1 X93.408 Y145.914 E.02753
;WIDTH:0.493288
G1 X93.737 Y145.972 E.01188
;WIDTH:0.46202
G1 X94.065 Y146.03 E.01105
;WIDTH:0.430027
G1 X94.499 Y146.047 E.01329
;WIDTH:0.39655
G1 X94.934 Y146.064 E.01214
G1 X95.644 Y146.049 E.01985
;WIDTH:0.428161
G1 X95.877 Y146.032 E.00709
;WIDTH:0.46203
G1 X96.109 Y146.015 E.00772
;WIDTH:0.511252
G1 X96.341 Y145.998 E.00862
G1 X97.174 Y145.995 E.03079
;WIDTH:0.521702
G1 X97.613 Y145.986 E.01663
G1 X97.192 Y145.859 E.01663
G1 X96.911 Y145.695 E.01233
G1 X96.732 Y145.516 E.00955
G1 X96.269 Y145.54 E.01753
;WIDTH:0.491665
G1 X96.007 Y145.602 E.00955
;WIDTH:0.449327
G1 X95.745 Y145.665 E.00865
;WIDTH:0.399922
G1 X95.071 Y145.727 E.01908
G1 X94.397 Y145.685 E.01904
;WIDTH:0.431695
G1 X94.027 Y145.596 E.01171
;WIDTH:0.476915
G1 X93.656 Y145.506 E.01307
;WIDTH:0.523689
G1 X93.171 Y145.305 E.01993
G1 X92.781 Y145.082 E.01705
G1 X92.465 Y144.769 E.01691
G1 X92.197 Y144.346 E.01901
G1 X92.011 Y143.878 E.01911
;WIDTH:0.497731
G1 X91.944 Y143.618 E.00965
;WIDTH:0.468849
G1 X91.877 Y143.359 E.00903
;WIDTH:0.440945
G1 X91.84 Y143.149 E.0067
;WIDTH:0.404598
G1 X91.803 Y142.939 E.00609
G1 X91.782 Y142.386 E.01579
G1 X91.852 Y141.716 E.01926
;WIDTH:0.457205
G1 X91.916 Y141.409 E.01025
;WIDTH:0.51873
G1 X91.98 Y141.103 E.01177
G1 X91.99 Y140.779 E.01217
G1 X91.803 Y140.591 E.00998
G1 X91.655 Y140.362 E.01026
;WIDTH:0.524876
G1 X91.526 Y140.001 E.01458
G1 X91.512 Y139.964 F9000
;WIDTH:0.511962
G1 F3000
G1 X91.511 Y80.153 E2.21604
G1 X93.147 Y79.242 F9000
;TYPE:Sparse infill
;WIDTH:0.45
G1 F3600
G1 X93.322 Y79.211 E.00572
G1 X93.369 Y79.475 E.00863
G1 X93.969 Y79.817 E.02221
G1 X94.436 Y79.969 E.01579
G1 X94.676 Y79.729 E.01092
G1 X94.764 Y79.747 E.00288
G1 X95.236 Y79.747 E.01519
G1 X95.702 Y79.648 E.0153
G1 X96.336 Y79.315 E.02305
G1 X96.539 Y79.141 E.0086
G1 X96.642 Y79.02 E.00509
G1 X96.756 Y79.091 E.00431
G1 X96.836 Y78.967 E.00474
G1 X96.959 Y79.022 E.00433
G1 X97.329 Y78.305 E.02593
G1 X97.14 Y78.193 E.00706
G1 X97.172 Y78.113 E.00275
G1 X97.247 Y77.736 E.01239
G1 X97.247 Y77.264 E.01517
G1 X97.229 Y77.176 E.00288
G1 X97.469 Y76.936 E.01092
G1 X97.317 Y76.469 E.01579
G1 X96.994 Y75.911 E.02071
G1 X96.921 Y75.75 E.0057
G1 X96.875 Y75.519 E.00759
G1 X96.879 Y75.439 E.00257
G1 X96.834 Y78.704 F9000
;TYPE:Internal solid infill
;WIDTH:0.38292
G1 F3000
G1 X96.838 Y78.698 E.0002
G1 E-3.99114 F3600
;WIPE_START
G1 F3000
G1 X96.834 Y78.704 E-.00886
;WIPE_END
G1 Z4.8 F9000
G1 X90.81 Y77.434 Z4.8
G1 Z4.4
G1 E4 F2400
;WIDTH:0.511063
G1 F3000
G1 X94.764 Y73.481 E.20674
G1 X94.343 Y73.48 E.01555
G1 X94.079 Y73.503 E.00978
G1 X91.002 Y76.58 E.16095
G1 X91.037 Y76.148 E.01604
G1 X91.007 Y76.118 E.00156
G1 X91.031 Y75.889 E.00852
G1 X93.389 Y73.531 E.12331
G1 X92.766 Y73.729 E.02415
G1 X92.217 Y74.046 E.02345
G1 X91.058 Y75.2 E.06049
G1 E-2.8 F3600
;WIPE_START
G1 F3000
G1 X91.766 Y74.495 E-1.2
;WIPE_END
G1 Z4.8 F9000
G1 X122.584 Y78.264 Z4.8
G1 Z4.4
G1 E4 F2400
;TYPE:Sparse infill
;WIDTH:0.45
G1 F3600
G1 X122.478 Y77.765 E.01639
G1 X122.478 Y77.235 E.01705
G1 X122.612 Y76.663 E.01888
G1 X124.018 Y75.257 E.06393
G1 X124.485 Y75.105 E.01579
G1 X124.948 Y75.066 E.01495
G1 X125.379 Y75.089 E.01387
G1 X125.614 Y75.139 E.00773
; stop printing object Remote75T.stl id:0 copy 0
;LAYER_CHANGE
;Z:4.6
;HEIGHT:0.2
;BEFORE_LAYER_CHANGE
;4.6
G92 E0

G1 E-3 F3600
;WIPE_START
G1 X125.379 Y75.089 E-.24024
G1 X124.948 Y75.066 E-.43136
G1 X124.621 Y75.094 E-.3284
;WIPE_END
;_SET_FAN_SPEED_CHANGING_LAYER
; printing object Remote75T.stl id:0 copy 0
G1 Z5 F9000
G1 X91.392 Y145.562 Z5
G1 Z4.6
G1 E4 F2400
;TYPE:Inner wall
;WIDTH:0.449999
G1 X91.107 Y145.17 E.01557
G1 X90.823 Y144.532 E.02246
G1 X90.702 Y143.963 E.0187
G1 X90.656 Y143.483 E.01553
G1 X90.656 Y76.533 E2.15286
G1 X90.733 Y75.805 E.02353
G1 X90.948 Y75.141 E.02245
G1 X91.298 Y74.537 E.02246
G1 X91.765 Y74.018 E.02246
G1 X92.33 Y73.607 E.02245
G1 X92.968 Y73.323 E.02246
G1 X93.466 Y73.217 E.01637
G1 X94.017 Y73.156 E.01784
G1 X126 Y73.158 E1.02845
G1 X126.694 Y73.232 E.02245
G1 X127.359 Y73.448 E.02248
G1 X127.963 Y73.798 E.02246
G1 X128.482 Y74.265 E.02245
G1 X128.893 Y74.83 E.02246
G1 X129.177 Y75.468 E.02245
G1 X129.301 Y76.052 E.01921
G1 X129.344 Y76.551 E.0161
G1 X129.344 Y143.467 E2.15178
G1 X129.267 Y144.195 E.02353
G1 X129.052 Y144.859 E.02245
G1 X128.702 Y145.463 E.02246
G1 X128.235 Y145.982 E.02245
G1 X127.67 Y146.393 E.02246
G1 X127.032 Y146.677 E.02245
G1 X126.464 Y146.798 E.0187
G1 X125.983 Y146.844 E.01553
G1 X94.033 Y146.844 E1.02739
G1 X93.305 Y146.767 E.02353
G1 X92.641 Y146.552 E.02245
G1 X92.037 Y146.202 E.02246
G1 X91.518 Y145.735 E.02246
G1 X91.415 Y145.594 E.0056
G1 X91.045 Y145.814 F9000
;TYPE:Outer wall
G1 F2400
G1 X90.734 Y145.386 E.01702
G1 X90.413 Y144.665 E.02535
G1 X90.277 Y144.022 E.02114
G1 X90.228 Y143.494 E.01706
G1 X90.228 Y76.511 E2.15394
G1 X90.311 Y75.716 E.0257
M73 P77 R9
G1 X90.555 Y74.966 E.02535
G1 X90.949 Y74.283 E.02535
G1 X91.477 Y73.697 E.02535
G1 X92.114 Y73.234 E.02535
G1 X92.835 Y72.913 E.02535
G1 X93.478 Y72.777 E.02114
G1 X94.006 Y72.728 E.01706
G1 X126.023 Y72.73 E1.02954
G1 X126.784 Y72.811 E.02462
G1 X127.534 Y73.055 E.02536
G1 X128.217 Y73.449 E.02535
G1 X128.803 Y73.977 E.02535
G1 X129.266 Y74.614 E.02535
G1 X129.587 Y75.334 E.02535
G1 X129.723 Y75.977 E.02112
G1 X129.772 Y76.551 E.01851
G1 X129.772 Y143.489 E2.1525
G1 X129.689 Y144.284 E.0257
G1 X129.445 Y145.034 E.02535
G1 X129.051 Y145.717 E.02535
G1 X128.523 Y146.303 E.02535
G1 X127.886 Y146.766 E.02535
G1 X127.165 Y147.087 E.02535
G1 X126.522 Y147.223 E.02114
G1 X125.994 Y147.272 E.01706
G1 X94.011 Y147.272 E1.02847
G1 X93.216 Y147.189 E.0257
G1 X92.466 Y146.945 E.02535
G1 X91.783 Y146.551 E.02535
G1 X91.197 Y146.023 E.02535
G1 X91.069 Y145.846 E.00705
G1 E-2.8 F3600
;WIPE_START
G1 F2400
G1 X90.734 Y145.386 E-.68304
G1 X90.559 Y144.992 E-.51696
;WIPE_END
G1 Z5 F9000
G1 X126.022 Y75.846 Z5
G1 Z4.6
M73 P78 R9
G1 E4 F2400
;TYPE:Inner wall
G1 X126.366 Y76.108 E.0139
G1 X126.675 Y76.51 E.01629
G1 X126.841 Y76.923 E.01433
G1 X126.946 Y77.36 E.01444
G1 X126.933 Y77.767 E.01312
G1 X126.835 Y78.163 E.01312
G1 X126.628 Y78.568 E.01463
G1 X126.231 Y79.015 E.01922
G1 X125.753 Y79.288 E.01769
G1 X125.405 Y79.404 E.01181
G1 X125 Y79.446 E.01309
G1 X124.595 Y79.404 E.01309
G1 X124.208 Y79.278 E.01308
G1 X123.878 Y79.084 E.01232
G1 X123.508 Y78.758 E.01587
G1 X123.279 Y78.42 E.01312
G1 X123.125 Y78.042 E.01312
G1 X123.054 Y77.64 E.01312
G1 X123.067 Y77.233 E.01312
G1 X123.165 Y76.837 E.01312
G1 X123.343 Y76.47 E.01312
G1 X123.593 Y76.147 E.01312
G1 X123.905 Y75.885 E.01312
G1 X124.311 Y75.679 E.01463
G1 X124.814 Y75.56 E.01662
G1 X125.49 Y75.617 E.02183
G1 X125.958 Y75.797 E.01612
G1 X125.99 Y75.822 E.00131
G1 X125.765 Y76.184 F9000
;TYPE:Outer wall
G1 F2400
G1 X125.779 Y76.189 E.00047
G1 X126.043 Y76.391 E.01069
G1 X126.347 Y76.79 E.01612
G1 X126.51 Y77.307 E.01743
G1 X126.514 Y77.678 E.01195
G1 X126.444 Y77.989 E.01025
G1 X126.302 Y78.29 E.01069
G1 X125.965 Y78.679 E.01654
G1 X125.503 Y78.937 E.01702
G1 X125.14 Y79.018 E.01195
G1 X124.684 Y78.985 E.0147
G1 X124.238 Y78.821 E.01527
G1 X123.855 Y78.506 E.01598
G1 X123.67 Y78.246 E.01025
G1 X123.544 Y77.953 E.01025
G1 X123.482 Y77.64 E.01025
G1 X123.486 Y77.322 E.01025
G1 X123.556 Y77.011 E.01025
G1 X123.689 Y76.721 E.01025
G1 X123.88 Y76.466 E.01025
G1 X124.119 Y76.256 E.01025
G1 X124.411 Y76.096 E.01069
G1 X124.919 Y75.979 E.01677
G1 X125.437 Y76.042 E.01678
G1 X125.728 Y76.168 E.01019
G1 E-2.8 F3600
;WIPE_START
G1 F2400
G1 X125.779 Y76.189 E-.0657
G1 X126.043 Y76.391 E-.39909
G1 X126.347 Y76.79 E-.60159
G1 X126.381 Y76.896 E-.13362
;WIPE_END
G1 Z5 F9000
G1 X93.116 Y77.989 Z5
G1 Z4.6
G1 E4 F2400
;TYPE:Inner wall
G1 X93.054 Y77.64 E.01138
G1 X93.067 Y77.233 E.01312
G1 X93.165 Y76.837 E.01312
G1 X93.343 Y76.47 E.01312
G1 X93.643 Y76.103 E.01522
G1 X93.905 Y75.885 E.01099
G1 X94.348 Y75.67 E.01582
G1 X94.919 Y75.551 E.01877
G1 X95.49 Y75.617 E.01848
G1 X95.92 Y75.779 E.01477
G1 X96.257 Y76.007 E.01308
G1 X96.637 Y76.444 E.01863
G1 X96.858 Y76.896 E.01619
G1 X96.946 Y77.36 E.01517
G1 X96.933 Y77.767 E.01312
G1 X96.835 Y78.163 E.01312
G1 X96.628 Y78.568 E.01463
G1 X96.261 Y78.99 E.01796
G1 X95.71 Y79.312 E.02051
G1 X95.204 Y79.443 E.01682
G1 X94.733 Y79.433 E.01517
G1 X94.337 Y79.335 E.01312
G1 X93.97 Y79.157 E.01312
G1 X93.628 Y78.883 E.01408
G1 X93.312 Y78.484 E.01636
G1 X93.125 Y78.042 E.01544
G1 X93.123 Y78.028 E.00046
G1 X93.537 Y77.914 F9000
;TYPE:Outer wall
G1 F2400
G1 X93.482 Y77.64 E.00896
G1 X93.486 Y77.322 E.01025
G1 X93.556 Y77.011 E.01025
G1 X93.689 Y76.721 E.01025
G1 X93.929 Y76.422 E.01235
G1 X94.28 Y76.163 E.01402
G1 X94.448 Y76.087 E.00592
G1 X94.942 Y75.98 E.01624
G1 X95.486 Y76.055 E.01766
G1 X95.779 Y76.189 E.01037
G1 X96.039 Y76.386 E.01051
G1 X96.33 Y76.754 E.01507
G1 X96.485 Y77.184 E.0147
G1 X96.517 Y77.659 E.01531
G1 X96.384 Y78.124 E.01556
G1 X96.302 Y78.29 E.00593
G1 X95.974 Y78.671 E.01616
G1 X95.503 Y78.937 E.01739
G1 X95.14 Y79.018 E.01195
G1 X94.684 Y78.985 E.01472
G1 X94.237 Y78.821 E.0153
G1 X93.961 Y78.614 E.01111
G1 X93.67 Y78.246 E.01507
G1 X93.544 Y77.953 E.01025
G1 X93.544 Y77.953 E.00001
G1 E-2.8 F3600
;WIPE_START
G1 F2400
G1 X93.482 Y77.64 E-.38218
G1 X93.486 Y77.322 E-.38241
G1 X93.556 Y77.011 E-.38243
G1 X93.575 Y76.971 E-.05298
;WIPE_END
G1 Z5 F9000
G1 X122.772 Y75.637 Z5
G1 Z4.6
G1 E4 F2400
;TYPE:Inner wall
G1 X122.722 Y75.79 E.00516
G1 X122.474 Y76.222 E.01602
G1 X122.264 Y76.775 E.01903
G1 X122.173 Y77.36 E.01903
G1 X122.205 Y77.951 E.01903
G1 X122.36 Y78.522 E.01903
G1 X122.63 Y79.048 E.01903
G1 X123.004 Y79.507 E.01903
G1 X123.445 Y79.867 E.01832
G1 X123.888 Y80.112 E.01628
G1 X124.409 Y80.281 E.0176
G1 X125 Y80.343 E.01911
G1 X125.591 Y80.281 E.01911
G1 X126.156 Y80.097 E.0191
G1 X126.737 Y79.761 E.02159
G1 X127.09 Y79.681 E.01163
G1 X127.361 Y79.769 E.00918
G1 X127.565 Y79.972 E.00925
G1 X127.654 Y80.29 E.0106
G1 X127.654 Y139.71 E1.91075
G1 X127.564 Y140.028 E.0106
G1 X127.314 Y140.258 E.01094
G1 X127.01 Y140.32 E.00997
G1 X126.737 Y140.239 E.00915
G1 X126.156 Y139.903 E.02159
G1 X125.586 Y139.717 E.01929
G1 X125.043 Y139.667 E.01753
G1 X124.58 Y139.699 E.01491
G1 X124.078 Y139.815 E.01657
G1 X123.578 Y140.038 E.01759
G1 X123.093 Y140.391 E.0193
G1 X122.785 Y140.726 E.01462
G1 X122.474 Y141.222 E.01884
G1 X122.264 Y141.775 E.01903
G1 X122.169 Y142.328 E.01806
G1 X122.197 Y142.912 E.01878
G1 X122.345 Y143.478 E.01883
G1 X122.552 Y143.915 E.01554
G1 X122.794 Y144.363 E.01638
G1 X122.814 Y144.637 E.00884
G1 X122.731 Y144.861 E.00767
G1 X122.528 Y145.064 E.00925
G1 X122.21 Y145.154 E.0106
G1 X97.79 Y145.154 E.78528
G1 X97.472 Y145.064 E.0106
G1 X97.242 Y144.814 E.01094
G1 X97.18 Y144.51 E.00997
G1 X97.278 Y144.21 E.01013
G1 X97.526 Y143.778 E.01603
G1 X97.736 Y143.225 E.01903
G1 X97.827 Y142.64 E.01903
G1 X97.795 Y142.049 E.01903
G1 X97.64 Y141.478 E.01903
G1 X97.434 Y141.04 E.01556
G1 X97.113 Y140.598 E.0176
G1 X96.671 Y140.2 E.01911
G1 X96.156 Y139.903 E.01911
G1 X95.591 Y139.719 E.01911
G1 X95 Y139.657 E.01911
G1 X94.409 Y139.719 E.01911
G1 X93.844 Y139.903 E.0191
G1 X93.263 Y140.239 E.02159
G1 X92.998 Y140.32 E.0089
G1 X92.739 Y140.281 E.00841
G1 X92.639 Y140.231 E.00361
G1 X92.435 Y140.028 E.00925
G1 X92.346 Y139.71 E.0106
G1 X92.346 Y80.29 E1.91075
G1 X92.435 Y79.972 E.0106
G1 X92.649 Y79.762 E.00964
G1 X92.895 Y79.682 E.0083
G1 X93.107 Y79.698 E.00685
G1 X94.022 Y80.155 E.03288
G1 X94.455 Y80.286 E.01455
G1 X95 Y80.343 E.01762
G1 X95.591 Y80.281 E.01911
G1 X96.156 Y80.097 E.01911
G1 X96.671 Y79.8 E.01911
G1 X97.117 Y79.399 E.0193
G1 X97.464 Y78.897 E.01959
G1 X97.655 Y78.478 E.01482
G1 X97.786 Y78.044 E.01457
G1 X97.843 Y77.5 E.0176
G1 X97.781 Y76.909 E.01911
G1 X97.597 Y76.344 E.0191
G1 X97.261 Y75.763 E.02159
G1 X97.18 Y75.497 E.00892
G1 X97.219 Y75.239 E.00839
G1 X97.269 Y75.139 E.00361
G1 X97.472 Y74.935 E.00925
G1 X97.79 Y74.846 E.0106
G1 X122.21 Y74.846 E.78528
G1 X122.528 Y74.936 E.01061
G1 X122.758 Y75.187 E.01094
G1 X122.82 Y75.49 E.00997
G1 X122.785 Y75.599 E.00368
G1 X122.384 Y75.511 F9000
;TYPE:Outer wall
G1 F2400
G1 X122.083 Y76.047 E.0198
G1 X121.867 Y76.578 E.01841
G1 X121.744 Y77.158 E.01906
G1 X121.744 Y77.842 E.02201
G1 X121.886 Y78.512 E.02201
G1 X122.165 Y79.137 E.02201
G1 X122.567 Y79.69 E.02199
G1 X123.076 Y80.149 E.02203
G1 X123.668 Y80.491 E.02201
G1 X124.319 Y80.702 E.02201
G1 X125 Y80.774 E.02201
G1 X125.681 Y80.702 E.02201
G1 X126.332 Y80.491 E.02201
G1 X126.952 Y80.132 E.02304
G1 X127.108 Y80.12 E.00504
G1 X127.198 Y80.195 E.00379
G1 X127.225 Y80.29 E.00316
G1 X127.225 Y139.71 E1.91075
G1 X127.198 Y139.805 E.00316
G1 X127.071 Y139.89 E.00493
G1 X126.952 Y139.868 E.0039
G1 X126.332 Y139.509 E.02304
G1 X125.68 Y139.297 E.02205
G1 X125.132 Y139.237 E.0177
G1 X124.575 Y139.261 E.01793
G1 X123.988 Y139.386 E.0193
G1 X123.363 Y139.665 E.02201
G1 X122.808 Y140.068 E.02205
G1 X122.438 Y140.474 E.01768
G1 X122.131 Y140.94 E.01794
G1 X121.886 Y141.488 E.01931
G1 X121.744 Y142.159 E.02205
G1 X121.741 Y142.709 E.01768
G1 X121.824 Y143.261 E.01795
G1 X122.009 Y143.832 E.0193
G1 X122.369 Y144.454 E.02313
G1 X122.381 Y144.605 E.00487
G1 X122.305 Y144.698 E.00387
G1 X122.21 Y144.725 E.00316
G1 X97.79 Y144.725 E.78528
G1 X97.634 Y144.638 E.00573
G1 X97.616 Y144.489 E.00481
G1 X97.917 Y143.953 E.0198
G1 X98.133 Y143.422 E.01841
G1 X98.256 Y142.842 E.01906
G1 X98.256 Y142.158 E.02201
G1 X98.114 Y141.488 E.02201
G1 X97.836 Y140.864 E.02199
G1 X97.433 Y140.309 E.02203
G1 X96.924 Y139.851 E.02201
G1 X96.332 Y139.509 E.02201
G1 X95.681 Y139.298 E.02201
G1 X95 Y139.226 E.02201
G1 X94.319 Y139.298 E.02201
G1 X93.668 Y139.509 E.02201
G1 X93.048 Y139.868 E.02304
G1 X92.892 Y139.88 E.00504
G1 X92.802 Y139.805 E.00379
G1 X92.775 Y139.71 E.00316
G1 X92.775 Y80.29 E1.91075
G1 X92.865 Y80.132 E.00583
G1 X93.002 Y80.113 E.00443
G1 X93.466 Y80.374 E.01713
G1 X93.889 Y80.563 E.01489
G1 X94.41 Y80.712 E.01742
G1 X95 Y80.774 E.01907
G1 X95.681 Y80.702 E.02201
G1 X96.332 Y80.491 E.02201
G1 X96.924 Y80.149 E.02201
G1 X97.434 Y79.69 E.02205
G1 X97.76 Y79.247 E.01769
G1 X98.017 Y78.751 E.01795
G1 X98.202 Y78.181 E.0193
G1 X98.274 Y77.5 E.02201
G1 X98.202 Y76.819 E.02201
G1 X97.991 Y76.168 E.02201
G1 X97.632 Y75.548 E.02304
G1 X97.62 Y75.392 E.00504
G1 X97.695 Y75.302 E.00379
G1 X97.79 Y75.275 E.00316
G1 X122.21 Y75.275 E.78528
G1 X122.366 Y75.362 E.00573
G1 X122.379 Y75.471 E.00353
G1 E-2.8 F3600
;WIPE_START
G1 F2400
G1 X122.083 Y76.047 E-.77793
G1 X121.95 Y76.373 E-.42207
;WIPE_END
G1 Z5 F9000
G1 X93.066 Y142.708 Z5
G1 Z4.6
G1 E4 F2400
;TYPE:Inner wall
G1 X93.054 Y142.64 E.0022
G1 X93.067 Y142.233 E.01312
G1 X93.165 Y141.837 E.01312
G1 X93.343 Y141.47 E.01312
G1 X93.593 Y141.147 E.01312
G1 X93.793 Y140.968 E.00864
G1 X94.265 Y140.692 E.01758
G1 X94.777 Y140.567 E.01694
G1 X94.994 Y140.555 E.00701
G1 X95.604 Y140.642 E.01979
G1 X96.064 Y140.869 E.01649
G1 X96.444 Y141.194 E.0161
G1 X96.667 Y141.528 E.01292
G1 X96.875 Y141.958 E.01534
G1 X96.946 Y142.36 E.01312
G1 X96.933 Y142.767 E.01312
G1 X96.835 Y143.163 E.01312
G1 X96.657 Y143.53 E.01312
G1 X96.407 Y143.853 E.01312
G1 X96.095 Y144.115 E.01312
G1 X95.704 Y144.317 E.01414
G1 X95.14 Y144.446 E.0186
G1 X94.532 Y144.395 E.01963
G1 X94.148 Y144.256 E.01312
G1 X93.793 Y144.033 E.01349
G1 X93.436 Y143.658 E.01664
G1 X93.279 Y143.42 E.00918
G1 X93.125 Y143.042 E.01312
G1 X93.073 Y142.747 E.00963
G1 X93.482 Y142.629 F9000
;TYPE:Outer wall
G1 F2400
G1 X93.486 Y142.322 E.00988
G1 X93.556 Y142.011 E.01025
G1 X93.689 Y141.721 E.01025
G1 X93.88 Y141.466 E.01025
G1 X94.08 Y141.286 E.00864
G1 X94.411 Y141.096 E.01229
G1 X94.9 Y140.98 E.01616
G1 X95.437 Y141.042 E.01739
G1 X95.79 Y141.198 E.0124
G1 X96.183 Y141.541 E.01677
G1 X96.437 Y141.997 E.01678
G1 X96.518 Y142.36 E.01195
G1 X96.514 Y142.678 E.01025
G1 X96.444 Y142.989 E.01025
G1 X96.311 Y143.279 E.01025
G1 X96.12 Y143.534 E.01025
G1 X95.881 Y143.744 E.01025
G1 X95.593 Y143.903 E.01055
G1 X95.131 Y144.017 E.01532
G1 X94.622 Y143.973 E.01644
G1 X94.363 Y143.885 E.0088
G1 X94.08 Y143.714 E.01062
G1 X93.782 Y143.407 E.01376
G1 X93.555 Y142.986 E.01536
G1 X93.488 Y142.668 E.01045
G1 E-2.8 F3600
;WIPE_START
G1 F2400
G1 X93.486 Y142.322 E-.41602
G1 X93.556 Y142.011 E-.38242
G1 X93.689 Y141.721 E-.3824
G1 X93.699 Y141.709 E-.01916
;WIPE_END
G1 Z5 F9000
G1 X126.762 Y143.286 Z5
G1 Z4.6
G1 E4 F2400
;TYPE:Inner wall
G1 X126.626 Y143.576 E.0103
G1 X126.324 Y143.937 E.01514
G1 X125.92 Y144.221 E.01588
G1 X125.589 Y144.363 E.01158
G1 X125.11 Y144.445 E.01563
G1 X124.532 Y144.395 E.01866
G1 X124.148 Y144.256 E.01312
G1 X123.802 Y144.04 E.01312
G1 X123.498 Y143.744 E.01366
G1 X123.279 Y143.42 E.01257
G1 X123.125 Y143.042 E.01312
G1 X123.054 Y142.605 E.01424
G1 X123.067 Y142.233 E.01198
G1 X123.165 Y141.837 E.01312
G1 X123.343 Y141.47 E.01312
G1 X123.593 Y141.147 E.01312
G1 X123.905 Y140.885 E.01312
G1 X124.311 Y140.679 E.01463
G1 X124.826 Y140.558 E.017
G1 X125.431 Y140.609 E.01953
G1 X125.791 Y140.722 E.01213
G1 X126.03 Y140.843 E.00863
G1 X126.353 Y141.093 E.01312
G1 X126.615 Y141.405 E.01312
G1 X126.817 Y141.796 E.01414
G1 X126.946 Y142.361 E.01863
G1 X126.907 Y142.885 E.0169
G1 X126.851 Y143.096 E.00701
G1 X126.779 Y143.249 E.00546
G1 X126.374 Y143.103 F9000
;TYPE:Outer wall
G1 F2400
G1 X126.252 Y143.367 E.00933
G1 X126.006 Y143.645 E.01195
G1 X125.746 Y143.83 E.01025
G1 X125.467 Y143.952 E.00979
G1 X125.132 Y144.017 E.01097
G1 X124.664 Y143.987 E.01507
G1 X124.363 Y143.885 E.01025
G1 X124.089 Y143.722 E.01025
G1 X123.844 Y143.492 E.01079
G1 X123.613 Y143.117 E.01417
G1 X123.483 Y142.662 E.01521
G1 X123.486 Y142.322 E.01094
G1 X123.556 Y142.011 E.01025
G1 X123.689 Y141.721 E.01025
G1 X123.977 Y141.379 E.01437
G1 X124.38 Y141.107 E.01564
G1 X124.877 Y140.984 E.01646
G1 X125.378 Y141.035 E.01621
G1 X125.779 Y141.189 E.0138
G1 X126.034 Y141.38 E.01025
G1 X126.244 Y141.619 E.01025
G1 X126.403 Y141.907 E.01055
G1 X126.517 Y142.375 E.0155
G1 X126.472 Y142.892 E.01668
G1 X126.391 Y143.067 E.00621
G1 E-2.8 F3600
;WIPE_START
G1 F2400
G1 X126.252 Y143.367 E-.39635
G1 X126.006 Y143.645 E-.44606
G1 X125.763 Y143.818 E-.35759
;WIPE_END
G1 Z5 F9000
G1 X127.061 Y140.622 Z5
G1 Z4.6
G1 E4 F2400
;TYPE:Sparse infill
;WIDTH:0.45
G1 F3600
G1 X126.774 Y140.587 E.00931
G1 X126.601 Y140.513 E.00604
G1 X126.031 Y140.183 E.02117
G1 X125.564 Y140.031 E.01579
G1 X125.303 Y140.292 E.01186
G1 X125.026 Y140.251 E.00901
G1 X124.782 Y140.255 E.00785
G1 X124.233 Y140.384 E.01813
G1 X124.002 Y140.476 E.00801
G1 X123.672 Y140.672 E.01233
G1 X123.386 Y140.924 E.01226
G1 X123.266 Y141.056 E.00572
G1 X123.046 Y141.365 E.01223
G1 X122.851 Y141.802 E.01537
G1 X122.752 Y142.272 E.01546
G1 X122.754 Y142.748 E.01531
G1 X122.771 Y142.825 E.00251
G1 X122.531 Y143.064 E.01088
G1 X122.683 Y143.531 E.0158
G1 X123.024 Y144.121 E.02191
G1 X123.087 Y144.275 E.00533
G1 X123.122 Y144.561 E.00928
G1 E-3
;WIPE_START
G1 X123.087 Y144.275 E-.2887
G1 X123.024 Y144.121 E-.16579
G1 X122.751 Y143.649 E-.54551
;WIPE_END
G1 Z5 F9000
G1 X97.416 Y141.736 Z5
G1 Z4.6
G1 E4 F2400
G1 F3600
G1 X97.522 Y142.235 E.01639
G1 X97.522 Y142.765 E.01705
G1 X97.388 Y143.337 E.01888
G1 X95.982 Y144.743 E.06393
G1 X95.509 Y144.897 E.016
G1 X95 Y144.95 E.01647
G1 X94.491 Y144.897 E.01647
G1 X94.389 Y144.864 E.00343
G1 X90.81 Y142.566 F9000
;TYPE:Internal solid infill
;WIDTH:0.511063
G1 F3000
G1 X94.764 Y146.52 E.20675
G1 X94.343 Y146.52 E.01556
G1 X94.08 Y146.498 E.00975
G1 X90.999 Y143.417 E.16112
G1 X91.031 Y143.847 E.01593
G1 X90.997 Y143.881 E.00178
G1 X91.05 Y144.13 E.0094
G1 X93.389 Y146.469 E.12235
G1 X92.766 Y146.271 E.02417
G1 X92.217 Y145.954 E.02345
G1 X91.091 Y144.833 E.05878
G1 X91.514 Y80.113 F9000
;WIDTH:0.521258
G1 F3000
G1 X91.64 Y79.692 E.01661
G1 X91.805 Y79.411 E.01233
G1 X91.985 Y79.23 E.00963
G1 X91.964 Y78.786 E.01679
;WIDTH:0.493227
G1 X91.899 Y78.515 E.00992
;WIDTH:0.449693
G1 X91.835 Y78.244 E.00896
;WIDTH:0.40242
G1 X91.773 Y77.551 E.01974
G1 X91.831 Y76.817 E.02091
;WIDTH:0.443378
G1 X91.925 Y76.464 E.01156
;WIDTH:0.490458
G1 X92.018 Y76.111 E.01291
;WIDTH:0.518815
G1 X92.211 Y75.618 E.01989
G1 X92.508 Y75.183 E.01978
G1 X92.657 Y75.026 E.00813
G1 X93.098 Y74.723 E.02014
G1 X93.884 Y74.439 E.0314
;WIDTH:0.47663
G1 X94.07 Y74.393 E.00659
;WIDTH:0.445738
G1 X94.257 Y74.346 E.00612
;WIDTH:0.402176
G1 X94.938 Y74.277 E.01942
G1 X95.622 Y74.318 E.01946
;WIDTH:0.429935
G1 X95.881 Y74.372 E.00807
;WIDTH:0.467713
G1 X96.14 Y74.426 E.00886
;WIDTH:0.524827
G1 X96.398 Y74.479 E.01005
G1 X96.721 Y74.49 E.01229
G1 X96.909 Y74.303 E.0101
G1 X97.138 Y74.155 E.01039
G1 X97.536 Y74.012 E.0161
G1 X96.787 Y74.008 E.02854
;WIDTH:0.499917
G1 X96.286 Y73.983 E.0181
;WIDTH:0.450148
G1 X95.785 Y73.958 E.01613
;WIDTH:0.405176
G1 X95.095 Y73.937 E.01978
G1 X94.231 Y73.961 E.02472
;WIDTH:0.445738
G1 X93.994 Y73.985 E.00758
;WIDTH:0.47663
G1 X93.757 Y74.009 E.00816
;WIDTH:0.525695
G1 X93.259 Y74.136 E.01961
G1 X92.782 Y74.34 E.01977
G1 X92.369 Y74.634 E.01934
G1 X92.013 Y75.024 E.02015
G1 X91.743 Y75.468 E.01979
G1 X91.573 Y75.959 E.01983
;WIDTH:0.497052
G1 X91.521 Y76.262 E.01103
;WIDTH:0.46316
G1 X91.47 Y76.565 E.01021
;WIDTH:0.430149
G1 X91.453 Y76.982 E.01275
;WIDTH:0.397056
G1 X91.436 Y77.398 E.01166
G1 X91.451 Y78.141 E.02081
;WIDTH:0.428399
G1 X91.468 Y78.381 E.0073
;WIDTH:0.463037
G1 X91.486 Y78.62 E.00795
;WIDTH:0.51277
G1 X91.503 Y78.859 E.00889
G1 X91.505 Y79.674 E.03025
;WIDTH:0.519421
G1 X91.513 Y80.073 E.01504
G1 X91.939 Y80.29 F9000
;WIDTH:0.449999
G1 F3000
G1 X92.066 Y79.812 E.0159
G1 X92.433 Y79.421 E.01723
G1 X92.411 Y78.742 E.02185
G1 X92.212 Y78.123 E.02092
G1 X92.144 Y77.512 E.01975
G1 X92.22 Y76.866 E.02093
G1 X92.578 Y75.869 E.03408
G1 X92.875 Y75.434 E.01692
G1 X93.278 Y75.128 E.01628
G1 X94.311 Y74.74 E.03548
G1 X94.989 Y74.647 E.02199
G1 X95.582 Y74.704 E.01916
G1 X96.272 Y74.905 E.02311
G1 X96.917 Y74.936 E.02078
G1 X97.295 Y74.571 E.01688
G1 X97.668 Y74.439 E.01274
G1 X122.21 Y74.439 E.78918
G1 X122.689 Y74.566 E.01591
G1 X123.083 Y74.937 E.01741
G1 X123.608 Y74.936 E.01688
G1 X124.372 Y74.714 E.02558
G1 X124.918 Y74.66 E.01764
G1 X125.426 Y74.686 E.01638
G1 X126.056 Y74.853 E.02095
G1 X126.184 Y74.905 E.00445
G1 X124.887 Y73.607 E.05901
G1 X124.887 Y73.565 E.00136
G1 X94.055 Y73.563 E.99143
G1 X93.668 Y73.591 E.01249
G1 X93.094 Y73.712 E.01886
G1 X92.535 Y73.962 E.0197
G1 X92.039 Y74.322 E.0197
G1 X91.629 Y74.777 E.0197
G1 X91.322 Y75.308 E.0197
G1 X91.133 Y75.891 E.0197
G1 X91.063 Y76.554 E.02146
G1 X91.063 Y142.3 E2.11413
G1 X91.106 Y142.3 E.00136
M73 P79 R9
G1 X92.354 Y143.548 E.05676
G1 X92.192 Y142.963 E.01951
G1 X92.157 Y142.367 E.01919
G1 X92.247 Y141.779 E.01913
G1 X92.406 Y141.227 E.01847
G1 X92.436 Y140.583 E.02075
G1 X92.071 Y140.205 E.01688
G1 X91.939 Y139.832 E.01274
G1 X91.939 Y80.33 E1.91337
G1 E-2.8 F3600
;WIPE_START
G1 F3000
G1 X91.939 Y81.33 E-1.2
;WIPE_END
G1 Z5 F9000
G1 X97.536 Y74.012 Z5
G1 Z4.6
G1 E4 F2400
;WIDTH:0.51188
G1 F3000
G1 X122.347 Y74.012 E.91909
G1 X123.281 Y74.492 F9000
;WIDTH:0.521846
G1 F3000
G1 X123.69 Y74.471 E.01552
;WIDTH:0.496037
G1 X123.97 Y74.404 E.0103
;WIDTH:0.450793
G1 X124.25 Y74.337 E.00927
;WIDTH:0.406671
G1 X125.021 Y74.281 E.0222
G1 X124.687 Y73.947 E.01357
;WIDTH:0.419195
G1 X124.33 Y73.967 E.01061
;WIDTH:0.45898
G1 X123.974 Y73.987 E.01173
;WIDTH:0.514667
G1 X123.617 Y74.006 E.0133
G1 X122.827 Y74.01 E.02947
;WIDTH:0.527961
G1 X122.387 Y74.014 E.01685
G1 X122.809 Y74.138 E.01685
G1 X123.092 Y74.303 E.01256
G1 X123.252 Y74.464 E.0087
G1 X126.688 Y75.243 F9000
;WIDTH:0.38292
G1 F3000
G1 X126.967 Y75.484 E.0099
G1 X128.486 Y80.113 F9000
;WIDTH:0.511938
G1 F3000
G1 X128.499 Y80.29 E.00655
G1 X128.489 Y139.924 E2.20939
G1 X128.486 Y80.113 F9000
;WIDTH:0.53049
G1 F3000
G1 X128.492 Y79.287 E.03184
;WIDTH:0.505128
G1 X128.512 Y78.851 E.01592
;WIDTH:0.46569
G1 X128.532 Y78.415 E.01456
;WIDTH:0.414503
G1 X128.554 Y77.816 E.01762
G1 X128.218 Y77.48 E.01394
G1 X128.148 Y78.284 E.02369
;WIDTH:0.457195
G1 X128.084 Y78.59 E.01025
;WIDTH:0.51898
G1 X128.02 Y78.897 E.01178
G1 X128.01 Y79.221 E.01218
G1 X128.197 Y79.409 E.00998
G1 X128.362 Y79.692 E.01232
;WIDTH:0.524847
G1 X128.475 Y80.075 E.01521
G1 X128.488 Y139.964 F9000
;WIDTH:0.52525
G1 F3000
G1 X128.345 Y140.362 E.01612
G1 X128.009 Y140.781 E.02047
G1 X128.037 Y141.222 E.01685
;WIDTH:0.492788
G1 X128.101 Y141.489 E.00973
;WIDTH:0.449729
G1 X128.165 Y141.755 E.0088
;WIDTH:0.400369
G1 X128.227 Y142.429 E.01911
G1 X128.182 Y143.122 E.01962
;WIDTH:0.434968
G1 X128.086 Y143.508 E.0123
;WIDTH:0.482734
G1 X127.991 Y143.893 E.0138
;WIDTH:0.514236
G1 X127.685 Y144.567 E.02754
G1 X127.366 Y144.954 E.01868
G1 X126.959 Y145.251 E.01876
G1 X126.112 Y145.582 E.03386
;WIDTH:0.458552
G1 X125.76 Y145.645 E.01172
;WIDTH:0.416366
G1 X125.409 Y145.709 E.01053
;WIDTH:0.390553
G1 X124.733 Y145.719 E.01855
;WIDTH:0.403306
G1 X124.38 Y145.669 E.01017
;WIDTH:0.438252
G1 X124.026 Y145.618 E.01115
;WIDTH:0.473036
G1 X123.769 Y145.564 E.00892
;WIDTH:0.525449
G1 X123.512 Y145.51 E.01001
G1 X123.28 Y145.509 E.00886
G1 X123.092 Y145.697 E.01014
G1 X122.862 Y145.845 E.01041
G1 X122.464 Y145.988 E.01613
G1 X123.214 Y145.992 E.02858
;WIDTH:0.510242
G1 X123.561 Y146.007 E.01285
;WIDTH:0.480216
G1 X123.909 Y146.022 E.01202
;WIDTH:0.447403
G1 X124.242 Y146.04 E.01065
;WIDTH:0.397203
G1 X125.289 Y146.061 E.0293
;WIDTH:0.402467
G1 X125.623 Y146.045 E.00949
;WIDTH:0.433863
G1 X125.956 Y146.03 E.01032
;WIDTH:0.464603
G1 X126.242 Y145.997 E.00957
;WIDTH:0.521191
G1 X126.742 Y145.866 E.01955
G1 X127.219 Y145.661 E.0196
G1 X127.64 Y145.359 E.01958
G1 X127.993 Y144.979 E.0196
;WIDTH:0.52508
G1 X128.252 Y144.531 E.01972
G1 X128.431 Y144.042 E.01984
;WIDTH:0.491733
G1 X128.481 Y143.738 E.0109
;WIDTH:0.461142
G1 X128.531 Y143.435 E.01016
;WIDTH:0.429653
G1 X128.547 Y143.002 E.01324
;WIDTH:0.396571
G1 X128.564 Y142.569 E.0121
G1 X128.549 Y141.856 E.01992
;WIDTH:0.428405
G1 X128.532 Y141.621 E.00719
;WIDTH:0.46277
G1 X128.515 Y141.385 E.00783
;WIDTH:0.51465
G1 X128.492 Y140.389 E.03713
;WIDTH:0.52585
G1 X128.488 Y140.004 E.01469
G1 X128.061 Y139.71 F9000
;WIDTH:0.449999
G1 F3000
G1 X128.035 Y139.923 E.00688
G1 X127.882 Y140.277 E.01242
G1 X127.563 Y140.583 E.01421
G1 X127.59 Y141.219 E.02045
G1 X127.788 Y141.877 E.0221
G1 X127.856 Y142.469 E.01917
G1 X127.796 Y143.082 E.0198
G1 X127.578 Y143.756 E.0228
G1 X127.284 Y144.376 E.02205
G1 X127.065 Y144.625 E.01067
G1 X126.774 Y144.848 E.01178
G1 X125.914 Y145.208 E.03
G1 X125.329 Y145.337 E.01925
G1 X124.732 Y145.344 E.0192
G1 X124.111 Y145.217 E.02039
G1 X123.616 Y145.066 E.01664
G1 X123.083 Y145.064 E.01714
G1 X122.705 Y145.429 E.01689
G1 X122.332 Y145.561 E.01274
G1 X97.79 Y145.561 E.78918
G1 X97.311 Y145.434 E.01591
G1 X96.92 Y145.068 E.01724
G1 X96.223 Y145.094 E.02242
G1 X95.623 Y145.288 E.02029
G1 X95.031 Y145.356 E.01917
G1 X94.436 Y145.3 E.0192
G1 X93.955 Y145.149 E.01623
G1 X95.2 Y146.394 E.05663
G1 X95.2 Y146.437 E.00136
G1 X125.972 Y146.437 E.98952
G1 X126.329 Y146.41 E.01152
G1 X126.906 Y146.288 E.01895
G1 X127.465 Y146.038 E.0197
G1 X127.961 Y145.678 E.0197
G1 X128.371 Y145.223 E.0197
G1 X128.678 Y144.692 E.0197
G1 X128.867 Y144.109 E.0197
G1 X128.937 Y143.446 E.02146
G1 X128.937 Y77.615 E2.11687
G1 X128.894 Y77.615 E.00136
G1 X127.595 Y76.315 E.05911
G1 X127.808 Y77.037 E.02421
G1 X127.843 Y77.632 E.01918
G1 X127.753 Y78.221 E.01914
G1 X127.594 Y78.773 E.01847
G1 X127.564 Y79.417 E.02075
G1 X127.882 Y79.723 E.01419
G1 X128.061 Y80.257 E.01812
G1 X128.061 Y139.67 E1.9105
G1 E-2.8 F3600
;WIPE_START
G1 F3000
G1 X128.061 Y138.67 E-1.2
;WIPE_END
G1 Z5 F9000
G1 X122.464 Y145.988 Z5
G1 Z4.6
G1 E4 F2400
;WIDTH:0.512088
G1 F3000
G1 X97.653 Y145.989 E.9195
G1 X96.732 Y145.516 F9000
;WIDTH:0.515589
G1 F3000
G1 X96.269 Y145.54 E.0173
;WIDTH:0.491675
G1 X96.007 Y145.602 E.00956
;WIDTH:0.449327
G1 X95.745 Y145.665 E.00865
;WIDTH:0.409868
G1 X95.083 Y145.736 E.01929
G1 X95.401 Y146.054 E.01302
;WIDTH:0.420548
G1 X95.714 Y146.035 E.00937
;WIDTH:0.457469
G1 X96.028 Y146.017 E.01029
;WIDTH:0.509779
G1 X96.342 Y145.998 E.01158
G1 X97.174 Y145.995 E.03068
;WIDTH:0.523854
G1 X97.613 Y145.986 E.01671
G1 X97.192 Y145.859 E.01671
G1 X96.911 Y145.695 E.01239
G1 X96.76 Y145.545 E.00807
G1 E-2.8 F3600
;WIPE_START
G1 F3000
G1 X96.911 Y145.695 E-.25492
G1 X97.192 Y145.859 E-.39121
G1 X97.613 Y145.986 E-.52772
G1 X97.591 Y145.987 E-.02615
;WIPE_END
G1 Z5 F9000
G1 X91.512 Y139.964 Z5
G1 Z4.6
G1 E4 F2400
;WIDTH:0.511962
G1 F3000
G1 X91.511 Y80.153 E2.21604
G1 X91.512 Y139.964 F9000
;WIDTH:0.529398
G1 F3000
G1 X91.508 Y140.713 E.02881
;WIDTH:0.505146
G1 X91.488 Y141.149 E.01592
;WIDTH:0.465697
G1 X91.468 Y141.585 E.01456
;WIDTH:0.419567
G1 X91.449 Y142.098 E.01528
G1 X91.771 Y142.387 E.01288
G1 X91.852 Y141.716 E.02011
;WIDTH:0.457199
G1 X91.916 Y141.409 E.01025
;WIDTH:0.518724
G1 X91.98 Y141.103 E.01177
G1 X91.99 Y140.779 E.01217
G1 X91.803 Y140.591 E.00998
G1 X91.655 Y140.362 E.01026
;WIDTH:0.52487
G1 X91.526 Y140.001 E.01458
G1 X92.938 Y79.382 F9000
;TYPE:Sparse infill
;WIDTH:0.45
G1 F3600
G1 X93.18 Y79.4 E.00783
G1 X93.399 Y79.487 E.00756
G1 X93.969 Y79.817 E.02118
G1 X94.436 Y79.969 E.01579
G1 X94.676 Y79.729 E.01092
G1 X94.764 Y79.747 E.00288
G1 X95.236 Y79.747 E.01519
G1 X95.702 Y79.648 E.0153
G1 X96.337 Y79.314 E.02308
G1 X96.544 Y79.137 E.00876
G1 X96.888 Y78.732 E.0171
G1 X96.998 Y78.548 E.00688
G1 X97.172 Y78.113 E.01505
G1 X97.247 Y77.736 E.01239
G1 X97.247 Y77.264 E.01517
G1 X97.229 Y77.176 E.00288
G1 X97.469 Y76.936 E.01092
G1 X97.317 Y76.469 E.01579
G1 X96.994 Y75.911 E.02071
G1 X96.921 Y75.75 E.0057
G1 X96.875 Y75.519 E.00759
G1 X96.879 Y75.439 E.00257
G1 E-3
;WIPE_START
G1 X96.875 Y75.519 E-.07993
G1 X96.921 Y75.75 E-.23601
G1 X96.994 Y75.911 E-.17713
G1 X97.248 Y76.35 E-.50693
;WIPE_END
G1 Z5 F9000
G1 X122.584 Y78.264 Z5
G1 Z4.6
G1 E4 F2400
G1 F3600
G1 X122.478 Y77.765 E.01639
G1 X122.478 Y77.235 E.01705
G1 X122.612 Y76.663 E.01888
G1 X124.018 Y75.257 E.06393
G1 X124.485 Y75.105 E.01579
G1 X124.948 Y75.066 E.01495
G1 X125.379 Y75.089 E.01387
G1 X125.614 Y75.139 E.00773
G1 X125.75 Y73.291 F9000
;TYPE:Internal solid infill
;WIDTH:0.490716
G1 F3000
G1 X129.038 Y76.579 E.16448
G1 X129.038 Y76.665 E.00305
G1 X129.02 Y76.684 E.00095
G1 X129.02 Y77.193 E.01801
G1 X125.146 Y73.319 E.19378
G1 X128.859 Y75.87 F9000
;WIDTH:0.446662
G1 F3000
G1 X128.796 Y75.582 E.0094
G1 X128.549 Y75.028 E.01935
G1 X128.184 Y74.564 E.01885
G1 X127.737 Y74.145 E.01951
G1 X127.203 Y73.831 E.01977
G1 X126.663 Y73.653 E.01813
G1 X127.86 Y74.84 E.05376
G1 X128.248 Y75.259 E.01821
G1 X128.831 Y75.842 E.02628
; stop printing object Remote75T.stl id:0 copy 0
;LAYER_CHANGE
;Z:4.8
;HEIGHT:0.2
;BEFORE_LAYER_CHANGE
;4.8
G92 E0

G1 E-2.8 F3600
;WIPE_START
G1 F3000
G1 X128.248 Y75.259 E-.98896
G1 X128.129 Y75.13 E-.21104
;WIPE_END
;_SET_FAN_SPEED_CHANGING_LAYER
; printing object Remote75T.stl id:0 copy 0
G1 Z5.2 F9000
G1 X91.392 Y145.562 Z5.2
G1 Z4.8
G1 E4 F2400
;TYPE:Inner wall
;WIDTH:0.449999
G1 X91.107 Y145.17 E.01559
G1 X90.823 Y144.532 E.02246
G1 X90.702 Y143.964 E.0187
G1 X90.656 Y143.483 E.01553
G1 X90.656 Y76.533 E2.15286
G1 X90.733 Y75.805 E.02353
G1 X90.948 Y75.142 E.02242
G1 X91.309 Y74.522 E.02308
G1 X91.765 Y74.018 E.02185
G1 X92.33 Y73.607 E.02246
G1 X92.968 Y73.323 E.02246
G1 X93.466 Y73.217 E.01637
G1 X94.017 Y73.156 E.01784
G1 X125.987 Y73.157 E1.02802
G1 X126.694 Y73.233 E.02288
G1 X127.359 Y73.448 E.02247
G1 X127.963 Y73.798 E.02246
G1 X128.482 Y74.265 E.02246
G1 X128.893 Y74.83 E.02246
G1 X129.177 Y75.468 E.02245
G1 X129.304 Y76.067 E.01969
G1 X129.344 Y76.55 E.01561
G1 X129.344 Y143.467 E2.15179
G1 X129.267 Y144.195 E.02353
G1 X129.052 Y144.859 E.02245
G1 X128.702 Y145.463 E.02246
G1 X128.236 Y145.981 E.02242
G1 X127.654 Y146.401 E.02308
G1 X127.033 Y146.677 E.02185
G1 X126.464 Y146.798 E.01871
G1 X125.983 Y146.844 E.01553
G1 X94.033 Y146.844 E1.02739
G1 X93.305 Y146.767 E.02353
M73 P80 R8
G1 X92.641 Y146.552 E.02245
G1 X92.037 Y146.202 E.02246
G1 X91.518 Y145.735 E.02245
G1 X91.416 Y145.595 E.00558
G1 X91.045 Y145.814 F9000
;TYPE:Outer wall
G1 F2400
G1 X90.734 Y145.386 E.01703
G1 X90.413 Y144.665 E.02536
G1 X90.277 Y144.022 E.02114
G1 X90.228 Y143.494 E.01706
G1 X90.228 Y76.511 E2.15394
G1 X90.311 Y75.716 E.0257
G1 X90.555 Y74.966 E.02534
G1 X90.961 Y74.268 E.02599
G1 X91.476 Y73.698 E.02472
G1 X92.114 Y73.234 E.02535
G1 X92.835 Y72.913 E.02536
G1 X93.478 Y72.777 E.02114
G1 X94.006 Y72.728 E.01706
G1 X126.009 Y72.729 E1.02911
G1 X126.784 Y72.811 E.02505
G1 X127.534 Y73.055 E.02536
G1 X128.217 Y73.449 E.02535
G1 X128.803 Y73.977 E.02535
G1 X129.266 Y74.614 E.02535
G1 X129.587 Y75.334 E.02535
G1 X129.723 Y75.978 E.02114
G1 X129.772 Y76.55 E.01849
G1 X129.772 Y143.489 E2.15251
G1 X129.689 Y144.284 E.0257
G1 X129.445 Y145.034 E.02535
G1 X129.051 Y145.717 E.02535
G1 X128.524 Y146.302 E.02534
G1 X127.868 Y146.775 E.02599
G1 X127.165 Y147.087 E.02472
G1 X126.522 Y147.223 E.02114
G1 X125.994 Y147.272 E.01706
G1 X94.011 Y147.272 E1.02847
G1 X93.216 Y147.189 E.0257
G1 X92.466 Y146.945 E.02535
G1 X91.783 Y146.551 E.02535
G1 X91.197 Y146.023 E.02535
G1 X91.069 Y145.847 E.00703
G1 E-2.8 F3600
;WIPE_START
G1 F2400
G1 X90.734 Y145.386 E-.68365
G1 X90.559 Y144.993 E-.51635
;WIPE_END
G1 Z5.2 F9000
G1 X125.99 Y75.836 Z5.2
G1 Z4.8
G1 E4 F2400
;TYPE:Inner wall
G1 X126.307 Y76.048 E.01226
G1 X126.615 Y76.405 E.01517
G1 X126.816 Y76.794 E.01408
G1 X126.946 Y77.36 E.01866
G1 X126.933 Y77.767 E.01312
G1 X126.835 Y78.163 E.01312
G1 X126.628 Y78.567 E.01459
G1 X126.232 Y79.014 E.01919
G1 X125.752 Y79.289 E.01778
G1 X125.405 Y79.404 E.01178
G1 X125 Y79.446 E.01309
G1 X124.595 Y79.404 E.01309
G1 X124.242 Y79.286 E.01196
G1 X123.759 Y79.006 E.01797
G1 X123.376 Y78.572 E.01859
G1 X123.142 Y78.104 E.01685
G1 X123.054 Y77.64 E.01517
G1 X123.067 Y77.233 E.01312
G1 X123.165 Y76.837 E.01312
G1 X123.343 Y76.47 E.01312
G1 X123.593 Y76.147 E.01312
G1 X123.905 Y75.885 E.01312
G1 X124.31 Y75.679 E.01459
G1 X124.809 Y75.56 E.0165
G1 X125.489 Y75.616 E.02194
G1 X125.873 Y75.758 E.01317
G1 X125.957 Y75.814 E.00323
G1 X125.755 Y76.188 F9000
;TYPE:Outer wall
G1 F2400
G1 X126.034 Y76.38 E.01089
G1 X126.244 Y76.619 E.01025
G1 X126.426 Y76.992 E.01333
G1 X126.518 Y77.36 E.01218
G1 X126.514 Y77.678 E.01025
G1 X126.444 Y77.989 E.01025
G1 X126.302 Y78.29 E.01068
G1 X125.968 Y78.676 E.01642
G1 X125.503 Y78.937 E.01713
G1 X125.14 Y79.018 E.01196
G1 X124.684 Y78.985 E.0147
G1 X124.446 Y78.909 E.00803
G1 X124.03 Y78.671 E.01541
G1 X123.699 Y78.291 E.01621
G1 X123.544 Y77.953 E.01196
G1 X123.482 Y77.64 E.01025
G1 X123.513 Y77.196 E.01434
G1 X123.679 Y76.737 E.01568
G1 X123.88 Y76.466 E.01085
G1 X124.119 Y76.256 E.01025
G1 X124.411 Y76.096 E.01068
G1 X124.915 Y75.979 E.01663
G1 X125.437 Y76.042 E.01692
G1 X125.699 Y76.15 E.00911
G1 X125.722 Y76.166 E.0009
G1 E-2.8 F3600
;WIPE_START
G1 F2400
G1 X126.034 Y76.38 E-.4543
G1 X126.244 Y76.619 E-.38241
G1 X126.377 Y76.892 E-.36329
;WIPE_END
G1 Z5.2 F9000
G1 X93.115 Y77.984 Z5.2
G1 Z4.8
G1 E4 F2400
;TYPE:Inner wall
G1 X93.054 Y77.64 E.01124
G1 X93.067 Y77.233 E.01312
G1 X93.165 Y76.837 E.01312
G1 X93.343 Y76.47 E.01312
G1 X93.642 Y76.104 E.01518
G1 X93.905 Y75.885 E.01103
G1 X94.31 Y75.679 E.01459
G1 X94.809 Y75.56 E.0165
G1 X95.489 Y75.616 E.02194
G1 X95.92 Y75.779 E.0148
G1 X96.257 Y76.007 E.01308
G1 X96.637 Y76.444 E.01863
G1 X96.858 Y76.896 E.01619
G1 X96.946 Y77.406 E.01663
G1 X96.933 Y77.767 E.01163
G1 X96.835 Y78.163 E.01312
G1 X96.657 Y78.53 E.01312
G1 X96.407 Y78.853 E.01312
G1 X96.199 Y79.04 E.00899
G1 X95.693 Y79.321 E.01863
G1 X95.204 Y79.443 E.01619
G1 X94.733 Y79.433 E.01517
G1 X94.337 Y79.335 E.01312
G1 X93.97 Y79.157 E.01312
G1 X93.628 Y78.883 E.01408
G1 X93.312 Y78.484 E.01637
G1 X93.125 Y78.042 E.01544
G1 X93.122 Y78.024 E.0006
G1 X93.536 Y77.909 F9000
;TYPE:Outer wall
G1 F2400
G1 X93.482 Y77.64 E.00881
G1 X93.486 Y77.322 E.01025
G1 X93.556 Y77.011 E.01025
G1 X93.689 Y76.721 E.01025
G1 X93.928 Y76.422 E.0123
G1 X94.28 Y76.163 E.01406
G1 X94.451 Y76.086 E.00602
G1 X94.937 Y75.981 E.01598
G1 X95.437 Y76.042 E.01621
G1 X95.779 Y76.189 E.01196
G1 X96.039 Y76.386 E.01051
G1 X96.33 Y76.754 E.01507
G1 X96.486 Y77.191 E.01492
G1 X96.517 Y77.657 E.01503
G1 X96.444 Y77.989 E.01092
G1 X96.311 Y78.279 E.01025
G1 X96.12 Y78.534 E.01025
G1 X95.912 Y78.721 E.00899
G1 X95.453 Y78.956 E.01658
G1 X95 Y79.018 E.0147
G1 X94.529 Y78.951 E.01531
G1 X94.221 Y78.811 E.01086
G1 X93.961 Y78.614 E.01051
G1 X93.67 Y78.246 E.01507
G1 X93.544 Y77.953 E.01025
G1 X93.544 Y77.948 E.00015
G1 E-2.8 F3600
;WIPE_START
G1 F2400
G1 X93.482 Y77.64 E-.37694
G1 X93.486 Y77.322 E-.38241
G1 X93.556 Y77.011 E-.38242
G1 X93.577 Y76.967 E-.05823
;WIPE_END
G1 Z5.2 F9000
G1 X122.779 Y75.628 Z5.2
G1 Z4.8
G1 E4 F2400
;TYPE:Inner wall
G1 X122.739 Y75.763 E.00452
G1 X122.403 Y76.344 E.02159
G1 X122.217 Y76.915 E.01931
G1 X122.166 Y77.365 E.01458
G1 X122.205 Y77.951 E.01886
G1 X122.36 Y78.522 E.01903
G1 X122.63 Y79.048 E.01903
G1 X122.922 Y79.434 E.01556
G1 X123.329 Y79.8 E.01759
G1 X123.844 Y80.097 E.01911
G1 X124.409 Y80.281 E.01911
G1 X125 Y80.343 E.01911
G1 X125.591 Y80.281 E.01911
G1 X126.156 Y80.097 E.0191
G1 X126.737 Y79.761 E.02159
G1 X127.091 Y79.681 E.01166
G1 X127.361 Y79.769 E.00915
G1 X127.565 Y79.972 E.00925
G1 X127.654 Y80.29 E.0106
G1 X127.654 Y139.71 E1.91075
G1 X127.564 Y140.028 E.0106
G1 X127.313 Y140.258 E.01095
G1 X127.01 Y140.32 E.00996
G1 X126.737 Y140.239 E.00915
G1 X126.156 Y139.903 E.02159
G1 X125.585 Y139.717 E.01931
G1 X125.037 Y139.667 E.0177
G1 X124.574 Y139.7 E.01493
G1 X124.078 Y139.815 E.01636
G1 X123.578 Y140.038 E.01759
G1 X123.092 Y140.391 E.01932
G1 X122.786 Y140.725 E.01458
G1 X122.474 Y141.222 E.01886
G1 X122.264 Y141.775 E.01903
G1 X122.169 Y142.326 E.01798
G1 X122.197 Y142.911 E.01884
G1 X122.345 Y143.478 E.01885
G1 X122.552 Y143.915 E.01554
G1 X122.794 Y144.363 E.01638
G1 X122.814 Y144.637 E.00884
G1 X122.731 Y144.861 E.00767
G1 X122.528 Y145.064 E.00925
G1 X122.21 Y145.154 E.0106
G1 X97.79 Y145.154 E.78528
G1 X97.472 Y145.065 E.0106
G1 X97.262 Y144.851 E.00964
G1 X97.18 Y144.584 E.00897
G1 X97.26 Y144.239 E.01139
G1 X97.47 Y143.904 E.01272
G1 X97.704 Y143.379 E.01848
G1 X97.827 Y142.797 E.01911
G1 X97.827 Y142.203 E.01911
G1 X97.704 Y141.621 E.01911
G1 X97.462 Y141.079 E.01909
G1 X97.113 Y140.598 E.01913
G1 X96.671 Y140.2 E.01911
G1 X96.156 Y139.903 E.01911
G1 X95.591 Y139.719 E.01911
G1 X95 Y139.657 E.01911
G1 X94.409 Y139.719 E.01911
G1 X93.844 Y139.903 E.0191
G1 X93.263 Y140.239 E.02159
G1 X92.998 Y140.32 E.0089
G1 X92.739 Y140.281 E.00841
G1 X92.639 Y140.231 E.00361
G1 X92.435 Y140.028 E.00925
G1 X92.346 Y139.71 E.0106
G1 X92.346 Y80.29 E1.91075
G1 X92.435 Y79.972 E.0106
G1 X92.649 Y79.762 E.00964
G1 X92.895 Y79.682 E.0083
G1 X93.107 Y79.698 E.00685
G1 X94.022 Y80.155 E.03288
G1 X94.455 Y80.286 E.01455
G1 X95 Y80.343 E.01762
G1 X95.591 Y80.281 E.01911
G1 X96.156 Y80.097 E.01911
G1 X96.671 Y79.8 E.01911
G1 X97.112 Y79.403 E.01909
G1 X97.462 Y78.921 E.01913
G1 X97.704 Y78.379 E.01911
G1 X97.829 Y77.791 E.01932
G1 X97.814 Y77.185 E.0195
G1 X97.723 Y76.731 E.01489
G1 X97.574 Y76.303 E.01457
G1 X97.261 Y75.763 E.02007
G1 X97.18 Y75.497 E.00892
G1 X97.219 Y75.239 E.00839
G1 X97.269 Y75.139 E.00361
G1 X97.472 Y74.935 E.00925
G1 X97.79 Y74.846 E.0106
G1 X122.21 Y74.846 E.78528
G1 X122.528 Y74.936 E.01061
G1 X122.758 Y75.186 E.01094
G1 X122.82 Y75.49 E.00997
G1 X122.79 Y75.59 E.00335
G1 X122.384 Y75.511 F9000
;TYPE:Outer wall
G1 F2400
G1 X122.126 Y75.966 E.01685
G1 X121.937 Y76.389 E.01489
G1 X121.787 Y76.902 E.01718
G1 X121.738 Y77.371 E.01516
G1 X121.762 Y77.925 E.01783
G1 X121.886 Y78.512 E.01929
G1 X122.165 Y79.137 E.02201
G1 X122.567 Y79.69 E.02199
G1 X123.076 Y80.149 E.02203
G1 X123.668 Y80.491 E.02201
G1 X124.319 Y80.702 E.02201
G1 X125 Y80.774 E.02201
G1 X125.681 Y80.702 E.02201
G1 X126.332 Y80.491 E.02201
G1 X126.952 Y80.132 E.02304
G1 X127.108 Y80.12 E.00504
G1 X127.198 Y80.195 E.00379
G1 X127.225 Y80.29 E.00316
G1 X127.225 Y139.71 E1.91075
G1 X127.198 Y139.805 E.00316
G1 X127.071 Y139.89 E.00493
G1 X126.952 Y139.868 E.0039
G1 X126.332 Y139.509 E.02304
G1 X125.679 Y139.297 E.02205
G1 X125.144 Y139.237 E.01731
G1 X124.575 Y139.262 E.01834
G1 X123.988 Y139.386 E.01928
G1 X123.363 Y139.665 E.02201
G1 X122.808 Y140.068 E.02206
G1 X122.446 Y140.465 E.01728
G1 X122.13 Y140.94 E.01835
G1 X121.886 Y141.488 E.01928
G1 X121.744 Y142.159 E.02206
G1 X121.74 Y142.697 E.01729
G1 X121.824 Y143.262 E.01836
G1 X122.009 Y143.832 E.01927
G1 X122.369 Y144.454 E.02313
G1 X122.381 Y144.605 E.00487
G1 X122.305 Y144.698 E.00387
G1 X122.21 Y144.725 E.00316
G1 X97.79 Y144.725 E.78528
G1 X97.632 Y144.635 E.00583
G1 X97.619 Y144.478 E.00504
G1 X97.862 Y144.078 E.01505
G1 X98.114 Y143.512 E.01993
G1 X98.256 Y142.842 E.02201
G1 X98.256 Y142.158 E.02201
G1 X98.114 Y141.488 E.02201
G1 X97.836 Y140.864 E.02199
G1 X97.433 Y140.309 E.02203
G1 X96.924 Y139.851 E.02201
G1 X96.332 Y139.509 E.02201
G1 X95.681 Y139.298 E.02201
G1 X95 Y139.226 E.02201
G1 X94.319 Y139.298 E.02201
G1 X93.668 Y139.509 E.02201
G1 X93.048 Y139.868 E.02304
G1 X92.892 Y139.88 E.00504
G1 X92.802 Y139.805 E.00379
G1 X92.775 Y139.71 E.00316
G1 X92.775 Y80.29 E1.91075
G1 X92.865 Y80.132 E.00583
G1 X92.939 Y80.109 E.00248
G1 X93.048 Y80.132 E.00361
G1 X93.668 Y80.491 E.02304
G1 X94.319 Y80.702 E.02199
G1 X95 Y80.774 E.02203
G1 X95.681 Y80.702 E.02201
G1 X96.332 Y80.491 E.02201
G1 X96.924 Y80.149 E.02201
G1 X97.433 Y79.691 E.02199
G1 X97.835 Y79.137 E.02203
G1 X98.114 Y78.512 E.02201
G1 X98.256 Y77.841 E.02206
G1 X98.26 Y77.303 E.01729
G1 X98.176 Y76.738 E.01836
G1 X97.991 Y76.168 E.01927
G1 X97.632 Y75.548 E.02304
G1 X97.62 Y75.392 E.00504
G1 X97.695 Y75.302 E.00379
G1 X97.79 Y75.275 E.00316
G1 X122.21 Y75.275 E.78528
G1 X122.366 Y75.362 E.00573
G1 X122.379 Y75.471 E.00353
G1 E-2.8 F3600
;WIPE_START
G1 F2400
G1 X122.126 Y75.966 E-.66781
G1 X121.945 Y76.372 E-.53219
;WIPE_END
G1 Z5.2 F9000
G1 X93.062 Y142.69 Z5.2
G1 Z4.8
G1 E4 F2400
;TYPE:Inner wall
G1 X93.054 Y142.64 E.00162
G1 X93.067 Y142.233 E.01312
G1 X93.165 Y141.837 E.01312
G1 X93.343 Y141.47 E.01312
G1 X93.593 Y141.147 E.01312
G1 X93.905 Y140.885 E.01312
G1 X94.31 Y140.679 E.01459
G1 X94.851 Y140.554 E.01785
G1 X95.442 Y140.611 E.0191
G1 X95.792 Y140.722 E.0118
G1 X96.144 Y140.925 E.01309
G1 X96.446 Y141.198 E.01308
G1 X96.669 Y141.51 E.01234
G1 X96.875 Y141.958 E.01585
G1 X96.946 Y142.36 E.01312
G1 X96.933 Y142.767 E.01312
G1 X96.815 Y143.205 E.01459
G1 X96.564 Y143.665 E.01683
G1 X96.072 Y144.124 E.02163
G1 X95.652 Y144.34 E.01521
G1 X95.142 Y144.446 E.01676
G1 X94.532 Y144.395 E.01967
G1 X94.148 Y144.256 E.01312
G1 X93.802 Y144.04 E.01312
G1 X93.436 Y143.659 E.01701
G1 X93.279 Y143.42 E.00918
G1 X93.125 Y143.042 E.01312
G1 X93.069 Y142.729 E.01021
G1 X93.482 Y142.611 F9000
;TYPE:Outer wall
G1 F2400
G1 X93.486 Y142.322 E.00931
G1 X93.556 Y142.011 E.01025
G1 X93.689 Y141.721 E.01025
G1 X93.88 Y141.466 E.01025
G1 X94.119 Y141.256 E.01025
G1 X94.411 Y141.096 E.01068
G1 X94.929 Y140.98 E.01708
G1 X95.437 Y141.042 E.01645
G1 X95.779 Y141.189 E.01196
G1 X96.128 Y141.484 E.0147
G1 X96.288 Y141.705 E.00876
G1 X96.456 Y142.047 E.01226
G1 X96.518 Y142.36 E.01025
G1 X96.514 Y142.678 E.01025
G1 X96.438 Y143.002 E.01068
G1 X96.198 Y143.441 E.0161
G1 X95.791 Y143.801 E.01745
G1 X95.453 Y143.956 E.01196
G1 X95.132 Y144.017 E.01051
G1 X94.622 Y143.973 E.01647
G1 X94.363 Y143.885 E.0088
G1 X94.089 Y143.722 E.01025
G1 X93.783 Y143.407 E.01413
G1 X93.555 Y142.986 E.01536
G1 X93.484 Y142.651 E.01102
G1 E-2.8 F3600
;WIPE_START
G1 F2400
G1 X93.486 Y142.322 E-.39511
G1 X93.556 Y142.011 E-.38241
G1 X93.689 Y141.721 E-.38241
G1 X93.709 Y141.695 E-.04007
;WIPE_END
G1 Z5.2 F9000
G1 X126.745 Y143.331 Z5.2
G1 Z4.8
G1 E4 F2400
;TYPE:Inner wall
G1 X126.555 Y143.682 E.01282
G1 X126.258 Y143.992 E.01382
G1 X125.92 Y144.221 E.01312
G1 X125.542 Y144.375 E.01312
G1 X125.11 Y144.445 E.01408
G1 X124.532 Y144.395 E.01866
G1 X124.148 Y144.256 E.01312
G1 X123.802 Y144.04 E.01312
G1 X123.498 Y143.744 E.01366
G1 X123.279 Y143.42 E.01257
G1 X123.125 Y143.042 E.01312
G1 X123.054 Y142.594 E.01459
G1 X123.067 Y142.233 E.01163
G1 X123.165 Y141.837 E.01312
G1 X123.343 Y141.47 E.01312
G1 X123.508 Y141.242 E.00903
G1 X123.905 Y140.885 E.01719
G1 X124.31 Y140.679 E.01459
G1 X124.823 Y140.558 E.01696
G1 X125.431 Y140.609 E.0196
G1 X125.791 Y140.722 E.01214
G1 X126.03 Y140.843 E.00862
G1 X126.353 Y141.093 E.01312
G1 X126.615 Y141.405 E.01312
G1 X126.816 Y141.794 E.01408
G1 X126.946 Y142.36 E.01866
G1 X126.933 Y142.767 E.01312
G1 X126.822 Y143.191 E.01408
G1 X126.764 Y143.296 E.00386
G1 X126.37 Y143.127 F9000
;TYPE:Outer wall
G1 F2400
G1 X126.214 Y143.42 E.01067
G1 X125.894 Y143.726 E.01424
G1 X125.467 Y143.952 E.01554
G1 X125.132 Y144.017 E.01097
G1 X124.664 Y143.987 E.01507
G1 X124.363 Y143.885 E.01025
G1 X124.089 Y143.722 E.01025
G1 X123.844 Y143.492 E.01079
G1 X123.613 Y143.117 E.01417
G1 X123.483 Y142.662 E.01522
G1 X123.486 Y142.322 E.01094
G1 X123.556 Y142.011 E.01025
G1 X123.689 Y141.721 E.01025
G1 X123.855 Y141.494 E.00903
G1 X124.119 Y141.256 E.01146
G1 X124.468 Y141.082 E.01253
G1 X124.937 Y140.981 E.01541
G1 X125.437 Y141.042 E.01621
G1 X125.779 Y141.189 E.01196
G1 X126.034 Y141.38 E.01025
G1 X126.244 Y141.619 E.01025
G1 X126.402 Y141.905 E.01051
G1 X126.518 Y142.36 E.01507
G1 X126.514 Y142.678 E.01025
G1 X126.44 Y142.996 E.01051
M73 P81 R8
G1 X126.389 Y143.092 E.00348
G1 E-2.8 F3600
;WIPE_START
G1 F2400
G1 X126.214 Y143.42 E-.4463
G1 X125.894 Y143.726 E-.53127
G1 X125.73 Y143.813 E-.22243
;WIPE_END
G1 Z5.2 F9000
G1 X127.061 Y140.622 Z5.2
G1 Z4.8
G1 E4 F2400
;TYPE:Sparse infill
;WIDTH:0.45
G1 F3600
G1 X126.774 Y140.587 E.00931
G1 X126.601 Y140.513 E.00604
G1 X126.031 Y140.183 E.02117
G1 X125.564 Y140.031 E.01579
G1 X125.303 Y140.292 E.01188
G1 X125.02 Y140.251 E.00919
G1 X124.78 Y140.255 E.00771
G1 X124.231 Y140.384 E.01813
G1 X124.001 Y140.476 E.00796
G1 X123.672 Y140.672 E.01232
G1 X123.386 Y140.923 E.01225
G1 X123.271 Y141.049 E.00545
G1 X123.046 Y141.366 E.01252
G1 X122.851 Y141.802 E.01535
G1 X122.752 Y142.273 E.01548
G1 X122.754 Y142.747 E.01525
G1 X122.771 Y142.825 E.00255
G1 X122.531 Y143.064 E.01088
G1 X122.683 Y143.531 E.0158
G1 X123.024 Y144.121 E.02191
G1 X123.087 Y144.275 E.00533
G1 X123.122 Y144.561 E.00928
G1 X125.748 Y146.711 F9000
;TYPE:Internal solid infill
;WIDTH:0.490716
G1 F3000
G1 X129.038 Y143.421 E.16458
G1 X129.038 Y143.335 E.00305
G1 X129.02 Y143.316 E.00095
G1 X129.02 Y142.807 E.01801
G1 X125.144 Y146.682 E.19387
G1 X128.847 Y144.163 F9000
;WIDTH:0.445596
G1 F3000
G1 X127.662 Y145.359 E.05355
G1 X127.228 Y145.759 E.01878
G1 X126.626 Y146.361 E.02709
G1 X126.919 Y146.297 E.00955
G1 X127.457 Y146.058 E.01873
G1 X127.937 Y145.683 E.0194
G1 X128.355 Y145.237 E.01941
G1 X128.669 Y144.703 E.01971
G1 X128.834 Y144.201 E.01681
G1 E-2.8 F3600
;WIPE_START
G1 F3000
G1 X128.669 Y144.703 E-.63433
G1 X128.43 Y145.109 E-.56567
;WIPE_END
G1 Z5.2 F9000
G1 X97.416 Y141.736 Z5.2
G1 Z4.8
G1 E4 F2400
;TYPE:Sparse infill
;WIDTH:0.45
G1 F3600
G1 X97.522 Y142.235 E.01639
G1 X97.522 Y142.765 E.01705
G1 X97.388 Y143.337 E.01888
G1 X95.982 Y144.743 E.06393
G1 X95.509 Y144.897 E.016
G1 X95 Y144.95 E.01647
G1 X94.491 Y144.897 E.01647
G1 X94.389 Y144.864 E.00343
G1 E-3
;WIPE_START
G1 X94.491 Y144.897 E-.10655
G1 X95 Y144.95 E-.5122
G1 X95.379 Y144.91 E-.38125
;WIPE_END
G1 Z5.2 F9000
G1 X91.514 Y80.113 Z5.2
G1 Z4.8
G1 E4 F2400
;TYPE:Internal solid infill
;WIDTH:0.521256
G1 F3000
G1 X91.64 Y79.692 E.01661
G1 X91.805 Y79.411 E.01233
G1 X91.985 Y79.23 E.00963
G1 X91.964 Y78.786 E.01679
;WIDTH:0.493226
G1 X91.899 Y78.515 E.00992
;WIDTH:0.449692
G1 X91.835 Y78.244 E.00896
;WIDTH:0.409791
G1 X91.764 Y77.583 E.01926
G1 X91.446 Y77.901 E.01302
;WIDTH:0.4209
G1 X91.465 Y78.22 E.00955
;WIDTH:0.458537
G1 X91.484 Y78.539 E.0105
;WIDTH:0.51128
G1 X91.503 Y78.859 E.01183
G1 X91.505 Y79.674 E.03016
;WIDTH:0.519419
G1 X91.513 Y80.073 E.01504
G1 X91.939 Y80.29 F9000
;WIDTH:0.449999
G1 F3000
G1 X92.066 Y79.812 E.0159
G1 X92.433 Y79.421 E.01723
G1 X92.411 Y78.742 E.02185
G1 X92.212 Y78.123 E.02092
G1 X92.144 Y77.531 E.01916
G1 X92.2 Y76.936 E.0192
G1 X92.353 Y76.453 E.01632
G1 X91.106 Y77.7 E.05673
G1 X91.063 Y77.7 E.00136
G1 X91.063 Y143.472 E2.11499
G1 X91.121 Y143.977 E.01634
G1 X91.242 Y144.472 E.01637
G1 X91.462 Y144.966 E.01738
G1 X91.822 Y145.461 E.0197
G1 X92.277 Y145.871 E.0197
G1 X92.808 Y146.178 E.0197
G1 X93.391 Y146.367 E.0197
G1 X94.054 Y146.437 E.02146
G1 X124.885 Y146.437 E.9914
G1 X124.885 Y146.394 E.00136
G1 X126.185 Y145.094 E.05913
G1 X125.878 Y145.219 E.01066
G1 X125.329 Y145.337 E.01805
G1 X124.732 Y145.344 E.0192
G1 X124.111 Y145.217 E.02039
G1 X123.616 Y145.066 E.01665
G1 X123.083 Y145.063 E.01713
G1 X122.705 Y145.429 E.0169
G1 X122.332 Y145.561 E.01274
G1 X97.79 Y145.561 E.78918
G1 X97.312 Y145.434 E.0159
G1 X96.922 Y145.068 E.01719
G1 X96.223 Y145.094 E.02249
G1 X95.623 Y145.288 E.02029
G1 X95.031 Y145.356 E.01917
G1 X94.436 Y145.3 E.0192
G1 X93.789 Y145.096 E.02184
G1 X93.136 Y144.791 E.02315
G1 X92.819 Y144.499 E.01386
G1 X92.609 Y144.174 E.01246
G1 X92.368 Y143.597 E.02012
G1 X92.192 Y142.963 E.02114
G1 X92.157 Y142.367 E.01919
G1 X92.247 Y141.779 E.01913
G1 X92.406 Y141.227 E.01847
G1 X92.436 Y140.583 E.02075
G1 X92.071 Y140.205 E.01688
G1 X91.939 Y139.832 E.01274
G1 X91.939 Y80.33 E1.91337
G1 E-2.8 F3600
;WIPE_START
G1 F3000
G1 X91.939 Y81.33 E-1.2
;WIPE_END
G1 Z5.2 F9000
G1 X96.721 Y74.49 Z5.2
G1 Z4.8
G1 E4 F2400
;WIDTH:0.527905
G1 F3000
G1 X96.909 Y74.303 E.01017
G1 X97.138 Y74.155 E.01045
G1 X97.536 Y74.012 E.01621
G1 X96.787 Y74.008 E.02872
;WIDTH:0.499943
G1 X96.286 Y73.983 E.0181
;WIDTH:0.450169
G1 X95.785 Y73.958 E.01613
;WIDTH:0.407244
G1 X95.401 Y73.947 E.01107
G1 X95.082 Y74.266 E.01298
G1 X95.622 Y74.318 E.01563
;WIDTH:0.429953
G1 X95.881 Y74.372 E.00808
;WIDTH:0.467735
G1 X96.14 Y74.426 E.00886
;WIDTH:0.506159
G1 X96.398 Y74.479 E.00967
G1 X96.681 Y74.489 E.01035
G1 X97.536 Y74.012 F9000
;WIDTH:0.511965
G1 F3000
G1 X122.347 Y74.011 E.91926
G1 E-2.8 F3600
;WIPE_START
G1 F3000
G1 X121.347 Y74.011 E-1.2
;WIPE_END
G1 Z5.2 F9000
G1 X128.486 Y80.113 Z5.2
G1 Z4.8
G1 E4 F2400
;WIDTH:0.511938
G1 F3000
G1 X128.499 Y80.29 E.00655
G1 X128.489 Y139.924 E2.20939
G1 X128.486 Y80.113 F9000
;WIDTH:0.530491
G1 F3000
G1 X128.492 Y79.287 E.03184
;WIDTH:0.505128
G1 X128.512 Y78.851 E.01592
;WIDTH:0.46569
G1 X128.532 Y78.415 E.01456
;WIDTH:0.432182
G1 X128.545 Y78.089 E.01005
;WIDTH:0.398497
G1 X128.554 Y77.052 E.02912
;WIDTH:0.415351
G1 X128.539 Y76.798 E.00749
;WIDTH:0.444943
G1 X128.525 Y76.544 E.00808
;WIDTH:0.476655
G1 X128.459 Y76.114 E.01492
;WIDTH:0.526954
G1 X128.351 Y75.709 E.016
G1 X128.132 Y75.239 E.01982
G1 X127.825 Y74.822 E.0198
G1 X127.435 Y74.481 E.01982
G1 X126.985 Y74.225 E.0198
G1 X126.493 Y74.061 E.01984
;WIDTH:0.497865
G1 X126.223 Y74.018 E.0098
;WIDTH:0.469688
G1 X125.954 Y73.975 E.00919
;WIDTH:0.438487
G1 X125.466 Y73.958 E.01526
;WIDTH:0.401331
G1 X124.978 Y73.94 E.01383
G1 X124.365 Y73.952 E.01736
;WIDTH:0.428865
G1 X124.116 Y73.97 E.00762
;WIDTH:0.464915
G1 X123.866 Y73.988 E.00833
;WIDTH:0.51708
G1 X123.617 Y74.006 E.00936
G1 X122.827 Y74.009 E.02961
;WIDTH:0.526963
G1 X122.387 Y74.014 E.01681
G1 X122.809 Y74.137 E.01681
G1 X123.092 Y74.303 E.01253
G1 X123.281 Y74.492 E.01021
G1 X123.69 Y74.47 E.01568
;WIDTH:0.49637
G1 X123.97 Y74.404 E.0103
;WIDTH:0.451131
G1 X124.25 Y74.337 E.00927
;WIDTH:0.401726
G1 X124.884 Y74.285 E.01802
G1 X125.448 Y74.304 E.01599
;WIDTH:0.420276
G1 X125.807 Y74.375 E.01093
;WIDTH:0.459766
G1 X126.167 Y74.446 E.01207
;WIDTH:0.492291
G1 X126.492 Y74.564 E.01225
;WIDTH:0.522595
G1 X126.816 Y74.683 E.01308
G1 X127.167 Y74.892 E.01548
G1 X127.485 Y75.172 E.01605
G1 X127.796 Y75.643 E.0214
G1 X128.031 Y76.247 E.02456
;WIDTH:0.473644
G1 X128.107 Y76.591 E.01197
;WIDTH:0.433788
G1 X128.183 Y76.934 E.01087
;WIDTH:0.405413
G1 X128.218 Y77.613 E.01947
G1 X128.148 Y78.284 E.0193
;WIDTH:0.457194
G1 X128.084 Y78.59 E.01025
;WIDTH:0.51898
G1 X128.02 Y78.897 E.01177
G1 X128.01 Y79.221 E.01218
G1 X128.197 Y79.409 E.00998
G1 X128.362 Y79.692 E.01232
;WIDTH:0.524847
G1 X128.475 Y80.075 E.01521
G1 X128.061 Y139.71 F9000
;WIDTH:0.449999
G1 F3000
G1 X128.035 Y139.923 E.00688
G1 X127.882 Y140.278 E.01242
G1 X127.563 Y140.583 E.01421
G1 X127.572 Y141.125 E.01744
G1 X127.788 Y141.877 E.02515
G1 X127.856 Y142.469 E.01917
G1 X127.805 Y142.994 E.01696
G1 X127.598 Y143.681 E.02309
G1 X128.894 Y142.385 E.05895
G1 X128.937 Y142.385 E.00136
G1 X128.937 Y76.544 E2.1172
G1 X128.879 Y76.024 E.01681
G1 X128.758 Y75.528 E.01643
G1 X128.538 Y75.035 E.01737
G1 X128.178 Y74.539 E.0197
G1 X127.723 Y74.129 E.0197
G1 X127.192 Y73.822 E.0197
G1 X126.609 Y73.633 E.01972
G1 X125.965 Y73.564 E.02082
G1 X95.2 Y73.563 E.98929
G1 X95.2 Y73.606 E.00136
G1 X93.924 Y74.882 E.05803
G1 X94.311 Y74.74 E.01326
G1 X94.989 Y74.647 E.02201
G1 X95.582 Y74.704 E.01914
G1 X96.272 Y74.905 E.02311
G1 X96.917 Y74.936 E.02078
G1 X97.295 Y74.571 E.01688
G1 X97.668 Y74.439 E.01274
G1 X122.21 Y74.439 E.78918
G1 X122.689 Y74.566 E.01591
G1 X123.083 Y74.937 E.01741
G1 X123.608 Y74.936 E.01688
G1 X124.372 Y74.714 E.02558
G1 X124.918 Y74.66 E.01764
G1 X125.426 Y74.686 E.01638
G1 X126.056 Y74.853 E.02095
G1 X126.644 Y75.096 E.02047
G1 X127.071 Y75.379 E.01647
G1 X127.371 Y75.791 E.01638
G1 X127.635 Y76.413 E.02173
G1 X127.808 Y77.037 E.02084
G1 X127.843 Y77.632 E.01918
G1 X127.753 Y78.221 E.01914
G1 X127.594 Y78.773 E.01847
G1 X127.564 Y79.417 E.02075
G1 X127.882 Y79.723 E.01419
G1 X128.061 Y80.257 E.01812
G1 X128.061 Y139.67 E1.9105
G1 X128.488 Y139.964 F9000
;WIDTH:0.525844
G1 F3000
G1 X128.345 Y140.362 E.01615
G1 X128.009 Y140.781 E.02049
G1 X128.032 Y141.201 E.01607
;WIDTH:0.495319
G1 X128.099 Y141.478 E.01017
;WIDTH:0.450572
G1 X128.165 Y141.755 E.00916
;WIDTH:0.406009
G1 X128.235 Y142.506 E.02164
G1 X128.556 Y142.185 E.01302
;WIDTH:0.417433
G1 X128.536 Y141.833 E.01044
;WIDTH:0.457537
G1 X128.516 Y141.481 E.01156
;WIDTH:0.513976
G1 X128.496 Y141.128 E.01313
G1 X128.492 Y140.389 E.02751
;WIDTH:0.52585
G1 X128.488 Y140.004 E.0147
G1 X127.153 Y144.325 F9000
;WIDTH:0.38292
G1 F3000
G1 X126.769 Y144.693 E.01427
G1 X123.28 Y145.509 F9000
;WIDTH:0.526428
G1 F3000
G1 X123.092 Y145.697 E.01017
G1 X122.862 Y145.845 E.01043
G1 X122.464 Y145.988 E.01616
G1 X124.659 Y145.992 E.08383
G1 X124.863 Y145.788 E.01103
G1 X124.598 Y145.774 E.01014
G1 X124.019 Y145.652 E.02259
G1 X123.512 Y145.51 E.0201
G1 X123.32 Y145.509 E.00735
G1 X122.464 Y145.988 F9000
;WIDTH:0.51209
G1 F3000
G1 X97.653 Y145.989 E.91951
G1 E-2.8 F3600
;WIPE_START
G1 F3000
G1 X98.653 Y145.989 E-1.2
;WIPE_END
G1 Z5.2 F9000
G1 X91.512 Y139.964 Z5.2
G1 Z4.8
G1 E4 F2400
;WIDTH:0.529398
G1 F3000
G1 X91.508 Y140.713 E.02881
;WIDTH:0.505146
G1 X91.488 Y141.149 E.01592
;WIDTH:0.465698
G1 X91.468 Y141.585 E.01456
;WIDTH:0.432184
G1 X91.455 Y141.911 E.01005
;WIDTH:0.398496
G1 X91.446 Y142.948 E.02912
;WIDTH:0.415459
G1 X91.461 Y143.202 E.00749
;WIDTH:0.445275
G1 X91.476 Y143.456 E.00809
;WIDTH:0.477464
G1 X91.544 Y143.898 E.01537
;WIDTH:0.525596
G1 X91.649 Y144.29 E.01548
G1 X91.868 Y144.761 E.01977
G1 X92.174 Y145.178 E.01974
G1 X92.562 Y145.522 E.01976
G1 X93.016 Y145.773 E.01978
G1 X93.506 Y145.941 E.01974
;WIDTH:0.491379
G1 X93.785 Y145.986 E.01003
;WIDTH:0.461381
G1 X94.065 Y146.03 E.00936
;WIDTH:0.430022
G1 X94.499 Y146.047 E.01329
;WIDTH:0.396545
G1 X94.934 Y146.064 E.01214
G1 X95.644 Y146.049 E.01985
;WIDTH:0.428155
G1 X95.877 Y146.032 E.00709
;WIDTH:0.462024
G1 X96.109 Y146.015 E.00772
;WIDTH:0.511247
G1 X96.341 Y145.998 E.00862
G1 X97.174 Y145.995 E.03079
;WIDTH:0.521697
G1 X97.613 Y145.986 E.01663
G1 X97.192 Y145.859 E.01663
G1 X96.911 Y145.695 E.01233
G1 X96.732 Y145.516 E.00955
G1 X96.269 Y145.54 E.01753
;WIDTH:0.491659
G1 X96.007 Y145.602 E.00955
;WIDTH:0.449321
G1 X95.745 Y145.665 E.00865
;WIDTH:0.399917
G1 X95.071 Y145.727 E.01908
G1 X94.397 Y145.685 E.01904
;WIDTH:0.43169
G1 X94.027 Y145.596 E.01171
;WIDTH:0.476909
G1 X93.656 Y145.506 E.01307
;WIDTH:0.51799
G1 X92.948 Y145.193 E.02905
G1 X92.545 Y144.861 E.0196
G1 X92.253 Y144.453 E.01882
G1 X91.973 Y143.764 E.02789
;WIDTH:0.47459
G1 X91.895 Y143.416 E.01218
;WIDTH:0.43428
G1 X91.817 Y143.067 E.01105
;WIDTH:0.405474
G1 X91.782 Y142.386 E.01951
G1 X91.852 Y141.716 E.0193
;WIDTH:0.457199
G1 X91.916 Y141.409 E.01025
;WIDTH:0.518724
G1 X91.98 Y141.103 E.01177
G1 X91.99 Y140.779 E.01217
G1 X91.803 Y140.591 E.00998
G1 X91.655 Y140.362 E.01026
;WIDTH:0.52487
G1 X91.526 Y140.001 E.01458
G1 X91.512 Y139.964 F9000
;WIDTH:0.511962
G1 F3000
G1 X91.511 Y80.153 E2.21604
G1 X92.938 Y79.382 F9000
;TYPE:Sparse infill
;WIDTH:0.45
G1 F3600
G1 X93.18 Y79.4 E.00783
G1 X93.399 Y79.487 E.00756
G1 X93.969 Y79.817 E.02118
G1 X94.436 Y79.969 E.01579
G1 X94.676 Y79.729 E.01092
G1 X94.764 Y79.747 E.00288
G1 X95.236 Y79.747 E.01519
G1 X95.7 Y79.649 E.01525
G1 X96.212 Y79.399 E.01831
G1 X96.4 Y79.27 E.00734
G1 X96.734 Y78.944 E.01502
G1 X96.957 Y78.629 E.0124
G1 X97.149 Y78.198 E.01517
G1 X97.248 Y77.727 E.01548
G1 X97.246 Y77.253 E.01525
G1 X97.229 Y77.175 E.00255
G1 X97.469 Y76.936 E.01088
G1 X97.317 Y76.469 E.01579
G1 X96.994 Y75.911 E.02071
G1 X96.921 Y75.75 E.0057
G1 X96.875 Y75.519 E.00759
G1 X96.879 Y75.439 E.00257
G1 X94.934 Y73.31 F9000
;TYPE:Internal solid infill
;WIDTH:0.511063
G1 F3000
G1 X90.98 Y77.264 E.20674
G1 X90.98 Y76.843 E.01555
G1 X91.002 Y76.58 E.00975
G1 X94.083 Y73.499 E.16112
G1 X93.653 Y73.531 E.01593
G1 X93.619 Y73.497 E.00178
G1 X93.37 Y73.55 E.0094
G1 X91.031 Y75.889 E.12234
G1 X91.228 Y75.268 E.02411
G1 X91.557 Y74.703 E.02416
G1 X92.667 Y73.591 E.05812
G1 E-2.8 F3600
;WIPE_START
G1 F3000
G1 X91.961 Y74.299 E-1.2
;WIPE_END
G1 Z5.2 F9000
G1 X122.581 Y78.248 Z5.2
G1 Z4.8
G1 E4 F2400
;TYPE:Sparse infill
;WIDTH:0.45
G1 F3600
G1 X122.477 Y77.759 E.01608
G1 X122.471 Y77.336 E.01362
M73 P82 R8
G1 X122.516 Y76.982 E.01146
G1 X122.624 Y76.651 E.01119
G1 X124.018 Y75.257 E.06338
G1 X124.485 Y75.105 E.01579
G1 X124.948 Y75.066 E.01495
G1 X125.379 Y75.089 E.01387
G1 X125.614 Y75.139 E.00773
; stop printing object Remote75T.stl id:0 copy 0
;LAYER_CHANGE
;Z:5
;HEIGHT:0.2
;BEFORE_LAYER_CHANGE
;5
G92 E0

G1 E-3 F3600
;WIPE_START
G1 X125.379 Y75.089 E-.24025
G1 X124.948 Y75.066 E-.43148
G1 X124.621 Y75.094 E-.32828
;WIPE_END
;_SET_FAN_SPEED_CHANGING_LAYER
; printing object Remote75T.stl id:0 copy 0
G1 Z5.4 F9000
G1 X91.392 Y145.563 Z5.4
G1 Z5
G1 E4 F2400
;TYPE:Inner wall
;WIDTH:0.449999
G1 X91.107 Y145.17 E.01558
G1 X90.823 Y144.532 E.02246
G1 X90.702 Y143.963 E.0187
G1 X90.656 Y143.483 E.01553
G1 X90.656 Y76.533 E2.15286
G1 X90.733 Y75.805 E.02353
G1 X90.948 Y75.141 E.02245
G1 X91.298 Y74.537 E.02246
G1 X91.765 Y74.018 E.02245
G1 X92.33 Y73.607 E.02246
G1 X92.968 Y73.323 E.02246
G1 X93.466 Y73.217 E.01637
G1 X94.017 Y73.156 E.01784
G1 X125.973 Y73.157 E1.0276
G1 X126.694 Y73.233 E.02331
G1 X127.359 Y73.448 E.02246
G1 X127.963 Y73.798 E.02245
G1 X128.482 Y74.265 E.02246
G1 X128.893 Y74.83 E.02246
G1 X129.119 Y75.337 E.01786
G1 X129.277 Y75.938 E.01998
G1 X129.344 Y76.55 E.0198
G1 X129.344 Y143.467 E2.15179
G1 X129.267 Y144.195 E.02353
G1 X129.052 Y144.859 E.02245
G1 X128.702 Y145.463 E.02246
G1 X128.235 Y145.982 E.02245
G1 X127.67 Y146.393 E.02246
G1 X127.032 Y146.677 E.02245
G1 X126.464 Y146.798 E.0187
G1 X125.983 Y146.844 E.01553
G1 X94.033 Y146.844 E1.02739
G1 X93.305 Y146.767 E.02353
M73 P82 R7
G1 X92.641 Y146.552 E.02245
G1 X92.037 Y146.203 E.02243
G1 X91.51 Y145.725 E.02287
G1 X91.415 Y145.595 E.00518
G1 X91.045 Y145.814 F9000
;TYPE:Outer wall
G1 F2400
G1 X90.734 Y145.386 E.01702
G1 X90.413 Y144.665 E.02535
G1 X90.277 Y144.022 E.02114
G1 X90.228 Y143.494 E.01706
G1 X90.228 Y76.511 E2.15394
G1 X90.311 Y75.716 E.0257
G1 X90.555 Y74.966 E.02535
G1 X90.949 Y74.283 E.02535
G1 X91.477 Y73.697 E.02535
G1 X92.114 Y73.234 E.02535
G1 X92.835 Y72.913 E.02535
G1 X93.478 Y72.777 E.02114
G1 X94.006 Y72.728 E.01706
G1 X125.996 Y72.728 E1.02868
G1 X126.784 Y72.811 E.02548
G1 X127.534 Y73.055 E.02535
G1 X128.217 Y73.449 E.02535
G1 X128.803 Y73.977 E.02535
G1 X129.266 Y74.614 E.02535
G1 X129.587 Y75.335 E.02535
G1 X129.723 Y75.978 E.02114
G1 X129.772 Y76.55 E.01848
G1 X129.772 Y143.489 E2.15251
G1 X129.689 Y144.284 E.0257
G1 X129.445 Y145.034 E.02535
G1 X129.051 Y145.717 E.02535
G1 X128.523 Y146.303 E.02535
G1 X127.886 Y146.766 E.02535
G1 X127.165 Y147.087 E.02535
G1 X126.522 Y147.223 E.02114
G1 X125.994 Y147.272 E.01706
G1 X94.011 Y147.272 E1.02847
G1 X93.216 Y147.189 E.0257
G1 X92.466 Y146.945 E.02535
G1 X91.784 Y146.551 E.02534
G1 X91.189 Y146.013 E.02578
G1 X91.068 Y145.847 E.00662
G1 E-2.8 F3600
;WIPE_START
G1 F2400
G1 X90.734 Y145.386 E-.68319
G1 X90.559 Y144.992 E-.51681
;WIPE_END
G1 Z5.4 F9000
G1 X125.953 Y75.805 Z5.4
G1 Z5
G1 E4 F2400
;TYPE:Inner wall
G1 X126.03 Y75.843 E.00277
G1 X126.397 Y76.143 E.01522
G1 X126.63 Y76.433 E.01197
G1 X126.863 Y76.911 E.0171
G1 X126.946 Y77.36 E.01467
G1 X126.933 Y77.767 E.01312
G1 X126.835 Y78.163 E.01312
G1 X126.657 Y78.53 E.01312
G1 X126.407 Y78.853 E.01312
G1 X126.068 Y79.13 E.01408
G1 X125.604 Y79.358 E.01664
G1 X125.14 Y79.446 E.01517
G1 X124.733 Y79.433 E.01312
G1 X124.337 Y79.335 E.01312
G1 X123.97 Y79.157 E.01312
G1 X123.647 Y78.907 E.01312
G1 X123.37 Y78.567 E.01411
G1 X123.142 Y78.104 E.01661
G1 X123.054 Y77.64 E.01516
G1 X123.067 Y77.233 E.01312
G1 X123.165 Y76.837 E.01312
G1 X123.343 Y76.47 E.01312
G1 X123.593 Y76.147 E.01312
G1 X123.905 Y75.885 E.01312
G1 X124.309 Y75.68 E.01456
G1 X124.804 Y75.56 E.01639
G1 X125.268 Y75.567 E.01489
G1 X125.663 Y75.665 E.01311
G1 X125.917 Y75.788 E.00906
G1 X125.769 Y76.185 F9000
;TYPE:Outer wall
G1 F2400
G1 X125.779 Y76.189 E.00035
G1 X126.078 Y76.429 E.01235
G1 X126.286 Y76.701 E.011
G1 X126.456 Y77.047 E.01239
G1 X126.518 Y77.36 E.01024
G1 X126.514 Y77.678 E.01025
G1 X126.444 Y77.989 E.01025
G1 X126.311 Y78.279 E.01025
G1 X126.12 Y78.534 E.01025
G1 X125.873 Y78.748 E.01051
G1 X125.453 Y78.956 E.01507
G1 X125 Y79.018 E.0147
G1 X124.529 Y78.951 E.01531
G1 X124.108 Y78.728 E.01531
G1 X123.766 Y78.397 E.01529
G1 X123.544 Y77.953 E.01597
G1 X123.482 Y77.64 E.01024
G1 X123.513 Y77.197 E.01431
G1 X123.679 Y76.737 E.01571
G1 X123.88 Y76.466 E.01085
G1 X124.119 Y76.256 E.01025
G1 X124.411 Y76.096 E.01067
G1 X124.91 Y75.98 E.01649
G1 X125.178 Y75.986 E.00864
G1 X125.489 Y76.056 E.01024
G1 X125.732 Y76.168 E.00861
G1 E-2.8 F3600
;WIPE_START
G1 F2400
G1 X125.779 Y76.189 E-.06103
G1 X126.078 Y76.429 E-.4608
G1 X126.286 Y76.701 E-.4105
G1 X126.384 Y76.902 E-.26766
;WIPE_END
G1 Z5.4 F9000
G1 X93.114 Y77.98 Z5.4
G1 Z5
G1 E4 F2400
;TYPE:Inner wall
G1 X93.054 Y77.64 E.0111
G1 X93.067 Y77.233 E.01312
G1 X93.165 Y76.837 E.01312
G1 X93.343 Y76.47 E.01312
G1 X93.643 Y76.103 E.01522
G1 X93.905 Y75.885 E.01099
G1 X94.309 Y75.68 E.01456
G1 X94.804 Y75.56 E.01639
G1 X95.268 Y75.567 E.01489
G1 X95.663 Y75.665 E.01311
G1 X96.03 Y75.843 E.01312
G1 X96.372 Y76.117 E.01408
G1 X96.692 Y76.523 E.01662
G1 X96.875 Y76.958 E.01519
G1 X96.946 Y77.417 E.01493
G1 X96.944 Y77.697 E.00901
G1 X96.835 Y78.163 E.0154
G1 X96.657 Y78.53 E.01312
G1 X96.407 Y78.853 E.01312
G1 X96.068 Y79.13 E.01408
G1 X95.604 Y79.358 E.01664
G1 X95.14 Y79.446 E.01517
G1 X94.733 Y79.433 E.01312
G1 X94.337 Y79.335 E.01312
G1 X93.97 Y79.157 E.01312
G1 X93.628 Y78.883 E.01408
G1 X93.312 Y78.484 E.01637
G1 X93.125 Y78.042 E.01544
G1 X93.121 Y78.02 E.00074
G1 X93.535 Y77.905 F9000
;TYPE:Outer wall
G1 F2400
G1 X93.482 Y77.64 E.00868
G1 X93.486 Y77.322 E.01025
G1 X93.556 Y77.011 E.01025
G1 X93.689 Y76.721 E.01025
G1 X93.929 Y76.422 E.01235
G1 X94.28 Y76.163 E.01402
G1 X94.454 Y76.085 E.00612
G1 X94.912 Y75.98 E.01511
G1 X95.178 Y75.986 E.00857
G1 X95.489 Y76.056 E.01024
G1 X95.779 Y76.189 E.01025
G1 X96.039 Y76.386 E.01051
G1 X96.33 Y76.754 E.01507
G1 X96.486 Y77.19 E.0149
G1 X96.517 Y77.657 E.01504
G1 X96.444 Y77.989 E.01093
G1 X96.311 Y78.279 E.01025
G1 X96.12 Y78.534 E.01025
G1 X95.873 Y78.748 E.01051
G1 X95.453 Y78.956 E.01507
G1 X95 Y79.018 E.0147
G1 X94.529 Y78.951 E.01531
G1 X94.221 Y78.811 E.01086
G1 X93.961 Y78.614 E.01051
G1 X93.67 Y78.246 E.01507
G1 X93.544 Y77.953 E.01025
G1 X93.543 Y77.944 E.00029
G1 E-2.8 F3600
;WIPE_START
G1 F2400
G1 X93.482 Y77.64 E-.37178
G1 X93.486 Y77.322 E-.38241
G1 X93.556 Y77.011 E-.38243
G1 X93.578 Y76.963 E-.06339
;WIPE_END
G1 Z5.4 F9000
G1 X122.779 Y75.628 Z5.4
G1 Z5
G1 E4 F2400
;TYPE:Inner wall
G1 X122.739 Y75.763 E.00452
G1 X122.403 Y76.344 E.02159
G1 X122.217 Y76.916 E.01933
G1 X122.167 Y77.365 E.01454
G1 X122.205 Y77.951 E.01888
G1 X122.36 Y78.522 E.01902
G1 X122.616 Y79.029 E.01828
G1 X122.922 Y79.434 E.01632
G1 X123.329 Y79.8 E.0176
G1 X123.844 Y80.097 E.01911
G1 X124.409 Y80.281 E.01911
G1 X125 Y80.343 E.01911
G1 X125.591 Y80.281 E.01911
G1 X126.156 Y80.097 E.0191
G1 X126.737 Y79.761 E.02159
G1 X127.002 Y79.68 E.0089
G1 X127.261 Y79.719 E.00841
G1 X127.361 Y79.769 E.00361
G1 X127.565 Y79.972 E.00925
G1 X127.654 Y80.29 E.0106
G1 X127.654 Y139.71 E1.91075
G1 X127.564 Y140.028 E.0106
G1 X127.313 Y140.258 E.01095
G1 X127.01 Y140.32 E.00996
G1 X126.737 Y140.239 E.00915
G1 X126.156 Y139.903 E.02159
G1 X125.584 Y139.717 E.01933
G1 X124.917 Y139.669 E.02153
G1 X124.567 Y139.701 E.01128
G1 X124.078 Y139.815 E.01615
G1 X123.578 Y140.038 E.01759
G1 X123.092 Y140.391 E.01934
G1 X122.787 Y140.725 E.01454
G1 X122.474 Y141.222 E.01888
G1 X122.264 Y141.775 E.01903
G1 X122.168 Y142.323 E.01789
G1 X122.197 Y142.91 E.01891
G1 X122.345 Y143.478 E.01887
G1 X122.552 Y143.915 E.01554
G1 X122.794 Y144.363 E.01638
G1 X122.814 Y144.637 E.00884
G1 X122.731 Y144.861 E.00767
G1 X122.528 Y145.064 E.00925
G1 X122.21 Y145.154 E.0106
G1 X97.79 Y145.154 E.78528
G1 X97.472 Y145.065 E.0106
G1 X97.262 Y144.851 E.00964
G1 X97.186 Y144.637 E.00728
G1 X97.212 Y144.346 E.00941
G1 X97.47 Y143.904 E.01644
G1 X97.704 Y143.379 E.0185
G1 X97.827 Y142.797 E.01911
G1 X97.827 Y142.203 E.01911
G1 X97.704 Y141.621 E.01911
G1 X97.459 Y141.072 E.01934
G1 X97.195 Y140.704 E.01457
G1 X96.808 Y140.313 E.01769
G1 X96.315 Y139.991 E.01891
G1 X95.769 Y139.777 E.01887
G1 X95.296 Y139.688 E.01549
G1 X94.876 Y139.67 E.01352
G1 X94.364 Y139.734 E.0166
G1 X93.844 Y139.903 E.01757
G1 X93.263 Y140.239 E.02159
G1 X92.998 Y140.32 E.0089
G1 X92.739 Y140.281 E.00841
G1 X92.639 Y140.231 E.00361
G1 X92.435 Y140.028 E.00925
G1 X92.346 Y139.71 E.0106
G1 X92.346 Y80.29 E1.91075
G1 X92.435 Y79.972 E.0106
G1 X92.649 Y79.762 E.00964
G1 X92.895 Y79.682 E.0083
G1 X93.107 Y79.698 E.00685
G1 X94.022 Y80.155 E.03288
G1 X94.455 Y80.286 E.01455
G1 X95 Y80.343 E.01762
G1 X95.591 Y80.281 E.01911
G1 X96.156 Y80.097 E.01911
G1 X96.671 Y79.8 E.01911
G1 X97.113 Y79.402 E.01911
G1 X97.462 Y78.922 E.01911
G1 X97.704 Y78.379 E.01911
G1 X97.829 Y77.79 E.01934
G1 X97.814 Y77.187 E.01942
G1 X97.723 Y76.731 E.01495
G1 X97.574 Y76.303 E.01456
G1 X97.261 Y75.763 E.02007
G1 X97.18 Y75.497 E.00892
G1 X97.219 Y75.239 E.00839
G1 X97.269 Y75.139 E.00361
G1 X97.472 Y74.935 E.00925
G1 X97.79 Y74.846 E.0106
G1 X122.21 Y74.846 E.78528
G1 X122.528 Y74.936 E.0106
G1 X122.758 Y75.186 E.01094
G1 X122.82 Y75.49 E.00997
G1 X122.79 Y75.59 E.00335
G1 X122.384 Y75.511 F9000
;TYPE:Outer wall
G1 F2400
G1 X122.126 Y75.966 E.01685
G1 X121.937 Y76.389 E.01489
G1 X121.787 Y76.901 E.01717
G1 X121.738 Y77.37 E.01514
G1 X121.762 Y77.926 E.01789
G1 X121.886 Y78.512 E.01926
G1 X122.165 Y79.137 E.02201
G1 X122.567 Y79.691 E.02201
G1 X123.076 Y80.149 E.02201
G1 X123.668 Y80.491 E.02201
G1 X124.319 Y80.702 E.02201
G1 X125 Y80.774 E.02201
G1 X125.681 Y80.702 E.02201
G1 X126.332 Y80.491 E.02201
G1 X126.952 Y80.132 E.02304
G1 X127.108 Y80.12 E.00504
G1 X127.198 Y80.195 E.00379
G1 X127.225 Y80.29 E.00316
G1 X127.225 Y139.71 E1.91075
G1 X127.198 Y139.805 E.00316
G1 X127.071 Y139.89 E.00493
G1 X126.952 Y139.868 E.0039
G1 X126.332 Y139.509 E.02304
G1 X125.679 Y139.297 E.02206
G1 X125.157 Y139.238 E.01689
G1 X124.574 Y139.262 E.01877
G1 X123.988 Y139.386 E.01926
G1 X123.363 Y139.665 E.02201
G1 X122.808 Y140.068 E.02206
G1 X122.453 Y140.455 E.01689
G1 X122.13 Y140.941 E.01876
G1 X121.886 Y141.488 E.01926
G1 X121.744 Y142.159 E.02206
G1 X121.739 Y142.685 E.01689
G1 X121.824 Y143.262 E.01877
G1 X122.009 Y143.832 E.01925
G1 X122.369 Y144.454 E.02313
G1 X122.381 Y144.605 E.00487
G1 X122.305 Y144.698 E.00387
G1 X122.21 Y144.725 E.00316
G1 X97.79 Y144.725 E.78528
G1 X97.632 Y144.635 E.00583
G1 X97.617 Y144.484 E.00487
G1 X97.918 Y143.952 E.01964
G1 X98.133 Y143.422 E.01839
G1 X98.256 Y142.842 E.01906
G1 X98.256 Y142.158 E.02201
G1 X98.114 Y141.488 E.02201
G1 X97.835 Y140.862 E.02206
G1 X97.529 Y140.434 E.01689
G1 X97.19 Y140.066 E.01608
G1 X96.767 Y139.753 E.01693
G1 X96.25 Y139.483 E.01877
G1 X95.681 Y139.298 E.01925
G1 X95 Y139.226 E.02201
G1 X94.319 Y139.298 E.02201
G1 X93.668 Y139.509 E.02201
G1 X93.048 Y139.868 E.02304
G1 X92.892 Y139.88 E.00504
G1 X92.802 Y139.805 E.00379
G1 X92.775 Y139.71 E.00316
G1 X92.775 Y80.29 E1.91075
G1 X92.865 Y80.132 E.00583
M73 P83 R7
G1 X93.002 Y80.113 E.00443
G1 X93.466 Y80.374 E.01713
G1 X93.889 Y80.563 E.01489
G1 X94.41 Y80.712 E.01742
G1 X95 Y80.774 E.01907
G1 X95.681 Y80.702 E.02201
G1 X96.332 Y80.491 E.02201
G1 X96.924 Y80.149 E.02201
G1 X97.433 Y79.691 E.02201
G1 X97.835 Y79.137 E.02201
G1 X98.114 Y78.512 E.02201
G1 X98.256 Y77.841 E.02206
G1 X98.261 Y77.315 E.01689
G1 X98.176 Y76.738 E.01877
G1 X97.991 Y76.168 E.01925
G1 X97.632 Y75.548 E.02304
G1 X97.62 Y75.392 E.00504
G1 X97.695 Y75.302 E.00379
G1 X97.79 Y75.275 E.00316
G1 X122.21 Y75.275 E.78528
G1 X122.366 Y75.362 E.00573
G1 X122.379 Y75.471 E.00353
G1 E-2.8 F3600
;WIPE_START
G1 F2400
G1 X122.126 Y75.966 E-.6678
G1 X121.945 Y76.372 E-.5322
;WIPE_END
G1 Z5.4 F9000
G1 X93.056 Y142.579 Z5.4
G1 Z5
G1 E4 F2400
;TYPE:Inner wall
G1 X93.067 Y142.233 E.01115
G1 X93.165 Y141.837 E.01312
G1 X93.343 Y141.47 E.01312
G1 X93.593 Y141.147 E.01312
G1 X93.905 Y140.885 E.01312
G1 X94.309 Y140.68 E.01456
G1 X94.846 Y140.554 E.01774
G1 X95.268 Y140.567 E.01356
G1 X95.663 Y140.665 E.01311
G1 X96.077 Y140.876 E.01493
G1 X96.353 Y141.093 E.01128
G1 X96.63 Y141.432 E.01408
G1 X96.858 Y141.896 E.01663
G1 X96.946 Y142.36 E.01517
G1 X96.933 Y142.767 E.01312
G1 X96.835 Y143.163 E.01312
G1 X96.638 Y143.555 E.01411
G1 X96.257 Y143.992 E.01864
G1 X95.92 Y144.221 E.01311
G1 X95.542 Y144.375 E.01312
G1 X95.11 Y144.445 E.01408
G1 X94.532 Y144.395 E.01866
G1 X94.148 Y144.256 E.01312
G1 X93.802 Y144.04 E.01312
G1 X93.436 Y143.659 E.01699
G1 X93.279 Y143.42 E.00921
G1 X93.125 Y143.042 E.01312
G1 X93.054 Y142.64 E.01312
G1 X93.054 Y142.619 E.00068
G1 X93.483 Y142.594 F9000
;TYPE:Outer wall
G1 F2400
G1 X93.486 Y142.322 E.00874
G1 X93.556 Y142.011 E.01025
G1 X93.689 Y141.721 E.01025
G1 X93.88 Y141.466 E.01025
G1 X94.119 Y141.256 E.01025
G1 X94.411 Y141.096 E.01067
G1 X94.912 Y140.98 E.01655
G1 X95.316 Y141.015 E.01303
G1 X95.761 Y141.178 E.01524
G1 X96.034 Y141.38 E.01093
G1 X96.282 Y141.693 E.01284
G1 X96.456 Y142.047 E.01268
G1 X96.518 Y142.36 E.01025
G1 X96.514 Y142.678 E.01025
G1 X96.444 Y142.989 E.01025
G1 X96.305 Y143.286 E.01053
G1 X96.006 Y143.646 E.01506
G1 X95.746 Y143.83 E.01024
G1 X95.453 Y143.956 E.01025
G1 X95.132 Y144.017 E.01051
G1 X94.622 Y143.973 E.01647
G1 X94.363 Y143.885 E.0088
G1 X94.089 Y143.722 E.01025
G1 X93.783 Y143.407 E.01411
G1 X93.555 Y142.986 E.01539
G1 X93.482 Y142.64 E.01137
G1 X93.482 Y142.634 E.00022
G1 E-2.8 F3600
;WIPE_START
G1 F2400
G1 X93.486 Y142.322 E-.37429
G1 X93.556 Y142.011 E-.38241
G1 X93.689 Y141.721 E-.38241
G1 X93.72 Y141.681 E-.06089
;WIPE_END
G1 Z5.4 F9000
G1 X126.736 Y143.348 Z5.4
G1 Z5
G1 E4 F2400
;TYPE:Inner wall
G1 X126.555 Y143.682 E.01222
G1 X126.258 Y143.992 E.01382
G1 X125.92 Y144.221 E.01312
G1 X125.542 Y144.375 E.01312
G1 X125.11 Y144.445 E.01408
G1 X124.532 Y144.395 E.01866
G1 X124.148 Y144.256 E.01312
G1 X123.802 Y144.04 E.01312
G1 X123.498 Y143.744 E.01366
G1 X123.279 Y143.42 E.01257
G1 X123.125 Y143.042 E.01312
G1 X123.054 Y142.583 E.01493
G1 X123.054 Y142.36 E.00719
G1 X123.165 Y141.837 E.01719
G1 X123.343 Y141.47 E.01312
G1 X123.593 Y141.147 E.01312
G1 X123.905 Y140.885 E.01312
G1 X124.309 Y140.68 E.01456
G1 X124.821 Y140.558 E.01692
G1 X125.268 Y140.567 E.01437
G1 X125.663 Y140.665 E.01311
G1 X126.03 Y140.843 E.01312
G1 X126.353 Y141.093 E.01312
G1 X126.615 Y141.405 E.01312
G1 X126.816 Y141.794 E.01408
G1 X126.946 Y142.36 E.01866
G1 X126.933 Y142.767 E.01312
G1 X126.822 Y143.191 E.01408
G1 X126.756 Y143.313 E.00446
G1 X126.362 Y143.144 F9000
;TYPE:Outer wall
G1 F2400
G1 X126.214 Y143.42 E.01008
G1 X125.907 Y143.718 E.01376
G1 X125.486 Y143.945 E.01536
G1 X125.132 Y144.017 E.01163
G1 X124.664 Y143.987 E.01507
G1 X124.363 Y143.885 E.01025
G1 X124.089 Y143.722 E.01025
G1 X123.844 Y143.492 E.01079
G1 X123.613 Y143.117 E.01417
G1 X123.483 Y142.662 E.01523
G1 X123.482 Y142.36 E.00971
G1 X123.556 Y142.011 E.01146
G1 X123.689 Y141.721 E.01025
G1 X123.975 Y141.38 E.0143
G1 X124.38 Y141.107 E.01571
G1 X124.867 Y140.985 E.01615
G1 X125.303 Y141.013 E.01407
G1 X125.763 Y141.179 E.01571
G1 X126.034 Y141.38 E.01085
G1 X126.244 Y141.619 E.01025
G1 X126.402 Y141.905 E.01051
G1 X126.518 Y142.36 E.01507
G1 X126.514 Y142.678 E.01025
G1 X126.44 Y142.996 E.01051
G1 X126.38 Y143.108 E.00407
G1 E-2.8 F3600
;WIPE_START
G1 F2400
G1 X126.214 Y143.42 E-.42401
G1 X125.907 Y143.718 E-.51342
G1 X125.714 Y143.822 E-.26256
;WIPE_END
G1 Z5.4 F9000
G1 X127.061 Y140.622 Z5.4
G1 Z5
G1 E4 F2400
;TYPE:Sparse infill
;WIDTH:0.45
G1 F3600
G1 X126.774 Y140.587 E.00931
G1 X126.601 Y140.513 E.00604
G1 X126.031 Y140.183 E.02117
G1 X125.564 Y140.031 E.01579
G1 X125.325 Y140.27 E.01086
G1 X124.895 Y140.246 E.01384
G1 X124.697 Y140.271 E.00642
G1 X124.083 Y140.434 E.02044
G1 X123.672 Y140.672 E.01527
G1 X123.335 Y140.973 E.01454
G1 X123.046 Y141.366 E.01568
G1 X122.851 Y141.802 E.01536
G1 X122.752 Y142.273 E.01548
G1 X122.748 Y142.645 E.01197
G1 X122.768 Y142.828 E.0059
G1 X122.531 Y143.064 E.01075
G1 X122.683 Y143.531 E.0158
G1 X123.024 Y144.121 E.02191
G1 X123.087 Y144.275 E.00533
G1 X123.122 Y144.561 E.00928
G1 E-3
;WIPE_START
G1 X123.087 Y144.275 E-.2887
G1 X123.024 Y144.121 E-.16578
G1 X122.751 Y143.649 E-.54552
;WIPE_END
G1 Z5.4 F9000
G1 X97.416 Y141.736 Z5.4
G1 Z5
G1 E4 F2400
G1 F3600
G1 X97.522 Y142.235 E.01639
G1 X97.522 Y142.765 E.01705
G1 X97.388 Y143.337 E.01888
G1 X95.982 Y144.743 E.06393
G1 X95.509 Y144.897 E.016
G1 X95 Y144.95 E.01647
G1 X94.491 Y144.897 E.01647
G1 X94.389 Y144.864 E.00343
G1 E-3
;WIPE_START
G1 X94.491 Y144.897 E-.10654
G1 X95 Y144.95 E-.51219
G1 X95.379 Y144.91 E-.38127
;WIPE_END
G1 Z5.4 F9000
G1 X92.938 Y79.382 Z5.4
G1 Z5
G1 E4 F2400
G1 F3600
G1 X93.18 Y79.4 E.00783
G1 X93.399 Y79.487 E.00756
G1 X93.969 Y79.817 E.02118
G1 X94.436 Y79.969 E.01579
G1 X94.676 Y79.729 E.01092
G1 X94.764 Y79.747 E.00288
G1 X95.236 Y79.747 E.01519
G1 X95.7 Y79.649 E.01525
G1 X96.212 Y79.399 E.01831
G1 X96.4 Y79.27 E.00734
G1 X96.735 Y78.944 E.01503
G1 X96.957 Y78.629 E.01239
G1 X97.149 Y78.198 E.01517
G1 X97.248 Y77.726 E.0155
G1 X97.246 Y77.254 E.01519
G1 X97.229 Y77.175 E.00258
G1 X97.469 Y76.936 E.01089
G1 X97.317 Y76.469 E.01579
G1 X96.994 Y75.911 E.02071
G1 X96.921 Y75.75 E.0057
G1 X96.875 Y75.519 E.00759
G1 X96.879 Y75.439 E.00257
G1 E-3
;WIPE_START
G1 X96.875 Y75.519 E-.07991
G1 X96.921 Y75.75 E-.23601
G1 X96.994 Y75.911 E-.17715
G1 X97.248 Y76.35 E-.50692
;WIPE_END
G1 Z5.4 F9000
G1 X122.581 Y78.248 Z5.4
G1 Z5
G1 E4 F2400
G1 F3600
G1 X122.477 Y77.76 E.01606
G1 X122.472 Y77.324 E.014
G1 X122.516 Y76.983 E.01107
G1 X122.624 Y76.651 E.01122
G1 X124.018 Y75.257 E.06338
G1 X124.485 Y75.105 E.01579
G1 X124.948 Y75.066 E.01495
G1 X125.382 Y75.09 E.01399
G1 X125.614 Y75.139 E.00761
G1 E-3
;WIPE_START
G1 X125.382 Y75.09 E-.23652
G1 X124.948 Y75.066 E-.43519
G1 X124.621 Y75.094 E-.32829
;WIPE_END
G1 Z5.4 F9000
G1 X126.665 Y73.35 Z5.4
G1 Z5
G1 E4 F2400
;TYPE:Top surface
;WIDTH:0.400253
G1 F1800
G1 X129.128 Y75.813 E.09833
G1 X129.218 Y76.409 F9000
G1 F1800
G1 X126.1 Y73.29 E.12449
G1 X125.58 Y73.276 F9000
G1 F1800
G1 X129.224 Y76.92 E.14545
G1 X129.224 Y77.425 F9000
G1 F1800
G1 X125.075 Y73.276 E.16563
G1 X124.57 Y73.276 F9000
G1 F1800
G1 X126.552 Y75.258 E.07913
G1 X125.731 Y74.943 F9000
G1 F1800
G1 X124.064 Y73.276 E.06652
G1 X123.559 Y73.276 F9000
G1 F1800
G1 X125.128 Y74.846 E.06265
G1 X124.647 Y74.869 F9000
G1 F1800
G1 X123.054 Y73.276 E.06359
G1 X122.548 Y73.276 F9000
G1 F1800
G1 X124.228 Y74.956 E.06706
G1 X123.847 Y75.08 F9000
G1 F1800
G1 X122.043 Y73.276 E.07201
G1 X121.538 Y73.276 F9000
G1 F1800
G1 X123.383 Y75.122 E.07368
G1 X122.879 Y75.123 F9000
G1 F1800
G1 X121.032 Y73.276 E.07371
G1 X120.527 Y73.276 F9000
G1 F1800
G1 X121.978 Y74.727 E.05791
G1 X121.472 Y74.727 F9000
G1 F1800
G1 X120.022 Y73.276 E.05791
G1 X119.516 Y73.276 F9000
G1 F1800
G1 X120.967 Y74.727 E.05791
G1 X120.462 Y74.727 F9000
G1 F1800
G1 X119.011 Y73.276 E.05791
G1 X118.505 Y73.276 F9000
G1 F1800
G1 X119.956 Y74.727 E.05791
G1 X119.451 Y74.727 F9000
G1 F1800
G1 X118 Y73.276 E.05791
G1 X117.495 Y73.276 F9000
G1 F1800
G1 X118.945 Y74.727 E.05791
G1 X118.44 Y74.727 F9000
G1 F1800
G1 X116.989 Y73.276 E.05791
G1 X116.484 Y73.276 F9000
G1 F1800
G1 X117.935 Y74.727 E.05791
G1 X117.429 Y74.727 F9000
G1 F1800
G1 X115.979 Y73.276 E.05791
G1 X115.473 Y73.276 F9000
G1 F1800
G1 X116.924 Y74.727 E.05791
G1 X116.419 Y74.727 F9000
G1 F1800
G1 X114.968 Y73.276 E.05791
G1 X114.463 Y73.276 F9000
G1 F1800
G1 X115.913 Y74.727 E.05791
G1 X115.408 Y74.727 F9000
G1 F1800
G1 X113.957 Y73.276 E.05791
G1 X113.452 Y73.276 F9000
G1 F1800
G1 X114.903 Y74.727 E.05791
G1 X114.397 Y74.727 F9000
G1 F1800
G1 X112.947 Y73.276 E.05791
G1 X112.441 Y73.276 F9000
G1 F1800
G1 X113.892 Y74.727 E.05791
G1 X113.387 Y74.727 F9000
G1 F1800
G1 X111.936 Y73.276 E.05791
G1 X111.431 Y73.276 F9000
G1 F1800
G1 X112.881 Y74.727 E.05791
G1 X112.376 Y74.727 F9000
G1 F1800
G1 X110.925 Y73.276 E.05791
G1 X110.42 Y73.276 F9000
G1 F1800
G1 X111.871 Y74.727 E.05791
G1 X111.365 Y74.727 F9000
G1 F1800
G1 X109.915 Y73.276 E.05791
G1 X109.409 Y73.276 F9000
G1 F1800
G1 X110.86 Y74.727 E.05791
G1 X110.355 Y74.727 F9000
G1 F1800
G1 X108.904 Y73.276 E.05791
G1 X108.398 Y73.276 F9000
G1 F1800
G1 X109.849 Y74.727 E.05791
G1 X109.344 Y74.727 F9000
G1 F1800
G1 X107.893 Y73.276 E.05791
G1 X107.388 Y73.276 F9000
G1 F1800
G1 X108.839 Y74.727 E.05791
G1 X108.333 Y74.727 F9000
G1 F1800
G1 X106.882 Y73.276 E.05791
G1 X106.377 Y73.276 F9000
G1 F1800
G1 X107.828 Y74.727 E.05791
G1 X107.323 Y74.727 F9000
G1 F1800
G1 X105.872 Y73.276 E.05792
G1 X105.366 Y73.276 F9000
G1 F1800
G1 X106.817 Y74.727 E.05792
G1 X106.312 Y74.727 F9000
G1 F1800
G1 X104.861 Y73.276 E.05792
G1 X104.356 Y73.276 F9000
G1 F1800
G1 X105.806 Y74.727 E.05792
G1 X105.301 Y74.727 F9000
G1 F1800
G1 X103.85 Y73.276 E.05792
G1 X103.345 Y73.276 F9000
G1 F1800
G1 X104.796 Y74.727 E.05792
G1 X104.29 Y74.727 F9000
G1 F1800
G1 X102.84 Y73.276 E.05792
G1 X102.334 Y73.276 F9000
G1 F1800
G1 X103.785 Y74.727 E.05792
G1 X103.28 Y74.727 F9000
G1 F1800
G1 X101.829 Y73.276 E.05792
G1 X101.324 Y73.276 F9000
G1 F1800
G1 X102.774 Y74.727 E.05792
G1 X102.269 Y74.727 F9000
G1 F1800
G1 X100.818 Y73.276 E.05792
G1 X100.313 Y73.276 F9000
G1 F1800
G1 X101.764 Y74.727 E.05792
G1 X101.258 Y74.727 F9000
G1 F1800
G1 X99.807 Y73.276 E.05792
G1 X99.302 Y73.276 F9000
G1 F1800
G1 X100.753 Y74.727 E.05792
G1 X100.248 Y74.727 F9000
G1 F1800
G1 X98.797 Y73.276 E.05792
G1 X98.291 Y73.276 F9000
G1 F1800
G1 X99.742 Y74.727 E.05792
G1 X99.237 Y74.727 F9000
G1 F1800
G1 X97.786 Y73.276 E.05792
G1 X97.281 Y73.276 F9000
G1 F1800
G1 X98.732 Y74.727 E.05792
G1 X98.226 Y74.727 F9000
G1 F1800
G1 X96.775 Y73.276 E.05792
G1 X96.27 Y73.276 F9000
G1 F1800
G1 X97.727 Y74.733 E.05815
G1 X97.368 Y74.879 F9000
G1 F1800
G1 X95.765 Y73.276 E.06399
G1 X95.259 Y73.276 F9000
G1 F1800
G1 X97.106 Y75.123 E.07371
G1 X96.599 Y75.121 F9000
G1 F1800
G1 X94.754 Y73.276 E.07366
G1 X94.254 Y73.281 F9000
G1 F1800
G1 X96.004 Y75.031 E.06988
G1 X95.329 Y74.862 F9000
G1 F1800
G1 X93.759 Y73.292 E.06268
G1 X93.33 Y73.368 F9000
G1 F1800
G1 X94.813 Y74.85 E.05916
G1 X94.373 Y74.916 F9000
G1 F1800
G1 X92.928 Y73.472 E.05765
G1 X92.579 Y73.627 F9000
G1 F1800
G1 X93.986 Y75.035 E.0562
G1 X93.629 Y75.183 F9000
G1 F1800
G1 X92.255 Y73.809 E.05484
G1 X91.963 Y74.022 F9000
G1 F1800
G1 X93.28 Y75.339 E.05259
G1 X93.003 Y75.567 F9000
G1 F1800
G1 X91.702 Y74.266 E.05193
G1 X91.462 Y74.532 F9000
G1 F1800
G1 X92.799 Y75.869 E.05337
G1 X92.635 Y76.21 F9000
G1 F1800
G1 X91.262 Y74.837 E.05481
G1 X91.077 Y75.158 F9000
G1 F1800
G1 X92.503 Y76.584 E.05692
G1 X92.383 Y76.969 F9000
G1 F1800
G1 X90.947 Y75.533 E.05733
G1 X90.84 Y75.931 F9000
G1 F1800
G1 X92.335 Y77.426 E.05969
G1 X92.377 Y77.974 F9000
G1 F1800
G1 X90.792 Y76.388 E.06329
G1 X90.776 Y76.878 F9000
G1 F1800
G1 X92.592 Y78.695 E.07251
G1 X92.623 Y79.23 F9000
G1 F1800
G1 X90.776 Y77.383 E.07372
G1 X90.776 Y77.889 F9000
G1 F1800
G1 X92.567 Y79.679 E.07149
G1 X92.327 Y79.945 F9000
G1 F1800
G1 X90.776 Y78.394 E.06191
G1 X90.776 Y78.899 F9000
G1 F1800
G1 X92.227 Y80.35 E.05792
G1 X92.227 Y80.856 F9000
G1 F1800
G1 X90.776 Y79.405 E.05792
G1 X90.776 Y79.91 F9000
G1 F1800
G1 X92.227 Y81.361 E.05792
G1 X92.227 Y81.866 F9000
G1 F1800
G1 X90.776 Y80.415 E.05792
G1 X90.776 Y80.921 F9000
G1 F1800
G1 X92.227 Y82.372 E.05792
G1 X92.227 Y82.877 F9000
G1 F1800
G1 X90.776 Y81.426 E.05792
G1 X90.776 Y81.931 F9000
G1 F1800
G1 X92.227 Y83.382 E.05792
G1 X92.227 Y83.888 F9000
G1 F1800
G1 X90.776 Y82.437 E.05792
G1 X90.776 Y82.942 F9000
G1 F1800
G1 X92.227 Y84.393 E.05792
G1 X92.227 Y84.898 F9000
G1 F1800
G1 X90.776 Y83.447 E.05792
G1 X90.776 Y83.953 F9000
G1 F1800
G1 X92.227 Y85.404 E.05792
G1 X92.227 Y85.909 F9000
G1 F1800
G1 X90.776 Y84.458 E.05792
G1 X90.776 Y84.964 F9000
G1 F1800
G1 X92.227 Y86.414 E.05792
G1 X92.227 Y86.92 F9000
G1 F1800
G1 X90.776 Y85.469 E.05792
G1 X90.776 Y85.974 F9000
G1 F1800
G1 X92.227 Y87.425 E.05792
G1 X92.227 Y87.931 F9000
G1 F1800
G1 X90.776 Y86.48 E.05792
G1 X90.776 Y86.985 F9000
G1 F1800
G1 X92.227 Y88.436 E.05792
G1 X92.227 Y88.941 F9000
G1 F1800
G1 X90.776 Y87.49 E.05792
G1 X90.776 Y87.996 F9000
G1 F1800
G1 X92.227 Y89.447 E.05792
G1 X92.227 Y89.952 F9000
G1 F1800
G1 X90.776 Y88.501 E.05792
G1 X90.776 Y89.006 F9000
G1 F1800
G1 X92.227 Y90.457 E.05792
G1 X92.227 Y90.963 F9000
G1 F1800
G1 X90.776 Y89.512 E.05792
G1 X90.776 Y90.017 F9000
G1 F1800
G1 X92.227 Y91.468 E.05792
G1 X92.227 Y91.973 F9000
G1 F1800
M73 P84 R7
G1 X90.776 Y90.522 E.05792
G1 X90.776 Y91.028 F9000
G1 F1800
G1 X92.227 Y92.479 E.05792
G1 X92.227 Y92.984 F9000
G1 F1800
G1 X90.776 Y91.533 E.05792
G1 X90.776 Y92.038 F9000
G1 F1800
G1 X92.227 Y93.489 E.05792
G1 X92.227 Y93.995 F9000
G1 F1800
G1 X90.776 Y92.544 E.05792
G1 X90.776 Y93.049 F9000
G1 F1800
G1 X92.227 Y94.5 E.05792
G1 X92.227 Y95.005 F9000
G1 F1800
G1 X90.776 Y93.554 E.05792
G1 X90.776 Y94.06 F9000
G1 F1800
G1 X92.227 Y95.511 E.05792
G1 X92.227 Y96.016 F9000
G1 F1800
G1 X90.776 Y94.565 E.05792
G1 X90.776 Y95.07 F9000
G1 F1800
G1 X92.227 Y96.521 E.05792
G1 X92.227 Y97.027 F9000
G1 F1800
G1 X90.776 Y95.576 E.05792
G1 X90.776 Y96.081 F9000
G1 F1800
G1 X92.227 Y97.532 E.05792
G1 X92.227 Y98.037 F9000
G1 F1800
G1 X90.776 Y96.586 E.05792
G1 X90.776 Y97.092 F9000
G1 F1800
G1 X92.227 Y98.543 E.05792
G1 X92.227 Y99.048 F9000
G1 F1800
G1 X90.776 Y97.597 E.05792
G1 X90.776 Y98.102 F9000
G1 F1800
G1 X92.227 Y99.553 E.05792
G1 X92.227 Y100.059 F9000
G1 F1800
G1 X90.776 Y98.608 E.05792
G1 X90.776 Y99.113 F9000
G1 F1800
G1 X92.227 Y100.564 E.05792
G1 X92.227 Y101.069 F9000
G1 F1800
G1 X90.776 Y99.619 E.05792
G1 X90.776 Y100.124 F9000
G1 F1800
G1 X92.227 Y101.575 E.05792
G1 X92.227 Y102.08 F9000
G1 F1800
G1 X90.776 Y100.629 E.05792
G1 X90.776 Y101.135 F9000
G1 F1800
G1 X92.227 Y102.586 E.05792
G1 X92.227 Y103.091 F9000
G1 F1800
G1 X90.776 Y101.64 E.05792
G1 X90.776 Y102.145 F9000
G1 F1800
G1 X92.227 Y103.596 E.05792
G1 X92.227 Y104.102 F9000
G1 F1800
G1 X90.776 Y102.651 E.05792
G1 X90.776 Y103.156 F9000
G1 F1800
G1 X92.227 Y104.607 E.05792
G1 X92.227 Y105.112 F9000
G1 F1800
G1 X90.776 Y103.661 E.05792
G1 X90.776 Y104.167 F9000
G1 F1800
G1 X92.227 Y105.618 E.05792
G1 X92.227 Y106.123 F9000
G1 F1800
G1 X90.776 Y104.672 E.05792
G1 X90.776 Y105.177 F9000
G1 F1800
G1 X92.227 Y106.628 E.05792
G1 X92.227 Y107.134 F9000
G1 F1800
G1 X90.776 Y105.683 E.05792
G1 X90.776 Y106.188 F9000
G1 F1800
G1 X92.227 Y107.639 E.05792
G1 X92.227 Y108.144 F9000
G1 F1800
G1 X90.776 Y106.693 E.05792
G1 X90.776 Y107.199 F9000
G1 F1800
G1 X92.227 Y108.65 E.05792
G1 X92.227 Y109.155 F9000
G1 F1800
G1 X90.776 Y107.704 E.05792
G1 X90.776 Y108.209 F9000
G1 F1800
G1 X92.227 Y109.66 E.05792
G1 X92.227 Y110.166 F9000
G1 F1800
G1 X90.776 Y108.715 E.05792
G1 X90.776 Y109.22 F9000
G1 F1800
G1 X92.227 Y110.671 E.05792
G1 X92.227 Y111.176 F9000
G1 F1800
G1 X90.776 Y109.725 E.05792
G1 X90.776 Y110.231 F9000
G1 F1800
G1 X92.227 Y111.682 E.05792
G1 X92.227 Y112.187 F9000
G1 F1800
G1 X90.776 Y110.736 E.05792
G1 X90.776 Y111.241 F9000
G1 F1800
G1 X92.227 Y112.692 E.05792
G1 X92.227 Y113.198 F9000
G1 F1800
G1 X90.776 Y111.747 E.05792
G1 X90.776 Y112.252 F9000
G1 F1800
G1 X92.227 Y113.703 E.05792
G1 X92.227 Y114.208 F9000
G1 F1800
G1 X90.776 Y112.757 E.05792
G1 X90.776 Y113.263 F9000
G1 F1800
G1 X92.227 Y114.714 E.05792
G1 X92.227 Y115.219 F9000
G1 F1800
G1 X90.776 Y113.768 E.05792
G1 X90.776 Y114.274 F9000
G1 F1800
G1 X92.227 Y115.724 E.05792
G1 X92.227 Y116.23 F9000
G1 F1800
G1 X90.776 Y114.779 E.05792
G1 X90.776 Y115.284 F9000
G1 F1800
G1 X92.227 Y116.735 E.05792
G1 X92.227 Y117.241 F9000
G1 F1800
G1 X90.776 Y115.79 E.05792
G1 X90.776 Y116.295 F9000
G1 F1800
G1 X92.227 Y117.746 E.05792
G1 X92.227 Y118.251 F9000
G1 F1800
G1 X90.776 Y116.8 E.05792
G1 X90.776 Y117.306 F9000
G1 F1800
G1 X92.227 Y118.757 E.05792
G1 X92.227 Y119.262 F9000
G1 F1800
G1 X90.776 Y117.811 E.05792
G1 X90.776 Y118.316 F9000
G1 F1800
G1 X92.227 Y119.767 E.05792
G1 X92.227 Y120.273 F9000
G1 F1800
G1 X90.776 Y118.822 E.05792
G1 X90.776 Y119.327 F9000
G1 F1800
G1 X92.227 Y120.778 E.05792
G1 X92.227 Y121.283 F9000
G1 F1800
G1 X90.776 Y119.832 E.05792
G1 X90.776 Y120.338 F9000
G1 F1800
G1 X92.227 Y121.789 E.05792
G1 X92.227 Y122.294 F9000
G1 F1800
G1 X90.776 Y120.843 E.05792
G1 X90.776 Y121.348 F9000
G1 F1800
G1 X92.227 Y122.799 E.05792
G1 X92.227 Y123.305 F9000
G1 F1800
G1 X90.776 Y121.854 E.05792
G1 X90.776 Y122.359 F9000
G1 F1800
G1 X92.227 Y123.81 E.05792
G1 X92.227 Y124.315 F9000
G1 F1800
G1 X90.776 Y122.864 E.05792
G1 X90.776 Y123.37 F9000
G1 F1800
G1 X92.227 Y124.821 E.05792
G1 X92.227 Y125.326 F9000
G1 F1800
G1 X90.776 Y123.875 E.05792
G1 X90.776 Y124.38 F9000
G1 F1800
G1 X92.227 Y125.831 E.05792
G1 X92.227 Y126.337 F9000
G1 F1800
G1 X90.776 Y124.886 E.05792
G1 X90.776 Y125.391 F9000
G1 F1800
G1 X92.227 Y126.842 E.05792
G1 X92.227 Y127.347 F9000
G1 F1800
G1 X90.776 Y125.896 E.05792
G1 X90.776 Y126.402 F9000
G1 F1800
G1 X92.227 Y127.853 E.05792
G1 X92.227 Y128.358 F9000
G1 F1800
G1 X90.776 Y126.907 E.05792
G1 X90.776 Y127.413 F9000
G1 F1800
G1 X92.227 Y128.863 E.05792
G1 X92.227 Y129.369 F9000
G1 F1800
G1 X90.776 Y127.918 E.05792
G1 X90.776 Y128.423 F9000
G1 F1800
G1 X92.227 Y129.874 E.05792
G1 X92.227 Y130.379 F9000
G1 F1800
G1 X90.776 Y128.929 E.05792
G1 X90.776 Y129.434 F9000
G1 F1800
G1 X92.227 Y130.885 E.05792
G1 X92.227 Y131.39 F9000
G1 F1800
G1 X90.776 Y129.939 E.05792
G1 X90.776 Y130.445 F9000
G1 F1800
G1 X92.227 Y131.896 E.05792
G1 X92.227 Y132.401 F9000
G1 F1800
G1 X90.776 Y130.95 E.05792
G1 X90.776 Y131.455 F9000
G1 F1800
G1 X92.227 Y132.906 E.05792
G1 X92.227 Y133.412 F9000
G1 F1800
G1 X90.776 Y131.961 E.05792
G1 X90.776 Y132.466 F9000
G1 F1800
G1 X92.227 Y133.917 E.05792
G1 X92.227 Y134.422 F9000
G1 F1800
G1 X90.776 Y132.971 E.05792
G1 X90.776 Y133.477 F9000
G1 F1800
G1 X92.227 Y134.928 E.05792
G1 X92.227 Y135.433 F9000
G1 F1800
G1 X90.776 Y133.982 E.05792
G1 X90.776 Y134.487 F9000
G1 F1800
G1 X92.227 Y135.938 E.05792
G1 X92.227 Y136.444 F9000
G1 F1800
G1 X90.776 Y134.993 E.05792
G1 X90.776 Y135.498 F9000
G1 F1800
G1 X92.227 Y136.949 E.05792
G1 X92.227 Y137.454 F9000
G1 F1800
G1 X90.776 Y136.003 E.05792
G1 X90.776 Y136.509 F9000
G1 F1800
G1 X92.227 Y137.96 E.05792
G1 X92.227 Y138.465 F9000
G1 F1800
G1 X90.776 Y137.014 E.05792
G1 X90.776 Y137.519 F9000
M73 P84 R6
G1 F1800
G1 X92.227 Y138.97 E.05792
G1 X92.227 Y139.476 F9000
G1 F1800
G1 X90.776 Y138.025 E.05792
G1 X90.776 Y138.53 F9000
G1 F1800
G1 X92.623 Y140.377 E.07372
G1 X92.621 Y140.881 F9000
G1 F1800
G1 X90.776 Y139.035 E.07366
G1 X90.776 Y139.541 F9000
G1 F1800
G1 X92.58 Y141.345 E.07203
G1 X92.456 Y141.727 F9000
G1 F1800
G1 X90.776 Y140.046 E.06708
G1 X90.776 Y140.551 F9000
G1 F1800
G1 X92.365 Y142.141 E.06344
G1 X92.342 Y142.623 F9000
G1 F1800
G1 X90.776 Y141.057 E.06251
G1 X90.776 Y141.562 F9000
G1 F1800
G1 X92.449 Y143.236 E.06681
G1 X92.757 Y144.049 F9000
G1 F1800
G1 X90.776 Y142.068 E.07909
G1 E-2.8 F3600
;WIPE_START
G1 F1800
G1 X91.483 Y142.775 E-1.2
;WIPE_END
G1 Z5.4 F9000
G1 X129.224 Y77.931 Z5.4
G1 Z5
G1 E4 F2400
G1 F1800
G1 X127.242 Y75.948 E.07914
G1 X127.555 Y76.767 F9000
G1 F1800
G1 X129.224 Y78.436 E.06664
G1 X129.224 Y78.941 F9000
G1 F1800
G1 X127.658 Y77.375 E.06251
G1 X127.635 Y77.858 F9000
G1 F1800
G1 X129.224 Y79.447 E.06343
G1 X129.224 Y79.952 F9000
G1 F1800
G1 X127.544 Y78.272 E.06707
G1 X127.42 Y78.653 F9000
G1 F1800
G1 X129.224 Y80.457 E.07201
G1 X129.224 Y80.963 F9000
G1 F1800
G1 X127.379 Y79.118 E.07366
G1 X127.378 Y79.622 F9000
G1 F1800
G1 X129.224 Y81.468 E.07371
G1 X129.224 Y81.973 F9000
G1 F1800
G1 X127.773 Y80.522 E.05792
G1 X127.773 Y81.028 F9000
G1 F1800
G1 X129.224 Y82.479 E.05792
G1 X129.224 Y82.984 F9000
G1 F1800
G1 X127.773 Y81.533 E.05792
G1 X127.773 Y82.038 F9000
G1 F1800
G1 X129.224 Y83.489 E.05792
G1 X129.224 Y83.995 F9000
G1 F1800
G1 X127.773 Y82.544 E.05792
G1 X127.773 Y83.049 F9000
G1 F1800
G1 X129.224 Y84.5 E.05792
G1 X129.224 Y85.005 F9000
G1 F1800
G1 X127.773 Y83.555 E.05792
G1 X127.773 Y84.06 F9000
G1 F1800
G1 X129.224 Y85.511 E.05792
G1 X129.224 Y86.016 F9000
G1 F1800
G1 X127.773 Y84.565 E.05792
G1 X127.773 Y85.071 F9000
G1 F1800
G1 X129.224 Y86.522 E.05792
G1 X129.224 Y87.027 F9000
G1 F1800
G1 X127.773 Y85.576 E.05792
G1 X127.773 Y86.081 F9000
G1 F1800
G1 X129.224 Y87.532 E.05792
G1 X129.224 Y88.038 F9000
G1 F1800
G1 X127.773 Y86.587 E.05792
G1 X127.773 Y87.092 F9000
G1 F1800
G1 X129.224 Y88.543 E.05792
G1 X129.224 Y89.048 F9000
G1 F1800
G1 X127.773 Y87.597 E.05792
G1 X127.773 Y88.103 F9000
G1 F1800
G1 X129.224 Y89.554 E.05792
G1 X129.224 Y90.059 F9000
G1 F1800
G1 X127.773 Y88.608 E.05792
G1 X127.773 Y89.113 F9000
G1 F1800
G1 X129.224 Y90.564 E.05792
G1 X129.224 Y91.07 F9000
G1 F1800
G1 X127.773 Y89.619 E.05792
G1 X127.773 Y90.124 F9000
G1 F1800
G1 X129.224 Y91.575 E.05792
G1 X129.224 Y92.08 F9000
G1 F1800
G1 X127.773 Y90.629 E.05792
G1 X127.773 Y91.135 F9000
G1 F1800
G1 X129.224 Y92.586 E.05792
G1 X129.224 Y93.091 F9000
G1 F1800
G1 X127.773 Y91.64 E.05792
G1 X127.773 Y92.145 F9000
G1 F1800
G1 X129.224 Y93.596 E.05792
G1 X129.224 Y94.102 F9000
G1 F1800
G1 X127.773 Y92.651 E.05792
G1 X127.773 Y93.156 F9000
G1 F1800
G1 X129.224 Y94.607 E.05792
G1 X129.224 Y95.112 F9000
G1 F1800
G1 X127.773 Y93.661 E.05792
G1 X127.773 Y94.167 F9000
G1 F1800
G1 X129.224 Y95.618 E.05792
G1 X129.224 Y96.123 F9000
G1 F1800
G1 X127.773 Y94.672 E.05792
G1 X127.773 Y95.177 F9000
G1 F1800
G1 X129.224 Y96.628 E.05792
G1 X129.224 Y97.134 F9000
G1 F1800
G1 X127.773 Y95.683 E.05792
G1 X127.773 Y96.188 F9000
G1 F1800
G1 X129.224 Y97.639 E.05792
G1 X129.224 Y98.144 F9000
G1 F1800
G1 X127.773 Y96.694 E.05792
G1 X127.773 Y97.199 F9000
G1 F1800
G1 X129.224 Y98.65 E.05792
G1 X129.224 Y99.155 F9000
G1 F1800
G1 X127.773 Y97.704 E.05792
G1 X127.773 Y98.21 F9000
G1 F1800
G1 X129.224 Y99.66 E.05792
G1 X129.224 Y100.166 F9000
G1 F1800
G1 X127.773 Y98.715 E.05792
G1 X127.773 Y99.22 F9000
G1 F1800
G1 X129.224 Y100.671 E.05792
G1 X129.224 Y101.177 F9000
G1 F1800
G1 X127.773 Y99.726 E.05792
G1 X127.773 Y100.231 F9000
G1 F1800
G1 X129.224 Y101.682 E.05792
G1 X129.224 Y102.187 F9000
G1 F1800
G1 X127.773 Y100.736 E.05792
G1 X127.773 Y101.242 F9000
G1 F1800
G1 X129.224 Y102.693 E.05792
G1 X129.224 Y103.198 F9000
G1 F1800
G1 X127.773 Y101.747 E.05792
G1 X127.773 Y102.252 F9000
G1 F1800
G1 X129.224 Y103.703 E.05792
G1 X129.224 Y104.209 F9000
G1 F1800
G1 X127.773 Y102.758 E.05792
G1 X127.773 Y103.263 F9000
G1 F1800
G1 X129.224 Y104.714 E.05792
G1 X129.224 Y105.219 F9000
G1 F1800
G1 X127.773 Y103.768 E.05792
G1 X127.773 Y104.274 F9000
G1 F1800
G1 X129.224 Y105.725 E.05792
G1 X129.224 Y106.23 F9000
G1 F1800
G1 X127.773 Y104.779 E.05792
G1 X127.773 Y105.284 F9000
G1 F1800
G1 X129.224 Y106.735 E.05792
G1 X129.224 Y107.241 F9000
G1 F1800
G1 X127.773 Y105.79 E.05792
G1 X127.773 Y106.295 F9000
G1 F1800
G1 X129.224 Y107.746 E.05792
G1 X129.224 Y108.251 F9000
G1 F1800
G1 X127.773 Y106.8 E.05792
G1 X127.773 Y107.306 F9000
G1 F1800
G1 X129.224 Y108.757 E.05792
G1 X129.224 Y109.262 F9000
G1 F1800
G1 X127.773 Y107.811 E.05792
G1 X127.773 Y108.316 F9000
G1 F1800
G1 X129.224 Y109.767 E.05792
G1 X129.224 Y110.273 F9000
G1 F1800
G1 X127.773 Y108.822 E.05792
G1 X127.773 Y109.327 F9000
G1 F1800
G1 X129.224 Y110.778 E.05792
G1 X129.224 Y111.283 F9000
G1 F1800
G1 X127.773 Y109.832 E.05792
G1 X127.773 Y110.338 F9000
G1 F1800
G1 X129.224 Y111.789 E.05792
G1 X129.224 Y112.294 F9000
G1 F1800
G1 X127.773 Y110.843 E.05792
G1 X127.773 Y111.349 F9000
G1 F1800
G1 X129.224 Y112.799 E.05792
G1 X129.224 Y113.305 F9000
G1 F1800
G1 X127.773 Y111.854 E.05792
G1 X127.773 Y112.359 F9000
G1 F1800
G1 X129.224 Y113.81 E.05792
G1 X129.224 Y114.316 F9000
G1 F1800
G1 X127.773 Y112.865 E.05792
G1 X127.773 Y113.37 F9000
G1 F1800
G1 X129.224 Y114.821 E.05792
G1 X129.224 Y115.326 F9000
G1 F1800
G1 X127.773 Y113.875 E.05792
G1 X127.773 Y114.381 F9000
G1 F1800
G1 X129.224 Y115.832 E.05792
G1 X129.224 Y116.337 F9000
G1 F1800
G1 X127.773 Y114.886 E.05792
G1 X127.773 Y115.391 F9000
G1 F1800
G1 X129.224 Y116.842 E.05792
G1 X129.224 Y117.348 F9000
G1 F1800
G1 X127.773 Y115.897 E.05792
G1 X127.773 Y116.402 F9000
G1 F1800
G1 X129.224 Y117.853 E.05792
G1 X129.224 Y118.358 F9000
G1 F1800
G1 X127.773 Y116.907 E.05792
G1 X127.773 Y117.413 F9000
G1 F1800
G1 X129.224 Y118.864 E.05792
G1 X129.224 Y119.369 F9000
G1 F1800
G1 X127.773 Y117.918 E.05792
G1 X127.773 Y118.423 F9000
G1 F1800
G1 X129.224 Y119.874 E.05792
G1 X129.224 Y120.38 F9000
G1 F1800
G1 X127.773 Y118.929 E.05792
G1 X127.773 Y119.434 F9000
M73 P85 R6
G1 F1800
G1 X129.224 Y120.885 E.05792
G1 X129.224 Y121.39 F9000
G1 F1800
G1 X127.773 Y119.939 E.05792
G1 X127.773 Y120.445 F9000
G1 F1800
G1 X129.224 Y121.896 E.05792
G1 X129.224 Y122.401 F9000
G1 F1800
G1 X127.773 Y120.95 E.05792
G1 X127.773 Y121.455 F9000
G1 F1800
G1 X129.224 Y122.906 E.05792
G1 X129.224 Y123.412 F9000
G1 F1800
G1 X127.773 Y121.961 E.05792
G1 X127.773 Y122.466 F9000
G1 F1800
G1 X129.224 Y123.917 E.05792
G1 X129.224 Y124.422 F9000
G1 F1800
G1 X127.773 Y122.971 E.05792
G1 X127.773 Y123.477 F9000
G1 F1800
G1 X129.224 Y124.928 E.05792
G1 X129.224 Y125.433 F9000
G1 F1800
G1 X127.773 Y123.982 E.05792
G1 X127.773 Y124.487 F9000
G1 F1800
G1 X129.224 Y125.938 E.05792
G1 X129.224 Y126.444 F9000
G1 F1800
G1 X127.773 Y124.993 E.05792
G1 X127.773 Y125.498 F9000
G1 F1800
G1 X129.224 Y126.949 E.05792
G1 X129.224 Y127.454 F9000
G1 F1800
G1 X127.773 Y126.004 E.05792
G1 X127.773 Y126.509 F9000
G1 F1800
G1 X129.224 Y127.96 E.05792
G1 X129.224 Y128.465 F9000
G1 F1800
G1 X127.773 Y127.014 E.05792
G1 X127.773 Y127.52 F9000
G1 F1800
G1 X129.224 Y128.971 E.05792
G1 X129.224 Y129.476 F9000
G1 F1800
G1 X127.773 Y128.025 E.05792
G1 X127.773 Y128.53 F9000
G1 F1800
G1 X129.224 Y129.981 E.05792
G1 X129.224 Y130.487 F9000
G1 F1800
G1 X127.773 Y129.036 E.05792
G1 X127.773 Y129.541 F9000
G1 F1800
G1 X129.224 Y130.992 E.05792
G1 X129.224 Y131.497 F9000
G1 F1800
G1 X127.773 Y130.046 E.05792
G1 X127.773 Y130.552 F9000
G1 F1800
G1 X129.224 Y132.003 E.05792
G1 X129.224 Y132.508 F9000
G1 F1800
G1 X127.773 Y131.057 E.05792
G1 X127.773 Y131.562 F9000
G1 F1800
G1 X129.224 Y133.013 E.05792
G1 X129.224 Y133.519 F9000
G1 F1800
G1 X127.773 Y132.068 E.05792
G1 X127.773 Y132.573 F9000
G1 F1800
G1 X129.224 Y134.024 E.05792
G1 X129.224 Y134.529 F9000
G1 F1800
G1 X127.773 Y133.078 E.05792
G1 X127.773 Y133.584 F9000
G1 F1800
G1 X129.224 Y135.035 E.05792
G1 X129.224 Y135.54 F9000
G1 F1800
G1 X127.773 Y134.089 E.05792
G1 X127.773 Y134.594 F9000
G1 F1800
G1 X129.224 Y136.045 E.05792
G1 X129.224 Y136.551 F9000
G1 F1800
G1 X127.773 Y135.1 E.05792
G1 X127.773 Y135.605 F9000
G1 F1800
G1 X129.224 Y137.056 E.05792
G1 X129.224 Y137.561 F9000
G1 F1800
G1 X127.773 Y136.11 E.05792
G1 X127.773 Y136.616 F9000
G1 F1800
G1 X129.224 Y138.067 E.05792
G1 X129.224 Y138.572 F9000
G1 F1800
G1 X127.773 Y137.121 E.05792
G1 X127.773 Y137.626 F9000
G1 F1800
G1 X129.224 Y139.077 E.05792
G1 X129.224 Y139.583 F9000
G1 F1800
G1 X127.773 Y138.132 E.05792
G1 X127.773 Y138.637 F9000
G1 F1800
G1 X129.224 Y140.088 E.05792
G1 X129.224 Y140.593 F9000
G1 F1800
G1 X127.773 Y139.143 E.05792
G1 X127.773 Y139.648 F9000
G1 F1800
G1 X129.224 Y141.099 E.05792
G1 X129.224 Y141.604 F9000
G1 F1800
G1 X127.677 Y140.057 E.06174
G1 X127.434 Y140.32 F9000
G1 F1800
G1 X129.224 Y142.109 E.07145
G1 X129.224 Y142.615 F9000
G1 F1800
G1 X127.378 Y140.769 E.0737
G1 X127.411 Y141.307 F9000
G1 F1800
G1 X129.224 Y143.12 E.07239
G1 X129.208 Y143.61 F9000
G1 F1800
G1 X127.623 Y142.024 E.0633
G1 X127.665 Y142.572 F9000
G1 F1800
G1 X129.16 Y144.067 E.05969
G1 X129.053 Y144.466 F9000
G1 F1800
G1 X127.617 Y143.029 E.05734
G1 X127.498 Y143.415 F9000
G1 F1800
G1 X128.924 Y144.841 E.05692
G1 X128.739 Y145.161 F9000
G1 F1800
G1 X127.365 Y143.788 E.05481
G1 X127.209 Y144.137 F9000
G1 F1800
G1 X128.538 Y145.467 E.05308
G1 X128.299 Y145.733 F9000
G1 F1800
G1 X126.998 Y144.432 E.05193
G1 X126.723 Y144.662 F9000
G1 F1800
G1 X128.038 Y145.977 E.05251
G1 X127.746 Y146.19 F9000
G1 F1800
G1 X126.372 Y144.816 E.05484
G1 X126.015 Y144.965 F9000
G1 F1800
G1 X127.423 Y146.372 E.05618
G1 X127.073 Y146.528 F9000
G1 F1800
G1 X125.629 Y145.084 E.05764
G1 X125.197 Y145.157 F9000
G1 F1800
G1 X126.671 Y146.631 E.05884
G1 X126.245 Y146.71 F9000
G1 F1800
G1 X124.673 Y145.138 E.06275
G1 X123.999 Y144.97 F9000
G1 F1800
G1 X125.753 Y146.724 E.07004
G1 X125.248 Y146.724 F9000
G1 F1800
G1 X123.401 Y144.877 E.07372
G1 X122.896 Y144.877 F9000
G1 F1800
G1 X124.743 Y146.724 E.07373
G1 X124.237 Y146.724 F9000
G1 F1800
G1 X122.633 Y145.12 E.06403
G1 X122.275 Y145.267 F9000
G1 F1800
G1 X123.732 Y146.724 E.05816
G1 X123.226 Y146.724 F9000
G1 F1800
G1 X121.776 Y145.273 E.05792
G1 X121.27 Y145.273 F9000
G1 F1800
G1 X122.721 Y146.724 E.05792
G1 X122.216 Y146.724 F9000
G1 F1800
G1 X120.765 Y145.273 E.05792
G1 X120.259 Y145.273 F9000
G1 F1800
G1 X121.71 Y146.724 E.05792
G1 X121.205 Y146.724 F9000
G1 F1800
G1 X119.754 Y145.273 E.05792
G1 X119.249 Y145.273 F9000
G1 F1800
G1 X120.7 Y146.724 E.05792
G1 X120.194 Y146.724 F9000
G1 F1800
G1 X118.743 Y145.273 E.05792
G1 X118.238 Y145.273 F9000
G1 F1800
G1 X119.689 Y146.724 E.05792
G1 X119.184 Y146.724 F9000
G1 F1800
G1 X117.733 Y145.273 E.05792
G1 X117.227 Y145.273 F9000
G1 F1800
G1 X118.678 Y146.724 E.05792
G1 X118.173 Y146.724 F9000
G1 F1800
G1 X116.722 Y145.273 E.05792
G1 X116.217 Y145.273 F9000
G1 F1800
G1 X117.668 Y146.724 E.05792
G1 X117.162 Y146.724 F9000
G1 F1800
G1 X115.711 Y145.273 E.05792
G1 X115.206 Y145.273 F9000
G1 F1800
G1 X116.657 Y146.724 E.05792
G1 X116.152 Y146.724 F9000
G1 F1800
G1 X114.701 Y145.273 E.05792
G1 X114.195 Y145.273 F9000
G1 F1800
G1 X115.646 Y146.724 E.05792
G1 X115.141 Y146.724 F9000
G1 F1800
G1 X113.69 Y145.273 E.05792
G1 X113.185 Y145.273 F9000
G1 F1800
G1 X114.636 Y146.724 E.05792
G1 X114.13 Y146.724 F9000
G1 F1800
G1 X112.679 Y145.273 E.05792
G1 X112.174 Y145.273 F9000
G1 F1800
G1 X113.625 Y146.724 E.05792
G1 X113.12 Y146.724 F9000
G1 F1800
G1 X111.669 Y145.273 E.05792
G1 X111.163 Y145.273 F9000
G1 F1800
G1 X112.614 Y146.724 E.05792
G1 X112.109 Y146.724 F9000
G1 F1800
G1 X110.658 Y145.273 E.05792
G1 X110.153 Y145.273 F9000
G1 F1800
G1 X111.604 Y146.724 E.05792
G1 X111.098 Y146.724 F9000
G1 F1800
G1 X109.647 Y145.273 E.05792
G1 X109.142 Y145.273 F9000
G1 F1800
G1 X110.593 Y146.724 E.05792
G1 X110.087 Y146.724 F9000
G1 F1800
G1 X108.637 Y145.273 E.05792
G1 X108.131 Y145.273 F9000
G1 F1800
G1 X109.582 Y146.724 E.05792
G1 X109.077 Y146.724 F9000
G1 F1800
G1 X107.626 Y145.273 E.05792
G1 X107.121 Y145.273 F9000
G1 F1800
G1 X108.571 Y146.724 E.05792
G1 X108.066 Y146.724 F9000
G1 F1800
G1 X106.615 Y145.273 E.05792
G1 X106.11 Y145.273 F9000
G1 F1800
G1 X107.561 Y146.724 E.05792
G1 X107.055 Y146.724 F9000
G1 F1800
G1 X105.604 Y145.273 E.05792
G1 X105.099 Y145.273 F9000
G1 F1800
G1 X106.55 Y146.724 E.05792
G1 X106.045 Y146.724 F9000
G1 F1800
G1 X104.594 Y145.273 E.05792
G1 X104.088 Y145.273 F9000
G1 F1800
G1 X105.539 Y146.724 E.05792
G1 X105.034 Y146.724 F9000
G1 F1800
G1 X103.583 Y145.273 E.05792
G1 X103.078 Y145.273 F9000
G1 F1800
G1 X104.529 Y146.724 E.05792
G1 X104.023 Y146.724 F9000
G1 F1800
G1 X102.572 Y145.273 E.05792
G1 X102.067 Y145.273 F9000
G1 F1800
G1 X103.518 Y146.724 E.05792
G1 X103.013 Y146.724 F9000
G1 F1800
G1 X101.562 Y145.273 E.05792
G1 X101.056 Y145.273 F9000
G1 F1800
G1 X102.507 Y146.724 E.05792
G1 X102.002 Y146.724 F9000
G1 F1800
G1 X100.551 Y145.273 E.05792
G1 X100.046 Y145.273 F9000
G1 F1800
G1 X101.497 Y146.724 E.05792
G1 X100.991 Y146.724 F9000
G1 F1800
G1 X99.54 Y145.273 E.05792
G1 X99.035 Y145.273 F9000
G1 F1800
G1 X100.486 Y146.724 E.05792
G1 X99.981 Y146.724 F9000
G1 F1800
G1 X98.53 Y145.273 E.05792
G1 X98.024 Y145.273 F9000
G1 F1800
G1 X99.475 Y146.724 E.05792
G1 X98.97 Y146.724 F9000
G1 F1800
G1 X97.123 Y144.877 E.07372
G1 X96.618 Y144.878 F9000
G1 F1800
G1 X98.465 Y146.724 E.07369
G1 X97.959 Y146.724 F9000
G1 F1800
G1 X96.155 Y144.92 E.07204
G1 X95.773 Y145.044 F9000
G1 F1800
G1 X97.454 Y146.724 E.06709
G1 X96.949 Y146.724 F9000
G1 F1800
G1 X95.359 Y145.135 E.06344
G1 X94.879 Y145.16 F9000
G1 F1800
G1 X96.443 Y146.724 E.06244
G1 X95.938 Y146.724 F9000
G1 F1800
G1 X94.272 Y145.058 E.0665
G1 X93.483 Y144.774 F9000
G1 F1800
G1 X95.432 Y146.724 E.07784
G1 X94.927 Y146.724 F9000
G1 F1800
G1 X90.776 Y142.573 E.16571
G1 X90.776 Y143.078 F9000
G1 F1800
G1 X94.422 Y146.724 E.14554
G1 X93.902 Y146.71 F9000
G1 F1800
G1 X90.782 Y143.589 E.12456
G1 X90.872 Y144.185 F9000
G1 F1800
G1 X93.337 Y146.65 E.09843
; stop printing object Remote75T.stl id:0 copy 0
M106 S145
;LAYER_CHANGE
;Z:5.2
;HEIGHT:0.2
;BEFORE_LAYER_CHANGE
;5.2
G92 E0

G1 E-2.8 F3600
;WIPE_START
G1 F1800
G1 X92.63 Y145.943 E-1.2
;WIPE_END
;_SET_FAN_SPEED_CHANGING_LAYER
; printing object Remote75T.stl id:0 copy 0
G1 Z5.6 F9000
G1 X123.578 Y79.962 Z5.6
G1 Z5.2
G1 E4 F2400
;TYPE:Inner wall
;WIDTH:0.449999
G1 X123.098 Y79.613 E.01911
G1 X122.7 Y79.171 E.01913
G1 X122.403 Y78.656 E.0191
G1 X122.219 Y78.091 E.01911
G1 X122.157 Y77.5 E.01911
G1 X122.219 Y76.908 E.01913
G1 X122.403 Y76.344 E.01909
G1 X122.739 Y75.763 E.02159
G1 X122.82 Y75.498 E.00892
G1 X122.311 Y74.954 E.02396
G1 X123.401 Y74.954 E.03507
G1 X123.78 Y74.924 E.01222
G1 X124.362 Y74.734 E.01967
G1 X124.871 Y74.673 E.01651
G1 X125.298 Y74.688 E.01372
G1 X125.769 Y74.777 E.01543
G1 X126.271 Y74.945 E.01703
G1 X126.792 Y75.185 E.01843
G1 X127.085 Y75.412 E.01193
G1 X127.397 Y75.86 E.01754
G1 X127.588 Y76.315 E.01587
G1 X127.788 Y76.972 E.02208
G1 X127.838 Y77.453 E.01556
G1 X127.8 Y77.905 E.01457
G1 X127.546 Y78.909 E.03331
G1 X127.546 Y80.189 E.04118
G1 X127.003 Y79.68 E.02396
G1 X126.737 Y79.761 E.00892
G1 X126.197 Y80.074 E.02007
G1 X125.769 Y80.223 E.01456
G1 X125.311 Y80.314 E.01502
G1 X124.71 Y80.329 E.01933
G1 X124.121 Y80.204 E.01936
G1 X123.615 Y79.978 E.01783
G1 E-2.8 F3600
;WIPE_START
G1 F2400
G1 X123.098 Y79.613 E-.76022
G1 X122.852 Y79.34 E-.43978
;WIPE_END
G1 Z5.6 F9000
G1 X125.962 Y75.823 Z5.6
G1 Z5.2
G1 E4 F2400
G1 X126.117 Y75.906 E.00562
G1 X126.377 Y76.121 E.01086
G1 X126.615 Y76.405 E.01194
G1 X126.817 Y76.795 E.0141
G1 X126.943 Y77.297 E.01664
G1 X126.933 Y77.767 E.01513
G1 X126.835 Y78.163 E.01312
G1 X126.605 Y78.603 E.01596
G1 X126.383 Y78.872 E.01121
G1 X125.977 Y79.192 E.01662
G1 X125.542 Y79.375 E.01519
G1 X125.072 Y79.446 E.01528
G1 X124.733 Y79.433 E.01093
G1 X124.337 Y79.335 E.01312
G1 X123.97 Y79.157 E.01312
G1 X123.647 Y78.907 E.01312
G1 X123.385 Y78.595 E.01312
G1 X123.183 Y78.205 E.0141
G1 X123.057 Y77.704 E.01662
G1 X123.067 Y77.233 E.01516
G1 X123.165 Y76.837 E.01312
G1 X123.343 Y76.47 E.01312
G1 X123.593 Y76.147 E.01312
G1 X123.905 Y75.885 E.01312
G1 X124.308 Y75.68 E.01452
G1 X124.844 Y75.554 E.0177
G1 X125.268 Y75.567 E.01363
G1 X125.663 Y75.665 E.01311
G1 X125.927 Y75.805 E.0096
G1 X125.771 Y76.185 F9000
;TYPE:Outer wall
G1 F2400
G1 X126.059 Y76.407 E.0117
G1 X126.244 Y76.619 E.00906
G1 X126.403 Y76.906 E.01053
G1 X126.518 Y77.36 E.01506
G1 X126.485 Y77.815 E.01469
G1 X126.328 Y78.249 E.01484
G1 X126.114 Y78.539 E.01159
G1 X125.746 Y78.83 E.01507
G1 X125.31 Y78.986 E.01488
G1 X124.843 Y79.017 E.01506
G1 X124.511 Y78.944 E.01093
G1 X124.221 Y78.811 E.01025
G1 X123.966 Y78.62 E.01025
G1 X123.756 Y78.381 E.01025
G1 X123.597 Y78.094 E.01053
G1 X123.482 Y77.64 E.01506
G1 X123.515 Y77.184 E.01471
G1 X123.679 Y76.737 E.0153
G1 X123.88 Y76.466 E.01085
G1 X124.119 Y76.256 E.01025
G1 X124.41 Y76.096 E.01066
G1 X124.907 Y75.98 E.01641
G1 X125.315 Y76.015 E.01316
G1 X125.734 Y76.17 E.01436
G1 E-2.8 F3600
;WIPE_START
G1 F2400
G1 X126.059 Y76.407 E-.48299
G1 X126.244 Y76.619 E-.33828
G1 X126.397 Y76.896 E-.37873
;WIPE_END
G1 Z5.6 F9000
G1 X97.843 Y77.5 Z5.6
G1 Z5.2
G1 E4 F2400
;TYPE:Inner wall
G1 X97.786 Y78.044 E.0176
G1 X97.655 Y78.478 E.01457
G1 X97.459 Y78.902 E.01502
G1 X97.118 Y79.397 E.01933
G1 X96.671 Y79.8 E.01936
G1 X96.156 Y80.097 E.01911
G1 X95.591 Y80.281 E.01911
G1 X95 Y80.343 E.01911
G1 X94.409 Y80.281 E.01911
G1 X93.844 Y80.097 E.0191
G1 X93.263 Y79.761 E.02159
G1 X93 Y79.681 E.00884
G1 X92.454 Y80.19 E.02402
G1 X92.454 Y79.094 E.03524
G1 X92.424 Y78.72 E.01206
G1 X92.219 Y78.091 E.02127
G1 X92.157 Y77.5 E.01911
G1 X92.214 Y76.956 E.0176
G1 X92.345 Y76.522 E.01457
G1 X92.6 Y75.865 E.02268
G1 X92.915 Y75.412 E.01772
G1 X93.264 Y75.153 E.01398
G1 X93.8 Y74.917 E.01884
G1 X94.381 Y74.731 E.01959
G1 X94.87 Y74.67 E.01587
G1 X95.405 Y74.7 E.01722
G1 X96.409 Y74.954 E.0333
G1 X97.607 Y74.954 E.03854
G1 X97.18 Y75.497 E.02224
G1 X97.261 Y75.763 E.00892
G1 X97.597 Y76.344 E.02159
G1 X97.781 Y76.909 E.0191
G1 X97.839 Y77.46 E.01783
G1 E-2.8 F3600
;WIPE_START
G1 F2400
G1 X97.786 Y78.044 E-.70387
G1 X97.667 Y78.44 E-.49613
;WIPE_END
G1 Z5.6 F9000
G1 X93.117 Y77.975 Z5.6
G1 Z5.2
G1 E4 F2400
G1 X93.054 Y77.64 E.01096
G1 X93.067 Y77.233 E.01312
G1 X93.165 Y76.837 E.01312
G1 X93.389 Y76.406 E.01559
G1 X93.723 Y76.03 E.01619
G1 X94.148 Y75.744 E.01648
G1 X94.759 Y75.569 E.02044
G1 X95.268 Y75.567 E.01634
G1 X95.663 Y75.665 E.01311
G1 X96.103 Y75.895 E.01596
G1 X96.372 Y76.117 E.0112
G1 X96.692 Y76.523 E.01662
G1 X96.875 Y76.958 E.01519
G1 X96.946 Y77.36 E.01312
G1 X96.933 Y77.767 E.01312
G1 X96.835 Y78.163 E.01312
G1 X96.617 Y78.586 E.01528
G1 X96.407 Y78.853 E.01093
G1 X96.068 Y79.13 E.01408
G1 X95.604 Y79.358 E.01664
G1 X95.14 Y79.446 E.01517
G1 X94.733 Y79.433 E.01312
G1 X94.337 Y79.335 E.01312
G1 X93.97 Y79.157 E.01312
G1 X93.628 Y78.883 E.01408
G1 X93.382 Y78.58 E.01257
G1 X93.142 Y78.104 E.01714
G1 X93.125 Y78.014 E.00293
G1 X93.537 Y77.895 F9000
;TYPE:Outer wall
G1 F2400
G1 X93.482 Y77.5 E.01283
G1 X93.549 Y77.029 E.01531
G1 X93.735 Y76.658 E.01333
G1 X94.01 Y76.349 E.01331
G1 X94.398 Y76.1 E.01483
G1 X94.886 Y75.981 E.01616
G1 X95.315 Y76.015 E.01384
G1 X95.749 Y76.172 E.01484
G1 X96.039 Y76.386 E.01159
G1 X96.33 Y76.754 E.01507
G1 X96.485 Y77.184 E.0147
G1 X96.517 Y77.659 E.01531
G1 X96.384 Y78.122 E.01548
G1 X96.135 Y78.519 E.01506
G1 X95.873 Y78.748 E.01119
G1 X95.453 Y78.956 E.01507
G1 X95 Y79.018 E.0147
G1 X94.529 Y78.951 E.01531
G1 X94.221 Y78.811 E.01086
G1 X93.961 Y78.614 E.01051
G1 X93.715 Y78.31 E.01257
G1 X93.544 Y77.953 E.01272
G1 X93.542 Y77.935 E.00058
G1 E-2.8 F3600
;WIPE_START
G1 F2400
G1 X93.482 Y77.5 E-.52696
G1 X93.549 Y77.029 E-.57133
G1 X93.587 Y76.953 E-.1017
;WIPE_END
G1 Z5.6 F9000
G1 X96.022 Y139.86 Z5.6
G1 Z5.2
G1 E4 F2400
;TYPE:Inner wall
G1 X96.548 Y140.13 E.01903
G1 X97.006 Y140.499 E.0189
G1 X97.394 Y140.977 E.01981
G1 X97.64 Y141.478 E.01795
G1 X97.795 Y142.049 E.01903
G1 X97.827 Y142.64 E.01903
G1 X97.736 Y143.225 E.01903
G1 X97.526 Y143.778 E.01903
G1 X97.278 Y144.21 E.01603
G1 X97.18 Y144.502 E.0099
G1 X97.69 Y145.046 E.02396
G1 X96.599 Y145.046 E.03507
G1 X96.22 Y145.076 E.01222
G1 X95.636 Y145.266 E.01975
G1 X95.132 Y145.329 E.01633
G1 X94.62 Y145.303 E.01649
G1 X94.26 Y145.232 E.0118
G1 X93.756 Y145.065 E.01707
G1 X93.23 Y144.827 E.01856
G1 X92.908 Y144.58 E.01305
G1 X92.6 Y144.136 E.01739
G1 X92.416 Y143.699 E.01525
G1 X92.219 Y143.091 E.02054
G1 X92.162 Y142.547 E.0176
G1 X92.2 Y142.095 E.01457
G1 X92.454 Y141.091 E.03331
G1 X92.454 Y139.893 E.03854
G1 X92.997 Y140.32 E.02224
G1 X93.263 Y140.239 E.00892
G1 X93.844 Y139.903 E.02159
G1 X94.412 Y139.718 E.01921
G1 X94.939 Y139.662 E.01706
G1 X95.451 Y139.705 E.01651
G1 X95.983 Y139.849 E.01774
G1 E-2.8 F3600
;WIPE_START
G1 F2400
G1 X96.548 Y140.13 E-.75719
G1 X96.836 Y140.362 E-.44281
;WIPE_END
G1 Z5.6 F9000
G1 X93.069 Y142.644 Z5.6
G1 Z5.2
G1 E4 F2400
G1 X93.054 Y142.5 E.00466
G1 X93.096 Y142.095 E.01308
G1 X93.165 Y141.837 E.00861
G1 X93.395 Y141.397 E.01596
G1 X93.593 Y141.147 E.01024
G1 X93.793 Y140.968 E.00864
G1 X94.265 Y140.692 E.01758
G1 X94.759 Y140.569 E.01638
G1 X95.268 Y140.567 E.01634
G1 X95.663 Y140.665 E.01311
G1 X96.03 Y140.843 E.01312
G1 X96.353 Y141.093 E.01312
G1 X96.63 Y141.432 E.01408
G1 X96.858 Y141.896 E.01663
G1 X96.946 Y142.36 E.01517
G1 X96.933 Y142.767 E.01312
G1 X96.835 Y143.163 E.01312
G1 X96.657 Y143.53 E.01312
G1 X96.407 Y143.853 E.01312
G1 X96.095 Y144.115 E.01312
G1 X95.704 Y144.317 E.01414
G1 X95.204 Y144.443 E.01658
G1 X94.689 Y144.424 E.01658
G1 X94.166 Y144.265 E.01758
M73 P86 R6
G1 X93.725 Y143.971 E.01704
G1 X93.508 Y143.758 E.00979
G1 X93.253 Y143.362 E.01514
G1 X93.096 Y142.905 E.01554
G1 X93.073 Y142.684 E.00714
G1 X93.496 Y142.599 F9000
;TYPE:Outer wall
G1 F2400
G1 X93.482 Y142.5 E.00322
G1 X93.549 Y142.029 E.01531
G1 X93.742 Y141.649 E.01369
G1 X93.88 Y141.466 E.00737
G1 X94.08 Y141.286 E.00864
G1 X94.41 Y141.096 E.01226
G1 X94.907 Y140.98 E.01641
G1 X95.178 Y140.986 E.00873
G1 X95.489 Y141.056 E.01024
G1 X95.779 Y141.189 E.01025
G1 X96.034 Y141.38 E.01025
G1 X96.281 Y141.692 E.0128
G1 X96.456 Y142.047 E.01271
G1 X96.518 Y142.36 E.01025
G1 X96.514 Y142.678 E.01025
G1 X96.444 Y142.989 E.01025
G1 X96.311 Y143.279 E.01025
G1 X96.12 Y143.534 E.01025
G1 X95.881 Y143.744 E.01025
G1 X95.593 Y143.903 E.01055
G1 X95.131 Y144.017 E.01532
G1 X94.664 Y143.987 E.01503
G1 X94.363 Y143.885 E.01025
G1 X94.012 Y143.653 E.01353
G1 X93.689 Y143.279 E.01588
G1 X93.544 Y142.953 E.01146
G1 X93.501 Y142.639 E.01019
G1 E-2.8 F3600
;WIPE_START
G1 F2400
G1 X93.482 Y142.5 E-.16831
G1 X93.549 Y142.029 E-.57138
G1 X93.723 Y141.687 E-.46031
;WIPE_END
G1 Z5.6 F9000
G1 X125.065 Y139.676 Z5.6
G1 Z5.2
G1 E4 F2400
;TYPE:Inner wall
G1 X125.151 Y139.673 E.00278
G1 X125.725 Y139.764 E.01869
G1 X126.278 Y139.974 E.01903
G1 X126.71 Y140.222 E.01602
G1 X127.002 Y140.32 E.0099
G1 X127.546 Y139.893 E.02224
G1 X127.546 Y141.091 E.03854
G1 X127.795 Y142.04 E.03153
G1 X127.838 Y142.547 E.01636
G1 X127.766 Y143.136 E.01909
G1 X127.565 Y143.744 E.02059
G1 X127.347 Y144.236 E.0173
G1 X127.096 Y144.576 E.0136
G1 X126.837 Y144.789 E.01079
G1 X126.475 Y144.955 E.0128
G1 X125.997 Y145.155 E.01664
G1 X125.452 Y145.295 E.01812
G1 X125.087 Y145.327 E.01177
G1 X124.574 Y145.3 E.01652
G1 X123.591 Y145.046 E.03265
G1 X122.393 Y145.046 E.03854
G1 X122.82 Y144.502 E.02224
G1 X122.739 Y144.237 E.00892
G1 X122.403 Y143.656 E.02159
G1 X122.219 Y143.091 E.0191
G1 X122.157 Y142.5 E.01911
G1 X122.219 Y141.909 E.01911
G1 X122.403 Y141.344 E.01911
G1 X122.7 Y140.829 E.01913
G1 X123.098 Y140.387 E.0191
G1 X123.578 Y140.038 E.01911
G1 X124.078 Y139.815 E.01759
G1 X124.594 Y139.696 E.01702
G1 X125.025 Y139.678 E.01388
G1 E-2.8 F3600
;WIPE_START
G1 F2400
G1 X125.151 Y139.673 E-.15159
G1 X125.725 Y139.764 E-.69743
G1 X125.999 Y139.868 E-.35097
;WIPE_END
G1 Z5.6 F9000
G1 X126.714 Y143.411 Z5.6
G1 Z5.2
G1 E4 F2400
G1 X126.47 Y143.777 E.01415
G1 X126.248 Y143.999 E.01009
G1 X125.92 Y144.221 E.01275
G1 X125.542 Y144.375 E.01312
G1 X125.11 Y144.445 E.01408
G1 X124.594 Y144.411 E.01664
G1 X124.148 Y144.256 E.01517
G1 X123.791 Y144.031 E.01358
G1 X123.498 Y143.744 E.01319
G1 X123.279 Y143.42 E.01257
G1 X123.125 Y143.042 E.01312
G1 X123.054 Y142.64 E.01312
G1 X123.067 Y142.233 E.01312
G1 X123.165 Y141.837 E.01312
G1 X123.426 Y141.356 E.0176
G1 X123.698 Y141.054 E.01307
G1 X124.027 Y140.814 E.01309
G1 X124.369 Y140.665 E.01201
G1 X124.905 Y140.551 E.01762
G1 X125.268 Y140.567 E.01166
G1 X125.663 Y140.665 E.01311
G1 X126.03 Y140.843 E.01312
G1 X126.353 Y141.093 E.01312
G1 X126.615 Y141.405 E.01312
G1 X126.816 Y141.794 E.01408
G1 X126.943 Y142.296 E.01664
G1 X126.926 Y142.798 E.01615
G1 X126.766 Y143.333 E.01795
G1 X126.736 Y143.378 E.00174
G1 X126.36 Y143.174 F9000
;TYPE:Outer wall
G1 F2400
G1 X126.151 Y143.49 E.01217
G1 X125.779 Y143.811 E.01581
G1 X125.453 Y143.956 E.01146
G1 X125.132 Y144.017 E.01051
G1 X124.664 Y143.987 E.01507
G1 X124.363 Y143.885 E.01025
G1 X124.078 Y143.712 E.01071
G1 X123.844 Y143.492 E.01032
G1 X123.613 Y143.117 E.01417
G1 X123.483 Y142.659 E.01529
G1 X123.515 Y142.184 E.01531
G1 X123.613 Y141.883 E.0102
G1 X123.867 Y141.479 E.01531
G1 X124.241 Y141.185 E.01531
G1 X124.472 Y141.081 E.00814
G1 X124.907 Y140.98 E.01438
G1 X125.178 Y140.986 E.00873
G1 X125.489 Y141.056 E.01024
G1 X125.779 Y141.189 E.01025
G1 X126.034 Y141.38 E.01025
G1 X126.244 Y141.619 E.01025
G1 X126.402 Y141.905 E.01051
G1 X126.518 Y142.36 E.01507
G1 X126.489 Y142.77 E.01322
G1 X126.385 Y143.138 E.0123
G1 X126.382 Y143.141 E.00013
G1 E-2.8 F3600
;WIPE_START
G1 F2400
G1 X126.151 Y143.49 E-.50218
G1 X125.779 Y143.811 E-.58995
G1 X125.696 Y143.847 E-.10787
;WIPE_END
G1 Z5.6 F9000
G1 X122.392 Y75.469 Z5.6
G1 Z5.2
G1 E4 F2400
G1 X122.126 Y75.966 E.01814
G1 X121.937 Y76.389 E.01489
G1 X121.788 Y76.91 E.01742
G1 X121.726 Y77.5 E.01907
G1 X121.798 Y78.181 E.02201
G1 X122.009 Y78.832 E.02201
G1 X122.351 Y79.424 E.02199
G1 X122.809 Y79.933 E.02203
G1 X123.363 Y80.335 E.02201
G1 X123.988 Y80.614 E.02201
G1 X124.66 Y80.756 E.02207
G1 X125.173 Y80.761 E.0165
G1 X125.68 Y80.703 E.01641
G1 X126.332 Y80.491 E.02204
G1 X126.952 Y80.132 E.02304
G1 X127.031 Y80.108 E.00266
;WIDTH:0.4875
G1 X127.098 Y80.153 E.00285
;WIDTH:0.525
G1 X127.165 Y80.199 E.00309
;WIDTH:0.5625
G1 X127.233 Y80.244 E.00333
;WIDTH:0.6
G1 X127.3 Y80.29 E.00357
G1 X127.3 Y139.71 E2.61482
;WIDTH:0.60422
G1 X127.298 Y139.755 E.00199
G1 X127.221 Y139.787 E.00371
;WIDTH:0.565665
G1 X127.144 Y139.82 E.00346
;WIDTH:0.52711
G1 X127.067 Y139.852 E.0032
;WIDTH:0.488555
G1 X126.989 Y139.884 E.00295
;WIDTH:0.449999
G1 X126.453 Y139.583 E.0198
G1 X125.922 Y139.367 E.01841
G1 X125.342 Y139.244 E.01906
G1 X124.658 Y139.244 E.02201
G1 X123.988 Y139.386 E.02201
G1 X123.363 Y139.665 E.02201
G1 X122.809 Y140.067 E.02201
G1 X122.352 Y140.575 E.02199
G1 X122.009 Y141.168 E.02203
G1 X121.798 Y141.819 E.02201
G1 X121.726 Y142.5 E.02201
G1 X121.798 Y143.181 E.02201
G1 X122.009 Y143.832 E.02201
G1 X122.369 Y144.454 E.02313
G1 X122.392 Y144.531 E.00257
;WIDTH:0.4875
G1 X122.358 Y144.598 E.00265
;WIDTH:0.525
G1 X122.323 Y144.665 E.00288
;WIDTH:0.5625
G1 X122.289 Y144.733 E.0031
;WIDTH:0.6
G1 X122.254 Y144.8 E.00333
G1 X97.79 Y144.8 E1.07657
G1 X97.744 Y144.733 E.00357
;WIDTH:0.5625
G1 X97.699 Y144.665 E.00333
;WIDTH:0.525
G1 X97.653 Y144.598 E.00309
;WIDTH:0.4875
G1 X97.608 Y144.531 E.00285
;WIDTH:0.449999
G1 X97.861 Y144.079 E.01667
G1 X98.114 Y143.512 E.01995
G1 X98.256 Y142.842 E.02201
G1 X98.256 Y142.158 E.02201
G1 X98.114 Y141.488 E.02201
G1 X97.835 Y140.861 E.02207
G1 X97.537 Y140.443 E.0165
G1 X97.191 Y140.068 E.01642
G1 X96.637 Y139.665 E.02204
G1 X96.012 Y139.386 E.02201
G1 X95.54 Y139.286 E.01551
G1 X94.951 Y139.233 E.01902
G1 X94.408 Y139.287 E.01755
G1 X93.86 Y139.447 E.01834
G1 X93.493 Y139.611 E.01293
G1 X93.048 Y139.868 E.01652
G1 X92.969 Y139.892 E.00266
;WIDTH:0.4875
G1 X92.902 Y139.858 E.00265
;WIDTH:0.525
G1 X92.835 Y139.823 E.00288
;WIDTH:0.5625
G1 X92.767 Y139.789 E.0031
;WIDTH:0.6
G1 X92.7 Y139.754 E.00333
G1 X92.7 Y80.29 E2.61675
G1 X92.775 Y80.246 E.00385
;WIDTH:0.5625
G1 X92.851 Y80.201 E.00359
;WIDTH:0.525
G1 X92.926 Y80.157 E.00333
;WIDTH:0.4875
G1 X93.002 Y80.113 E.00307
;WIDTH:0.449999
G1 X93.466 Y80.374 E.01713
G1 X93.889 Y80.563 E.01489
G1 X94.411 Y80.712 E.01744
G1 X95 Y80.774 E.01905
G1 X95.681 Y80.702 E.02201
G1 X96.332 Y80.491 E.02201
G1 X96.924 Y80.149 E.02201
G1 X97.434 Y79.689 E.02207
G1 X97.74 Y79.277 E.0165
G1 X97.991 Y78.833 E.01641
G1 X98.202 Y78.181 E.02204
G1 X98.274 Y77.5 E.02201
G1 X98.202 Y76.819 E.02201
G1 X97.991 Y76.168 E.02201
G1 X97.632 Y75.548 E.02304
G1 X97.608 Y75.469 E.00266
;WIDTH:0.499999
G1 X97.654 Y75.379 E.00364
;WIDTH:0.549999
G1 X97.7 Y75.29 E.00404
;WIDTH:0.599998
G1 X97.746 Y75.2 E.00444
G1 X122.21 Y75.2 E1.07656
G1 X122.271 Y75.29 E.00476
;WIDTH:0.549999
G1 X122.331 Y75.379 E.00434
;WIDTH:0.499999
G1 X122.37 Y75.436 E.00246
G1 E-2.8 F3600
;WIPE_START
G1 F2400
G1 X122.126 Y75.966 E-.7005
G1 X121.956 Y76.347 E-.4995
;WIPE_END
G1 Z5.6 F9000
G1 X92.516 Y144.795 Z5.6
G1 Z5.2
G1 E4 F2400
;WIDTH:0.449999
G1 X92.241 Y144.369 E.01631
G1 X92.013 Y143.844 E.01838
G1 X91.798 Y143.181 E.02243
G1 X91.726 Y142.5 E.02201
G1 X91.798 Y141.819 E.02201
G1 X92.016 Y141.147 E.02272
G1 X92.025 Y140.901 E.00794
;WIDTH:0.488555
G1 X92.044 Y140.635 E.00938
;WIDTH:0.52711
G1 X92.063 Y140.369 E.0102
;WIDTH:0.565666
G1 X92.081 Y140.103 E.01101
;WIDTH:0.604221
G1 X92.1 Y139.837 E.01182
G1 X92.1 Y80.29 E2.64026
;WIDTH:0.6
G1 X92.077 Y79.924 E.0161
;WIDTH:0.5625
G1 X92.054 Y79.559 E.01502
;WIDTH:0.525
G1 X92.031 Y79.194 E.01393
;WIDTH:0.4875
G1 X92.008 Y78.829 E.01285
;WIDTH:0.449999
G1 X91.798 Y78.181 E.02192
G1 X91.726 Y77.5 E.02201
G1 X91.798 Y76.819 E.02201
G1 X92.004 Y76.183 E.02152
G1 X92.192 Y75.706 E.01648
G1 X92.471 Y75.278 E.01644
G1 X92.767 Y74.968 E.01378
G1 X93.145 Y74.727 E.01441
G1 X93.655 Y74.513 E.0178
G1 X94.337 Y74.295 E.02301
G1 X95 Y74.226 E.02144
G1 X95.681 Y74.298 E.02201
G1 X96.353 Y74.516 E.02272
G1 X96.599 Y74.525 E.00794
;WIDTH:0.488554
G1 X96.865 Y74.544 E.00938
;WIDTH:0.527109
G1 X97.131 Y74.563 E.0102
;WIDTH:0.565664
G1 X97.397 Y74.581 E.01101
;WIDTH:0.604219
G1 X97.663 Y74.6 E.01182
G1 X122.21 Y74.6 E1.0884
;WIDTH:0.599998
G1 X122.698 Y74.569 E.02149
;WIDTH:0.549999
G1 X123.185 Y74.539 E.01956
;WIDTH:0.499999
G1 X123.673 Y74.508 E.01763
;WIDTH:0.449999
G1 X124.319 Y74.298 E.02186
G1 X125.018 Y74.227 E.02258
G1 X125.59 Y74.288 E.0185
G1 X126.111 Y74.437 E.01743
G1 X126.638 Y74.63 E.01806
G1 X127.16 Y74.903 E.01895
G1 X127.53 Y75.279 E.01695
G1 X127.86 Y75.836 E.02084
G1 X128.07 Y76.415 E.01981
G1 X128.215 Y76.927 E.01711
G1 X128.274 Y77.5 E.0185
G1 X128.202 Y78.181 E.02201
G1 X127.984 Y78.853 E.02272
G1 X127.975 Y79.099 E.00793
;WIDTH:0.4875
G1 X127.956 Y79.397 E.01047
;WIDTH:0.525
G1 X127.938 Y79.694 E.01136
;WIDTH:0.5625
G1 X127.919 Y79.992 E.01224
;WIDTH:0.6
G1 X127.9 Y80.29 E.01312
G1 X127.9 Y139.837 E2.62041
G1 X127.924 Y140.173 E.01482
;WIDTH:0.5625
G1 X127.947 Y140.509 E.01382
;WIDTH:0.525
G1 X127.971 Y140.845 E.01282
;WIDTH:0.4875
G1 X127.995 Y141.181 E.01182
;WIDTH:0.449999
G1 X128.202 Y141.819 E.0216
G1 X128.274 Y142.5 E.02201
G1 X128.212 Y143.089 E.01904
G1 X128.053 Y143.64 E.01844
G1 X127.86 Y144.163 E.01795
G1 X127.646 Y144.576 E.01494
G1 X127.386 Y144.894 E.01321
G1 X126.989 Y145.208 E.01626
G1 X126.013 Y145.613 E.03398
G1 X125.342 Y145.756 E.02207
G1 X124.75 Y145.756 E.01904
G1 X124.216 Y145.662 E.01745
G1 X123.656 Y145.487 E.01884
G1 X123.401 Y145.475 E.00822
;WIDTH:0.488555
G1 X123.135 Y145.456 E.00939
;WIDTH:0.52711
G1 X122.869 Y145.438 E.0102
;WIDTH:0.565666
G1 X122.603 Y145.419 E.01101
;WIDTH:0.604221
G1 X122.337 Y145.4 E.01182
G1 X97.79 Y145.4 E1.08841
;WIDTH:0.6
G1 X97.424 Y145.423 E.01612
;WIDTH:0.5625
G1 X97.059 Y145.446 E.01503
;WIDTH:0.525
G1 X96.693 Y145.469 E.01395
;WIDTH:0.4875
G1 X96.327 Y145.492 E.01286
;WIDTH:0.449999
G1 X95.681 Y145.702 E.02187
G1 X95 Y145.774 E.02201
G1 X94.41 Y145.712 E.01906
G1 X93.86 Y145.553 E.01841
G1 X93.337 Y145.36 E.01796
G1 X92.926 Y145.147 E.01487
G1 X92.541 Y144.825 E.01612
G1 X94.405 Y144.673 F9000
;TYPE:Sparse infill
;WIDTH:0.45
G1 F3600
G1 X94.025 Y144.537 E.01297
G1 X93.604 Y144.273 E.01598
G1 X93.329 Y144.021 E.01198
G1 X93.118 Y143.735 E.01142
G1 X92.933 Y144.088 E.0128
G1 X93.095 Y144.337 E.00955
G1 X93.275 Y144.501 E.00783
G1 X93.523 Y144.644 E.00919
G1 X93.905 Y144.796 E.01324
G1 X94.473 Y144.981 E.01919
G1 X95 Y145.036 E.01705
G1 X95.527 Y144.981 E.01705
G1 X96.132 Y144.784 E.02045
G1 X96.427 Y144.742 E.00958
G1 X96.529 Y144.689 E.0037
G1 X96.907 Y144.311 E.01719
G1 X96.977 Y144.119 E.00657
G1 X97.186 Y143.791 E.01252
G1 X97.412 Y143.284 E.01784
G1 X97.512 Y142.815 E.0154
G1 E-3
;WIPE_START
G1 X97.412 Y143.284 E-.479
G1 X97.2 Y143.76 E-.521
;WIPE_END
G1 Z5.6 F9000
G1 X123.274 Y141.052 Z5.6
G1 Z5.2
M73 P86 R5
G1 E4 F2400
G1 F3600
G1 X123.043 Y141.37 E.01262
G1 X122.851 Y141.802 E.01519
G1 X122.753 Y142.264 E.01519
G1 X122.753 Y142.555 E.00935
G1 X122.517 Y143.004 E.01632
G1 X122.683 Y143.531 E.01777
G1 X123.024 Y144.121 E.02191
G1 X123.086 Y144.274 E.00532
G1 X123.131 Y144.516 E.00789
G1 X122.954 Y144.741 E.00923
G1 X123.648 Y144.743 E.02232
G1 X123.873 Y144.785 E.00736
G1 X124.193 Y144.907 E.011
G1 X124.735 Y145.022 E.01783
G1 X124.909 Y145.022 E.00559
G1 X125.554 Y144.679 E.02349
G1 X125.705 Y144.647 E.00499
G1 X126.096 Y144.476 E.0137
G1 X126.44 Y144.237 E.01346
G1 X126.554 Y144.138 E.00486
G1 X126.793 Y143.873 E.01146
G1 X127.036 Y143.476 E.01499
G1 X127.111 Y143.288 E.0065
G1 X127.247 Y142.737 E.01825
G1 X127.247 Y142.262 E.01529
G1 X127.195 Y142.053 E.00694
G1 X127.43 Y141.818 E.01069
G1 X127.284 Y141.368 E.0152
G1 X127.243 Y141.148 E.00721
G1 X127.241 Y140.454 E.02231
G1 X127.055 Y140.6 E.00764
G1 E-3
;WIPE_START
G1 X127.241 Y140.454 E-.23757
G1 X127.243 Y141.148 E-.6939
G1 X127.255 Y141.215 E-.06853
;WIPE_END
G1 Z5.6 F9000
G1 X125.594 Y75.329 Z5.6
G1 Z5.2
G1 E4 F2400
G1 F3600
G1 X125.699 Y75.351 E.00343
G1 X126.15 Y75.555 E.01594
G1 X126.49 Y75.802 E.0135
G1 X126.884 Y76.261 E.01945
G1 X127.067 Y75.913 E.01266
G1 X126.9 Y75.656 E.00982
G1 X126.727 Y75.5 E.00752
G1 X126.477 Y75.356 E.00925
G1 X126.095 Y75.204 E.01324
G1 X125.527 Y75.019 E.01921
G1 X125.04 Y74.967 E.01573
G1 X124.471 Y75.02 E.0184
G1 X123.868 Y75.216 E.02038
G1 X123.573 Y75.258 E.00958
G1 X123.471 Y75.311 E.0037
G1 X123.093 Y75.689 E.01719
G1 X123.013 Y75.899 E.00723
G1 X122.683 Y76.469 E.02117
G1 X122.519 Y76.972 E.01702
G1 X122.497 Y77.186 E.00691
G1 E-3
;WIPE_START
G1 X122.519 Y76.972 E-.21498
G1 X122.683 Y76.469 E-.52926
G1 X122.811 Y76.248 E-.25576
;WIPE_END
G1 Z5.6 F9000
G1 X96.729 Y78.95 Z5.6
G1 Z5.2
G1 E4 F2400
G1 F3600
G1 X96.961 Y78.622 E.01292
G1 X97.149 Y78.198 E.0149
G1 X97.247 Y77.736 E.01519
G1 X97.247 Y77.445 E.00935
G1 X97.483 Y76.996 E.01632
G1 X97.317 Y76.469 E.01777
G1 X96.994 Y75.911 E.02071
G1 X96.921 Y75.75 E.0057
G1 X96.868 Y75.485 E.00869
G1 X97.046 Y75.258 E.00927
G1 X96.334 Y75.256 E.0229
G1 X96.151 Y75.222 E.00598
G1 X95.527 Y75.019 E.0211
G1 X95.098 Y74.974 E.01388
G1 X94.428 Y75.339 E.02451
G1 X94.23 Y75.385 E.00657
G1 X94.03 Y75.461 E.00687
G1 X93.625 Y75.708 E.01527
G1 X93.265 Y76.057 E.01613
G1 X93.134 Y76.252 E.00753
; stop printing object Remote75T.stl id:0 copy 0
M106 S148
;LAYER_CHANGE
;Z:5.4
;HEIGHT:0.2
;BEFORE_LAYER_CHANGE
;5.4
G92 E0

G1 E-3 F3600
;WIPE_START
G1 X93.265 Y76.057 E-.23431
G1 X93.625 Y75.708 E-.50153
G1 X93.85 Y75.57 E-.26416
;WIPE_END
;_SET_FAN_SPEED_CHANGING_LAYER
; printing object Remote75T.stl id:0 copy 0
G1 Z5.8 F9000
G1 X123.722 Y80.026 Z5.8
G1 Z5.4
G1 E4 F2400
;TYPE:Inner wall
;WIDTH:0.449999
G1 X123.225 Y79.711 E.01891
G1 X122.892 Y79.409 E.01445
G1 X122.565 Y78.96 E.01787
G1 X122.351 Y78.501 E.01628
G1 X122.205 Y77.951 E.01831
G1 X122.168 Y77.364 E.01891
G1 X122.216 Y76.917 E.01445
G1 X122.403 Y76.344 E.01937
G1 X122.739 Y75.763 E.02159
G1 X122.82 Y75.498 E.00892
G1 X122.311 Y74.954 E.02396
G1 X123.401 Y74.954 E.03507
G1 X123.78 Y74.924 E.01222
G1 X124.358 Y74.736 E.01955
G1 X124.869 Y74.677 E.01654
G1 X125.302 Y74.687 E.01394
G1 X125.769 Y74.777 E.01529
G1 X126.271 Y74.945 E.01703
G1 X126.792 Y75.185 E.01843
G1 X127.058 Y75.388 E.01075
G1 X127.296 Y75.673 E.01193
G1 X127.712 Y76.658 E.03439
G1 X127.827 Y77.249 E.01938
G1 X127.827 Y77.64 E.01257
G1 X127.736 Y78.225 E.01903
G1 X127.587 Y78.69 E.0157
G1 X127.546 Y78.909 E.00716
G1 X127.546 Y80.189 E.04118
G1 X127.003 Y79.68 E.02396
G1 X126.846 Y79.712 E.00513
G1 X126.319 Y80.003 E.01938
G1 X125.874 Y80.189 E.01551
G1 X125.409 Y80.302 E.01538
G1 X124.817 Y80.332 E.01907
G1 X124.275 Y80.236 E.0177
G1 X123.759 Y80.04 E.01774
G1 E-2.8 F3600
;WIPE_START
G1 F2400
G1 X123.225 Y79.711 E-.75276
G1 X122.949 Y79.461 E-.44724
;WIPE_END
G1 Z5.8 F9000
G1 X125.972 Y75.846 Z5.8
G1 Z5.4
G1 E4 F2400
G1 X126.291 Y76.034 E.01191
G1 X126.615 Y76.405 E.01586
G1 X126.816 Y76.794 E.01408
G1 X126.943 Y77.296 E.01664
G1 X126.933 Y77.767 E.01517
G1 X126.835 Y78.163 E.01312
G1 X126.605 Y78.603 E.01596
G1 X126.383 Y78.873 E.01123
G1 X125.977 Y79.192 E.0166
G1 X125.542 Y79.375 E.01518
G1 X125.062 Y79.446 E.01562
G1 X124.733 Y79.433 E.01059
G1 X124.337 Y79.335 E.01312
G1 X123.97 Y79.157 E.01312
G1 X123.563 Y78.813 E.01711
G1 X123.314 Y78.473 E.01356
G1 X123.161 Y78.122 E.01232
G1 X123.054 Y77.64 E.01587
G1 X123.093 Y77.11 E.01711
G1 X123.222 Y76.709 E.01354
G1 X123.343 Y76.47 E.00862
G1 X123.593 Y76.147 E.01312
G1 X123.905 Y75.885 E.01312
G1 X124.307 Y75.68 E.01449
G1 X124.843 Y75.554 E.01773
G1 X125.268 Y75.567 E.01364
G1 X125.663 Y75.665 E.01311
G1 X125.937 Y75.826 E.01021
G1 X125.764 Y76.197 F9000
;TYPE:Outer wall
G1 F2400
G1 X126.034 Y76.38 E.01049
G1 X126.244 Y76.619 E.01025
G1 X126.422 Y76.98 E.01291
G1 X126.518 Y77.36 E.0126
G1 X126.514 Y77.678 E.01025
G1 X126.444 Y77.989 E.01025
G1 X126.258 Y78.351 E.01308
G1 X126.113 Y78.54 E.00765
G1 X125.745 Y78.83 E.01506
G1 X125.311 Y78.986 E.01485
G1 X124.843 Y79.017 E.01508
G1 X124.511 Y78.944 E.01094
G1 X124.221 Y78.811 E.01025
G1 X123.882 Y78.527 E.01423
G1 X123.607 Y78.121 E.01574
G1 X123.482 Y77.64 E.01598
G1 X123.512 Y77.199 E.01423
G1 X123.679 Y76.737 E.01578
G1 X123.88 Y76.466 E.01085
G1 X124.119 Y76.256 E.01025
G1 X124.41 Y76.096 E.01065
G1 X124.902 Y75.98 E.01627
G1 X125.313 Y76.015 E.01327
G1 X125.687 Y76.145 E.01273
G1 X125.731 Y76.174 E.0017
G1 E-2.8 F3600
;WIPE_START
G1 F2400
G1 X126.034 Y76.38 E-.43937
G1 X126.244 Y76.619 E-.38242
G1 X126.384 Y76.902 E-.37821
;WIPE_END
G1 Z5.8 F9000
G1 X97.843 Y77.5 Z5.8
G1 Z5.4
G1 E4 F2400
;TYPE:Inner wall
G1 X97.786 Y78.044 E.0176
G1 X97.655 Y78.478 E.01457
M73 P87 R5
G1 X97.458 Y78.904 E.01508
G1 X97.119 Y79.397 E.01925
G1 X96.671 Y79.8 E.01938
G1 X96.156 Y80.097 E.01911
G1 X95.591 Y80.281 E.01911
G1 X95 Y80.343 E.01911
G1 X94.408 Y80.281 E.01913
G1 X93.844 Y80.097 E.01909
G1 X93.263 Y79.761 E.02159
G1 X92.998 Y79.68 E.00892
G1 X92.454 Y80.19 E.02396
G1 X92.454 Y79.099 E.03507
G1 X92.424 Y78.72 E.01222
G1 X92.234 Y78.136 E.01976
G1 X92.177 Y77.686 E.01457
G1 X92.188 Y77.204 E.0155
G1 X92.277 Y76.731 E.0155
G1 X92.445 Y76.229 E.01703
G1 X92.685 Y75.708 E.01843
G1 X92.888 Y75.442 E.01075
G1 X93.173 Y75.204 E.01193
G1 X94.158 Y74.788 E.03439
G1 X94.887 Y74.66 E.02379
G1 X95.405 Y74.7 E.01672
G1 X96.409 Y74.954 E.0333
G1 X97.607 Y74.954 E.03854
G1 X97.18 Y75.497 E.02224
G1 X97.261 Y75.763 E.00892
G1 X97.597 Y76.344 E.02159
G1 X97.781 Y76.909 E.0191
G1 X97.839 Y77.46 E.01783
G1 E-2.8 F3600
;WIPE_START
G1 F2400
G1 X97.786 Y78.044 E-.70387
G1 X97.667 Y78.44 E-.49613
;WIPE_END
G1 Z5.8 F9000
G1 X93.117 Y77.971 Z5.8
G1 Z5.4
G1 E4 F2400
G1 X93.054 Y77.64 E.01082
G1 X93.067 Y77.233 E.01312
G1 X93.165 Y76.837 E.01312
G1 X93.406 Y76.383 E.01651
G1 X93.643 Y76.103 E.0118
G1 X93.905 Y75.885 E.01099
G1 X94.307 Y75.68 E.01449
G1 X94.829 Y75.556 E.01727
G1 X95.268 Y75.567 E.0141
G1 X95.663 Y75.665 E.01311
G1 X96.103 Y75.895 E.01596
G1 X96.353 Y76.093 E.01024
G1 X96.63 Y76.433 E.0141
G1 X96.858 Y76.896 E.01662
G1 X96.946 Y77.36 E.01516
G1 X96.933 Y77.767 E.01312
G1 X96.835 Y78.163 E.01312
G1 X96.611 Y78.594 E.01562
G1 X96.407 Y78.853 E.01059
G1 X96.067 Y79.13 E.0141
G1 X95.604 Y79.358 E.01662
G1 X95.14 Y79.446 E.01516
G1 X94.733 Y79.433 E.01312
G1 X94.337 Y79.335 E.01312
G1 X93.97 Y79.157 E.01312
G1 X93.647 Y78.907 E.01312
G1 X93.37 Y78.567 E.0141
G1 X93.142 Y78.104 E.01661
G1 X93.124 Y78.01 E.00306
G1 X93.536 Y77.891 F9000
;TYPE:Outer wall
G1 F2400
G1 X93.482 Y77.5 E.0127
G1 X93.549 Y77.029 E.01531
G1 X93.752 Y76.635 E.01424
G1 X94.089 Y76.278 E.01577
G1 X94.463 Y76.083 E.01358
G1 X94.964 Y75.981 E.01645
G1 X95.453 Y76.044 E.01584
G1 X95.851 Y76.242 E.01429
G1 X96.034 Y76.38 E.00737
G1 X96.248 Y76.627 E.01052
G1 X96.456 Y77.047 E.01506
G1 X96.518 Y77.36 E.01024
G1 X96.485 Y77.816 E.0147
G1 X96.322 Y78.261 E.01526
G1 X96.12 Y78.534 E.01091
G1 X95.873 Y78.748 E.01052
G1 X95.453 Y78.956 E.01506
G1 X95 Y79.018 E.01469
G1 X94.529 Y78.951 E.01531
G1 X94.221 Y78.811 E.01086
G1 X93.966 Y78.62 E.01025
G1 X93.752 Y78.373 E.01053
G1 X93.544 Y77.953 E.01506
G1 X93.541 Y77.931 E.00071
G1 E-2.8 F3600
;WIPE_START
G1 F2400
G1 X93.482 Y77.5 E-.52184
G1 X93.549 Y77.029 E-.57133
G1 X93.59 Y76.95 E-.10682
;WIPE_END
G1 Z5.8 F9000
G1 X95.879 Y139.796 Z5.8
G1 Z5.4
G1 E4 F2400
;TYPE:Inner wall
G1 X96.422 Y140.038 E.01911
G1 X96.902 Y140.387 E.01911
G1 X97.3 Y140.829 E.01911
G1 X97.597 Y141.344 E.01911
G1 X97.781 Y141.909 E.01911
G1 X97.843 Y142.5 E.01911
G1 X97.781 Y143.091 E.01911
G1 X97.597 Y143.656 E.0191
G1 X97.261 Y144.237 E.02159
G1 X97.18 Y144.503 E.00892
G1 X97.689 Y145.046 E.02396
G1 X96.599 Y145.046 E.03506
G1 X96.22 Y145.076 E.01223
G1 X95.636 Y145.266 E.01976
G1 X95.133 Y145.329 E.01628
G1 X94.62 Y145.303 E.01652
G1 X94.26 Y145.232 E.01181
G1 X93.756 Y145.065 E.01707
G1 X93.23 Y144.827 E.01856
G1 X92.895 Y144.565 E.01369
G1 X92.6 Y144.136 E.01673
G1 X92.418 Y143.702 E.01516
G1 X92.225 Y143.085 E.02078
G1 X92.161 Y142.547 E.01742
G1 X92.2 Y142.095 E.01458
G1 X92.454 Y141.091 E.03331
G1 X92.454 Y139.893 E.03854
G1 X92.997 Y140.32 E.02224
G1 X93.263 Y140.239 E.00892
G1 X93.844 Y139.903 E.02159
G1 X94.368 Y139.732 E.01773
G1 X94.731 Y139.682 E.01179
G1 X95.289 Y139.671 E.01794
G1 X95.839 Y139.788 E.01809
G1 E-2.8 F3600
;WIPE_START
G1 F2400
G1 X96.422 Y140.038 E-.76024
G1 X96.718 Y140.253 E-.43976
;WIPE_END
G1 Z5.8 F9000
G1 X93.056 Y142.567 Z5.8
G1 Z5.4
G1 E4 F2400
G1 X93.067 Y142.233 E.01074
G1 X93.165 Y141.837 E.01312
G1 X93.395 Y141.397 E.01596
G1 X93.593 Y141.147 E.01024
G1 X93.905 Y140.885 E.01312
G1 X94.307 Y140.68 E.01449
G1 X94.831 Y140.555 E.01734
G1 X95.268 Y140.567 E.01403
G1 X95.663 Y140.665 E.01311
G1 X96.03 Y140.843 E.01312
G1 X96.353 Y141.093 E.01312
G1 X96.63 Y141.433 E.0141
G1 X96.858 Y141.896 E.01662
G1 X96.946 Y142.36 E.01516
G1 X96.933 Y142.767 E.01312
G1 X96.835 Y143.163 E.01312
G1 X96.638 Y143.555 E.0141
G1 X96.373 Y143.882 E.01354
G1 X96.03 Y144.157 E.01413
G1 X95.542 Y144.375 E.01719
G1 X95.11 Y144.445 E.01408
G1 X94.594 Y144.411 E.01664
G1 X94.148 Y144.256 E.01517
G1 X93.728 Y143.974 E.01628
G1 X93.508 Y143.758 E.00992
G1 X93.255 Y143.367 E.01495
G1 X93.125 Y143.042 E.01126
G1 X93.054 Y142.64 E.01312
G1 X93.055 Y142.607 E.00109
G1 X93.493 Y142.581 F9000
;TYPE:Outer wall
G1 F2400
G1 X93.482 Y142.502 E.00256
G1 X93.549 Y142.029 E.01538
G1 X93.742 Y141.649 E.01369
G1 X93.88 Y141.466 E.00737
G1 X94.119 Y141.256 E.01025
G1 X94.41 Y141.096 E.01065
G1 X94.902 Y140.98 E.01627
G1 X95.178 Y140.986 E.00889
G1 X95.489 Y141.056 E.01024
G1 X95.779 Y141.189 E.01025
G1 X96.034 Y141.38 E.01025
G1 X96.248 Y141.627 E.01052
G1 X96.456 Y142.047 E.01506
G1 X96.518 Y142.5 E.0147
G1 X96.451 Y142.971 E.01531
G1 X96.305 Y143.286 E.01114
G1 X96.04 Y143.613 E.01354
G1 X95.721 Y143.84 E.01259
G1 X95.315 Y143.985 E.01386
G1 X95.045 Y144.013 E.00873
G1 X94.664 Y143.987 E.01228
G1 X94.363 Y143.885 E.01025
G1 X94.015 Y143.655 E.0134
G1 X93.737 Y143.344 E.01341
G1 X93.544 Y142.953 E.01402
G1 X93.499 Y142.621 E.01079
G1 E-2.8 F3600
;WIPE_START
G1 F2400
G1 X93.482 Y142.502 E-.14344
G1 X93.549 Y142.029 E-.57409
G1 X93.731 Y141.67 E-.48248
;WIPE_END
G1 Z5.8 F9000
G1 X124.906 Y139.67 Z5.8
G1 Z5.4
G1 E4 F2400
;TYPE:Inner wall
G1 X125.583 Y139.716 E.02183
G1 X126.156 Y139.903 E.01937
G1 X126.737 Y140.239 E.02159
G1 X127.002 Y140.32 E.00892
G1 X127.546 Y139.893 E.02224
G1 X127.546 Y141.091 E.03854
G1 X127.795 Y142.04 E.03153
G1 X127.838 Y142.547 E.01636
G1 X127.766 Y143.136 E.01909
G1 X127.565 Y143.744 E.02059
G1 X127.347 Y144.236 E.0173
G1 X127.096 Y144.576 E.0136
G1 X126.837 Y144.789 E.01079
G1 X126.475 Y144.955 E.0128
G1 X125.997 Y145.155 E.01665
G1 X125.452 Y145.295 E.01811
G1 X125.087 Y145.327 E.01177
G1 X124.574 Y145.3 E.01652
G1 X123.591 Y145.046 E.03265
G1 X122.393 Y145.046 E.03854
G1 X122.82 Y144.502 E.02224
G1 X122.739 Y144.237 E.00892
G1 X122.403 Y143.656 E.02159
G1 X122.219 Y143.091 E.0191
G1 X122.157 Y142.5 E.01911
G1 X122.219 Y141.909 E.01911
G1 X122.403 Y141.344 E.01911
G1 X122.7 Y140.829 E.01913
G1 X123.098 Y140.387 E.0191
G1 X123.54 Y140.065 E.0176
G1 X124.019 Y139.842 E.01697
G1 X124.554 Y139.704 E.01779
G1 X124.866 Y139.674 E.01007
G1 E-2.8 F3600
;WIPE_START
G1 F2400
G1 X125.583 Y139.716 E-.8621
G1 X125.851 Y139.804 E-.3379
;WIPE_END
G1 Z5.8 F9000
G1 X126.704 Y143.425 Z5.8
G1 Z5.4
G1 E4 F2400
G1 X126.47 Y143.777 E.01358
G1 X126.248 Y143.999 E.01009
G1 X125.92 Y144.221 E.01275
G1 X125.542 Y144.375 E.01312
G1 X125.11 Y144.445 E.01408
G1 X124.594 Y144.411 E.01664
G1 X124.148 Y144.256 E.01517
G1 X123.791 Y144.031 E.01358
G1 X123.498 Y143.744 E.01319
G1 X123.279 Y143.42 E.01257
G1 X123.125 Y143.042 E.01312
G1 X123.054 Y142.64 E.01312
G1 X123.067 Y142.233 E.01312
G1 X123.165 Y141.837 E.01312
G1 X123.343 Y141.47 E.01312
G1 X123.593 Y141.147 E.01312
G1 X123.905 Y140.885 E.01312
G1 X124.307 Y140.68 E.01449
G1 X124.754 Y140.569 E.01481
G1 X125.222 Y140.559 E.01506
G1 X125.663 Y140.665 E.0146
G1 X126.03 Y140.843 E.01312
G1 X126.353 Y141.093 E.01312
G1 X126.615 Y141.405 E.01312
G1 X126.816 Y141.794 E.01408
G1 X126.943 Y142.296 E.01664
G1 X126.926 Y142.798 E.01615
G1 X126.766 Y143.333 E.01795
G1 X126.727 Y143.392 E.0023
G1 X126.351 Y143.189 F9000
;TYPE:Outer wall
G1 F2400
G1 X126.151 Y143.49 E.01161
G1 X125.779 Y143.811 E.01581
G1 X125.453 Y143.956 E.01146
G1 X125.132 Y144.017 E.01051
G1 X124.664 Y143.987 E.01507
G1 X124.363 Y143.885 E.01025
G1 X124.078 Y143.712 E.01071
G1 X123.844 Y143.492 E.01032
G1 X123.613 Y143.117 E.01417
G1 X123.483 Y142.659 E.01529
G1 X123.515 Y142.184 E.01531
G1 X123.679 Y141.737 E.01531
G1 X123.984 Y141.372 E.01531
G1 X124.38 Y141.107 E.01531
G1 X124.857 Y140.985 E.01583
G1 X125.301 Y141.012 E.01432
G1 X125.763 Y141.179 E.01578
G1 X126.034 Y141.38 E.01085
G1 X126.244 Y141.619 E.01025
G1 X126.402 Y141.905 E.01051
G1 X126.518 Y142.36 E.01507
G1 X126.489 Y142.77 E.01322
G1 X126.385 Y143.138 E.01229
G1 X126.373 Y143.156 E.00069
G1 E-2.8 F3600
;WIPE_START
G1 F2400
G1 X126.151 Y143.49 E-.48122
G1 X125.779 Y143.811 E-.58996
G1 X125.681 Y143.854 E-.12882
;WIPE_END
G1 Z5.8 F9000
G1 X92.515 Y144.796 Z5.8
G1 Z5.4
G1 E4 F2400
G1 X92.24 Y144.368 E.01636
G1 X92.014 Y143.845 E.01831
G1 X91.789 Y143.128 E.02416
G1 X91.726 Y142.5 E.02029
G1 X91.798 Y141.819 E.02202
G1 X92.016 Y141.147 E.02272
G1 X92.025 Y140.901 E.00794
;WIDTH:0.488555
G1 X92.044 Y140.635 E.00938
;WIDTH:0.52711
G1 X92.063 Y140.369 E.0102
;WIDTH:0.565666
G1 X92.081 Y140.103 E.01101
;WIDTH:0.604221
G1 X92.1 Y139.837 E.01182
G1 X92.1 Y80.29 E2.64026
;WIDTH:0.6
G1 X92.077 Y79.924 E.01612
;WIDTH:0.5625
G1 X92.054 Y79.559 E.01503
;WIDTH:0.525
G1 X92.031 Y79.193 E.01395
;WIDTH:0.4875
G1 X92.008 Y78.828 E.01286
;WIDTH:0.449999
G1 X91.798 Y78.181 E.02187
G1 X91.736 Y77.592 E.01905
G1 X91.773 Y77.05 E.01744
G1 X91.869 Y76.598 E.01487
G1 X92.047 Y76.07 E.01792
G1 X92.314 Y75.494 E.02042
G1 X92.569 Y75.155 E.01363
G1 X92.921 Y74.858 E.01481
G1 X93.337 Y74.659 E.01482
G1 X93.909 Y74.419 E.01996
G1 X94.465 Y74.285 E.0184
G1 X94.995 Y74.226 E.01715
G1 X95.681 Y74.298 E.02216
G1 X96.353 Y74.516 E.02272
G1 X96.599 Y74.525 E.00794
;WIDTH:0.488554
G1 X96.865 Y74.544 E.00938
;WIDTH:0.527109
G1 X97.131 Y74.563 E.0102
;WIDTH:0.565664
G1 X97.397 Y74.581 E.01101
;WIDTH:0.604219
G1 X97.663 Y74.6 E.01182
G1 X122.21 Y74.6 E1.0884
;WIDTH:0.599998
G1 X122.698 Y74.569 E.02149
;WIDTH:0.549999
G1 X123.185 Y74.539 E.01956
;WIDTH:0.499999
G1 X123.673 Y74.508 E.01763
;WIDTH:0.449999
G1 X124.318 Y74.298 E.02184
G1 X125.053 Y74.229 E.02373
G1 X125.591 Y74.288 E.01739
G1 X126.006 Y74.403 E.01387
G1 X126.562 Y74.6 E.01897
G1 X127.076 Y74.854 E.01843
G1 X127.467 Y75.179 E.01634
G1 X127.75 Y75.614 E.01667
G1 X128.131 Y76.569 E.03306
G1 X128.256 Y77.249 E.02226
G1 X128.256 Y77.751 E.01612
G1 X128.156 Y78.314 E.01841
G1 X127.987 Y78.844 E.01786
G1 X127.975 Y79.099 E.00823
;WIDTH:0.4875
G1 X127.956 Y79.397 E.01047
;WIDTH:0.525
G1 X127.938 Y79.694 E.01136
;WIDTH:0.5625
G1 X127.919 Y79.992 E.01224
;WIDTH:0.6
G1 X127.9 Y80.29 E.01312
G1 X127.9 Y139.837 E2.62041
G1 X127.924 Y140.173 E.01482
;WIDTH:0.5625
G1 X127.947 Y140.509 E.01382
;WIDTH:0.525
G1 X127.971 Y140.845 E.01282
;WIDTH:0.4875
G1 X127.995 Y141.181 E.01182
;WIDTH:0.449999
G1 X128.202 Y141.819 E.0216
G1 X128.274 Y142.5 E.02201
G1 X128.212 Y143.089 E.01904
G1 X128.053 Y143.64 E.01844
G1 X127.86 Y144.163 E.01795
G1 X127.646 Y144.576 E.01494
G1 X127.386 Y144.894 E.01321
G1 X126.989 Y145.208 E.01626
G1 X126.013 Y145.613 E.03398
G1 X125.342 Y145.756 E.02206
G1 X124.75 Y145.756 E.01904
G1 X124.216 Y145.662 E.01745
G1 X123.656 Y145.487 E.01884
G1 X123.401 Y145.475 E.00822
;WIDTH:0.488555
G1 X123.135 Y145.456 E.00939
;WIDTH:0.52711
G1 X122.869 Y145.438 E.0102
;WIDTH:0.565666
G1 X122.603 Y145.419 E.01101
;WIDTH:0.604221
G1 X122.337 Y145.4 E.01182
G1 X97.79 Y145.4 E1.08841
;WIDTH:0.6
G1 X97.424 Y145.423 E.01612
;WIDTH:0.5625
G1 X97.059 Y145.446 E.01503
;WIDTH:0.525
G1 X96.693 Y145.469 E.01395
;WIDTH:0.4875
G1 X96.327 Y145.492 E.01286
;WIDTH:0.449999
G1 X95.681 Y145.702 E.02187
G1 X95 Y145.774 E.02201
G1 X94.41 Y145.712 E.01906
G1 X93.86 Y145.553 E.01841
G1 X93.337 Y145.36 E.01796
G1 X92.93 Y145.149 E.01474
G1 X92.544 Y144.823 E.01623
G1 E-2.8 F3600
;WIPE_START
G1 F2400
G1 X92.24 Y144.368 E-.6568
G1 X92.06 Y143.952 E-.5432
;WIPE_END
G1 Z5.8 F9000
G1 X122.392 Y75.469 Z5.8
G1 Z5.4
G1 E4 F2400
G1 X122.126 Y75.966 E.01814
G1 X121.937 Y76.389 E.01489
G1 X121.786 Y76.9 E.01712
G1 X121.74 Y77.368 E.01511
G1 X121.762 Y77.927 E.01801
G1 X121.886 Y78.512 E.01922
G1 X122.165 Y79.137 E.02201
G1 X122.568 Y79.692 E.02208
G1 X122.937 Y80.032 E.01611
G1 X123.362 Y80.335 E.0168
G1 X123.988 Y80.614 E.02204
G1 X124.66 Y80.756 E.02208
G1 X125.161 Y80.762 E.01611
G1 X125.68 Y80.703 E.0168
G1 X126.332 Y80.491 E.02203
G1 X126.952 Y80.132 E.02304
G1 X127.031 Y80.108 E.00266
;WIDTH:0.4875
G1 X127.098 Y80.153 E.00285
;WIDTH:0.525
G1 X127.165 Y80.199 E.00309
;WIDTH:0.5625
G1 X127.233 Y80.244 E.00333
;WIDTH:0.6
G1 X127.3 Y80.29 E.00357
G1 X127.3 Y139.71 E2.61482
;WIDTH:0.60422
G1 X127.298 Y139.755 E.00199
G1 X127.221 Y139.787 E.00371
;WIDTH:0.565665
G1 X127.144 Y139.82 E.00346
;WIDTH:0.52711
G1 X127.067 Y139.852 E.0032
;WIDTH:0.488555
G1 X126.989 Y139.884 E.00295
;WIDTH:0.449999
G1 X126.534 Y139.626 E.01685
G1 X126.111 Y139.437 E.01489
G1 X125.6 Y139.286 E.01712
G1 X124.902 Y139.242 E.02249
G1 X124.465 Y139.285 E.01411
G1 X123.904 Y139.424 E.0186
G1 X123.363 Y139.665 E.01904
G1 X122.809 Y140.067 E.02201
G1 X122.352 Y140.575 E.02199
G1 X122.009 Y141.168 E.02203
G1 X121.798 Y141.819 E.02201
G1 X121.726 Y142.5 E.02201
G1 X121.798 Y143.181 E.02201
G1 X122.009 Y143.832 E.02201
G1 X122.369 Y144.454 E.02313
G1 X122.392 Y144.531 E.00257
;WIDTH:0.4875
G1 X122.358 Y144.598 E.00265
;WIDTH:0.525
G1 X122.323 Y144.665 E.00288
;WIDTH:0.5625
G1 X122.289 Y144.733 E.0031
;WIDTH:0.6
G1 X122.254 Y144.8 E.00333
G1 X97.79 Y144.8 E1.07657
G1 X97.744 Y144.733 E.00357
;WIDTH:0.5625
G1 X97.699 Y144.665 E.00333
;WIDTH:0.525
G1 X97.653 Y144.598 E.00309
;WIDTH:0.4875
G1 X97.608 Y144.531 E.00285
;WIDTH:0.449999
G1 X97.874 Y144.033 E.01815
G1 X98.063 Y143.611 E.01487
G1 X98.212 Y143.089 E.01744
G1 X98.274 Y142.5 E.01905
G1 X98.202 Y141.819 E.02201
G1 X97.991 Y141.168 E.02201
G1 X97.649 Y140.576 E.02201
G1 X97.191 Y140.067 E.02201
G1 X96.637 Y139.665 E.02201
G1 X96.012 Y139.386 E.02201
G1 X95.34 Y139.244 E.02208
G1 X94.839 Y139.238 E.01611
G1 X94.32 Y139.297 E.0168
G1 X93.668 Y139.509 E.02203
G1 X93.048 Y139.868 E.02304
G1 X92.969 Y139.892 E.00266
;WIDTH:0.4875
G1 X92.902 Y139.858 E.00265
;WIDTH:0.525
G1 X92.835 Y139.823 E.00288
;WIDTH:0.5625
G1 X92.767 Y139.789 E.0031
;WIDTH:0.6
G1 X92.7 Y139.754 E.00333
G1 X92.7 Y80.29 E2.61675
G1 X92.767 Y80.244 E.00357
;WIDTH:0.5625
G1 X92.835 Y80.199 E.00333
;WIDTH:0.525
G1 X92.902 Y80.153 E.00309
;WIDTH:0.4875
G1 X92.969 Y80.108 E.00285
;WIDTH:0.449999
G1 X93.466 Y80.374 E.01814
G1 X93.889 Y80.563 E.01489
G1 X94.41 Y80.712 E.01742
G1 X95 Y80.774 E.01907
G1 X95.681 Y80.702 E.02201
G1 X96.332 Y80.491 E.02201
G1 X96.924 Y80.149 E.02201
G1 X97.435 Y79.689 E.02208
G1 X97.734 Y79.287 E.01611
G1 X97.991 Y78.832 E.0168
G1 X98.202 Y78.181 E.02204
G1 X98.274 Y77.5 E.02201
G1 X98.202 Y76.819 E.02201
G1 X97.991 Y76.168 E.02201
G1 X97.632 Y75.548 E.02304
G1 X97.608 Y75.469 E.00266
;WIDTH:0.499999
G1 X97.654 Y75.379 E.00364
;WIDTH:0.549999
G1 X97.7 Y75.29 E.00404
;WIDTH:0.599998
G1 X97.746 Y75.2 E.00444
G1 X122.21 Y75.2 E1.07656
G1 X122.271 Y75.29 E.00476
;WIDTH:0.549999
G1 X122.331 Y75.379 E.00434
;WIDTH:0.499999
G1 X122.37 Y75.436 E.00246
G1 E-2.8 F3600
;WIPE_START
G1 F2400
G1 X122.126 Y75.966 E-.70052
G1 X121.956 Y76.347 E-.49948
;WIPE_END
G1 Z5.8 F9000
G1 X125.337 Y75.274 Z5.8
G1 Z5.4
G1 E4 F2400
;TYPE:Sparse infill
;WIDTH:0.45
G1 F3600
G1 X125.699 Y75.351 E.01189
G1 X126.15 Y75.555 E.01594
G1 X126.489 Y75.801 E.01346
G1 X126.725 Y76.052 E.01107
G1 X126.77 Y75.804 E.00812
G1 X126.909 Y75.665 E.00632
G1 X127.062 Y75.871 E.00825
G1 X127.41 Y76.707 E.02914
G1 X127.507 Y77.162 E.01496
G1 E-3
;WIPE_START
G1 X127.41 Y76.707 E-.46517
G1 X127.205 Y76.214 E-.53483
;WIPE_END
G1 Z5.8 F9000
G1 X96.253 Y79.371 Z5.8
G1 Z5.4
G1 E4 F2400
G1 F3600
G1 X96.399 Y79.27 E.00571
G1 X96.72 Y78.963 E.0143
G1 X96.961 Y78.623 E.01339
G1 X97.149 Y78.198 E.01493
G1 X97.175 Y78.076 E.00402
G1 X97.375 Y77.876 E.00908
G1 X97.502 Y77.18 E.02275
G1 X97.481 Y76.973 E.00671
G1 X97.317 Y76.469 E.01703
G1 X96.994 Y75.91 E.02075
G1 X96.908 Y75.708 E.00706
G1 X96.869 Y75.484 E.00733
G1 X97.046 Y75.258 E.00922
G1 X96.334 Y75.256 E.0229
G1 X96.151 Y75.222 E.00598
G1 X95.527 Y75.019 E.0211
G1 X94.994 Y74.963 E.01722
G1 X94.758 Y74.973 E.00761
G1 X94.355 Y75.059 E.01325
G1 X93.843 Y75.571 E.0233
G1 X93.718 Y75.641 E.00461
G1 X93.304 Y76.007 E.01775
G1 X93.093 Y76.294 E.01147
G1 X93.002 Y76.452 E.00585
G1 X92.848 Y76.815 E.01268
G1 X92.497 Y142.836 F9000
G1 F3600
G1 X92.512 Y142.98 E.00468
G1 X92.706 Y143.599 E.02086
G1 X92.848 Y143.957 E.01238
G1 X93.093 Y144.333 E.01443
G1 X93.23 Y144.196 E.0062
G1 X93.275 Y143.949 E.0081
G1 X93.327 Y144.019 E.0028
G1 X93.604 Y144.273 E.01208
G1 X94.025 Y144.537 E.01599
G1 X94.443 Y144.687 E.01427
G1 X94.663 Y144.728 E.00722
G1 E-3
;WIPE_START
G1 X94.443 Y144.687 E-.22462
G1 X94.025 Y144.537 E-.44364
G1 X93.744 Y144.361 E-.33174
;WIPE_END
G1 Z5.8 F9000
G1 X123.746 Y140.629 Z5.8
G1 Z5.4
G1 E4 F2400
G1 F3600
G1 X123.672 Y140.672 E.00277
G1 X123.321 Y140.988 E.01519
G1 X123.043 Y141.37 E.01519
G1 X122.851 Y141.802 E.01519
G1 X122.825 Y141.924 E.00402
M73 P88 R5
G1 X122.625 Y142.124 E.00908
G1 X122.498 Y142.82 E.02275
G1 X122.519 Y143.027 E.00671
G1 X122.683 Y143.531 E.01704
G1 X123.024 Y144.121 E.02191
G1 X123.087 Y144.274 E.00532
G1 X123.131 Y144.516 E.00789
G1 X122.954 Y144.741 E.00923
G1 X123.648 Y144.743 E.02232
G1 X123.873 Y144.785 E.00736
G1 X124.193 Y144.907 E.011
G1 X124.735 Y145.022 E.01783
G1 X125.265 Y145.022 E.01705
G1 X125.645 Y144.941 E.01249
G1 X126.145 Y144.441 E.02275
G1 X126.554 Y144.138 E.01636
G1 X126.793 Y143.873 E.01146
G1 X127.036 Y143.476 E.01499
G1 X127.133 Y143.197 E.00951
; stop printing object Remote75T.stl id:0 copy 0
M106 S143
;LAYER_CHANGE
;Z:5.6
;HEIGHT:0.2
;BEFORE_LAYER_CHANGE
;5.6
G92 E0

G1 E-3 F3600
;WIPE_START
G1 X127.036 Y143.476 E-.29562
G1 X126.793 Y143.873 E-.46622
G1 X126.633 Y144.05 E-.23816
;WIPE_END
;_SET_FAN_SPEED_CHANGING_LAYER
; printing object Remote75T.stl id:0 copy 0
G1 Z6 F9000
G1 X122.157 Y142.5 Z6
G1 Z5.6
G1 E4 F2400
;TYPE:Inner wall
;WIDTH:0.449999
G1 X122.219 Y141.909 E.01911
G1 X122.403 Y141.344 E.01911
G1 X122.7 Y140.829 E.01913
G1 X123.098 Y140.387 E.0191
G1 X123.578 Y140.038 E.01911
G1 X124.078 Y139.815 E.01759
G1 X124.585 Y139.698 E.01672
G1 X125.149 Y139.673 E.01815
G1 X125.725 Y139.764 E.01877
G1 X126.278 Y139.974 E.01903
G1 X126.71 Y140.222 E.01602
G1 X127.002 Y140.32 E.0099
G1 X127.546 Y139.893 E.02224
G1 X127.546 Y140.901 E.03243
G1 X127.577 Y141.283 E.01231
G1 X127.786 Y141.955 E.02265
G1 X127.829 Y142.63 E.02174
G1 X127.766 Y143.136 E.0164
G1 X127.565 Y143.744 E.02059
G1 X127.347 Y144.236 E.0173
G1 X127.096 Y144.576 E.0136
G1 X126.837 Y144.789 E.01079
G1 X126.475 Y144.955 E.0128
G1 X125.997 Y145.155 E.01665
G1 X125.452 Y145.295 E.01811
G1 X125.087 Y145.327 E.01177
G1 X124.574 Y145.3 E.01652
G1 X123.591 Y145.046 E.03265
G1 X122.393 Y145.046 E.03854
G1 X122.82 Y144.502 E.02224
G1 X122.739 Y144.237 E.00892
G1 X122.403 Y143.656 E.02159
G1 X122.219 Y143.091 E.0191
G1 X122.161 Y142.54 E.01783
G1 E-2.8 F3600
;WIPE_START
G1 F2400
G1 X122.219 Y141.909 E-.76026
G1 X122.332 Y141.56 E-.43974
;WIPE_END
G1 Z6 F9000
G1 X126.706 Y143.406 Z6
G1 Z5.6
G1 E4 F2400
G1 X126.555 Y143.682 E.0101
G1 X126.248 Y143.999 E.01418
G1 X125.92 Y144.221 E.01275
G1 X125.542 Y144.375 E.01312
G1 X125.142 Y144.446 E.01308
G1 X124.594 Y144.411 E.01765
G1 X124.148 Y144.256 E.01517
G1 X123.791 Y144.031 E.01358
G1 X123.498 Y143.744 E.01319
G1 X123.279 Y143.42 E.01257
G1 X123.125 Y143.042 E.01312
G1 X123.054 Y142.64 E.01312
G1 X123.067 Y142.233 E.01312
G1 X123.165 Y141.837 E.01312
G1 X123.343 Y141.47 E.01312
G1 X123.593 Y141.147 E.01312
G1 X123.905 Y140.885 E.01312
G1 X124.306 Y140.681 E.01445
G1 X124.811 Y140.558 E.01673
G1 X125.268 Y140.567 E.01468
G1 X125.663 Y140.665 E.01311
G1 X126.03 Y140.843 E.01312
G1 X126.353 Y141.093 E.01312
G1 X126.615 Y141.405 E.01312
G1 X126.808 Y141.765 E.01312
G1 X126.923 Y142.187 E.01408
G1 X126.943 Y142.704 E.01661
G1 X126.817 Y143.204 E.01661
G1 X126.725 Y143.371 E.00612
G1 X126.339 Y143.206 F9000
;TYPE:Outer wall
G1 F2400
G1 X126.151 Y143.49 E.01093
G1 X125.779 Y143.811 E.01581
G1 X125.453 Y143.956 E.01146
G1 X125.142 Y144.018 E.01021
G1 X124.664 Y143.987 E.01537
G1 X124.363 Y143.885 E.01025
G1 X124.078 Y143.712 E.01071
G1 X123.844 Y143.492 E.01032
G1 X123.613 Y143.117 E.01417
G1 X123.483 Y142.659 E.01529
G1 X123.515 Y142.184 E.01531
G1 X123.679 Y141.737 E.01531
G1 X123.984 Y141.372 E.01531
G1 X124.38 Y141.107 E.01531
G1 X124.871 Y140.982 E.01629
G1 X125.178 Y140.986 E.0099
G1 X125.489 Y141.056 E.01024
G1 X125.779 Y141.189 E.01025
G1 X126.034 Y141.38 E.01025
G1 X126.244 Y141.619 E.01025
G1 X126.4 Y141.897 E.01025
G1 X126.495 Y142.21 E.01051
G1 X126.512 Y142.687 E.01534
G1 X126.385 Y143.137 E.01506
G1 X126.361 Y143.173 E.00137
G1 E-2.8 F3600
;WIPE_START
G1 F2400
G1 X126.151 Y143.49 E-.45589
G1 X125.779 Y143.811 E-.58994
G1 X125.661 Y143.863 E-.15417
;WIPE_END
G1 Z6 F9000
G1 X93.056 Y142.557 Z6
G1 Z5.6
G1 E4 F2400
;TYPE:Inner wall
G1 X93.067 Y142.233 E.01044
G1 X93.165 Y141.837 E.01312
G1 X93.395 Y141.397 E.01596
G1 X93.593 Y141.147 E.01024
G1 X93.905 Y140.885 E.01312
G1 X94.306 Y140.681 E.01445
G1 X94.832 Y140.555 E.01741
G1 X95.268 Y140.567 E.01401
G1 X95.663 Y140.665 E.01311
G1 X96.03 Y140.843 E.01312
G1 X96.353 Y141.093 E.01312
G1 X96.63 Y141.432 E.01408
G1 X96.858 Y141.896 E.01664
G1 X96.946 Y142.36 E.01517
G1 X96.933 Y142.767 E.01312
G1 X96.835 Y143.163 E.01312
G1 X96.638 Y143.554 E.01408
G1 X96.257 Y143.993 E.01869
G1 X95.896 Y144.232 E.01393
G1 X95.542 Y144.375 E.01227
G1 X95.11 Y144.445 E.01408
G1 X94.594 Y144.411 E.01664
G1 X94.148 Y144.256 E.01517
G1 X93.723 Y143.97 E.01647
G1 X93.501 Y143.748 E.01009
G1 X93.279 Y143.42 E.01275
G1 X93.125 Y143.042 E.01312
G1 X93.054 Y142.64 E.01312
G1 X93.055 Y142.597 E.00139
G1 X93.483 Y142.571 F9000
;TYPE:Outer wall
G1 F2400
G1 X93.486 Y142.322 E.00803
G1 X93.556 Y142.011 E.01025
G1 X93.742 Y141.649 E.01308
G1 X93.88 Y141.466 E.00737
G1 X94.119 Y141.256 E.01025
G1 X94.41 Y141.096 E.01064
G1 X94.897 Y140.98 E.01612
G1 X95.316 Y141.015 E.0135
G1 X95.763 Y141.179 E.01531
G1 X96.128 Y141.484 E.01531
G1 X96.288 Y141.704 E.00874
G1 X96.456 Y142.047 E.01228
G1 X96.518 Y142.36 E.01025
G1 X96.514 Y142.678 E.01025
G1 X96.444 Y142.989 E.01025
G1 X96.305 Y143.285 E.01051
G1 X96.005 Y143.646 E.0151
G1 X95.721 Y143.84 E.01105
G1 X95.315 Y143.985 E.01386
G1 X95.045 Y144.013 E.00873
G1 X94.664 Y143.987 E.01228
G1 X94.363 Y143.885 E.01025
G1 X94.01 Y143.651 E.0136
G1 X93.689 Y143.279 E.01581
G1 X93.544 Y142.953 E.01146
G1 X93.482 Y142.64 E.01025
G1 X93.482 Y142.611 E.00094
G1 E-2.8 F3600
;WIPE_START
G1 F2400
G1 X93.486 Y142.322 E-.3475
G1 X93.556 Y142.011 E-.38242
G1 X93.735 Y141.662 E-.47007
;WIPE_END
G1 Z6 F9000
G1 X96.156 Y139.903 Z6
G1 Z5.6
G1 E4 F2400
;TYPE:Inner wall
G1 X96.671 Y140.2 E.01911
G1 X97.078 Y140.566 E.0176
G1 X97.383 Y140.97 E.01628
G1 X97.64 Y141.478 E.01831
G1 X97.795 Y142.049 E.01903
G1 X97.827 Y142.64 E.01903
G1 X97.736 Y143.225 E.01903
G1 X97.526 Y143.777 E.019
G1 X97.278 Y144.21 E.01606
G1 X97.18 Y144.503 E.0099
G1 X97.689 Y145.046 E.02396
G1 X96.599 Y145.046 E.03506
G1 X96.22 Y145.076 E.01223
G1 X95.636 Y145.266 E.01976
G1 X95.133 Y145.329 E.01628
G1 X94.62 Y145.303 E.01652
G1 X94.26 Y145.232 E.01181
G1 X93.756 Y145.065 E.01707
G1 X93.23 Y144.827 E.01856
G1 X92.924 Y144.596 E.01234
G1 X92.669 Y144.279 E.01307
G1 X92.462 Y143.774 E.01755
G1 X92.264 Y143.225 E.01878
G1 X92.173 Y142.64 E.01903
G1 X92.205 Y142.049 E.01903
G1 X92.454 Y141.091 E.03184
G1 X92.454 Y139.893 E.03854
G1 X92.997 Y140.32 E.02224
G1 X93.263 Y140.239 E.00892
G1 X93.844 Y139.903 E.02159
G1 X94.409 Y139.719 E.0191
G1 X95 Y139.657 E.01911
G1 X95.591 Y139.719 E.01911
G1 X96.118 Y139.89 E.01783
G1 E-2.8 F3600
;WIPE_START
G1 F2400
G1 X96.671 Y140.2 E-.76026
G1 X96.943 Y140.445 E-.43974
;WIPE_END
G1 Z6 F9000
G1 X93.116 Y77.966 Z6
G1 Z5.6
G1 E4 F2400
G1 X93.054 Y77.64 E.01067
G1 X93.067 Y77.233 E.01312
G1 X93.125 Y76.958 E.00903
G1 X93.343 Y76.47 E.01719
G1 X93.643 Y76.103 E.01522
G1 X93.905 Y75.885 E.01099
G1 X94.306 Y75.681 E.01445
G1 X94.827 Y75.556 E.01725
G1 X95.268 Y75.567 E.01416
G1 X95.663 Y75.665 E.01311
G1 X96.103 Y75.895 E.01596
G1 X96.372 Y76.117 E.0112
G1 X96.692 Y76.523 E.01662
G1 X96.875 Y76.958 E.01519
G1 X96.946 Y77.36 E.01312
G1 X96.933 Y77.767 E.01312
G1 X96.835 Y78.163 E.01312
G1 X96.605 Y78.603 E.01596
G1 X96.407 Y78.853 E.01024
G1 X96.067 Y79.13 E.0141
G1 X95.604 Y79.358 E.01662
G1 X95.14 Y79.446 E.01516
G1 X94.733 Y79.433 E.01312
G1 X94.337 Y79.335 E.01312
G1 X93.97 Y79.157 E.01312
G1 X93.647 Y78.907 E.01312
G1 X93.37 Y78.567 E.0141
G1 X93.142 Y78.104 E.01661
G1 X93.123 Y78.006 E.00321
G1 X93.535 Y77.887 F9000
;TYPE:Outer wall
G1 F2400
G1 X93.482 Y77.5 E.01256
G1 X93.544 Y77.047 E.0147
G1 X93.752 Y76.635 E.01484
G1 X94.089 Y76.278 E.01577
G1 X94.465 Y76.082 E.01364
G1 X94.966 Y75.981 E.01642
G1 X95.453 Y76.044 E.01581
G1 X95.851 Y76.242 E.01429
G1 X96.039 Y76.386 E.00763
G1 X96.33 Y76.754 E.01507
G1 X96.485 Y77.184 E.0147
G1 X96.517 Y77.659 E.01531
G1 X96.385 Y78.121 E.01544
G1 X96.135 Y78.519 E.01509
G1 X95.873 Y78.748 E.01122
G1 X95.453 Y78.956 E.01506
G1 X95 Y79.018 E.0147
G1 X94.529 Y78.951 E.01531
G1 X94.221 Y78.811 E.01086
G1 X93.966 Y78.62 E.01025
G1 X93.752 Y78.373 E.01052
G1 X93.544 Y77.953 E.01506
G1 X93.541 Y77.926 E.00086
G1 E-2.8 F3600
;WIPE_START
G1 F2400
G1 X93.482 Y77.5 E-.51653
G1 X93.544 Y77.047 E-.54863
G1 X93.595 Y76.947 E-.13484
;WIPE_END
G1 Z6 F9000
G1 X97.843 Y77.5 Z6
G1 Z5.6
G1 E4 F2400
;TYPE:Inner wall
G1 X97.786 Y78.044 E.0176
G1 X97.655 Y78.478 E.01457
G1 X97.457 Y78.905 E.01513
G1 X97.12 Y79.396 E.01916
G1 X96.671 Y79.8 E.0194
G1 X96.156 Y80.097 E.01911
G1 X95.591 Y80.281 E.01911
G1 X95 Y80.343 E.01911
G1 X94.409 Y80.281 E.01911
G1 X93.844 Y80.097 E.0191
G1 X93.263 Y79.761 E.02159
G1 X92.998 Y79.68 E.00892
G1 X92.454 Y80.19 E.02396
G1 X92.454 Y79.099 E.03507
G1 X92.424 Y78.72 E.01222
G1 X92.234 Y78.136 E.01976
G1 X92.177 Y77.686 E.01457
G1 X92.188 Y77.204 E.0155
G1 X92.277 Y76.731 E.0155
G1 X92.445 Y76.229 E.01703
G1 X92.685 Y75.708 E.01843
G1 X92.888 Y75.442 E.01075
G1 X93.173 Y75.204 E.01193
G1 X94.158 Y74.788 E.03439
G1 X94.881 Y74.661 E.0236
G1 X95.405 Y74.7 E.0169
G1 X96.409 Y74.954 E.0333
G1 X97.607 Y74.954 E.03854
G1 X97.18 Y75.497 E.02224
G1 X97.261 Y75.763 E.00892
G1 X97.597 Y76.344 E.02159
G1 X97.781 Y76.909 E.0191
G1 X97.839 Y77.46 E.01783
G1 E-2.8 F3600
;WIPE_START
G1 F2400
G1 X97.786 Y78.044 E-.70387
G1 X97.667 Y78.44 E-.49613
;WIPE_END
G1 Z6 F9000
G1 X125.96 Y75.809 Z6
G1 Z5.6
G1 E4 F2400
G1 X126.03 Y75.843 E.00253
G1 X126.353 Y76.093 E.01312
G1 X126.615 Y76.405 E.01312
G1 X126.816 Y76.794 E.01408
G1 X126.943 Y77.296 E.01664
G1 X126.933 Y77.767 E.01517
G1 X126.835 Y78.163 E.01312
G1 X126.605 Y78.603 E.01596
G1 X126.407 Y78.853 E.01024
G1 X126.067 Y79.13 E.0141
G1 X125.604 Y79.358 E.01662
G1 X125.14 Y79.446 E.01516
G1 X124.733 Y79.433 E.01312
G1 X124.337 Y79.335 E.01312
G1 X123.946 Y79.138 E.01408
G1 X123.548 Y78.807 E.01664
G1 X123.279 Y78.42 E.01516
G1 X123.125 Y78.042 E.01312
G1 X123.054 Y77.64 E.01312
G1 X123.093 Y77.111 E.01707
G1 X123.222 Y76.709 E.01358
G1 X123.343 Y76.47 E.00862
G1 X123.593 Y76.147 E.01312
G1 X123.905 Y75.885 E.01312
G1 X124.306 Y75.681 E.01445
G1 X124.795 Y75.56 E.01621
G1 X125.268 Y75.567 E.01519
G1 X125.653 Y75.66 E.01275
G1 X125.924 Y75.791 E.00968
G1 X125.776 Y76.188 F9000
;TYPE:Outer wall
G1 F2400
G1 X125.779 Y76.189 E.00009
G1 X126.151 Y76.51 E.01581
G1 X126.402 Y76.905 E.01506
G1 X126.518 Y77.36 E.01507
G1 X126.485 Y77.815 E.0147
G1 X126.328 Y78.249 E.01484
G1 X126.12 Y78.534 E.01133
G1 X125.873 Y78.748 E.01052
G1 X125.453 Y78.956 E.01506
G1 X125 Y79.018 E.0147
G1 X124.529 Y78.951 E.01531
G1 X124.147 Y78.751 E.01384
G1 X123.855 Y78.506 E.01228
G1 X123.67 Y78.246 E.01025
G1 X123.544 Y77.953 E.01025
G1 X123.482 Y77.64 E.01025
G1 X123.512 Y77.2 E.01419
G1 X123.679 Y76.737 E.01582
G1 X123.88 Y76.466 E.01085
G1 X124.119 Y76.256 E.01025
G1 X124.41 Y76.096 E.01064
G1 X124.896 Y75.98 E.01608
G1 X125.178 Y75.986 E.00909
G1 X125.486 Y76.055 E.01013
G1 X125.74 Y76.172 E.00898
G1 E-2.8 F3600
;WIPE_START
G1 F2400
G1 X125.779 Y76.189 E-.05135
G1 X126.151 Y76.51 E-.58995
G1 X126.401 Y76.903 E-.5587
;WIPE_END
G1 Z6 F9000
G1 X122.606 Y75.269 Z6
G1 Z5.6
G1 E4 F2400
;TYPE:Inner wall
G1 X122.311 Y74.954 E.0139
G1 X123.401 Y74.954 E.03507
G1 X123.78 Y74.924 E.01222
G1 X124.424 Y74.714 E.02179
G1 X124.904 Y74.673 E.01548
G1 X125.451 Y74.705 E.01761
G1 X126.016 Y74.853 E.01878
G1 X126.724 Y75.147 E.02466
G1 X127.032 Y75.353 E.01193
G1 X127.327 Y75.73 E.01539
G1 X127.584 Y76.301 E.02013
G1 X127.781 Y76.909 E.02054
G1 X127.838 Y77.453 E.0176
G1 X127.801 Y77.905 E.01457
G1 X127.546 Y78.909 E.03331
G1 X127.546 Y80.189 E.04118
G1 X127.003 Y79.68 E.02396
G1 X126.737 Y79.761 E.00892
G1 X126.156 Y80.097 E.02159
G1 X125.591 Y80.281 E.0191
G1 X125 Y80.343 E.01911
G1 X124.409 Y80.281 E.01911
G1 X123.888 Y80.112 E.0176
G1 X123.445 Y79.867 E.01628
G1 X123.004 Y79.507 E.01832
G1 X122.63 Y79.048 E.01903
G1 X122.36 Y78.522 E.01903
G1 X122.205 Y77.951 E.01903
G1 X122.169 Y77.363 E.01893
G1 X122.216 Y76.918 E.01441
G1 X122.403 Y76.344 E.01939
G1 X122.739 Y75.763 E.02159
G1 X122.82 Y75.498 E.00892
G1 X122.633 Y75.298 E.00878
G1 E-2.8 F3600
;WIPE_START
G1 F2400
G1 X122.311 Y74.954 E-.56662
G1 X122.838 Y74.954 E-.63338
;WIPE_END
G1 Z6 F9000
G1 X92.487 Y144.736 Z6
G1 Z5.6
G1 E4 F2400
;TYPE:Outer wall
G1 X92.292 Y144.489 E.01011
G1 X91.887 Y143.513 E.03398
G1 X91.744 Y142.842 E.02207
G1 X91.744 Y142.249 E.01906
G1 X91.844 Y141.686 E.01841
G1 X92.013 Y141.156 E.01786
G1 X92.025 Y140.901 E.00823
;WIDTH:0.488555
G1 X92.044 Y140.635 E.00938
;WIDTH:0.52711
G1 X92.063 Y140.369 E.0102
;WIDTH:0.565666
G1 X92.081 Y140.103 E.01101
;WIDTH:0.604221
G1 X92.1 Y139.837 E.01182
G1 X92.1 Y80.29 E2.64026
;WIDTH:0.6
G1 X92.077 Y79.924 E.01612
;WIDTH:0.5625
G1 X92.054 Y79.559 E.01503
;WIDTH:0.525
G1 X92.031 Y79.193 E.01395
;WIDTH:0.4875
G1 X92.008 Y78.828 E.01286
;WIDTH:0.449999
G1 X91.798 Y78.181 E.02187
G1 X91.736 Y77.592 E.01905
G1 X91.773 Y77.05 E.01744
G1 X91.869 Y76.598 E.01487
G1 X92.047 Y76.07 E.01792
G1 X92.314 Y75.494 E.02042
G1 X92.614 Y75.106 E.01576
G1 X93.011 Y74.792 E.01627
G1 X93.987 Y74.387 E.03398
G1 X94.495 Y74.278 E.01673
G1 X94.995 Y74.226 E.01616
G1 X95.681 Y74.298 E.02216
G1 X96.353 Y74.516 E.02272
G1 X96.599 Y74.525 E.00794
;WIDTH:0.488554
G1 X96.865 Y74.544 E.00938
;WIDTH:0.527109
G1 X97.131 Y74.563 E.01019
;WIDTH:0.565664
G1 X97.397 Y74.581 E.01101
;WIDTH:0.604219
G1 X97.663 Y74.6 E.01182
G1 X122.21 Y74.6 E1.0884
;WIDTH:0.599998
G1 X122.698 Y74.569 E.02149
;WIDTH:0.549999
G1 X123.185 Y74.539 E.01956
;WIDTH:0.499999
G1 X123.673 Y74.508 E.01763
;WIDTH:0.449999
G1 X124.258 Y74.318 E.01979
G1 X124.653 Y74.244 E.01291
G1 X125.251 Y74.244 E.01923
G1 X125.814 Y74.344 E.01841
G1 X126.183 Y74.458 E.0124
G1 X126.886 Y74.75 E.0245
G1 X127.242 Y74.976 E.01354
G1 X127.532 Y75.267 E.01322
G1 X127.773 Y75.645 E.01441
G1 X127.987 Y76.156 E.01781
G1 X128.202 Y76.819 E.02243
G1 X128.274 Y77.5 E.02201
G1 X128.202 Y78.181 E.02201
G1 X127.984 Y78.853 E.02272
G1 X127.975 Y79.099 E.00794
;WIDTH:0.4875
G1 X127.956 Y79.397 E.01047
;WIDTH:0.525
G1 X127.938 Y79.694 E.01136
;WIDTH:0.5625
G1 X127.919 Y79.992 E.01224
;WIDTH:0.6
G1 X127.9 Y80.29 E.01312
G1 X127.9 Y139.837 E2.62041
G1 X127.924 Y140.173 E.01482
;WIDTH:0.5625
G1 X127.947 Y140.509 E.01382
;WIDTH:0.525
G1 X127.971 Y140.845 E.01282
;WIDTH:0.4875
G1 X127.995 Y141.181 E.01182
;WIDTH:0.449999
G1 X128.14 Y141.626 E.01507
G1 X128.229 Y142.073 E.01465
G1 X128.264 Y142.592 E.01673
G1 X128.212 Y143.089 E.01607
G1 X128.053 Y143.64 E.01844
G1 X127.86 Y144.163 E.01795
G1 X127.646 Y144.576 E.01494
G1 X127.386 Y144.894 E.01321
G1 X126.989 Y145.208 E.01626
G1 X126.013 Y145.613 E.03398
G1 X125.342 Y145.756 E.02206
G1 X124.75 Y145.756 E.01904
G1 X124.216 Y145.662 E.01745
G1 X123.656 Y145.487 E.01884
G1 X123.401 Y145.475 E.00822
;WIDTH:0.488555
G1 X123.135 Y145.456 E.00939
;WIDTH:0.52711
G1 X122.869 Y145.438 E.0102
;WIDTH:0.565666
G1 X122.603 Y145.419 E.01101
;WIDTH:0.604221
G1 X122.337 Y145.4 E.01182
G1 X97.79 Y145.4 E1.08841
;WIDTH:0.6
G1 X97.424 Y145.423 E.01612
;WIDTH:0.5625
G1 X97.059 Y145.446 E.01503
;WIDTH:0.525
G1 X96.693 Y145.469 E.01395
;WIDTH:0.4875
G1 X96.327 Y145.492 E.01286
;WIDTH:0.449999
G1 X95.681 Y145.702 E.02187
G1 X95 Y145.774 E.02201
G1 X94.41 Y145.712 E.01906
G1 X93.86 Y145.553 E.01841
G1 X93.337 Y145.36 E.01796
G1 X92.924 Y145.146 E.01494
G1 X92.606 Y144.886 E.01321
G1 X92.512 Y144.767 E.00487
G1 E-2.8 F3600
;WIPE_START
G1 F2400
G1 X92.292 Y144.489 E-.42526
G1 X92.044 Y143.893 E-.77474
;WIPE_END
G1 Z6 F9000
G1 X122.392 Y75.469 Z6
G1 Z5.6
G1 E4 F2400
G1 X122.126 Y75.966 E.01814
G1 X121.937 Y76.389 E.01489
G1 X121.786 Y76.899 E.0171
G1 X121.74 Y77.366 E.01509
G1 X121.762 Y77.928 E.01807
G1 X121.886 Y78.512 E.0192
G1 X122.165 Y79.137 E.02201
G1 X122.567 Y79.69 E.022
G1 X123.076 Y80.149 E.02202
G1 X123.668 Y80.491 E.02201
G1 X124.319 Y80.702 E.02201
G1 X125 Y80.774 E.02201
G1 X125.681 Y80.702 E.02201
G1 X126.332 Y80.491 E.02201
G1 X126.952 Y80.132 E.02304
G1 X127.031 Y80.108 E.00266
;WIDTH:0.4875
G1 X127.098 Y80.153 E.00285
;WIDTH:0.525
G1 X127.165 Y80.199 E.00309
;WIDTH:0.5625
G1 X127.233 Y80.244 E.00333
;WIDTH:0.6
G1 X127.3 Y80.29 E.00357
G1 X127.3 Y139.71 E2.61482
;WIDTH:0.60422
G1 X127.298 Y139.755 E.00199
G1 X127.221 Y139.787 E.00371
;WIDTH:0.565665
G1 X127.144 Y139.82 E.00346
;WIDTH:0.52711
G1 X127.067 Y139.852 E.0032
;WIDTH:0.488555
G1 X126.989 Y139.884 E.00295
;WIDTH:0.449999
G1 X126.453 Y139.583 E.0198
G1 X125.922 Y139.367 E.01841
G1 X125.342 Y139.244 E.01906
G1 X124.658 Y139.244 E.02201
G1 X123.988 Y139.386 E.02201
G1 X123.363 Y139.665 E.02201
G1 X122.809 Y140.067 E.02201
G1 X122.352 Y140.575 E.02199
G1 X122.009 Y141.168 E.02202
G1 X121.798 Y141.819 E.02201
G1 X121.726 Y142.5 E.02201
G1 X121.798 Y143.181 E.02201
G1 X122.009 Y143.832 E.02201
G1 X122.369 Y144.454 E.02313
G1 X122.392 Y144.531 E.00257
;WIDTH:0.4875
G1 X122.358 Y144.598 E.00265
;WIDTH:0.525
G1 X122.323 Y144.665 E.00288
;WIDTH:0.5625
G1 X122.289 Y144.733 E.0031
;WIDTH:0.6
G1 X122.254 Y144.8 E.00333
G1 X97.79 Y144.8 E1.07657
G1 X97.744 Y144.733 E.00357
;WIDTH:0.5625
G1 X97.699 Y144.665 E.00333
;WIDTH:0.525
G1 X97.653 Y144.598 E.00309
;WIDTH:0.4875
G1 X97.608 Y144.531 E.00285
;WIDTH:0.449999
G1 X97.861 Y144.079 E.01667
G1 X98.114 Y143.512 E.01995
G1 X98.256 Y142.842 E.02201
G1 X98.256 Y142.158 E.02201
G1 X98.114 Y141.488 E.02201
G1 X97.835 Y140.863 E.02201
G1 X97.433 Y140.309 E.02201
G1 X96.924 Y139.851 E.02201
G1 X96.244 Y139.481 E.02491
M73 P88 R4
G1 X95.681 Y139.298 E.01905
G1 X95 Y139.226 E.02201
G1 X94.319 Y139.298 E.02201
G1 X93.668 Y139.509 E.02201
G1 X93.048 Y139.868 E.02304
G1 X92.969 Y139.892 E.00266
;WIDTH:0.4875
G1 X92.902 Y139.858 E.00265
;WIDTH:0.525
G1 X92.835 Y139.823 E.00288
;WIDTH:0.5625
G1 X92.767 Y139.789 E.0031
;WIDTH:0.6
G1 X92.7 Y139.754 E.00333
G1 X92.7 Y80.29 E2.61675
G1 X92.767 Y80.244 E.00357
;WIDTH:0.5625
G1 X92.835 Y80.199 E.00333
;WIDTH:0.525
G1 X92.902 Y80.153 E.00309
;WIDTH:0.4875
G1 X92.969 Y80.108 E.00285
;WIDTH:0.449999
G1 X93.466 Y80.374 E.01814
G1 X93.889 Y80.563 E.01489
G1 X94.411 Y80.712 E.01744
G1 X95 Y80.774 E.01905
G1 X95.681 Y80.702 E.02201
G1 X96.332 Y80.491 E.02201
G1 X96.924 Y80.149 E.02201
G1 X97.435 Y79.689 E.02209
G1 X97.771 Y79.219 E.01859
G1 X98.018 Y78.748 E.0171
G1 X98.202 Y78.181 E.01918
G1 X98.274 Y77.5 E.02201
G1 X98.202 Y76.819 E.02201
G1 X97.991 Y76.168 E.02201
G1 X97.632 Y75.548 E.02304
G1 X97.608 Y75.469 E.00266
;WIDTH:0.499999
G1 X97.654 Y75.379 E.00364
;WIDTH:0.549999
G1 X97.7 Y75.29 E.00404
;WIDTH:0.599998
G1 X97.746 Y75.2 E.00444
G1 X122.21 Y75.2 E1.07656
G1 X122.271 Y75.29 E.00476
M73 P89 R4
;WIDTH:0.549999
G1 X122.331 Y75.379 E.00434
;WIDTH:0.499999
G1 X122.37 Y75.436 E.00246
G1 X123.094 Y75.684 F9000
;TYPE:Sparse infill
;WIDTH:0.45
G1 F3600
G1 X123.013 Y75.899 E.0074
G1 X122.683 Y76.469 E.02117
G1 X122.515 Y76.986 E.01748
G1 X122.489 Y77.18 E.00629
G1 X122.599 Y77.876 E.02267
G1 X122.518 Y77.956 E.00364
G1 X122.588 Y78.284 E.01077
G1 X122.804 Y78.768 E.01705
G1 X123.115 Y79.197 E.01704
G1 X123.509 Y79.552 E.01706
G1 X123.969 Y79.817 E.01705
G1 X124.473 Y79.981 E.01705
G1 X125 Y80.036 E.01705
G1 X125.527 Y79.981 E.01705
G1 X126.031 Y79.817 E.01703
G1 X126.59 Y79.494 E.02075
G1 X126.792 Y79.408 E.00706
G1 X126.992 Y79.373 E.00653
G1 X127.243 Y79.122 E.01143
G1 X127.244 Y78.834 E.00926
G1 X127.278 Y78.651 E.00598
G1 X127.481 Y78.027 E.0211
G1 X127.536 Y77.5 E.01705
G1 X127.481 Y76.973 E.01705
G1 X127.296 Y76.405 E.01919
G1 X127.144 Y76.023 E.01324
G1 X127 Y75.773 E.00925
G1 X126.827 Y75.581 E.00831
G1 X126.718 Y75.502 E.00434
G1 X126.449 Y75.771 E.01222
G1 X126.096 Y75.524 E.01386
G1 X125.705 Y75.353 E.0137
G1 X125.236 Y75.253 E.01544
G1 X124.945 Y75.256 E.00935
G1 E-3
;WIPE_START
G1 X125.236 Y75.253 E-.29084
G1 X125.705 Y75.353 E-.48025
G1 X125.915 Y75.445 E-.22891
;WIPE_END
G1 Z6 F9000
G1 X97.22 Y77.134 Z6
G1 Z5.6
G1 E4 F2400
G1 F3600
G1 X97.247 Y77.264 E.00425
G1 X97.247 Y77.736 E.01519
G1 X97.149 Y78.198 E.01519
G1 X96.96 Y78.624 E.01497
G1 X96.911 Y78.694 E.00276
G1 X97.434 Y78.17 E.0238
G1 X97.481 Y78.027 E.00483
G1 X97.536 Y77.5 E.01705
G1 X97.481 Y76.973 E.01705
G1 X97.317 Y76.469 E.01703
G1 X96.994 Y75.911 E.02071
G1 X96.921 Y75.75 E.0057
G1 X96.868 Y75.485 E.00869
G1 X97.046 Y75.258 E.00927
G1 X96.334 Y75.256 E.0229
G1 X96.151 Y75.222 E.00598
G1 X95.527 Y75.019 E.0211
G1 X94.994 Y74.963 E.01722
G1 X94.758 Y74.973 E.00761
G1 X94.207 Y75.09 E.0181
G1 X93.801 Y75.259 E.01415
G1 X93.256 Y75.804 E.02477
G1 X93.291 Y76.025 E.00719
G1 X93.093 Y76.294 E.01077
G1 X93.002 Y76.452 E.00585
G1 X92.851 Y76.802 E.01228
G1 X92.753 Y77.264 E.01517
G1 X92.753 Y77.736 E.01519
G1 X92.851 Y78.2 E.01525
G1 X92.985 Y78.474 E.00982
G1 X92.736 Y78.723 E.01132
G1 X92.754 Y78.809 E.00283
G1 X92.758 Y79.575 E.02462
G1 X92.979 Y79.368 E.00975
G1 X93.226 Y79.414 E.00809
G1 X93.427 Y79.503 E.00706
G1 E-3
;WIPE_START
G1 X93.226 Y79.414 E-.2197
G1 X92.979 Y79.368 E-.25155
G1 X92.758 Y79.575 E-.30324
G1 X92.757 Y79.35 E-.22552
;WIPE_END
G1 Z6 F9000
G1 X95.058 Y144.741 Z6
G1 Z5.6
G1 E4 F2400
G1 F3600
G1 X94.668 Y144.728 E.01254
G1 X94.443 Y144.687 E.00736
G1 X94.025 Y144.537 E.01427
G1 X93.602 Y144.272 E.01603
G1 X93.554 Y144.225 E.00216
G1 X93.273 Y144.5 E.01264
G1 X93.081 Y144.327 E.00831
G1 X92.938 Y144.129 E.00786
G1 X92.59 Y143.293 E.02914
G1 X92.478 Y142.765 E.01734
G1 X92.478 Y142.235 E.01705
G1 X92.593 Y141.692 E.01784
G1 X92.722 Y141.351 E.01173
G1 X92.756 Y141.166 E.00606
G1 X92.757 Y140.878 E.00926
G1 X93.008 Y140.627 E.01142
G1 X93.208 Y140.592 E.00653
G1 X93.41 Y140.506 E.00706
G1 X93.969 Y140.183 E.02075
G1 X94.472 Y140.02 E.01702
G1 X95.025 Y139.967 E.01785
G1 X95.527 Y140.019 E.01624
G1 X96.031 Y140.183 E.01705
G1 X96.491 Y140.448 E.01705
G1 X96.885 Y140.803 E.01705
G1 X97.196 Y141.232 E.01705
G1 X97.412 Y141.716 E.01705
G1 X97.482 Y142.044 E.01077
G1 X97.401 Y142.124 E.00364
G1 X97.511 Y142.818 E.02259
G1 X97.412 Y143.284 E.01531
G1 X97.186 Y143.79 E.01783
G1 X96.988 Y144.1 E.01182
G1 X96.909 Y144.314 E.00736
G1 E-3
;WIPE_START
G1 X96.988 Y144.1 E-.2288
G1 X97.186 Y143.79 E-.36752
G1 X97.351 Y143.422 E-.40368
;WIPE_END
G1 Z6 F9000
G1 X122.78 Y142.864 Z6
G1 Z5.6
G1 E4 F2400
G1 F3600
G1 X122.753 Y142.736 E.00421
G1 X122.753 Y142.264 E.01519
G1 X122.851 Y141.802 E.01519
G1 X123.043 Y141.37 E.01519
G1 X123.09 Y141.305 E.00257
G1 X122.566 Y141.83 E.02385
G1 X122.519 Y141.973 E.00484
G1 X122.464 Y142.5 E.01705
G1 X122.519 Y143.027 E.01705
G1 X122.683 Y143.531 E.01704
G1 X123.024 Y144.121 E.02191
G1 X123.086 Y144.274 E.00532
G1 X123.131 Y144.516 E.00789
G1 X122.954 Y144.741 E.00923
G1 X123.648 Y144.743 E.02232
G1 X123.873 Y144.785 E.00736
G1 X124.193 Y144.907 E.011
G1 X124.735 Y145.022 E.01783
G1 X125.265 Y145.022 E.01705
G1 X125.793 Y144.91 E.01734
G1 X126.199 Y144.741 E.01415
G1 X126.744 Y144.196 E.02477
G1 X126.707 Y143.968 E.00744
G1 X126.793 Y143.873 E.00409
G1 X127.037 Y143.475 E.01504
G1 X127.098 Y143.331 E.00501
G1 X127.223 Y142.869 E.0154
G1 X127.251 Y142.599 E.00873
G1 X127.224 Y142.118 E.0155
G1 X127.097 Y141.667 E.01504
G1 X127.028 Y141.512 E.00546
G1 X127.266 Y141.274 E.01083
G1 X127.243 Y141.148 E.00414
G1 X127.241 Y140.454 E.02231
G1 X127.016 Y140.631 E.00923
G1 X126.774 Y140.587 E.00789
G1 X126.53 Y140.466 E.00875
; stop printing object Remote75T.stl id:0 copy 0
M106 S135
;LAYER_CHANGE
;Z:5.8
;HEIGHT:0.2
;BEFORE_LAYER_CHANGE
;5.8
G92 E0

G1 E-3 F3600
;WIPE_START
G1 X126.774 Y140.587 E-.27209
G1 X127.016 Y140.631 E-.2454
G1 X127.241 Y140.454 E-.28719
G1 X127.242 Y140.649 E-.19533
;WIPE_END
;_SET_FAN_SPEED_CHANGING_LAYER
; printing object Remote75T.stl id:0 copy 0
G1 Z6.2 F9000
G1 X122.161 Y142.575 Z6.2
G1 Z5.8
G1 E4 F2400
;TYPE:Inner wall
;WIDTH:0.449999
G1 X122.221 Y141.904 E.02164
G1 X122.403 Y141.344 E.01895
G1 X122.7 Y140.829 E.01911
G1 X123.098 Y140.387 E.01911
G1 X123.578 Y140.038 E.01911
G1 X124.121 Y139.796 E.01911
G1 X124.705 Y139.672 E.01918
G1 X125.223 Y139.669 E.01665
G1 X125.834 Y139.788 E.02003
G1 X126.278 Y139.974 E.01549
G1 X126.71 Y140.222 E.01602
G1 X127.002 Y140.32 E.0099
G1 X127.546 Y139.893 E.02224
G1 X127.546 Y141.091 E.03854
G1 X127.795 Y142.04 E.03153
G1 X127.838 Y142.547 E.01636
G1 X127.766 Y143.136 E.01908
G1 X127.578 Y143.712 E.0195
G1 X127.347 Y144.236 E.01841
G1 X127.096 Y144.576 E.0136
G1 X126.837 Y144.789 E.01079
G1 X126.475 Y144.955 E.0128
G1 X125.997 Y145.155 E.01665
G1 X125.452 Y145.295 E.01811
G1 X125.087 Y145.327 E.01177
G1 X124.574 Y145.3 E.01652
G1 X123.591 Y145.046 E.03265
G1 X122.393 Y145.046 E.03854
G1 X122.82 Y144.502 E.02224
G1 X122.739 Y144.237 E.00892
G1 X122.403 Y143.656 E.02159
G1 X122.218 Y143.089 E.01917
G1 X122.165 Y142.614 E.01536
G1 E-2.8 F3600
;WIPE_START
G1 F2400
G1 X122.221 Y141.904 E-.8548
G1 X122.31 Y141.631 E-.3452
;WIPE_END
G1 Z6.2 F9000
G1 X126.698 Y143.419 Z6.2
G1 Z5.8
G1 E4 F2400
G1 X126.555 Y143.682 E.00963
G1 X126.248 Y143.999 E.01418
G1 X125.92 Y144.221 E.01275
G1 X125.542 Y144.375 E.01312
G1 X125.11 Y144.445 E.01408
G1 X124.594 Y144.411 E.01664
G1 X124.148 Y144.256 E.01517
G1 X123.791 Y144.031 E.01358
G1 X123.498 Y143.744 E.01319
G1 X123.279 Y143.42 E.01257
G1 X123.165 Y143.163 E.00903
G1 X123.054 Y142.64 E.01719
G1 X123.067 Y142.233 E.01312
G1 X123.165 Y141.837 E.01312
G1 X123.343 Y141.47 E.01312
G1 X123.593 Y141.147 E.01312
G1 X123.905 Y140.885 E.01312
G1 X124.304 Y140.681 E.01441
G1 X124.811 Y140.557 E.01678
G1 X125.267 Y140.567 E.01467
G1 X125.663 Y140.665 E.01311
G1 X126.03 Y140.843 E.01312
G1 X126.353 Y141.093 E.01312
G1 X126.615 Y141.405 E.01312
G1 X126.816 Y141.794 E.01408
G1 X126.943 Y142.296 E.01664
G1 X126.933 Y142.767 E.01517
G1 X126.822 Y143.191 E.01408
G1 X126.717 Y143.383 E.00705
G1 X126.321 Y143.214 F9000
;TYPE:Outer wall
G1 F2400
G1 X126.151 Y143.49 E.01042
G1 X125.779 Y143.811 E.01581
G1 X125.453 Y143.956 E.01146
G1 X125.132 Y144.017 E.01051
G1 X124.664 Y143.987 E.01507
G1 X124.363 Y143.885 E.01025
G1 X124.078 Y143.712 E.01071
G1 X123.844 Y143.492 E.01032
G1 X123.613 Y143.117 E.01417
G1 X123.556 Y142.989 E.0045
G1 X123.482 Y142.57 E.0137
G1 X123.517 Y142.176 E.0127
G1 X123.679 Y141.737 E.01504
G1 X123.984 Y141.372 E.01531
G1 X124.38 Y141.107 E.01531
G1 X124.867 Y140.982 E.01619
G1 X125.178 Y140.986 E.01
G1 X125.489 Y141.056 E.01024
G1 X125.779 Y141.189 E.01025
G1 X126.034 Y141.38 E.01025
G1 X126.244 Y141.619 E.01025
G1 X126.402 Y141.905 E.01051
G1 X126.518 Y142.36 E.01507
G1 X126.485 Y142.816 E.0147
G1 X126.366 Y143.142 E.01118
G1 X126.342 Y143.18 E.00142
G1 E-2.8 F3600
;WIPE_START
G1 F2400
G1 X126.151 Y143.49 E-.43685
G1 X125.779 Y143.811 E-.58996
G1 X125.647 Y143.869 E-.17319
;WIPE_END
G1 Z6.2 F9000
G1 X93.057 Y142.541 Z6.2
G1 Z5.8
G1 E4 F2400
;TYPE:Inner wall
G1 X93.067 Y142.233 E.00992
G1 X93.165 Y141.837 E.01312
G1 X93.395 Y141.397 E.01596
G1 X93.593 Y141.147 E.01024
G1 X93.905 Y140.885 E.01312
G1 X94.304 Y140.681 E.01441
G1 X94.827 Y140.555 E.0173
G1 X95.267 Y140.567 E.01416
G1 X95.663 Y140.665 E.01311
G1 X96.03 Y140.843 E.01312
G1 X96.373 Y141.117 E.0141
G1 X96.692 Y141.523 E.01662
G1 X96.875 Y141.958 E.01517
G1 X96.933 Y142.233 E.00903
G1 X96.933 Y142.767 E.01719
G1 X96.835 Y143.163 E.01312
G1 X96.638 Y143.555 E.01408
G1 X96.258 Y143.992 E.01866
G1 X95.896 Y144.232 E.01396
G1 X95.542 Y144.375 E.01227
G1 X95.11 Y144.445 E.01408
G1 X94.594 Y144.411 E.01664
G1 X94.148 Y144.256 E.01517
G1 X93.723 Y143.97 E.01647
G1 X93.501 Y143.748 E.01009
G1 X93.279 Y143.42 E.01275
G1 X93.125 Y143.042 E.01312
G1 X93.054 Y142.64 E.01312
G1 X93.056 Y142.581 E.00191
G1 X93.483 Y142.555 F9000
;TYPE:Outer wall
G1 F2400
G1 X93.486 Y142.322 E.0075
G1 X93.556 Y142.011 E.01025
G1 X93.742 Y141.649 E.01308
G1 X93.88 Y141.466 E.00737
G1 X94.119 Y141.256 E.01025
G1 X94.409 Y141.096 E.01063
G1 X94.994 Y140.981 E.01918
G1 X95.471 Y141.049 E.01549
G1 X95.892 Y141.272 E.01531
G1 X96.094 Y141.454 E.00873
G1 X96.33 Y141.754 E.01229
G1 X96.456 Y142.047 E.01024
G1 X96.514 Y142.322 E.00903
G1 X96.514 Y142.678 E.01146
G1 X96.444 Y142.989 E.01025
G1 X96.305 Y143.285 E.01051
G1 X96.005 Y143.646 E.0151
G1 X95.721 Y143.84 E.01105
G1 X95.315 Y143.985 E.01386
G1 X95.045 Y144.013 E.00873
G1 X94.664 Y143.987 E.01228
G1 X94.363 Y143.885 E.01025
G1 X94.01 Y143.651 E.0136
G1 X93.689 Y143.279 E.01581
G1 X93.544 Y142.953 E.01146
G1 X93.482 Y142.64 E.01025
G1 X93.483 Y142.595 E.00146
G1 E-2.8 F3600
;WIPE_START
G1 F2400
G1 X93.486 Y142.322 E-.32804
G1 X93.556 Y142.011 E-.38242
G1 X93.742 Y141.649 E-.48812
G1 X93.743 Y141.648 E-.00142
;WIPE_END
G1 Z6.2 F9000
G1 X96.156 Y139.903 Z6.2
G1 Z5.8
G1 E4 F2400
;TYPE:Inner wall
G1 X96.63 Y140.176 E.0176
G1 X97.014 Y140.508 E.0163
G1 X97.37 Y140.952 E.01829
G1 X97.64 Y141.478 E.01903
G1 X97.795 Y142.049 E.01903
G1 X97.827 Y142.64 E.01903
G1 X97.736 Y143.225 E.01903
G1 X97.526 Y143.777 E.019
G1 X97.278 Y144.21 E.01606
G1 X97.18 Y144.503 E.0099
G1 X97.689 Y145.046 E.02396
G1 X96.599 Y145.046 E.03506
G1 X96.22 Y145.076 E.01223
G1 X95.636 Y145.266 E.01976
G1 X95.133 Y145.329 E.01628
G1 X94.62 Y145.303 E.01652
G1 X94.26 Y145.232 E.01181
G1 X93.756 Y145.065 E.01707
G1 X93.23 Y144.827 E.01856
G1 X92.924 Y144.596 E.01234
G1 X92.669 Y144.279 E.01307
G1 X92.462 Y143.774 E.01755
G1 X92.264 Y143.225 E.01878
G1 X92.173 Y142.64 E.01903
G1 X92.205 Y142.049 E.01903
G1 X92.454 Y141.091 E.03184
G1 X92.454 Y139.893 E.03854
G1 X92.997 Y140.32 E.02224
G1 X93.263 Y140.239 E.00892
G1 X93.844 Y139.903 E.02159
G1 X94.409 Y139.719 E.0191
G1 X95 Y139.657 E.01911
G1 X95.591 Y139.719 E.01911
G1 X96.118 Y139.89 E.01783
G1 E-2.8 F3600
;WIPE_START
G1 F2400
G1 X96.63 Y140.176 E-.70387
G1 X96.943 Y140.447 E-.49613
;WIPE_END
G1 Z6.2 F9000
G1 X93.11 Y77.954 Z6.2
G1 Z5.8
G1 E4 F2400
G1 X93.054 Y77.64 E.01024
G1 X93.067 Y77.233 E.01312
G1 X93.165 Y76.837 E.01312
G1 X93.406 Y76.383 E.01651
G1 X93.643 Y76.103 E.0118
G1 X93.905 Y75.885 E.01099
G1 X94.304 Y75.681 E.01441
G1 X94.825 Y75.556 E.01723
G1 X95.267 Y75.567 E.01423
G1 X95.663 Y75.665 E.01311
G1 X96.103 Y75.895 E.01596
G1 X96.372 Y76.117 E.01121
G1 X96.692 Y76.523 E.01662
G1 X96.875 Y76.958 E.01519
G1 X96.946 Y77.36 E.01312
G1 X96.933 Y77.767 E.01312
G1 X96.835 Y78.163 E.01312
G1 X96.616 Y78.588 E.01537
G1 X96.296 Y78.952 E.01558
G1 X95.991 Y79.169 E.01205
G1 X95.542 Y79.375 E.01587
G1 X95.14 Y79.446 E.01312
G1 X94.733 Y79.433 E.01312
G1 X94.337 Y79.335 E.01312
G1 X93.97 Y79.157 E.01312
G1 X93.628 Y78.883 E.01408
G1 X93.285 Y78.432 E.01822
G1 X93.125 Y78.042 E.01356
G1 X93.117 Y77.993 E.00159
G1 X93.537 Y77.876 F9000
;TYPE:Outer wall
G1 F2400
G1 X93.515 Y77.815 E.00207
G1 X93.483 Y77.341 E.01531
G1 X93.556 Y77.011 E.01086
G1 X93.752 Y76.635 E.01363
G1 X94.089 Y76.278 E.01577
G1 X94.467 Y76.082 E.01369
G1 X94.967 Y75.981 E.0164
G1 X95.453 Y76.044 E.01577
G1 X95.851 Y76.242 E.01429
G1 X96.039 Y76.386 E.00763
G1 X96.33 Y76.754 E.01507
G1 X96.485 Y77.184 E.0147
G1 X96.517 Y77.659 E.01531
G1 X96.385 Y78.121 E.01542
G1 X96.135 Y78.518 E.01511
G1 X95.796 Y78.788 E.01393
G1 X95.453 Y78.956 E.01228
G1 X95.14 Y79.018 E.01025
G1 X94.822 Y79.014 E.01025
G1 X94.511 Y78.944 E.01025
G1 X94.221 Y78.811 E.01025
G1 X93.961 Y78.614 E.01051
G1 X93.66 Y78.221 E.0159
G1 X93.55 Y77.914 E.0105
G1 E-2.8 F3600
;WIPE_START
G1 F2400
G1 X93.515 Y77.815 E-.12523
G1 X93.483 Y77.341 E-.5712
G1 X93.556 Y77.011 E-.40524
G1 X93.594 Y76.938 E-.09833
;WIPE_END
G1 Z6.2 F9000
G1 X97.843 Y77.5 Z6.2
G1 Z5.8
G1 E4 F2400
;TYPE:Inner wall
G1 X97.781 Y78.091 E.01911
G1 X97.597 Y78.658 E.01918
G1 X97.341 Y79.108 E.01665
G1 X96.898 Y79.616 E.02164
G1 X96.422 Y79.962 E.01895
G1 X95.879 Y80.204 E.01911
G1 X95.295 Y80.328 E.01918
G1 X94.777 Y80.331 E.01665
G1 X94.166 Y80.212 E.02003
G1 X93.722 Y80.026 E.01549
G1 X93.29 Y79.778 E.01602
G1 X93 Y79.681 E.00982
G1 X92.454 Y80.19 E.02402
G1 X92.454 Y79.094 E.03524
G1 X92.424 Y78.72 E.01206
G1 X92.234 Y78.136 E.01976
G1 X92.177 Y77.686 E.01457
G1 X92.188 Y77.204 E.0155
G1 X92.277 Y76.731 E.0155
G1 X92.445 Y76.229 E.01703
G1 X92.685 Y75.708 E.01843
G1 X92.888 Y75.442 E.01075
G1 X93.173 Y75.204 E.01193
G1 X94.158 Y74.788 E.03439
G1 X94.875 Y74.661 E.02341
G1 X95.405 Y74.7 E.01709
G1 X96.409 Y74.954 E.0333
G1 X97.607 Y74.954 E.03854
G1 X97.18 Y75.497 E.02224
G1 X97.261 Y75.763 E.00892
G1 X97.597 Y76.344 E.02159
G1 X97.781 Y76.909 E.0191
G1 X97.839 Y77.46 E.01783
G1 E-2.8 F3600
;WIPE_START
G1 F2400
G1 X97.781 Y78.091 E-.76024
G1 X97.668 Y78.44 E-.43976
;WIPE_END
G1 Z6.2 F9000
G1 X125.963 Y75.81 Z6.2
G1 Z5.8
G1 E4 F2400
G1 X126.03 Y75.843 E.00242
G1 X126.353 Y76.093 E.01312
G1 X126.615 Y76.405 E.01312
G1 X126.816 Y76.794 E.01408
G1 X126.943 Y77.296 E.01664
G1 X126.933 Y77.767 E.01517
G1 X126.835 Y78.163 E.01312
G1 X126.605 Y78.603 E.01596
G1 X126.407 Y78.853 E.01024
G1 X126.068 Y79.13 E.01408
G1 X125.604 Y79.358 E.01664
G1 X125.14 Y79.446 E.01517
G1 X124.733 Y79.433 E.01312
G1 X124.337 Y79.335 E.01312
G1 X123.97 Y79.157 E.01312
G1 X123.647 Y78.907 E.01312
G1 X123.385 Y78.595 E.01312
G1 X123.184 Y78.206 E.01408
G1 X123.057 Y77.704 E.01664
G1 X123.067 Y77.233 E.01517
G1 X123.165 Y76.837 E.01312
G1 X123.343 Y76.47 E.01312
G1 X123.593 Y76.147 E.01312
G1 X123.905 Y75.885 E.01312
G1 X124.304 Y75.681 E.01441
G1 X124.793 Y75.56 E.01619
G1 X125.267 Y75.567 E.01526
G1 X125.663 Y75.665 E.01311
G1 X125.927 Y75.793 E.00941
G1 X125.779 Y76.189 F9000
;TYPE:Outer wall
G1 F2400
G1 X126.151 Y76.51 E.01581
G1 X126.402 Y76.905 E.01506
G1 X126.518 Y77.36 E.01507
G1 X126.485 Y77.815 E.0147
G1 X126.328 Y78.249 E.01484
G1 X126.12 Y78.534 E.01133
G1 X125.873 Y78.748 E.01051
G1 X125.453 Y78.956 E.01507
G1 X125 Y79.018 E.0147
G1 X124.529 Y78.951 E.01531
G1 X124.108 Y78.728 E.01531
G1 X123.766 Y78.397 E.01531
G1 X123.575 Y78.011 E.01384
G1 X123.482 Y77.64 E.01228
G1 X123.486 Y77.322 E.01025
G1 X123.556 Y77.011 E.01025
G1 X123.689 Y76.721 E.01025
G1 X123.88 Y76.466 E.01025
G1 X124.119 Y76.256 E.01025
G1 X124.409 Y76.096 E.01063
G1 X124.892 Y75.981 E.01598
G1 X125.178 Y75.986 E.0092
G1 X125.489 Y76.056 E.01024
G1 X125.742 Y76.173 E.00896
G1 E-2.8 F3600
;WIPE_START
G1 F2400
G1 X126.151 Y76.51 E-.63623
G1 X126.402 Y76.905 E-.56194
G1 X126.403 Y76.907 E-.00183
;WIPE_END
G1 Z6.2 F9000
G1 X122.606 Y75.269 Z6.2
G1 Z5.8
G1 E4 F2400
;TYPE:Inner wall
G1 X122.311 Y74.954 E.0139
G1 X123.401 Y74.954 E.03507
G1 X123.78 Y74.924 E.01222
G1 X124.39 Y74.725 E.02064
G1 X124.898 Y74.673 E.01641
G1 X125.451 Y74.705 E.0178
G1 X126.016 Y74.853 E.01878
G1 X126.724 Y75.147 E.02466
G1 X127.033 Y75.353 E.01193
G1 X127.327 Y75.73 E.01539
G1 X127.584 Y76.301 E.02013
G1 X127.781 Y76.909 E.02054
G1 X127.838 Y77.453 E.0176
G1 X127.801 Y77.905 E.01457
G1 X127.546 Y78.909 E.03331
G1 X127.546 Y80.189 E.04118
G1 X127.003 Y79.68 E.02396
G1 X126.737 Y79.761 E.00892
G1 X126.156 Y80.097 E.02159
G1 X125.591 Y80.281 E.0191
G1 X125 Y80.343 E.01911
G1 X124.409 Y80.281 E.01911
G1 X123.844 Y80.097 E.01911
G1 X123.329 Y79.8 E.01911
G1 X122.887 Y79.402 E.01911
G1 X122.565 Y78.96 E.0176
G1 X122.351 Y78.501 E.01628
G1 X122.205 Y77.951 E.01831
G1 X122.173 Y77.36 E.01903
G1 X122.264 Y76.775 E.01903
G1 X122.474 Y76.222 E.01903
G1 X122.722 Y75.79 E.01602
G1 X122.82 Y75.498 E.0099
G1 X122.633 Y75.298 E.00878
G1 X122.392 Y75.469 F9000
;TYPE:Outer wall
G1 F2400
G1 X122.139 Y75.921 E.01667
G1 X121.886 Y76.488 E.01995
G1 X121.744 Y77.158 E.02201
G1 X121.744 Y77.842 E.02201
G1 X121.886 Y78.512 E.02201
G1 X122.165 Y79.137 E.02201
G1 X122.567 Y79.691 E.02201
G1 X123.076 Y80.149 E.02201
G1 X123.668 Y80.491 E.02201
G1 X124.319 Y80.702 E.02201
G1 X125 Y80.774 E.02201
G1 X125.681 Y80.702 E.02201
G1 X126.332 Y80.491 E.02201
G1 X126.952 Y80.132 E.02304
G1 X127.031 Y80.108 E.00266
;WIDTH:0.4875
G1 X127.098 Y80.153 E.00285
;WIDTH:0.525
G1 X127.165 Y80.199 E.00309
;WIDTH:0.5625
G1 X127.233 Y80.244 E.00333
;WIDTH:0.6
G1 X127.3 Y80.29 E.00357
G1 X127.3 Y139.71 E2.61482
;WIDTH:0.60422
G1 X127.298 Y139.755 E.00199
G1 X127.221 Y139.787 E.00371
;WIDTH:0.565665
G1 X127.144 Y139.82 E.00346
;WIDTH:0.52711
G1 X127.067 Y139.852 E.0032
;WIDTH:0.488555
G1 X126.989 Y139.884 E.00295
;WIDTH:0.449999
G1 X126.453 Y139.583 E.0198
G1 X125.916 Y139.368 E.01858
G1 X125.263 Y139.24 E.02142
G1 X124.658 Y139.244 E.01943
G1 X123.988 Y139.386 E.02203
G1 X123.363 Y139.665 E.02201
G1 X122.809 Y140.067 E.02201
G1 X122.351 Y140.576 E.02201
G1 X122.009 Y141.168 E.02201
G1 X121.798 Y141.818 E.02196
G1 X121.73 Y142.58 E.02459
G1 X121.797 Y143.18 E.01943
G1 X122.009 Y143.832 E.02203
G1 X122.369 Y144.454 E.02314
G1 X122.392 Y144.531 E.00257
;WIDTH:0.4875
G1 X122.358 Y144.598 E.00265
;WIDTH:0.525
G1 X122.323 Y144.665 E.00288
;WIDTH:0.5625
G1 X122.289 Y144.733 E.0031
;WIDTH:0.6
G1 X122.254 Y144.8 E.00333
G1 X97.79 Y144.8 E1.07657
G1 X97.744 Y144.733 E.00357
;WIDTH:0.5625
G1 X97.699 Y144.665 E.00333
;WIDTH:0.525
G1 X97.653 Y144.598 E.00309
;WIDTH:0.4875
G1 X97.608 Y144.531 E.00285
;WIDTH:0.449999
G1 X97.861 Y144.079 E.01667
G1 X98.114 Y143.512 E.01995
G1 X98.256 Y142.842 E.02201
G1 X98.256 Y142.158 E.02201
G1 X98.114 Y141.488 E.02201
G1 X97.835 Y140.863 E.02201
G1 X97.433 Y140.309 E.02201
G1 X96.924 Y139.851 E.02201
G1 X96.332 Y139.509 E.02201
G1 X95.681 Y139.298 E.02201
G1 X95 Y139.226 E.02201
G1 X94.319 Y139.298 E.02201
G1 X93.668 Y139.509 E.02201
G1 X93.048 Y139.868 E.02304
G1 X92.969 Y139.892 E.00266
;WIDTH:0.4875
G1 X92.902 Y139.858 E.00265
;WIDTH:0.525
G1 X92.835 Y139.823 E.00288
;WIDTH:0.5625
G1 X92.767 Y139.789 E.0031
;WIDTH:0.6
G1 X92.7 Y139.754 E.00333
G1 X92.7 Y80.29 E2.61675
G1 X92.775 Y80.246 E.00385
;WIDTH:0.5625
G1 X92.851 Y80.201 E.00359
;WIDTH:0.525
G1 X92.926 Y80.157 E.00333
;WIDTH:0.4875
G1 X93.002 Y80.113 E.00307
;WIDTH:0.449999
G1 X93.547 Y80.417 E.02009
G1 X94.084 Y80.632 E.01858
G1 X94.737 Y80.76 E.02142
G1 X95.342 Y80.756 E.01943
G1 X96.012 Y80.614 E.02203
G1 X96.637 Y80.335 E.02201
G1 X97.19 Y79.934 E.02196
G1 X97.692 Y79.358 E.02459
G1 X97.991 Y78.832 E.01943
G1 X98.202 Y78.181 E.02203
G1 X98.274 Y77.5 E.02201
G1 X98.202 Y76.819 E.02201
G1 X97.991 Y76.168 E.02201
G1 X97.632 Y75.548 E.02304
G1 X97.608 Y75.469 E.00266
;WIDTH:0.499999
G1 X97.654 Y75.379 E.00364
;WIDTH:0.549999
G1 X97.7 Y75.29 E.00404
;WIDTH:0.599998
G1 X97.746 Y75.2 E.00444
G1 X122.21 Y75.2 E1.07656
G1 X122.271 Y75.29 E.00476
;WIDTH:0.549999
G1 X122.331 Y75.379 E.00434
;WIDTH:0.499999
G1 X122.37 Y75.436 E.00246
G1 E-2.8 F3600
;WIPE_START
G1 F2400
G1 X122.139 Y75.921 E-.64509
G1 X121.951 Y76.344 E-.55491
;WIPE_END
G1 Z6.2 F9000
G1 X92.488 Y144.738 Z6.2
G1 Z5.8
G1 E4 F2400
;WIDTH:0.449999
G1 X92.292 Y144.489 E.01018
G1 X91.887 Y143.513 E.03398
G1 X91.744 Y142.842 E.02207
G1 X91.744 Y142.249 E.01906
G1 X91.844 Y141.686 E.01841
G1 X92.013 Y141.156 E.01786
G1 X92.025 Y140.901 E.00823
;WIDTH:0.488555
G1 X92.044 Y140.635 E.00938
;WIDTH:0.52711
G1 X92.063 Y140.369 E.0102
;WIDTH:0.565666
G1 X92.081 Y140.103 E.01101
;WIDTH:0.604221
G1 X92.1 Y139.837 E.01182
G1 X92.1 Y80.29 E2.64026
;WIDTH:0.6
G1 X92.077 Y79.924 E.0161
M73 P90 R4
;WIDTH:0.5625
G1 X92.054 Y79.559 E.01502
;WIDTH:0.525
G1 X92.031 Y79.194 E.01393
;WIDTH:0.4875
G1 X92.008 Y78.829 E.01285
;WIDTH:0.449999
G1 X91.798 Y78.181 E.02192
G1 X91.736 Y77.592 E.01905
G1 X91.773 Y77.05 E.01744
G1 X91.869 Y76.598 E.01487
G1 X92.047 Y76.07 E.01792
G1 X92.314 Y75.494 E.02042
G1 X92.614 Y75.106 E.01576
G1 X93.011 Y74.792 E.01627
G1 X93.987 Y74.387 E.03398
G1 X94.491 Y74.279 E.01658
G1 X94.995 Y74.226 E.01631
G1 X95.681 Y74.298 E.02216
G1 X96.353 Y74.516 E.02272
G1 X96.599 Y74.525 E.00794
;WIDTH:0.488554
G1 X96.865 Y74.544 E.00938
;WIDTH:0.527109
G1 X97.131 Y74.563 E.0102
;WIDTH:0.565664
G1 X97.397 Y74.581 E.01101
;WIDTH:0.604219
G1 X97.663 Y74.6 E.01182
G1 X122.21 Y74.6 E1.0884
;WIDTH:0.599998
G1 X122.698 Y74.569 E.02149
;WIDTH:0.549999
G1 X123.185 Y74.539 E.01956
;WIDTH:0.499999
G1 X123.673 Y74.508 E.01763
;WIDTH:0.449999
G1 X124.258 Y74.318 E.01979
G1 X124.652 Y74.244 E.01291
G1 X125.251 Y74.244 E.01923
G1 X125.814 Y74.344 E.01841
G1 X126.183 Y74.458 E.0124
G1 X126.886 Y74.75 E.0245
G1 X127.242 Y74.976 E.01354
G1 X127.532 Y75.267 E.01322
G1 X127.773 Y75.645 E.01441
G1 X127.987 Y76.156 E.01781
G1 X128.202 Y76.819 E.02243
G1 X128.274 Y77.5 E.02201
G1 X128.202 Y78.181 E.02201
G1 X127.984 Y78.853 E.02272
G1 X127.975 Y79.099 E.00794
;WIDTH:0.4875
G1 X127.956 Y79.397 E.01047
;WIDTH:0.525
G1 X127.938 Y79.694 E.01136
;WIDTH:0.5625
G1 X127.919 Y79.992 E.01224
;WIDTH:0.6
G1 X127.9 Y80.29 E.01312
G1 X127.9 Y139.837 E2.62041
G1 X127.924 Y140.173 E.01482
;WIDTH:0.5625
G1 X127.947 Y140.509 E.01382
;WIDTH:0.525
G1 X127.971 Y140.845 E.01282
;WIDTH:0.4875
G1 X127.995 Y141.181 E.01182
;WIDTH:0.449999
G1 X128.174 Y141.731 E.01863
G1 X128.221 Y141.995 E.00861
G1 X128.264 Y142.592 E.01923
G1 X128.212 Y143.089 E.01609
G1 X128.097 Y143.505 E.01388
G1 X127.881 Y144.11 E.02066
G1 X127.646 Y144.576 E.01677
G1 X127.386 Y144.894 E.01321
G1 X126.989 Y145.208 E.01626
G1 X126.013 Y145.613 E.03398
G1 X125.342 Y145.756 E.02206
G1 X124.75 Y145.756 E.01904
G1 X124.216 Y145.662 E.01745
G1 X123.656 Y145.487 E.01884
G1 X123.401 Y145.475 E.00822
;WIDTH:0.488555
G1 X123.135 Y145.456 E.00939
;WIDTH:0.52711
G1 X122.869 Y145.438 E.0102
;WIDTH:0.565666
G1 X122.603 Y145.419 E.01101
;WIDTH:0.604221
G1 X122.337 Y145.4 E.01182
G1 X97.79 Y145.4 E1.08841
;WIDTH:0.6
G1 X97.424 Y145.423 E.01612
;WIDTH:0.5625
G1 X97.059 Y145.446 E.01503
;WIDTH:0.525
G1 X96.693 Y145.469 E.01395
;WIDTH:0.4875
G1 X96.327 Y145.492 E.01286
;WIDTH:0.449999
G1 X95.681 Y145.702 E.02187
G1 X95 Y145.774 E.02201
G1 X94.41 Y145.712 E.01906
G1 X93.86 Y145.553 E.01841
G1 X93.337 Y145.36 E.01796
G1 X92.924 Y145.146 E.01494
G1 X92.606 Y144.886 E.01322
G1 X92.513 Y144.769 E.00479
G1 E-2.8 F3600
;WIPE_START
G1 F2400
G1 X92.292 Y144.489 E-.42801
G1 X92.045 Y143.895 E-.77199
;WIPE_END
G1 Z6.2 F9000
G1 X93.53 Y140.602 Z6.2
G1 Z5.8
G1 E4 F2400
;TYPE:Internal solid infill
;WIDTH:0.514034
G1 F3000
G1 X93.361 Y140.639 E.00643
;WIDTH:0.477409
G1 X93.192 Y140.675 E.00593
;WIDTH:0.431099
G1 X93.023 Y140.712 E.0053
G1 X92.846 Y140.634 E.00595
;WIDTH:0.435174
G1 X92.858 Y140.895 E.00811
;WIDTH:0.46058
G1 X92.87 Y141.157 E.00864
;WIDTH:0.492036
G1 X92.876 Y141.257 E.00356
;WIDTH:0.529543
G1 X92.883 Y141.357 E.00385
;WIDTH:0.527326
G1 X92.997 Y141.229 E.00656
;WIDTH:0.485384
G1 X93.111 Y141.101 E.00599
;WIDTH:0.443442
G1 X93.225 Y140.973 E.00543
;WIDTH:0.440784
G1 X93.318 Y140.86 E.00461
;WIDTH:0.477409
G1 X93.411 Y140.746 E.00503
;WIDTH:0.495721
G1 X93.504 Y140.633 E.00524
G1 X93.53 Y140.602 F9000
;WIDTH:0.531817
G1 F3000
G1 X94.03 Y140.32 E.02218
G1 X94.503 Y140.167 E.0192
G1 X95.024 Y140.11 E.02026
G1 X95.497 Y140.161 E.01837
G1 X95.973 Y140.315 E.01931
G1 X96.406 Y140.565 E.01931
G1 X96.773 Y140.904 E.01928
G1 X97.076 Y141.301 E.01931
G1 X97.28 Y141.759 E.01935
G1 X97.384 Y142.249 E.01935
G1 X97.384 Y142.751 E.01935
G1 X97.28 Y143.241 E.01936
G1 X97.06 Y143.728 E.02065
;WIDTH:0.542095
G1 X96.947 Y143.895 E.00795
;WIDTH:0.557268
G1 X96.834 Y144.062 E.00819
G1 X96.812 Y144.095 F9000
;WIDTH:0.570198
G1 F3000
G1 X96.638 Y144.219 E.00889
;WIDTH:0.535365
G1 X96.464 Y144.343 E.0083
;WIDTH:0.512839
G1 X96.29 Y144.467 E.00792
G1 X96.119 Y144.64 E.00906
;WIDTH:0.54224
G1 X96.353 Y144.643 E.00926
;WIDTH:0.49851
G1 X96.588 Y144.646 E.00845
;WIDTH:0.444264
G1 X96.861 Y144.649 E.00864
G1 X96.784 Y144.45 E.00677
;WIDTH:0.455409
G1 X96.79 Y144.371 E.00257
;WIDTH:0.493182
G1 X96.796 Y144.292 E.00281
;WIDTH:0.530955
G1 X96.803 Y144.214 E.00304
;WIDTH:0.549841
G1 X96.809 Y144.135 E.00316
G1 X96.119 Y144.64 F9000
;WIDTH:0.54199
G1 F3000
G1 X95.5 Y144.838 E.0256
G1 X95 Y144.887 E.01982
G1 X94.504 Y144.835 E.01968
G1 X94 Y144.678 E.0208
;WIDTH:0.549274
G1 X93.758 Y144.555 E.01087
;WIDTH:0.588449
G1 X93.516 Y144.431 E.01172
;WIDTH:0.61652
G1 X93.14 Y144.086 E.02312
;WIDTH:0.60155
G1 X93.015 Y143.865 E.0112
;WIDTH:0.554641
G1 X92.89 Y143.644 E.01026
;WIDTH:0.524269
G1 X92.716 Y143.224 E.01726
G1 X92.615 Y142.725 E.01935
G1 X92.621 Y142.225 E.01904
G1 X92.73 Y141.725 E.01944
G1 X92.84 Y141.43 E.01197
G1 E-2.8 F3600
;WIPE_START
G1 F3000
G1 X92.73 Y141.725 E-.37778
G1 X92.621 Y142.225 E-.61361
G1 X92.619 Y142.399 E-.20861
;WIPE_END
G1 Z6.2 F9000
G1 X123.156 Y144.049 Z6.2
G1 Z5.8
G1 E4 F2400
;WIDTH:0.533579
G1 F3000
G1 X122.815 Y143.472 E.02597
G1 X122.66 Y142.994 E.0195
G1 X122.611 Y142.57 E.01655
G1 X122.664 Y141.995 E.02238
G1 X122.815 Y141.527 E.01904
G1 X123.065 Y141.094 E.01938
G1 X123.4 Y140.723 E.01938
G1 X123.804 Y140.429 E.01938
G1 X124.264 Y140.234 E.01934
G1 X124.753 Y140.124 E.01942
G1 X125.307 Y140.131 E.02147
G1 X125.771 Y140.233 E.01844
G1 X126.229 Y140.44 E.01948
;WIDTH:0.526958
G1 X126.514 Y140.622 E.01292
G1 E-3.59454 F3600
;WIPE_START
G1 F3000
G1 X126.229 Y140.44 E-.40546
;WIPE_END
G1 Z6.2 F9000
G1 X123.156 Y144.049 Z6.2
G1 Z5.8
G1 E4 F2400
;WIDTH:0.528178
G1 F3000
G1 X123.175 Y144.191 E.00548
;WIDTH:0.487638
G1 X123.195 Y144.333 E.00503
;WIDTH:0.44475
G1 X123.214 Y144.474 E.00454
G1 X123.139 Y144.652 E.00611
G1 X123.701 Y144.638 E.01785
;WIDTH:0.494043
G1 X123.827 Y144.656 E.00455
;WIDTH:0.534644
G1 X123.954 Y144.673 E.00495
;WIDTH:0.533592
G1 X123.814 Y144.555 E.00709
;WIDTH:0.490886
G1 X123.675 Y144.437 E.00647
;WIDTH:0.448181
G1 X123.535 Y144.318 E.00586
;WIDTH:0.447098
G1 X123.42 Y144.236 E.00452
;WIDTH:0.487638
G1 X123.304 Y144.154 E.00497
;WIDTH:0.507908
G1 X123.189 Y144.072 E.0052
G1 E-3.83011 F3600
;WIPE_START
G1 F3000
G1 X123.304 Y144.154 E-.16989
;WIPE_END
G1 Z6.2 F9000
G1 X127.228 Y141.621 Z6.2
G1 Z5.8
G1 E4 F2400
;WIDTH:0.515654
G1 F3000
G1 X127.373 Y142.218 E.02292
G1 X127.379 Y142.725 E.01896
G1 X127.274 Y143.238 E.01953
;WIDTH:0.525073
G1 X127.162 Y143.506 E.01107
;WIDTH:0.555931
G1 X127.05 Y143.774 E.01178
;WIDTH:0.587839
G1 X126.882 Y144.013 E.01259
;WIDTH:0.620796
G1 X126.714 Y144.253 E.01335
;WIDTH:0.612505
G1 X126.453 Y144.419 E.01392
;WIDTH:0.562966
G1 X126.192 Y144.586 E.01271
;WIDTH:0.526179
G1 X125.724 Y144.784 E.0194
G1 X125.226 Y144.885 E.01941
G1 X124.671 Y144.867 E.0212
G1 X123.991 Y144.687 E.02683
G1 E-2.8 F3600
;WIPE_START
G1 F3000
G1 X124.671 Y144.867 E-.84327
G1 X124.968 Y144.876 E-.35673
;WIPE_END
G1 Z6.2 F9000
G1 X126.548 Y140.644 Z6.2
G1 Z5.8
G1 E4 F2400
;WIDTH:0.542244
G1 F3000
G1 X126.651 Y140.787 E.00696
;WIDTH:0.494369
G1 X126.754 Y140.93 E.00629
;WIDTH:0.446493
G1 X126.857 Y141.073 E.00563
;WIDTH:0.441454
G1 X126.981 Y141.256 E.00694
;WIDTH:0.479251
G1 X127.105 Y141.439 E.0076
;WIDTH:0.517048
G1 X127.228 Y141.621 E.00826
G1 X127.203 Y141.413 E.00786
;WIDTH:0.479251
G1 X127.179 Y141.204 E.00724
;WIDTH:0.427616
G1 X127.154 Y140.996 E.00638
G1 X127.154 Y140.635 E.01098
G1 X126.954 Y140.709 E.00647
;WIDTH:0.443576
G1 X126.834 Y140.693 E.00384
;WIDTH:0.485616
G1 X126.714 Y140.677 E.00424
;WIDTH:0.527657
G1 X126.594 Y140.66 E.00464
;WIDTH:0.548677
G1 X126.585 Y140.657 E.00037
G1 E-3.98884 F3600
;WIPE_START
G1 F3000
G1 X126.594 Y140.66 E-.01116
;WIPE_END
G1 Z6.2 F9000
G1 X124.143 Y75.264 Z6.2
G1 Z5.8
G1 E4 F2400
;WIDTH:0.516089
G1 F3000
G1 X123.975 Y75.292 E.00638
;WIDTH:0.48055
G1 X123.807 Y75.32 E.0059
;WIDTH:0.430658
G1 X123.638 Y75.348 E.00522
G1 X123.134 Y75.349 E.01546
G1 X123.212 Y75.546 E.0065
;WIDTH:0.446911
G1 X123.191 Y75.671 E.00404
;WIDTH:0.486247
G1 X123.17 Y75.796 E.00443
;WIDTH:0.525583
G1 X123.15 Y75.921 E.00483
;WIDTH:0.554323
G1 X123.132 Y75.971 E.00217
;WIDTH:0.540702
G1 X123.299 Y75.845 E.00824
;WIDTH:0.495318
G1 X123.466 Y75.718 E.00749
;WIDTH:0.449934
G1 X123.633 Y75.592 E.00674
;WIDTH:0.444874
G1 X123.792 Y75.49 E.006
;WIDTH:0.480137
G1 X123.951 Y75.388 E.00652
;WIDTH:0.497769
G1 X124.11 Y75.286 E.00679
G1 X124.146 Y75.263 F9000
;WIDTH:0.526158
G1 F3000
G1 X124.702 Y75.123 E.02189
G1 X125.223 Y75.118 E.01989
G1 X125.724 Y75.216 E.01949
G1 X126.186 Y75.411 E.01913
;WIDTH:0.559008
G1 X126.388 Y75.527 E.00951
;WIDTH:0.610123
G1 X126.59 Y75.644 E.01046
G1 X126.963 Y76.063 E.02513
;WIDTH:0.577138
G1 X127.092 Y76.349 E.01321
;WIDTH:0.516651
G1 X127.22 Y76.634 E.01172
G1 X127.373 Y77.218 E.02258
G1 X127.379 Y77.725 E.019
G1 X127.274 Y78.239 E.01962
G1 X127.146 Y78.58 E.01365
G1 X126.318 Y79.492 F9000
;WIDTH:0.496659
G1 F3000
G1 X126.626 Y79.394 E.01156
;WIDTH:0.441793
G1 X126.933 Y79.296 E.01017
G1 X127.118 Y79.339 E.00598
G1 X127.154 Y79.373 E.00157
G1 X127.131 Y78.843 E.0167
;WIDTH:0.489824
G1 X127.129 Y78.737 E.00377
;WIDTH:0.525537
G1 X127.128 Y78.63 E.00407
;WIDTH:0.523242
G1 X127.012 Y78.76 E.0066
;WIDTH:0.482938
G1 X126.897 Y78.89 E.00604
;WIDTH:0.442635
G1 X126.782 Y79.02 E.00549
;WIDTH:0.446911
G1 X126.564 Y79.242 E.00991
;WIDTH:0.471339
G1 X126.346 Y79.463 E.01051
G1 X126.314 Y79.494 F9000
;WIDTH:0.515679
G1 F3000
G1 X125.769 Y79.762 E.02268
G1 X125.274 Y79.874 E.01896
G1 X124.75 Y79.878 E.01957
G1 X124.238 Y79.765 E.01957
G1 X123.786 Y79.559 E.01855
G1 X123.451 Y79.319 E.01539
G1 X123.085 Y78.929 E.01999
G1 X122.776 Y78.369 E.02386
G1 X122.622 Y77.783 E.02263
G1 X122.615 Y77.274 E.019
G1 X122.714 Y76.784 E.0187
G1 X122.923 Y76.304 E.01954
;WIDTH:0.523868
G1 X123.11 Y76.005 E.01339
G1 E-3.57709 F3600
;WIPE_START
G1 F3000
G1 X122.923 Y76.304 E-.42291
;WIPE_END
G1 Z6.2 F9000
G1 X96.862 Y75.994 Z6.2
G1 Z5.8
G1 E4 F2400
;WIDTH:0.537594
G1 F3000
G1 X96.836 Y75.839 E.00616
;WIDTH:0.495463
G1 X96.81 Y75.683 E.00563
;WIDTH:0.449522
G1 X96.783 Y75.528 E.00506
G1 X96.856 Y75.351 E.00614
G1 X96.343 Y75.372 E.01648
;WIDTH:0.493909
G1 X96.237 Y75.372 E.0038
;WIDTH:0.527103
G1 X96.13 Y75.372 E.00408
;WIDTH:0.525128
G1 X96.265 Y75.497 E.00699
;WIDTH:0.487983
G1 X96.399 Y75.622 E.00645
;WIDTH:0.450838
G1 X96.534 Y75.747 E.00592
;WIDTH:0.453331
G1 X96.633 Y75.821 E.00401
;WIDTH:0.495463
G1 X96.731 Y75.896 E.00442
;WIDTH:0.516529
G1 X96.83 Y75.97 E.00462
G1 X96.862 Y75.994 F9000
;WIDTH:0.532793
G1 F3000
G1 X97.185 Y76.528 E.02415
G1 X97.339 Y77.003 E.01932
G1 X97.391 Y77.5 E.01935
G1 X97.339 Y77.997 E.01935
G1 X97.183 Y78.476 E.01948
G1 X96.974 Y78.848 E.01653
G1 X96.59 Y79.279 E.02232
G1 X96.195 Y79.569 E.01899
G1 X95.741 Y79.78 E.01936
G1 X95.247 Y79.885 E.01953
G1 X94.782 Y79.883 E.018
G1 X94.281 Y79.784 E.01977
G1 X93.804 Y79.576 E.02012
G1 X93.511 Y79.383 E.01356
G1 X92.88 Y78.62 F9000
;WIDTH:0.539908
G1 F3000
G1 X92.661 Y77.997 E.02592
G1 X92.609 Y77.5 E.01963
G1 X92.661 Y77.003 E.01963
G1 X92.841 Y76.455 E.02265
;WIDTH:0.560516
G1 X92.99 Y76.183 E.01266
;WIDTH:0.618527
G1 X93.139 Y75.912 E.01408
G1 X93.466 Y75.607 E.02032
;WIDTH:0.612834
G1 X93.65 Y75.51 E.00941
;WIDTH:0.575322
G1 X93.835 Y75.412 E.00879
;WIDTH:0.522294
G1 X94.02 Y75.315 E.00791
G1 X94.776 Y75.115 E.02959
G1 X95.274 Y75.126 E.01888
G1 X95.76 Y75.234 E.01883
G1 X96.08 Y75.354 E.01298
G1 E-2.8 F3600
;WIPE_START
G1 F3000
G1 X95.76 Y75.234 E-.41146
G1 X95.274 Y75.126 E-.59659
G1 X95.114 Y75.122 E-.19194
;WIPE_END
G1 Z6.2 F9000
G1 X93.478 Y79.361 Z6.2
G1 Z5.8
G1 E4 F2400
;WIDTH:0.525066
G1 F3000
G1 X93.382 Y79.228 E.00625
;WIDTH:0.487565
G1 X93.286 Y79.095 E.00576
;WIDTH:0.450064
G1 X93.191 Y78.962 E.00528
;WIDTH:0.454028
G1 X93.087 Y78.848 E.005
;WIDTH:0.499458
G1 X92.983 Y78.734 E.00555
;WIDTH:0.544887
G1 X92.88 Y78.62 E.0061
G1 X92.87 Y78.854 E.00928
;WIDTH:0.499458
G1 X92.861 Y79.088 E.00844
;WIDTH:0.442572
G1 X92.851 Y79.364 E.00873
G1 X93.03 Y79.284 E.00619
;WIDTH:0.450064
G1 X93.166 Y79.307 E.00445
;WIDTH:0.487565
G1 X93.302 Y79.331 E.00485
;WIDTH:0.506315
G1 X93.438 Y79.354 E.00506
; stop printing object Remote75T.stl id:0 copy 0
M106 S125
;LAYER_CHANGE
;Z:6
;HEIGHT:0.2
;BEFORE_LAYER_CHANGE
;6
G92 E0

G1 E-3.83415 F3600
;WIPE_START
G1 F3000
G1 X93.302 Y79.331 E-.16585
;WIPE_END
;_SET_FAN_SPEED_CHANGING_LAYER
; printing object Remote75T.stl id:0 copy 0
G1 Z6.4 F9000
G1 X123.844 Y80.097 Z6.4
G1 Z6
G1 E4 F2400
;TYPE:Inner wall
;WIDTH:0.449999
G1 X123.329 Y79.8 E.01911
G1 X122.886 Y79.401 E.01917
G1 X122.572 Y78.975 E.01703
G1 X122.316 Y78.419 E.01966
G1 X122.205 Y77.951 E.0155
G1 X122.173 Y77.36 E.01903
G1 X122.264 Y76.775 E.01903
G1 X122.474 Y76.222 E.01903
G1 X122.722 Y75.79 E.01602
G1 X122.82 Y75.498 E.0099
G1 X122.311 Y74.954 E.02396
G1 X123.401 Y74.954 E.03507
G1 X123.78 Y74.924 E.01222
G1 X124.39 Y74.725 E.02064
G1 X124.692 Y74.672 E.00985
G1 X125.199 Y74.671 E.01631
G1 X125.769 Y74.777 E.01865
G1 X126.271 Y74.945 E.01703
G1 X126.792 Y75.185 E.01843
G1 X127.058 Y75.388 E.01075
G1 X127.296 Y75.673 E.01193
G1 X127.712 Y76.658 E.03439
G1 X127.827 Y77.249 E.01938
G1 X127.827 Y77.64 E.01257
G1 X127.736 Y78.225 E.01903
G1 X127.587 Y78.69 E.0157
G1 X127.546 Y78.909 E.00716
G1 X127.546 Y80.189 E.04118
G1 X127.003 Y79.68 E.02396
G1 X126.737 Y79.761 E.00892
G1 X126.156 Y80.097 E.02159
G1 X125.591 Y80.281 E.0191
G1 X125 Y80.343 E.01911
G1 X124.409 Y80.281 E.01911
G1 X123.882 Y80.11 E.01783
G1 E-2.8 F3600
;WIPE_START
G1 F2400
G1 X123.329 Y79.8 E-.76025
G1 X123.057 Y79.555 E-.43975
;WIPE_END
G1 Z6.4 F9000
G1 X125.975 Y75.83 Z6.4
G1 Z6
G1 E4 F2400
G1 X126.117 Y75.906 E.00515
G1 X126.397 Y76.143 E.0118
G1 X126.615 Y76.405 E.01099
G1 X126.816 Y76.794 E.01408
G1 X126.943 Y77.296 E.01664
G1 X126.933 Y77.767 E.01517
G1 X126.835 Y78.163 E.01312
G1 X126.605 Y78.603 E.01596
G1 X126.383 Y78.873 E.01122
G1 X125.977 Y79.192 E.0166
G1 X125.542 Y79.375 E.01518
G1 X125.14 Y79.446 E.01312
G1 X124.733 Y79.433 E.01312
G1 X124.337 Y79.335 E.01312
G1 X123.945 Y79.138 E.01409
G1 X123.547 Y78.806 E.01667
G1 X123.279 Y78.42 E.01511
G1 X123.125 Y78.042 E.01312
G1 X123.054 Y77.64 E.01312
G1 X123.067 Y77.233 E.01312
G1 X123.165 Y76.837 E.01312
G1 X123.343 Y76.47 E.01312
G1 X123.593 Y76.147 E.01312
G1 X123.905 Y75.885 E.01312
G1 X124.303 Y75.681 E.01437
G1 X124.791 Y75.56 E.01617
G1 X125.267 Y75.567 E.01532
G1 X125.663 Y75.665 E.01312
G1 X125.94 Y75.812 E.01007
G1 X125.776 Y76.206 F9000
;TYPE:Outer wall
G1 F2400
G1 X125.865 Y76.252 E.00322
G1 X126.222 Y76.589 E.01577
G1 X126.422 Y76.98 E.01412
G1 X126.518 Y77.36 E.0126
G1 X126.514 Y77.678 E.01025
G1 X126.444 Y77.989 E.01025
G1 X126.258 Y78.351 E.01308
G1 X126.113 Y78.54 E.00764
G1 X125.746 Y78.83 E.01506
G1 X125.316 Y78.985 E.0147
G1 X124.841 Y79.017 E.01531
G1 X124.383 Y78.887 E.01531
G1 X124.148 Y78.751 E.00873
G1 X123.854 Y78.506 E.01229
G1 X123.67 Y78.246 E.01024
G1 X123.544 Y77.953 E.01025
G1 X123.482 Y77.64 E.01025
G1 X123.486 Y77.322 E.01025
G1 X123.556 Y77.011 E.01025
G1 X123.689 Y76.721 E.01025
G1 X123.88 Y76.466 E.01025
G1 X124.119 Y76.256 E.01025
G1 X124.409 Y76.097 E.01062
G1 X124.888 Y75.981 E.01584
G1 X125.308 Y76.014 E.01355
G1 X125.489 Y76.056 E.006
G1 X125.741 Y76.187 E.00912
G1 E-2.8 F3600
;WIPE_START
G1 F2400
G1 X125.865 Y76.252 E-.16813
G1 X126.222 Y76.589 E-.58868
G1 X126.39 Y76.917 E-.44319
;WIPE_END
G1 Z6.4 F9000
G1 X97.84 Y77.437 Z6.4
G1 Z6
G1 E4 F2400
;TYPE:Inner wall
G1 X97.78 Y78.095 E.02126
G1 X97.597 Y78.658 E.01903
G1 X97.334 Y79.118 E.01703
G1 X96.899 Y79.615 E.02125
G1 X96.422 Y79.962 E.01898
G1 X95.878 Y80.204 E.01912
G1 X95.296 Y80.328 E.01916
G1 X94.766 Y80.331 E.01703
G1 X94.166 Y80.212 E.01966
G1 X93.722 Y80.026 E.01547
G1 X93.29 Y79.778 E.01605
G1 X92.997 Y79.68 E.0099
G1 X92.454 Y80.189 E.02396
G1 X92.454 Y79.099 E.03506
G1 X92.424 Y78.72 E.01223
G1 X92.219 Y78.091 E.02127
G1 X92.157 Y77.5 E.01911
G1 X92.214 Y76.956 E.0176
G1 X92.345 Y76.522 E.01457
G1 X92.6 Y75.865 E.02266
G1 X92.915 Y75.412 E.01773
G1 X93.264 Y75.153 E.01398
G1 X93.801 Y74.916 E.01888
G1 X94.364 Y74.734 E.01901
G1 X94.846 Y74.673 E.01564
G1 X95.405 Y74.7 E.01799
G1 X96.409 Y74.954 E.0333
G1 X97.607 Y74.954 E.03854
G1 X97.18 Y75.497 E.02224
G1 X97.261 Y75.763 E.00892
G1 X97.597 Y76.344 E.02159
G1 X97.781 Y76.911 E.01916
G1 X97.835 Y77.397 E.01574
G1 E-2.8 F3600
;WIPE_START
G1 F2400
G1 X97.78 Y78.095 E-.84028
G1 X97.687 Y78.38 E-.35972
;WIPE_END
G1 Z6.4 F9000
G1 X93.109 Y77.95 Z6.4
G1 Z6
G1 E4 F2400
G1 X93.054 Y77.64 E.0101
G1 X93.067 Y77.233 E.01312
G1 X93.165 Y76.837 E.01312
G1 X93.388 Y76.407 E.01558
G1 X93.723 Y76.03 E.0162
G1 X93.905 Y75.885 E.00749
G1 X94.303 Y75.681 E.01437
G1 X94.823 Y75.556 E.01719
G1 X95.267 Y75.567 E.01431
G1 X95.663 Y75.665 E.01311
G1 X96.103 Y75.895 E.01596
G1 X96.372 Y76.117 E.01121
G1 X96.692 Y76.523 E.01662
G1 X96.875 Y76.958 E.01519
G1 X96.946 Y77.441 E.01571
G1 X96.902 Y77.912 E.0152
G1 X96.777 Y78.294 E.01295
G1 X96.609 Y78.596 E.01111
G1 X96.297 Y78.951 E.0152
G1 X95.991 Y79.169 E.01209
G1 X95.542 Y79.375 E.01587
G1 X95.14 Y79.446 E.01312
G1 X94.733 Y79.433 E.01312
G1 X94.337 Y79.335 E.01312
G1 X93.945 Y79.138 E.01409
G1 X93.508 Y78.758 E.01864
G1 X93.268 Y78.396 E.01395
G1 X93.125 Y78.042 E.01227
G1 X93.116 Y77.989 E.00173
G1 X93.535 Y77.872 F9000
;TYPE:Outer wall
G1 F2400
G1 X93.515 Y77.815 E.00193
G1 X93.483 Y77.341 E.01531
G1 X93.556 Y77.011 E.01086
G1 X93.735 Y76.659 E.0127
G1 X94.01 Y76.349 E.01332
G1 X94.409 Y76.097 E.01517
G1 X94.888 Y75.981 E.01584
G1 X95.315 Y76.015 E.01381
G1 X95.749 Y76.172 E.01484
G1 X96.039 Y76.386 E.01159
G1 X96.33 Y76.754 E.01507
G1 X96.485 Y77.187 E.0148
G1 X96.517 Y77.657 E.01514
G1 X96.385 Y78.12 E.01548
G1 X96.135 Y78.519 E.01514
G1 X95.796 Y78.788 E.01392
G1 X95.453 Y78.956 E.01228
G1 X95.14 Y79.018 E.01025
G1 X94.822 Y79.014 E.01025
G1 X94.511 Y78.944 E.01025
G1 X94.215 Y78.805 E.01052
G1 X93.854 Y78.505 E.01509
G1 X93.66 Y78.221 E.01105
G1 X93.549 Y77.91 E.01064
G1 E-2.8 F3600
;WIPE_START
G1 F2400
G1 X93.515 Y77.815 E-.12014
G1 X93.483 Y77.341 E-.57121
G1 X93.556 Y77.011 E-.40525
G1 X93.595 Y76.934 E-.1034
;WIPE_END
G1 Z6.4 F9000
G1 X96.156 Y139.903 Z6.4
G1 Z6
G1 E4 F2400
;TYPE:Inner wall
G1 X96.671 Y140.2 E.01911
G1 X97.114 Y140.599 E.01918
G1 X97.428 Y141.025 E.01702
G1 X97.684 Y141.581 E.01966
G1 X97.795 Y142.049 E.0155
G1 X97.827 Y142.64 E.01903
G1 X97.736 Y143.225 E.01903
G1 X97.526 Y143.777 E.019
G1 X97.278 Y144.21 E.01606
G1 X97.18 Y144.503 E.0099
G1 X97.689 Y145.046 E.02396
G1 X96.599 Y145.046 E.03506
G1 X96.22 Y145.076 E.01223
G1 X95.636 Y145.266 E.01976
G1 X95.133 Y145.329 E.01628
G1 X94.62 Y145.303 E.01652
G1 X94.26 Y145.232 E.01181
G1 X93.756 Y145.065 E.01707
G1 X93.23 Y144.827 E.01856
G1 X92.896 Y144.557 E.01381
G1 X92.6 Y144.138 E.01653
G1 X92.445 Y143.771 E.01278
G1 X92.261 Y143.235 E.01824
G1 X92.172 Y142.68 E.01807
G1 X92.199 Y142.095 E.01882
G1 X92.454 Y141.091 E.03331
G1 X92.454 Y139.893 E.03854
G1 X92.997 Y140.32 E.02224
G1 X93.263 Y140.239 E.00892
G1 X93.844 Y139.903 E.02159
G1 X94.409 Y139.719 E.0191
G1 X95 Y139.657 E.01911
G1 X95.591 Y139.719 E.01911
G1 X96.118 Y139.89 E.01783
G1 E-2.8 F3600
;WIPE_START
G1 F2400
G1 X96.671 Y140.2 E-.76023
G1 X96.943 Y140.445 E-.43977
;WIPE_END
G1 Z6.4 F9000
G1 X93.058 Y142.515 Z6.4
G1 Z6
G1 E4 F2400
G1 X93.067 Y142.233 E.00908
G1 X93.165 Y141.837 E.01312
G1 X93.395 Y141.397 E.01596
G1 X93.593 Y141.147 E.01024
G1 X93.905 Y140.885 E.01312
G1 X94.303 Y140.681 E.01437
G1 X94.823 Y140.556 E.01719
G1 X95.267 Y140.567 E.01431
G1 X95.663 Y140.665 E.01312
G1 X96.03 Y140.843 E.01312
G1 X96.372 Y141.117 E.01408
G1 X96.718 Y141.572 E.01839
G1 X96.875 Y141.958 E.01339
G1 X96.946 Y142.36 E.01312
G1 X96.933 Y142.767 E.01312
G1 X96.835 Y143.163 E.01312
G1 X96.638 Y143.554 E.01408
G1 X96.258 Y143.992 E.01866
G1 X95.896 Y144.232 E.01396
G1 X95.542 Y144.375 E.01227
G1 X95.11 Y144.445 E.01408
G1 X94.594 Y144.411 E.01664
G1 X94.148 Y144.256 E.01517
G1 X93.735 Y143.98 E.01596
G1 X93.508 Y143.758 E.01024
G1 X93.242 Y143.336 E.01602
G1 X93.125 Y143.042 E.01018
G1 X93.054 Y142.64 E.01312
G1 X93.056 Y142.555 E.00275
G1 X93.485 Y142.529 F9000
;TYPE:Outer wall
G1 F2400
G1 X93.482 Y142.508 E.00067
G1 X93.549 Y142.029 E.01557
G1 X93.742 Y141.649 E.01369
G1 X93.88 Y141.466 E.00737
G1 X94.119 Y141.256 E.01025
G1 X94.409 Y141.097 E.01062
G1 X94.888 Y140.981 E.01584
G1 X95.316 Y141.015 E.01381
G1 X95.489 Y141.056 E.00573
G1 X95.892 Y141.272 E.0147
G1 X96.096 Y141.456 E.00884
G1 X96.33 Y141.754 E.01217
G1 X96.456 Y142.047 E.01025
G1 X96.518 Y142.36 E.01025
G1 X96.514 Y142.678 E.01025
G1 X96.444 Y142.989 E.01025
G1 X96.305 Y143.285 E.01051
G1 X96.005 Y143.646 E.0151
G1 X95.721 Y143.84 E.01105
G1 X95.315 Y143.985 E.01386
G1 X95.045 Y144.013 E.00873
G1 X94.664 Y143.987 E.01228
G1 X94.363 Y143.885 E.01025
G1 X94.022 Y143.662 E.01308
G1 X93.741 Y143.35 E.0135
G1 X93.544 Y142.953 E.01425
G1 X93.491 Y142.569 E.01248
G1 E-2.8 F3600
;WIPE_START
G1 F2400
G1 X93.482 Y142.508 E-.07311
G1 X93.549 Y142.029 E-.58108
G1 X93.742 Y141.649 E-.51082
G1 X93.76 Y141.626 E-.03499
;WIPE_END
G1 Z6.4 F9000
G1 X124.704 Y139.672 Z6.4
G1 Z6
G1 E4 F2400
;TYPE:Inner wall
G1 X125.234 Y139.669 E.01703
G1 X125.834 Y139.788 E.01966
G1 X126.278 Y139.974 E.0155
G1 X126.71 Y140.222 E.01602
G1 X127.002 Y140.32 E.0099
G1 X127.546 Y139.893 E.02224
G1 X127.546 Y140.901 E.03243
G1 X127.576 Y141.28 E.01222
G1 X127.781 Y141.909 E.02127
G1 X127.843 Y142.5 E.01911
G1 X127.786 Y143.044 E.0176
G1 X127.655 Y143.478 E.01457
G1 X127.419 Y144.111 E.02172
G1 X127.135 Y144.533 E.01635
G1 X126.779 Y144.831 E.01493
G1 X126.274 Y145.038 E.01755
G1 X125.725 Y145.236 E.01878
G1 X125.14 Y145.327 E.01903
G1 X124.549 Y145.295 E.01903
G1 X123.591 Y145.046 E.03184
G1 X122.392 Y145.046 E.03855
G1 X122.819 Y144.5 E.02231
G1 X122.739 Y144.237 E.00884
G1 X122.403 Y143.656 E.02159
G1 X122.219 Y143.089 E.01916
G1 X122.16 Y142.563 E.01703
G1 X122.22 Y141.905 E.02126
G1 X122.403 Y141.344 E.01898
G1 X122.7 Y140.829 E.01911
G1 X123.098 Y140.387 E.01911
G1 X123.578 Y140.038 E.01911
G1 X124.121 Y139.796 E.01911
G1 X124.665 Y139.68 E.01788
G1 E-2.8 F3600
;WIPE_START
G1 F2400
G1 X125.234 Y139.669 E-.68254
G1 X125.657 Y139.753 E-.51746
;WIPE_END
G1 Z6.4 F9000
G1 X126.69 Y143.436 Z6.4
G1 Z6
G1 E4 F2400
G1 X126.606 Y143.595 E.00577
G1 X126.258 Y143.992 E.017
M73 P91 R4
G1 X125.92 Y144.221 E.01311
G1 X125.542 Y144.375 E.01312
G1 X125.14 Y144.446 E.01312
G1 X124.733 Y144.433 E.01312
G1 X124.337 Y144.335 E.01312
G1 X123.92 Y144.118 E.01512
G1 X123.518 Y143.771 E.01707
G1 X123.279 Y143.42 E.01365
G1 X123.125 Y143.042 E.01312
G1 X123.054 Y142.559 E.01571
G1 X123.098 Y142.088 E.0152
G1 X123.222 Y141.708 E.01285
G1 X123.425 Y141.356 E.01309
G1 X123.698 Y141.054 E.01308
G1 X124.027 Y140.814 E.01309
G1 X124.373 Y140.664 E.01213
G1 X124.883 Y140.552 E.01681
G1 X125.267 Y140.567 E.01237
G1 X125.663 Y140.665 E.01312
G1 X126.03 Y140.843 E.01312
G1 X126.353 Y141.093 E.01312
G1 X126.615 Y141.405 E.01312
G1 X126.816 Y141.795 E.01409
G1 X126.943 Y142.296 E.01662
G1 X126.933 Y142.767 E.01516
G1 X126.835 Y143.163 E.01312
G1 X126.709 Y143.401 E.00865
G1 X126.328 Y143.24 F9000
;TYPE:Outer wall
G1 F2400
G1 X126.318 Y143.266 E.00091
G1 X125.996 Y143.652 E.01616
G1 X125.746 Y143.83 E.00988
G1 X125.453 Y143.956 E.01025
G1 X125.14 Y144.018 E.01025
G1 X124.822 Y144.014 E.01025
G1 X124.511 Y143.944 E.01025
G1 X124.189 Y143.785 E.01154
G1 X123.857 Y143.51 E.01386
G1 X123.613 Y143.117 E.01487
G1 X123.483 Y142.66 E.01526
G1 X123.517 Y142.177 E.01557
G1 X123.679 Y141.737 E.01508
G1 X123.984 Y141.372 E.01531
G1 X124.38 Y141.107 E.01531
G1 X124.886 Y140.981 E.01676
G1 X125.178 Y140.986 E.00942
G1 X125.489 Y141.056 E.01024
G1 X125.779 Y141.189 E.01025
G1 X126.034 Y141.38 E.01025
G1 X126.244 Y141.619 E.01025
G1 X126.403 Y141.906 E.01052
G1 X126.518 Y142.36 E.01506
G1 X126.485 Y142.816 E.0147
G1 X126.342 Y143.202 E.01326
G1 E-2.8 F3600
;WIPE_START
G1 F2400
G1 X126.318 Y143.266 E-.08188
G1 X125.996 Y143.652 E-.60298
G1 X125.746 Y143.83 E-.36863
G1 X125.634 Y143.878 E-.14651
;WIPE_END
G1 Z6.4 F9000
G1 X92.505 Y144.754 Z6.4
G1 Z6
G1 E4 F2400
G1 X92.338 Y144.528 E.00904
G1 X92.1 Y144.062 E.01681
G1 X91.887 Y143.515 E.01888
G1 X91.773 Y143.028 E.0161
G1 X91.726 Y142.501 E.01699
G1 X91.798 Y141.819 E.02205
G1 X92.016 Y141.147 E.02272
G1 X92.025 Y140.901 E.00794
;WIDTH:0.488555
G1 X92.044 Y140.635 E.00938
;WIDTH:0.52711
G1 X92.063 Y140.369 E.0102
;WIDTH:0.565666
G1 X92.081 Y140.103 E.01101
;WIDTH:0.604221
G1 X92.1 Y139.837 E.01182
G1 X92.1 Y80.29 E2.64026
;WIDTH:0.6
G1 X92.077 Y79.924 E.01612
M73 P91 R3
;WIDTH:0.5625
G1 X92.054 Y79.559 E.01503
;WIDTH:0.525
G1 X92.031 Y79.193 E.01395
;WIDTH:0.4875
G1 X92.008 Y78.827 E.01286
;WIDTH:0.449999
G1 X91.798 Y78.181 E.02187
G1 X91.726 Y77.5 E.02201
G1 X91.798 Y76.819 E.02201
G1 X92.004 Y76.183 E.02152
G1 X92.192 Y75.707 E.01646
G1 X92.471 Y75.278 E.01644
G1 X92.767 Y74.968 E.01379
G1 X93.145 Y74.727 E.01441
G1 X93.656 Y74.513 E.01781
G1 X94.319 Y74.298 E.02243
G1 X95 Y74.226 E.02201
G1 X95.681 Y74.298 E.02201
G1 X96.353 Y74.516 E.02272
G1 X96.599 Y74.525 E.00794
;WIDTH:0.488554
G1 X96.865 Y74.544 E.00938
;WIDTH:0.527109
G1 X97.131 Y74.563 E.0102
;WIDTH:0.565664
G1 X97.397 Y74.581 E.01101
;WIDTH:0.604219
G1 X97.663 Y74.6 E.01182
G1 X122.21 Y74.6 E1.0884
;WIDTH:0.599998
G1 X122.698 Y74.569 E.02149
;WIDTH:0.549999
G1 X123.185 Y74.539 E.01956
;WIDTH:0.499999
G1 X123.673 Y74.508 E.01763
;WIDTH:0.449999
G1 X124.258 Y74.318 E.01979
G1 X124.584 Y74.255 E.01069
G1 X125.094 Y74.235 E.01639
G1 X125.595 Y74.287 E.0162
G1 X126.006 Y74.403 E.01375
G1 X126.562 Y74.6 E.01897
G1 X127.076 Y74.854 E.01843
G1 X127.467 Y75.179 E.01634
G1 X127.75 Y75.614 E.01667
G1 X128.131 Y76.569 E.03306
G1 X128.256 Y77.249 E.02226
G1 X128.256 Y77.751 E.01612
G1 X128.156 Y78.314 E.01841
G1 X127.987 Y78.844 E.01786
G1 X127.975 Y79.099 E.00823
;WIDTH:0.4875
G1 X127.956 Y79.397 E.01047
;WIDTH:0.525
G1 X127.938 Y79.694 E.01136
;WIDTH:0.5625
G1 X127.919 Y79.992 E.01224
;WIDTH:0.6
G1 X127.9 Y80.29 E.01312
G1 X127.9 Y139.837 E2.62041
G1 X127.924 Y140.173 E.01482
;WIDTH:0.5625
G1 X127.947 Y140.509 E.01382
;WIDTH:0.525
G1 X127.971 Y140.845 E.01282
;WIDTH:0.4875
G1 X127.995 Y141.181 E.01182
;WIDTH:0.449999
G1 X128.202 Y141.819 E.0216
G1 X128.274 Y142.5 E.02201
G1 X128.212 Y143.089 E.01905
G1 X128.097 Y143.506 E.01391
G1 X127.9 Y144.062 E.01895
G1 X127.646 Y144.575 E.01843
G1 X127.386 Y144.894 E.01323
G1 X126.989 Y145.208 E.01626
G1 X126.013 Y145.613 E.03398
G1 X125.342 Y145.756 E.02206
G1 X124.749 Y145.756 E.01906
G1 X124.186 Y145.656 E.01841
G1 X123.656 Y145.487 E.01786
G1 X123.406 Y145.475 E.00806
;WIDTH:0.488555
G1 X123.139 Y145.456 E.00943
;WIDTH:0.52711
G1 X122.872 Y145.438 E.01024
;WIDTH:0.565666
G1 X122.605 Y145.419 E.01106
;WIDTH:0.604221
G1 X122.337 Y145.4 E.01187
G1 X97.79 Y145.4 E1.08841
;WIDTH:0.6
G1 X97.424 Y145.423 E.01612
;WIDTH:0.5625
G1 X97.059 Y145.446 E.01503
;WIDTH:0.525
G1 X96.693 Y145.469 E.01395
;WIDTH:0.4875
G1 X96.327 Y145.492 E.01286
;WIDTH:0.449999
G1 X95.681 Y145.702 E.02187
G1 X95 Y145.774 E.02201
G1 X94.41 Y145.712 E.01906
G1 X93.86 Y145.553 E.01841
G1 X93.337 Y145.36 E.01796
G1 X92.938 Y145.154 E.01442
G1 X92.56 Y144.829 E.01603
G1 X92.529 Y144.787 E.0017
G1 E-2.8 F3600
;WIPE_START
G1 F2400
G1 X92.338 Y144.528 E-.38552
G1 X92.1 Y144.062 E-.62737
G1 X92.043 Y143.917 E-.18711
;WIPE_END
G1 Z6.4 F9000
G1 X122.392 Y75.469 Z6.4
G1 Z6
G1 E4 F2400
G1 X122.139 Y75.921 E.01667
G1 X121.886 Y76.488 E.01995
G1 X121.744 Y77.158 E.02201
G1 X121.744 Y77.842 E.02201
G1 X121.886 Y78.51 E.02197
G1 X122.201 Y79.193 E.02419
G1 X122.567 Y79.69 E.01983
G1 X123.076 Y80.149 E.02203
G1 X123.668 Y80.491 E.02201
G1 X124.319 Y80.702 E.02201
G1 X125 Y80.774 E.02201
G1 X125.681 Y80.702 E.02201
G1 X126.332 Y80.491 E.02201
G1 X126.952 Y80.132 E.02304
G1 X127.031 Y80.108 E.00266
;WIDTH:0.4875
G1 X127.098 Y80.153 E.00285
;WIDTH:0.525
G1 X127.165 Y80.199 E.00309
;WIDTH:0.5625
G1 X127.233 Y80.244 E.00333
;WIDTH:0.6
G1 X127.3 Y80.29 E.00357
G1 X127.3 Y139.71 E2.61482
;WIDTH:0.60422
G1 X127.298 Y139.755 E.00199
G1 X127.221 Y139.787 E.00371
;WIDTH:0.565665
G1 X127.144 Y139.82 E.00346
;WIDTH:0.52711
G1 X127.067 Y139.852 E.0032
;WIDTH:0.488555
G1 X126.989 Y139.884 E.00295
;WIDTH:0.449999
G1 X126.453 Y139.583 E.0198
G1 X125.917 Y139.368 E.01855
G1 X125.275 Y139.24 E.02105
G1 X124.658 Y139.244 E.01983
G1 X123.988 Y139.386 E.02203
G1 X123.363 Y139.665 E.02201
G1 X122.809 Y140.067 E.02201
G1 X122.351 Y140.576 E.02201
G1 X122.009 Y141.168 E.02201
G1 X121.798 Y141.818 E.02197
G1 X121.73 Y142.567 E.02419
G1 X121.797 Y143.18 E.01983
G1 X122.009 Y143.832 E.02202
G1 X122.369 Y144.454 E.02313
G1 X122.392 Y144.53 E.00254
;WIDTH:0.4875
G1 X122.358 Y144.598 E.00266
;WIDTH:0.525
G1 X122.323 Y144.665 E.00288
;WIDTH:0.5625
G1 X122.289 Y144.733 E.00311
;WIDTH:0.6
G1 X122.254 Y144.8 E.00333
G1 X97.79 Y144.8 E1.07657
G1 X97.744 Y144.733 E.00357
;WIDTH:0.5625
G1 X97.699 Y144.665 E.00333
;WIDTH:0.525
G1 X97.653 Y144.598 E.00309
;WIDTH:0.4875
G1 X97.608 Y144.531 E.00285
;WIDTH:0.449999
G1 X97.861 Y144.079 E.01667
G1 X98.114 Y143.512 E.01995
G1 X98.256 Y142.842 E.02201
G1 X98.256 Y142.158 E.02201
G1 X98.114 Y141.49 E.02197
G1 X97.799 Y140.807 E.02419
G1 X97.434 Y140.31 E.01982
G1 X96.924 Y139.851 E.02204
G1 X96.332 Y139.509 E.02201
G1 X95.681 Y139.298 E.02201
G1 X95 Y139.226 E.02201
G1 X94.319 Y139.298 E.02201
G1 X93.668 Y139.509 E.02201
G1 X93.048 Y139.868 E.02304
G1 X92.969 Y139.892 E.00266
;WIDTH:0.4875
G1 X92.902 Y139.858 E.00265
;WIDTH:0.525
G1 X92.835 Y139.823 E.00288
;WIDTH:0.5625
G1 X92.767 Y139.789 E.0031
;WIDTH:0.6
G1 X92.7 Y139.754 E.00333
G1 X92.7 Y80.29 E2.61675
G1 X92.767 Y80.244 E.00357
;WIDTH:0.5625
G1 X92.835 Y80.199 E.00333
;WIDTH:0.525
G1 X92.902 Y80.153 E.00309
;WIDTH:0.4875
G1 X92.969 Y80.108 E.00285
;WIDTH:0.449999
G1 X93.421 Y80.361 E.01667
G1 X94.198 Y80.655 E.0267
G1 X94.725 Y80.76 E.01728
G1 X95.342 Y80.756 E.01983
G1 X96.011 Y80.614 E.02201
G1 X96.637 Y80.335 E.02202
G1 X97.19 Y79.934 E.02197
G1 X97.685 Y79.368 E.02419
G1 X97.991 Y78.832 E.01983
G1 X98.202 Y78.182 E.02198
G1 X98.27 Y77.433 E.02419
G1 X98.203 Y76.82 E.01983
G1 X97.991 Y76.168 E.02202
G1 X97.632 Y75.548 E.02304
G1 X97.608 Y75.469 E.00266
;WIDTH:0.499999
G1 X97.654 Y75.379 E.00364
;WIDTH:0.549999
G1 X97.7 Y75.29 E.00404
;WIDTH:0.599998
G1 X97.746 Y75.2 E.00444
G1 X122.21 Y75.2 E1.07656
G1 X122.271 Y75.29 E.00476
;WIDTH:0.549999
G1 X122.331 Y75.379 E.00434
;WIDTH:0.499999
G1 X122.37 Y75.436 E.00246
G1 E-2.8 F3600
;WIPE_START
G1 F2400
G1 X122.139 Y75.921 E-.64509
G1 X121.951 Y76.344 E-.55491
;WIPE_END
G1 Z6.4 F9000
G1 X126.506 Y79.362 Z6.4
G1 Z6
G1 E4 F2400
;TYPE:Internal solid infill
;WIDTH:0.532358
G1 F3000
G1 X125.972 Y79.685 E.02412
G1 X125.497 Y79.839 E.01931
G1 X125 Y79.891 E.01933
G1 X124.503 Y79.839 E.01933
G1 X124.027 Y79.685 E.01933
G1 X123.597 Y79.431 E.01931
G1 X123.224 Y79.095 E.01941
G1 X122.909 Y78.655 E.02091
G1 X122.713 Y78.211 E.01879
G1 X122.615 Y77.726 E.01913
G1 X122.621 Y77.225 E.01936
G1 X122.73 Y76.736 E.01936
G1 X122.94 Y76.271 E.01975
G1 X123.11 Y76.005 E.01219
G1 E-2.8 F3600
;WIPE_START
G1 F3000
G1 X122.94 Y76.271 E-.37837
G1 X122.73 Y76.736 E-.61293
G1 X122.692 Y76.906 E-.2087
;WIPE_END
G1 Z6.4 F9000
G1 X126.506 Y79.362 Z6.4
G1 Z6
G1 E4 F2400
;WIDTH:0.537551
G1 F3000
G1 X126.661 Y79.336 E.00616
;WIDTH:0.495447
G1 X126.817 Y79.31 E.00563
;WIDTH:0.442066
G1 X126.972 Y79.283 E.00497
G1 X127.15 Y79.323 E.00573
;WIDTH:0.455313
G1 X127.133 Y79.047 E.009
;WIDTH:0.501357
G1 X127.116 Y78.772 E.01
;WIDTH:0.547056
G1 X127.133 Y78.641 E.00527
;WIDTH:0.546827
G1 X127.007 Y78.772 E.00726
;WIDTH:0.501013
G1 X126.88 Y78.903 E.0066
;WIDTH:0.455199
G1 X126.753 Y79.034 E.00594
;WIDTH:0.453343
G1 X126.679 Y79.133 E.004
;WIDTH:0.495447
G1 X126.604 Y79.231 E.00441
;WIDTH:0.516499
G1 X126.53 Y79.33 E.00462
G1 E-3.85181 F3600
;WIPE_START
G1 F3000
G1 X126.604 Y79.231 E-.14819
;WIPE_END
G1 Z6.4 F9000
G1 X124.145 Y75.264 Z6.4
G1 Z6
G1 E4 F2400
;WIDTH:0.519919
G1 F3000
G1 X124.821 Y75.122 E.02603
G1 X125.288 Y75.125 E.0176
G1 X125.763 Y75.235 E.01838
G1 X126.234 Y75.426 E.01913
;WIDTH:0.57448
G1 X126.436 Y75.552 E.01003
;WIDTH:0.614668
G1 X126.639 Y75.679 E.01079
G1 X126.936 Y76.03 E.02076
;WIDTH:0.58301
G1 X127.08 Y76.327 E.01408
;WIDTH:0.529018
G1 X127.224 Y76.624 E.01268
G1 X127.378 Y77.217 E.02352
G1 X127.385 Y77.726 E.01954
G1 X127.28 Y78.238 E.02009
G1 X127.147 Y78.603 E.01491
G1 E-2.8 F3600
;WIPE_START
G1 F3000
G1 X127.28 Y78.238 E-.46592
G1 X127.385 Y77.726 E-.62792
G1 X127.383 Y77.637 E-.10616
;WIPE_END
G1 Z6.4 F9000
G1 X124.142 Y75.265 Z6.4
G1 Z6
G1 E4 F2400
;WIDTH:0.516037
G1 F3000
G1 X123.974 Y75.293 E.00635
;WIDTH:0.480519
G1 X123.806 Y75.32 E.00588
;WIDTH:0.430645
G1 X123.638 Y75.348 E.00521
G1 X123.134 Y75.349 E.01546
G1 X123.212 Y75.546 E.0065
;WIDTH:0.44691
G1 X123.191 Y75.671 E.00404
;WIDTH:0.486246
G1 X123.17 Y75.796 E.00443
;WIDTH:0.525582
G1 X123.15 Y75.921 E.00483
;WIDTH:0.554321
G1 X123.132 Y75.971 E.00217
;WIDTH:0.5407
G1 X123.299 Y75.845 E.00824
;WIDTH:0.495317
G1 X123.466 Y75.718 E.00749
;WIDTH:0.449933
G1 X123.633 Y75.592 E.00674
;WIDTH:0.444856
G1 X123.791 Y75.49 E.00598
;WIDTH:0.480084
G1 X123.95 Y75.388 E.0065
;WIDTH:0.497699
G1 X124.108 Y75.287 E.00676
G1 E-3.77403 F3600
;WIPE_START
G1 F3000
G1 X123.95 Y75.388 E-.22597
;WIPE_END
G1 Z6.4 F9000
G1 X96.862 Y75.994 Z6.4
G1 Z6
G1 E4 F2400
;WIDTH:0.537594
G1 F3000
G1 X96.836 Y75.839 E.00616
;WIDTH:0.495463
G1 X96.81 Y75.683 E.00563
;WIDTH:0.449522
G1 X96.783 Y75.528 E.00506
G1 X96.856 Y75.351 E.00614
G1 X96.343 Y75.372 E.01648
;WIDTH:0.493909
G1 X96.237 Y75.372 E.0038
;WIDTH:0.527105
G1 X96.13 Y75.372 E.00408
;WIDTH:0.525129
G1 X96.265 Y75.497 E.00699
;WIDTH:0.487984
G1 X96.399 Y75.622 E.00645
;WIDTH:0.450838
G1 X96.534 Y75.747 E.00592
;WIDTH:0.453331
G1 X96.633 Y75.821 E.00401
;WIDTH:0.495463
G1 X96.731 Y75.896 E.00442
;WIDTH:0.516529
G1 X96.83 Y75.97 E.00462
G1 X96.862 Y75.994 F9000
;WIDTH:0.531651
G1 F3000
G1 X97.185 Y76.528 E.02409
G1 X97.34 Y77.006 E.01939
G1 X97.39 Y77.441 E.01692
G1 X97.337 Y78.004 E.02183
G1 X97.184 Y78.475 E.01913
G1 X96.968 Y78.857 E.01692
G1 X96.591 Y79.278 E.02181
G1 X96.195 Y79.569 E.01899
G1 X95.74 Y79.78 E.01933
G1 X95.248 Y79.885 E.01945
G1 X94.773 Y79.882 E.01833
G1 X94.281 Y79.784 E.01937
G1 X93.804 Y79.576 E.02008
;WIDTH:0.539886
G1 X93.621 Y79.455 E.00862
;WIDTH:0.555825
G1 X93.438 Y79.334 E.00889
G1 X92.866 Y78.636 F9000
;WIDTH:0.539894
G1 F3000
G1 X92.662 Y78 E.02621
G1 X92.609 Y77.5 E.01975
G1 X92.661 Y77.003 E.01963
G1 X92.841 Y76.455 E.02264
;WIDTH:0.554788
G1 X92.976 Y76.211 E.01126
;WIDTH:0.586775
G1 X93.11 Y75.967 E.01196
;WIDTH:0.622322
G1 X93.39 Y75.661 E.019
G1 X93.596 Y75.52 E.01141
;WIDTH:0.58074
G1 X93.869 Y75.399 E.01268
;WIDTH:0.516736
G1 X94.142 Y75.278 E.01117
G1 X94.747 Y75.126 E.02337
G1 X95.25 Y75.122 E.01882
G1 X95.76 Y75.234 E.01952
G1 X96.08 Y75.354 E.01283
G1 E-2.8 F3600
;WIPE_START
G1 F3000
G1 X95.76 Y75.234 E-.41147
G1 X95.25 Y75.122 E-.62586
G1 X95.114 Y75.123 E-.16266
;WIPE_END
G1 Z6.4 F9000
G1 X93.405 Y79.312 Z6.4
G1 Z6
G1 E4 F2400
;WIDTH:0.568283
G1 F3000
G1 X93.354 Y79.227 E.00412
;WIDTH:0.52944
G1 X93.302 Y79.142 E.00382
;WIDTH:0.490597
G1 X93.251 Y79.057 E.00351
;WIDTH:0.451754
G1 X93.2 Y78.972 E.00321
;WIDTH:0.454734
G1 X93.088 Y78.86 E.00513
;WIDTH:0.499536
G1 X92.977 Y78.748 E.00569
;WIDTH:0.544339
G1 X92.866 Y78.636 E.00625
G1 X92.861 Y78.865 E.00908
;WIDTH:0.499536
G1 X92.856 Y79.094 E.00827
;WIDTH:0.443794
G1 X92.851 Y79.361 E.00844
G1 X93.05 Y79.285 E.00674
;WIDTH:0.454736
G1 X93.128 Y79.291 E.00257
;WIDTH:0.492727
G1 X93.207 Y79.297 E.00281
;WIDTH:0.530718
G1 X93.286 Y79.303 E.00305
;WIDTH:0.549713
G1 X93.365 Y79.309 E.00317
G1 E-3.90511 F3600
;WIPE_START
G1 F3000
G1 X93.286 Y79.303 E-.09489
;WIPE_END
G1 Z6.4 F9000
G1 X93.53 Y140.602 Z6.4
G1 Z6
G1 E4 F2400
;WIDTH:0.514036
G1 F3000
G1 X93.361 Y140.639 E.00643
;WIDTH:0.47741
G1 X93.192 Y140.675 E.00593
;WIDTH:0.438704
G1 X93.023 Y140.712 E.0054
G1 X92.846 Y140.634 E.00606
G1 X92.866 Y141.157 E.01637
;WIDTH:0.481769
G1 X92.878 Y141.259 E.00358
;WIDTH:0.514124
G1 X92.89 Y141.362 E.00384
;WIDTH:0.51233
G1 X93.002 Y141.232 E.00635
;WIDTH:0.476386
G1 X93.114 Y141.102 E.00586
;WIDTH:0.440443
G1 X93.225 Y140.973 E.00537
;WIDTH:0.440784
G1 X93.318 Y140.86 E.00461
;WIDTH:0.47741
G1 X93.411 Y140.746 E.00503
;WIDTH:0.495723
G1 X93.504 Y140.633 E.00524
G1 X93.53 Y140.602 F9000
;WIDTH:0.531651
G1 F3000
G1 X94.03 Y140.32 E.02217
G1 X94.503 Y140.166 E.01919
G1 X95.024 Y140.11 E.02025
G1 X95.497 Y140.161 E.01836
G1 X95.973 Y140.315 E.0193
G1 X96.406 Y140.565 E.0193
G1 X96.776 Y140.905 E.01941
G1 X97.039 Y141.255 E.01689
G1 X97.267 Y141.733 E.02046
G1 X97.38 Y142.225 E.01948
G1 X97.385 Y142.726 E.01932
G1 X97.286 Y143.216 E.01933
G1 X97.077 Y143.696 E.02019
;WIDTH:0.539891
G1 X96.955 Y143.879 E.00862
;WIDTH:0.555797
G1 X96.834 Y144.062 E.0089
G1 X96.812 Y144.095 F9000
;WIDTH:0.570195
G1 F3000
G1 X96.638 Y144.219 E.00889
;WIDTH:0.535363
G1 X96.464 Y144.343 E.0083
;WIDTH:0.512839
G1 X96.29 Y144.467 E.00792
G1 X96.119 Y144.64 E.00906
;WIDTH:0.542239
G1 X96.354 Y144.643 E.00926
;WIDTH:0.498511
G1 X96.588 Y144.646 E.00845
;WIDTH:0.444216
G1 X96.86 Y144.649 E.00861
G1 X96.785 Y144.45 E.00674
;WIDTH:0.455003
G1 X96.791 Y144.372 E.00258
;WIDTH:0.492891
G1 X96.797 Y144.293 E.00281
;WIDTH:0.530779
G1 X96.803 Y144.214 E.00305
;WIDTH:0.549723
G1 X96.809 Y144.135 E.00317
G1 X96.119 Y144.64 F9000
;WIDTH:0.54199
G1 F3000
G1 X95.5 Y144.838 E.0256
G1 X95 Y144.887 E.01982
G1 X94.504 Y144.835 E.01968
G1 X94 Y144.678 E.0208
;WIDTH:0.549275
G1 X93.758 Y144.555 E.01087
;WIDTH:0.588449
G1 X93.516 Y144.431 E.01172
;WIDTH:0.613583
G1 X93.164 Y144.113 E.02139
;WIDTH:0.602127
G1 X93.038 Y143.909 E.01059
;WIDTH:0.568121
G1 X92.913 Y143.704 E.00995
;WIDTH:0.523448
G1 X92.718 Y143.235 E.01931
G1 X92.618 Y142.734 E.01937
G1 X92.626 Y142.226 E.01929
G1 X92.734 Y141.741 E.01887
G1 X92.849 Y141.435 E.01238
G1 E-2.8 F3600
;WIPE_START
G1 F3000
G1 X92.734 Y141.741 E-.3914
G1 X92.626 Y142.226 E-.59644
G1 X92.623 Y142.403 E-.21217
;WIPE_END
G1 Z6.4 F9000
G1 X123.163 Y144.041 Z6.4
G1 Z6
G1 E4 F2400
;WIDTH:0.538217
G1 F3000
G1 X122.815 Y143.472 E.02609
G1 X122.66 Y142.994 E.01966
G1 X122.61 Y142.559 E.01715
G1 X122.663 Y141.996 E.02212
G1 X122.815 Y141.527 E.01927
G1 X123.065 Y141.094 E.01956
G1 X123.4 Y140.723 E.01956
G1 X123.804 Y140.429 E.01956
G1 X124.264 Y140.234 E.01953
G1 X124.752 Y140.124 E.01958
;WIDTH:0.522538
G1 X125.308 Y140.131 E.02108
G1 X125.771 Y140.232 E.01793
G1 X126.229 Y140.44 E.01908
;WIDTH:0.526956
G1 X126.514 Y140.622 E.01292
G1 E-3.59454 F3600
;WIPE_START
G1 F3000
G1 X126.229 Y140.44 E-.40546
;WIPE_END
G1 Z6.4 F9000
G1 X123.163 Y144.041 Z6.4
G1 Z6
G1 E4 F2400
;WIDTH:0.544968
G1 F3000
G1 X123.181 Y144.184 E.00571
;WIDTH:0.499423
G1 X123.198 Y144.327 E.00519
;WIDTH:0.446708
G1 X123.216 Y144.47 E.00459
G1 X123.141 Y144.649 E.00618
G1 X123.649 Y144.632 E.0162
;WIDTH:0.485537
G1 X123.759 Y144.624 E.00389
;WIDTH:0.516314
G1 X123.87 Y144.616 E.00416
;WIDTH:0.514936
G1 X123.735 Y144.496 E.00673
;WIDTH:0.481404
G1 X123.601 Y144.375 E.00626
;WIDTH:0.447872
G1 X123.466 Y144.255 E.00578
;WIDTH:0.453879
G1 X123.376 Y144.192 E.00358
;WIDTH:0.499423
G1 X123.286 Y144.128 E.00398
;WIDTH:0.522196
G1 X123.196 Y144.064 E.00417
G1 E-3.86771 F3600
;WIPE_START
G1 F3000
G1 X123.286 Y144.128 E-.13229
;WIPE_END
G1 Z6.4 F9000
G1 X127.228 Y141.622 Z6.4
G1 Z6
G1 E4 F2400
;WIDTH:0.519173
G1 F3000
G1 X127.373 Y142.218 E.02308
G1 X127.379 Y142.726 E.01909
G1 X127.274 Y143.239 E.01971
G1 X127.088 Y143.703 E.01881
;WIDTH:0.573681
G1 X126.927 Y143.949 E.01233
;WIDTH:0.62862
G1 X126.765 Y144.195 E.01361
G1 X126.532 Y144.388 E.01404
;WIDTH:0.623775
G1 X126.399 Y144.464 E.00699
;WIDTH:0.586433
G1 X126.267 Y144.539 E.00654
;WIDTH:0.528126
G1 X126.135 Y144.614 E.00584
G1 X125.724 Y144.784 E.01702
G1 X125.225 Y144.885 E.0195
G1 X124.728 Y144.88 E.01908
G1 X124.233 Y144.767 E.01944
G1 X123.943 Y144.654 E.01195
G1 E-2.8 F3600
;WIPE_START
G1 F3000
G1 X124.233 Y144.767 E-.37413
G1 X124.728 Y144.88 E-.60854
G1 X124.909 Y144.882 E-.21732
;WIPE_END
G1 Z6.4 F9000
G1 X126.548 Y140.644 Z6.4
G1 Z6
G1 E4 F2400
;WIDTH:0.542244
G1 F3000
G1 X126.651 Y140.787 E.00696
;WIDTH:0.494368
G1 X126.754 Y140.93 E.00629
;WIDTH:0.446492
G1 X126.857 Y141.073 E.00563
;WIDTH:0.441439
G1 X126.981 Y141.256 E.00695
;WIDTH:0.479209
G1 X127.105 Y141.439 E.00761
;WIDTH:0.516979
G1 X127.228 Y141.622 E.00827
G1 X127.204 Y141.413 E.00787
;WIDTH:0.479209
G1 X127.179 Y141.205 E.00724
;WIDTH:0.427614
G1 X127.154 Y140.996 E.00639
G1 X127.154 Y140.635 E.01098
G1 X126.954 Y140.709 E.00647
;WIDTH:0.443575
G1 X126.834 Y140.693 E.00384
;WIDTH:0.485616
G1 X126.714 Y140.677 E.00424
;WIDTH:0.527657
G1 X126.594 Y140.66 E.00464
;WIDTH:0.548677
G1 X126.585 Y140.657 E.00037
; stop printing object Remote75T.stl id:0 copy 0
;LAYER_CHANGE
;Z:6.2
;HEIGHT:0.2
;BEFORE_LAYER_CHANGE
;6.2
G92 E0

G1 E-3.98884 F3600
;WIPE_START
G1 F3000
G1 X126.594 Y140.66 E-.01116
;WIPE_END
;_SET_FAN_SPEED_CHANGING_LAYER
; printing object Remote75T.stl id:0 copy 0
G1 Z6.6 F9000
G1 X123.888 Y80.112 Z6.6
G1 Z6.2
M73 P92 R3
G1 E4 F2400
;TYPE:Inner wall
;WIDTH:0.449999
G1 X123.445 Y79.867 E.01628
G1 X123.004 Y79.507 E.01831
G1 X122.63 Y79.048 E.01903
G1 X122.36 Y78.522 E.01903
G1 X122.205 Y77.951 E.01903
G1 X122.173 Y77.36 E.01903
G1 X122.264 Y76.775 E.01903
G1 X122.474 Y76.222 E.01903
G1 X122.722 Y75.79 E.01602
G1 X122.82 Y75.498 E.0099
G1 X122.311 Y74.954 E.02396
G1 X123.401 Y74.954 E.03507
G1 X123.78 Y74.924 E.01222
G1 X124.364 Y74.734 E.01974
G1 X124.84 Y74.674 E.01545
G1 X125.296 Y74.688 E.01465
G1 X125.769 Y74.777 E.01549
G1 X126.271 Y74.945 E.01703
G1 X126.792 Y75.185 E.01843
G1 X127.058 Y75.388 E.01075
G1 X127.296 Y75.673 E.01193
G1 X127.712 Y76.658 E.03439
G1 X127.827 Y77.36 E.02287
G1 X127.795 Y77.951 E.01903
G1 X127.546 Y78.909 E.03184
G1 X127.546 Y80.19 E.04118
G1 X127.002 Y79.68 E.02396
G1 X126.737 Y79.761 E.00892
G1 X126.156 Y80.097 E.02159
G1 X125.591 Y80.281 E.0191
G1 X125 Y80.343 E.01911
G1 X124.409 Y80.281 E.01911
G1 X123.926 Y80.124 E.01631
G1 E-2.8 F3600
;WIPE_START
G1 F2400
G1 X123.445 Y79.867 E-.65472
G1 X123.093 Y79.58 E-.54528
;WIPE_END
G1 Z6.6 F9000
G1 X125.974 Y75.83 Z6.6
G1 Z6.2
G1 E4 F2400
G1 X126.117 Y75.906 E.00521
G1 X126.397 Y76.143 E.0118
G1 X126.615 Y76.405 E.01099
G1 X126.816 Y76.794 E.01408
G1 X126.943 Y77.296 E.01664
G1 X126.933 Y77.767 E.01517
G1 X126.822 Y78.191 E.01408
G1 X126.54 Y78.698 E.01866
G1 X126.244 Y79.002 E.01366
G1 X125.92 Y79.221 E.01257
G1 X125.542 Y79.375 E.01312
G1 X125.14 Y79.446 E.01312
G1 X124.733 Y79.433 E.01312
G1 X124.337 Y79.335 E.01312
G1 X124.081 Y79.221 E.00899
G1 X123.618 Y78.874 E.01863
G1 X123.308 Y78.477 E.01619
G1 X123.125 Y78.042 E.01517
G1 X123.054 Y77.64 E.01312
G1 X123.067 Y77.233 E.01312
G1 X123.165 Y76.837 E.01312
G1 X123.343 Y76.47 E.01312
G1 X123.593 Y76.147 E.01312
G1 X123.905 Y75.885 E.01312
G1 X124.302 Y75.682 E.01433
G1 X124.818 Y75.556 E.01708
G1 X125.267 Y75.567 E.01446
G1 X125.663 Y75.665 E.01312
G1 X125.939 Y75.811 E.01002
G1 X125.781 Y76.193 F9000
;TYPE:Outer wall
G1 F2400
G1 X126.078 Y76.429 E.01223
G1 X126.345 Y76.794 E.01452
G1 X126.512 Y77.312 E.01751
G1 X126.514 Y77.678 E.01177
G1 X126.44 Y77.997 E.01051
G1 X126.212 Y78.422 E.01553
G1 X125.992 Y78.656 E.01032
G1 X125.617 Y78.887 E.01417
G1 X125.159 Y79.017 E.01529
G1 X124.684 Y78.985 E.01531
G1 X124.255 Y78.83 E.01466
G1 X123.855 Y78.506 E.01658
G1 X123.67 Y78.246 E.01025
G1 X123.544 Y77.953 E.01025
G1 X123.482 Y77.64 E.01025
G1 X123.486 Y77.322 E.01025
G1 X123.556 Y77.011 E.01025
G1 X123.689 Y76.721 E.01025
G1 X123.88 Y76.466 E.01025
G1 X124.119 Y76.256 E.01025
G1 X124.408 Y76.097 E.01061
G1 X124.883 Y75.981 E.01569
G1 X125.316 Y76.015 E.01398
G1 X125.746 Y76.174 E.01473
G1 E-2.8 F3600
;WIPE_START
G1 F2400
G1 X126.078 Y76.429 E-.5031
G1 X126.345 Y76.794 E-.54192
G1 X126.385 Y76.917 E-.15498
;WIPE_END
G1 Z6.6 F9000
G1 X97.84 Y77.448 Z6.6
G1 Z6.2
G1 E4 F2400
;TYPE:Inner wall
G1 X97.78 Y78.094 E.02087
G1 X97.597 Y78.656 E.019
G1 X97.3 Y79.171 E.01911
G1 X96.902 Y79.613 E.01911
G1 X96.422 Y79.962 E.01911
G1 X95.879 Y80.204 E.01911
G1 X95.296 Y80.328 E.01916
G1 X94.754 Y80.33 E.01741
G1 X94.166 Y80.212 E.01929
G1 X93.722 Y80.026 E.0155
G1 X93.29 Y79.778 E.01602
G1 X93 Y79.681 E.00982
G1 X92.454 Y80.19 E.02402
G1 X92.454 Y79.094 E.03524
G1 X92.424 Y78.72 E.01206
G1 X92.219 Y78.091 E.02127
G1 X92.157 Y77.5 E.01911
G1 X92.214 Y76.956 E.0176
G1 X92.345 Y76.522 E.01457
G1 X92.6 Y75.865 E.02266
G1 X92.915 Y75.412 E.01774
G1 X93.264 Y75.153 E.01398
G1 X93.801 Y74.916 E.01888
G1 X94.364 Y74.734 E.01901
G1 X94.84 Y74.674 E.01545
G1 X95.405 Y74.7 E.01817
G1 X96.409 Y74.954 E.0333
G1 X97.607 Y74.954 E.03854
G1 X97.18 Y75.497 E.02224
G1 X97.261 Y75.763 E.00892
G1 X97.597 Y76.344 E.02159
G1 X97.781 Y76.91 E.01915
G1 X97.836 Y77.409 E.01612
G1 E-2.8 F3600
;WIPE_START
G1 F2400
G1 X97.78 Y78.094 E-.82575
G1 X97.683 Y78.391 E-.37425
;WIPE_END
G1 Z6.6 F9000
G1 X93.108 Y77.946 Z6.6
G1 Z6.2
G1 E4 F2400
G1 X93.054 Y77.64 E.00997
G1 X93.067 Y77.233 E.01312
G1 X93.165 Y76.837 E.01312
G1 X93.388 Y76.407 E.01558
G1 X93.723 Y76.03 E.01621
G1 X94.148 Y75.744 E.01648
G1 X94.73 Y75.572 E.01951
G1 X95.204 Y75.557 E.01526
G1 X95.663 Y75.665 E.01516
G1 X95.92 Y75.779 E.00903
G1 X96.257 Y76.007 E.01308
G1 X96.637 Y76.444 E.01863
G1 X96.858 Y76.896 E.01619
G1 X96.946 Y77.36 E.01517
G1 X96.933 Y77.767 E.01312
G1 X96.835 Y78.163 E.01312
G1 X96.657 Y78.53 E.01312
G1 X96.407 Y78.853 E.01312
G1 X96.068 Y79.13 E.01408
G1 X95.604 Y79.358 E.01664
G1 X95.14 Y79.446 E.01517
G1 X94.733 Y79.433 E.01312
G1 X94.337 Y79.335 E.01312
G1 X93.97 Y79.157 E.01312
G1 X93.628 Y78.883 E.01408
G1 X93.285 Y78.432 E.01822
G1 X93.125 Y78.042 E.01356
G1 X93.115 Y77.985 E.00186
G1 X93.534 Y77.868 F9000
;TYPE:Outer wall
G1 F2400
G1 X93.515 Y77.815 E.0018
G1 X93.483 Y77.341 E.01531
G1 X93.556 Y77.011 E.01086
G1 X93.735 Y76.659 E.0127
G1 X94.01 Y76.349 E.01333
G1 X94.397 Y76.1 E.01481
G1 X94.883 Y75.981 E.01606
G1 X95.315 Y76.015 E.01396
G1 X95.746 Y76.17 E.01471
G1 X96.039 Y76.386 E.01172
G1 X96.33 Y76.754 E.01507
G1 X96.485 Y77.187 E.01478
G1 X96.517 Y77.657 E.01517
G1 X96.387 Y78.117 E.01538
G1 X96.133 Y78.521 E.01531
G1 X95.796 Y78.788 E.01384
G1 X95.453 Y78.956 E.01228
G1 X95.14 Y79.018 E.01025
G1 X94.822 Y79.014 E.01025
G1 X94.511 Y78.944 E.01025
G1 X94.221 Y78.811 E.01025
G1 X93.961 Y78.614 E.01051
G1 X93.66 Y78.221 E.0159
G1 X93.547 Y77.906 E.01077
G1 E-2.8 F3600
;WIPE_START
G1 F2400
G1 X93.515 Y77.815 E-.11524
G1 X93.483 Y77.341 E-.57121
G1 X93.556 Y77.011 E-.40524
G1 X93.597 Y76.93 E-.10831
;WIPE_END
G1 Z6.6 F9000
G1 X96.156 Y139.903 Z6.6
G1 Z6.2
G1 E4 F2400
;TYPE:Inner wall
G1 X96.671 Y140.2 E.01911
G1 X97.113 Y140.598 E.01911
G1 X97.435 Y141.04 E.0176
G1 X97.649 Y141.499 E.01628
G1 X97.795 Y142.049 E.01831
G1 X97.827 Y142.64 E.01903
G1 X97.736 Y143.225 E.01903
G1 X97.526 Y143.777 E.01899
G1 X97.278 Y144.21 E.01606
G1 X97.18 Y144.503 E.0099
G1 X97.689 Y145.046 E.02396
G1 X96.599 Y145.046 E.03506
G1 X96.22 Y145.076 E.01223
G1 X95.636 Y145.266 E.01976
G1 X95.133 Y145.329 E.0163
G1 X94.62 Y145.303 E.01651
G1 X94.26 Y145.232 E.01181
G1 X93.756 Y145.065 E.01706
G1 X93.23 Y144.827 E.01856
G1 X92.891 Y144.551 E.01407
G1 X92.599 Y144.138 E.01625
G1 X92.416 Y143.699 E.01531
G1 X92.219 Y143.091 E.02054
G1 X92.162 Y142.547 E.0176
G1 X92.2 Y142.095 E.01457
G1 X92.454 Y141.091 E.03331
G1 X92.454 Y139.893 E.03854
G1 X92.997 Y140.32 E.02224
G1 X93.263 Y140.239 E.00892
G1 X93.844 Y139.903 E.02159
G1 X94.409 Y139.719 E.0191
G1 X95 Y139.657 E.01911
G1 X95.591 Y139.719 E.01911
G1 X96.118 Y139.89 E.01783
G1 E-2.8 F3600
;WIPE_START
G1 F2400
G1 X96.671 Y140.2 E-.76026
G1 X96.943 Y140.445 E-.43974
;WIPE_END
G1 Z6.6 F9000
G1 X93.06 Y142.557 Z6.6
G1 Z6.2
G1 E4 F2400
G1 X93.054 Y142.5 E.00184
G1 X93.096 Y142.095 E.01308
G1 X93.165 Y141.837 E.00861
G1 X93.395 Y141.397 E.01596
G1 X93.593 Y141.147 E.01024
G1 X93.905 Y140.885 E.01312
G1 X94.302 Y140.682 E.01433
G1 X94.818 Y140.556 E.01708
G1 X95.267 Y140.567 E.01446
G1 X95.663 Y140.665 E.01312
G1 X96.03 Y140.843 E.01312
G1 X96.353 Y141.093 E.01312
G1 X96.615 Y141.405 E.01312
G1 X96.816 Y141.794 E.01408
G1 X96.943 Y142.296 E.01664
G1 X96.933 Y142.767 E.01517
G1 X96.835 Y143.163 E.01312
G1 X96.638 Y143.554 E.01408
G1 X96.258 Y143.992 E.01866
G1 X95.896 Y144.232 E.01396
G1 X95.542 Y144.375 E.01227
G1 X95.11 Y144.445 E.01409
G1 X94.594 Y144.411 E.01662
G1 X94.148 Y144.256 E.01517
G1 X93.737 Y143.982 E.01587
G1 X93.508 Y143.758 E.01033
G1 X93.253 Y143.362 E.01514
G1 X93.096 Y142.905 E.01554
G1 X93.064 Y142.597 E.00996
G1 X93.484 Y142.512 F9000
;TYPE:Outer wall
G1 F2400
G1 X93.482 Y142.5 E.0004
G1 X93.549 Y142.029 E.01531
G1 X93.742 Y141.649 E.01369
G1 X93.88 Y141.466 E.00737
G1 X94.119 Y141.256 E.01025
G1 X94.408 Y141.097 E.01061
G1 X94.883 Y140.981 E.0157
G1 X95.316 Y141.015 E.01397
G1 X95.763 Y141.179 E.01531
G1 X96.128 Y141.484 E.01531
G1 X96.393 Y141.879 E.01527
G1 X96.518 Y142.36 E.01598
G1 X96.514 Y142.678 E.01025
G1 X96.444 Y142.989 E.01025
G1 X96.305 Y143.285 E.01051
G1 X96.005 Y143.646 E.0151
G1 X95.721 Y143.84 E.01105
G1 X95.315 Y143.985 E.01386
G1 X95.046 Y144.013 E.00873
G1 X94.664 Y143.987 E.01229
G1 X94.363 Y143.885 E.01024
G1 X94.024 Y143.664 E.01299
G1 X93.743 Y143.352 E.0135
G1 X93.544 Y142.953 E.01434
G1 X93.489 Y142.552 E.01302
G1 E-2.8 F3600
;WIPE_START
G1 F2400
G1 X93.482 Y142.5 E-.06275
G1 X93.549 Y142.029 E-.57137
G1 X93.742 Y141.649 E-.51082
G1 X93.77 Y141.612 E-.05506
;WIPE_END
G1 Z6.6 F9000
G1 X124.704 Y139.672 Z6.6
G1 Z6.2
G1 E4 F2400
;TYPE:Inner wall
G1 X125.246 Y139.67 E.01741
G1 X125.834 Y139.788 E.01929
G1 X126.278 Y139.974 E.0155
G1 X126.71 Y140.222 E.01602
G1 X127.002 Y140.32 E.0099
G1 X127.546 Y139.893 E.02224
G1 X127.546 Y140.901 E.03243
G1 X127.576 Y141.28 E.01222
G1 X127.781 Y141.909 E.02127
G1 X127.843 Y142.5 E.01911
G1 X127.786 Y143.044 E.0176
G1 X127.655 Y143.478 E.01457
G1 X127.419 Y144.111 E.02172
G1 X127.135 Y144.533 E.01635
G1 X126.779 Y144.831 E.01493
G1 X126.274 Y145.038 E.01755
G1 X125.733 Y145.238 E.01858
G1 X125.178 Y145.329 E.01807
G1 X124.595 Y145.301 E.01876
G1 X123.591 Y145.046 E.03331
G1 X122.392 Y145.046 E.03855
G1 X122.819 Y144.5 E.02231
G1 X122.739 Y144.237 E.00884
G1 X122.403 Y143.656 E.02159
G1 X122.219 Y143.09 E.01915
G1 X122.16 Y142.552 E.01741
G1 X122.22 Y141.906 E.02087
G1 X122.403 Y141.344 E.019
G1 X122.7 Y140.829 E.01911
G1 X123.098 Y140.387 E.01911
G1 X123.578 Y140.038 E.01911
G1 X124.121 Y139.796 E.01911
G1 X124.665 Y139.681 E.01787
G1 E-2.8 F3600
;WIPE_START
G1 F2400
G1 X125.246 Y139.67 E-.69674
G1 X125.657 Y139.752 E-.50326
;WIPE_END
G1 Z6.6 F9000
G1 X126.681 Y143.454 Z6.6
G1 Z6.2
G1 E4 F2400
G1 X126.606 Y143.595 E.00514
G1 X126.258 Y143.992 E.017
G1 X125.92 Y144.221 E.01312
G1 X125.542 Y144.375 E.01312
G1 X125.14 Y144.446 E.01312
G1 X124.733 Y144.433 E.01312
G1 X124.337 Y144.335 E.01312
G1 X123.945 Y144.138 E.01409
G1 X123.518 Y143.771 E.01812
G1 X123.279 Y143.42 E.01365
G1 X123.125 Y143.042 E.01312
G1 X123.054 Y142.548 E.01605
G1 X123.097 Y142.089 E.01482
G1 X123.222 Y141.708 E.01289
G1 X123.425 Y141.356 E.01309
G1 X123.698 Y141.054 E.01308
G1 X124.027 Y140.814 E.01309
G1 X124.373 Y140.663 E.01216
G1 X124.879 Y140.552 E.01665
G1 X125.267 Y140.567 E.01249
G1 X125.663 Y140.665 E.01312
G1 X126.03 Y140.843 E.01312
G1 X126.353 Y141.093 E.01312
G1 X126.615 Y141.405 E.01312
G1 X126.808 Y141.765 E.01312
G1 X126.923 Y142.187 E.01408
G1 X126.943 Y142.704 E.01664
G1 X126.835 Y143.163 E.01517
G1 X126.7 Y143.418 E.00928
G1 X126.308 Y143.255 F9000
;TYPE:Outer wall
G1 F2400
G1 X126.273 Y143.325 E.00252
G1 X125.996 Y143.652 E.01377
G1 X125.746 Y143.83 E.00988
G1 X125.453 Y143.956 E.01025
G1 X125.01 Y144.018 E.01439
G1 X124.529 Y143.951 E.01563
G1 X124.215 Y143.805 E.01113
G1 X123.844 Y143.492 E.01559
G1 X123.613 Y143.117 E.01417
G1 X123.483 Y142.66 E.01527
G1 X123.517 Y142.178 E.01553
G1 X123.679 Y141.737 E.01512
G1 X123.984 Y141.372 E.01531
G1 X124.38 Y141.107 E.01531
G1 X124.881 Y140.981 E.01662
G1 X125.178 Y140.986 E.00956
G1 X125.489 Y141.056 E.01024
G1 X125.779 Y141.189 E.01025
G1 X126.034 Y141.38 E.01025
G1 X126.244 Y141.619 E.01025
G1 X126.4 Y141.897 E.01025
G1 X126.495 Y142.21 E.01051
G1 X126.514 Y142.678 E.01507
G1 X126.444 Y142.989 E.01025
G1 X126.327 Y143.22 E.00831
G1 E-2.8 F3600
;WIPE_START
G1 F2400
G1 X126.273 Y143.325 E-.14214
G1 X125.996 Y143.652 E-.51386
G1 X125.746 Y143.83 E-.36865
G1 X125.611 Y143.887 E-.17535
;WIPE_END
G1 Z6.6 F9000
G1 X92.513 Y144.766 Z6.6
G1 Z6.2
G1 E4 F2400
G1 X92.235 Y144.363 E.01575
G1 X92.013 Y143.844 E.01814
G1 X91.798 Y143.181 E.02243
G1 X91.726 Y142.5 E.02201
G1 X91.798 Y141.819 E.02201
G1 X92.016 Y141.147 E.02272
G1 X92.025 Y140.901 E.00794
;WIDTH:0.488555
G1 X92.044 Y140.635 E.00938
;WIDTH:0.52711
G1 X92.063 Y140.369 E.0102
;WIDTH:0.565666
G1 X92.081 Y140.103 E.01101
;WIDTH:0.604221
G1 X92.1 Y139.837 E.01182
G1 X92.1 Y80.29 E2.64026
;WIDTH:0.6
G1 X92.077 Y79.924 E.0161
;WIDTH:0.5625
G1 X92.054 Y79.559 E.01502
;WIDTH:0.525
G1 X92.031 Y79.194 E.01393
;WIDTH:0.4875
G1 X92.008 Y78.829 E.01285
;WIDTH:0.449999
G1 X91.798 Y78.181 E.02192
G1 X91.726 Y77.5 E.02201
G1 X91.798 Y76.819 E.02201
G1 X92.004 Y76.183 E.02152
G1 X92.192 Y75.707 E.01646
G1 X92.471 Y75.278 E.01644
G1 X92.767 Y74.968 E.01379
G1 X93.145 Y74.727 E.01441
G1 X93.656 Y74.513 E.01781
G1 X94.319 Y74.298 E.02243
G1 X95.001 Y74.226 E.02203
G1 X95.681 Y74.298 E.02199
G1 X96.353 Y74.516 E.02272
G1 X96.599 Y74.525 E.00794
;WIDTH:0.488554
G1 X96.865 Y74.544 E.00938
;WIDTH:0.527109
G1 X97.131 Y74.563 E.0102
;WIDTH:0.565664
G1 X97.397 Y74.581 E.01101
;WIDTH:0.604219
G1 X97.663 Y74.6 E.01182
G1 X122.21 Y74.6 E1.0884
;WIDTH:0.599998
G1 X122.698 Y74.569 E.02149
;WIDTH:0.549999
G1 X123.185 Y74.539 E.01956
;WIDTH:0.499999
G1 X123.673 Y74.508 E.01763
;WIDTH:0.449999
G1 X124.319 Y74.298 E.02187
G1 X125 Y74.226 E.02201
G1 X125.59 Y74.288 E.01907
G1 X126.006 Y74.403 E.01389
G1 X126.562 Y74.6 E.01897
G1 X127.076 Y74.854 E.01843
G1 X127.467 Y75.179 E.01634
G1 X127.75 Y75.614 E.01667
G1 X128.131 Y76.569 E.03306
G1 X128.256 Y77.249 E.02226
G1 X128.256 Y77.751 E.01612
G1 X128.156 Y78.313 E.01838
G1 X127.987 Y78.844 E.0179
G1 X127.975 Y79.099 E.00822
;WIDTH:0.4875
G1 X127.956 Y79.397 E.01048
;WIDTH:0.525
G1 X127.938 Y79.694 E.01136
;WIDTH:0.5625
G1 X127.919 Y79.992 E.01224
;WIDTH:0.6
G1 X127.9 Y80.29 E.01313
G1 X127.9 Y139.837 E2.62041
G1 X127.924 Y140.173 E.01482
;WIDTH:0.5625
G1 X127.947 Y140.509 E.01382
;WIDTH:0.525
G1 X127.971 Y140.845 E.01282
;WIDTH:0.4875
G1 X127.995 Y141.181 E.01182
;WIDTH:0.449999
G1 X128.202 Y141.819 E.0216
G1 X128.274 Y142.5 E.02201
G1 X128.212 Y143.089 E.01905
G1 X128.097 Y143.506 E.01391
G1 X127.9 Y144.062 E.01894
G1 X127.646 Y144.575 E.01843
G1 X127.454 Y144.819 E.00999
G1 X127.088 Y145.136 E.01554
G1 X126.637 Y145.352 E.01609
G1 X126.083 Y145.584 E.01933
G1 X125.555 Y145.718 E.01751
G1 X125.001 Y145.774 E.0179
G1 X124.319 Y145.702 E.02205
G1 X123.647 Y145.484 E.02272
G1 X123.406 Y145.475 E.00777
;WIDTH:0.488555
G1 X123.139 Y145.456 E.00943
;WIDTH:0.52711
G1 X122.872 Y145.438 E.01024
;WIDTH:0.565666
G1 X122.605 Y145.419 E.01106
;WIDTH:0.604221
G1 X122.337 Y145.4 E.01187
G1 X97.79 Y145.4 E1.08841
;WIDTH:0.6
G1 X97.424 Y145.423 E.01612
;WIDTH:0.5625
G1 X97.059 Y145.446 E.01503
;WIDTH:0.525
G1 X96.693 Y145.469 E.01395
;WIDTH:0.4875
G1 X96.327 Y145.492 E.01286
;WIDTH:0.449999
G1 X95.681 Y145.702 E.02187
G1 X95 Y145.774 E.02201
G1 X94.41 Y145.712 E.01906
G1 X93.86 Y145.553 E.01841
G1 X93.337 Y145.36 E.01796
G1 X92.941 Y145.155 E.01433
G1 X92.546 Y144.812 E.01682
G1 X92.536 Y144.799 E.00053
G1 E-2.8 F3600
;WIPE_START
G1 F2400
G1 X92.235 Y144.363 E-.6358
G1 X92.05 Y143.931 E-.5642
;WIPE_END
G1 Z6.6 F9000
G1 X122.392 Y75.469 Z6.6
G1 Z6.2
G1 E4 F2400
G1 X122.139 Y75.921 E.01667
G1 X121.886 Y76.488 E.01995
G1 X121.744 Y77.158 E.02201
G1 X121.744 Y77.842 E.02201
G1 X121.886 Y78.512 E.02201
G1 X122.165 Y79.137 E.02201
G1 X122.567 Y79.691 E.02201
G1 X123.076 Y80.149 E.02201
G1 X123.668 Y80.491 E.02201
G1 X124.319 Y80.702 E.02201
G1 X125 Y80.774 E.02201
G1 X125.681 Y80.702 E.02201
G1 X126.332 Y80.491 E.02201
G1 X126.954 Y80.131 E.02313
G1 X127.031 Y80.108 E.00257
;WIDTH:0.4875
G1 X127.098 Y80.153 E.00285
;WIDTH:0.525
G1 X127.165 Y80.199 E.00309
;WIDTH:0.5625
G1 X127.233 Y80.244 E.00333
;WIDTH:0.6
G1 X127.3 Y80.29 E.00357
G1 X127.3 Y139.71 E2.61482
;WIDTH:0.60422
G1 X127.298 Y139.755 E.00199
G1 X127.221 Y139.787 E.00371
;WIDTH:0.565665
G1 X127.144 Y139.82 E.00346
;WIDTH:0.52711
G1 X127.067 Y139.852 E.0032
;WIDTH:0.488555
G1 X126.989 Y139.884 E.00295
;WIDTH:0.449999
G1 X126.453 Y139.583 E.0198
G1 X125.918 Y139.368 E.01853
G1 X125.287 Y139.241 E.02069
G1 X124.658 Y139.244 E.02023
G1 X123.988 Y139.386 E.02202
G1 X123.363 Y139.665 E.02201
G1 X122.809 Y140.067 E.02201
G1 X122.351 Y140.576 E.02201
G1 X122.009 Y141.168 E.02201
G1 X121.798 Y141.818 E.02197
G1 X121.729 Y142.555 E.02379
G1 X121.797 Y143.18 E.02023
G1 X122.009 Y143.832 E.02202
G1 X122.369 Y144.454 E.02313
G1 X122.392 Y144.53 E.00254
;WIDTH:0.4875
G1 X122.358 Y144.598 E.00266
;WIDTH:0.525
G1 X122.323 Y144.665 E.00288
;WIDTH:0.5625
G1 X122.289 Y144.733 E.00311
;WIDTH:0.6
G1 X122.254 Y144.8 E.00333
G1 X97.79 Y144.8 E1.07657
G1 X97.744 Y144.733 E.00357
;WIDTH:0.5625
G1 X97.699 Y144.665 E.00333
;WIDTH:0.525
G1 X97.653 Y144.598 E.00309
;WIDTH:0.4875
G1 X97.608 Y144.531 E.00285
;WIDTH:0.449999
G1 X97.861 Y144.079 E.01667
G1 X98.114 Y143.512 E.01995
G1 X98.256 Y142.842 E.02201
G1 X98.256 Y142.158 E.02201
G1 X98.114 Y141.488 E.02201
G1 X97.835 Y140.863 E.02201
G1 X97.433 Y140.309 E.02201
G1 X96.924 Y139.851 E.02201
G1 X96.332 Y139.509 E.02201
G1 X95.681 Y139.298 E.02201
G1 X95 Y139.226 E.02201
G1 X94.319 Y139.298 E.02201
G1 X93.668 Y139.509 E.02201
G1 X93.048 Y139.868 E.02304
G1 X92.969 Y139.892 E.00266
;WIDTH:0.4875
G1 X92.902 Y139.858 E.00265
;WIDTH:0.525
G1 X92.835 Y139.823 E.00288
;WIDTH:0.5625
G1 X92.767 Y139.789 E.0031
;WIDTH:0.6
G1 X92.7 Y139.754 E.00333
G1 X92.7 Y80.29 E2.61675
G1 X92.775 Y80.246 E.00385
;WIDTH:0.5625
G1 X92.851 Y80.201 E.00359
;WIDTH:0.525
G1 X92.926 Y80.157 E.00333
;WIDTH:0.4875
G1 X93.002 Y80.113 E.00307
;WIDTH:0.449999
G1 X93.547 Y80.417 E.02009
G1 X94.196 Y80.655 E.02221
G1 X94.713 Y80.759 E.01695
G1 X95.342 Y80.756 E.02023
G1 X96.012 Y80.614 E.02202
G1 X96.637 Y80.335 E.02201
G1 X97.191 Y79.933 E.02201
G1 X97.649 Y79.424 E.02201
G1 X97.991 Y78.832 E.02201
G1 X98.202 Y78.182 E.02197
G1 X98.271 Y77.445 E.02379
G1 X98.203 Y76.82 E.02023
G1 X97.991 Y76.168 E.02202
G1 X97.632 Y75.548 E.02304
G1 X97.608 Y75.469 E.00266
;WIDTH:0.499999
G1 X97.654 Y75.379 E.00364
;WIDTH:0.549999
G1 X97.7 Y75.29 E.00404
;WIDTH:0.599998
G1 X97.746 Y75.2 E.00444
G1 X122.21 Y75.2 E1.07656
G1 X122.271 Y75.29 E.00476
;WIDTH:0.549999
G1 X122.331 Y75.379 E.00434
;WIDTH:0.499999
G1 X122.37 Y75.436 E.00246
G1 E-2.8 F3600
;WIPE_START
G1 F2400
G1 X122.139 Y75.921 E-.64509
G1 X121.951 Y76.344 E-.55491
;WIPE_END
G1 Z6.6 F9000
G1 X126.522 Y79.361 Z6.6
G1 Z6.2
G1 E4 F2400
;TYPE:Internal solid infill
;WIDTH:0.531661
G1 F3000
G1 X125.972 Y79.685 E.02463
G1 X125.497 Y79.839 E.01928
M73 P93 R3
G1 X125 Y79.891 E.0193
G1 X124.503 Y79.839 E.0193
G1 X124.027 Y79.685 E.0193
G1 X123.597 Y79.431 E.01929
G1 X123.226 Y79.097 E.01927
G1 X122.901 Y78.647 E.02145
G1 X122.714 Y78.216 E.01811
G1 X122.615 Y77.726 E.01933
G1 X122.621 Y77.225 E.01933
G1 X122.73 Y76.736 E.01933
G1 X122.94 Y76.271 E.01972
G1 X123.11 Y76.005 E.01217
G1 E-2.8 F3600
;WIPE_START
G1 F3000
G1 X122.94 Y76.271 E-.37838
G1 X122.73 Y76.736 E-.61293
G1 X122.692 Y76.906 E-.2087
;WIPE_END
G1 Z6.6 F9000
G1 X126.522 Y79.361 Z6.6
G1 Z6.2
G1 E4 F2400
;WIDTH:0.525452
G1 F3000
G1 X126.672 Y79.335 E.00581
;WIDTH:0.488694
G1 X126.822 Y79.309 E.00537
;WIDTH:0.44193
G1 X126.972 Y79.283 E.0048
G1 X127.15 Y79.323 E.00574
;WIDTH:0.455198
G1 X127.13 Y79.07 E.00825
;WIDTH:0.498477
G1 X127.109 Y78.818 E.00912
;WIDTH:0.537337
G1 X127.107 Y78.749 E.00267
;WIDTH:0.571779
G1 X127.106 Y78.681 E.00285
;WIDTH:0.56957
G1 X127.019 Y78.765 E.00502
;WIDTH:0.53071
G1 X126.932 Y78.849 E.00465
;WIDTH:0.491849
G1 X126.845 Y78.933 E.00428
;WIDTH:0.452989
G1 X126.759 Y79.017 E.00391
;WIDTH:0.451937
G1 X126.687 Y79.121 E.00406
;WIDTH:0.488694
G1 X126.616 Y79.225 E.00443
;WIDTH:0.507073
G1 X126.545 Y79.328 E.00461
G1 E-3.84902 F3600
;WIPE_START
G1 F3000
G1 X126.616 Y79.225 E-.15098
;WIPE_END
G1 Z6.6 F9000
G1 X124.143 Y75.264 Z6.6
G1 Z6.2
G1 E4 F2400
;WIDTH:0.518913
G1 F3000
G1 X124.742 Y75.126 E.02311
G1 X125.25 Y75.123 E.0191
G1 X125.763 Y75.235 E.01975
G1 X126.234 Y75.426 E.01908
;WIDTH:0.574499
G1 X126.435 Y75.551 E.00996
;WIDTH:0.614731
G1 X126.636 Y75.677 E.01071
G1 X126.936 Y76.03 E.02092
;WIDTH:0.583012
G1 X127.08 Y76.327 E.01408
;WIDTH:0.526467
G1 X127.224 Y76.624 E.01261
G1 X127.378 Y77.217 E.0234
G1 X127.385 Y77.726 E.01944
G1 X127.28 Y78.238 E.01998
;WIDTH:0.540234
G1 X127.2 Y78.441 E.00857
;WIDTH:0.556489
G1 X127.12 Y78.644 E.00885
G1 E-3.73822 F3600
;WIPE_START
G1 F3000
G1 X127.2 Y78.441 E-.26178
;WIPE_END
G1 Z6.6 F9000
G1 X124.14 Y75.266 Z6.6
G1 Z6.2
G1 E4 F2400
;WIDTH:0.515667
G1 F3000
G1 X123.973 Y75.293 E.00633
;WIDTH:0.480298
G1 X123.806 Y75.32 E.00585
;WIDTH:0.430624
G1 X123.638 Y75.348 E.00519
G1 X123.134 Y75.349 E.01545
G1 X123.212 Y75.546 E.0065
;WIDTH:0.446912
G1 X123.191 Y75.671 E.00404
;WIDTH:0.486248
G1 X123.17 Y75.796 E.00443
;WIDTH:0.525584
G1 X123.15 Y75.921 E.00483
;WIDTH:0.554324
G1 X123.132 Y75.971 E.00217
;WIDTH:0.540704
G1 X123.299 Y75.845 E.00824
;WIDTH:0.49532
G1 X123.466 Y75.718 E.00749
;WIDTH:0.449935
G1 X123.633 Y75.592 E.00674
;WIDTH:0.444768
G1 X123.791 Y75.49 E.00596
;WIDTH:0.479818
G1 X123.948 Y75.389 E.00648
;WIDTH:0.497343
G1 X124.106 Y75.287 E.00674
G1 E-3.77474 F3600
;WIPE_START
G1 F3000
G1 X123.948 Y75.389 E-.22526
;WIPE_END
G1 Z6.6 F9000
G1 X96.862 Y75.994 Z6.6
G1 Z6.2
G1 E4 F2400
;WIDTH:0.537594
G1 F3000
G1 X96.836 Y75.839 E.00616
;WIDTH:0.495463
G1 X96.81 Y75.683 E.00563
;WIDTH:0.449523
G1 X96.783 Y75.528 E.00506
G1 X96.856 Y75.351 E.00614
G1 X96.343 Y75.372 E.01648
;WIDTH:0.49391
G1 X96.237 Y75.372 E.0038
;WIDTH:0.527105
G1 X96.13 Y75.372 E.00408
;WIDTH:0.525129
G1 X96.265 Y75.497 E.00699
;WIDTH:0.487984
G1 X96.399 Y75.622 E.00645
;WIDTH:0.450838
G1 X96.534 Y75.747 E.00592
;WIDTH:0.453331
G1 X96.633 Y75.821 E.00401
;WIDTH:0.495463
G1 X96.731 Y75.896 E.00442
;WIDTH:0.516529
G1 X96.83 Y75.97 E.00462
G1 X96.862 Y75.994 F9000
;WIDTH:0.533575
G1 F3000
G1 X97.185 Y76.528 E.02418
G1 X97.34 Y77.005 E.01945
G1 X97.39 Y77.452 E.01743
G1 X97.337 Y78.003 E.02146
G1 X97.185 Y78.473 E.01914
G1 X96.936 Y78.906 E.01938
G1 X96.594 Y79.27 E.01935
G1 X96.195 Y79.569 E.01934
G1 X95.741 Y79.78 E.01939
G1 X95.248 Y79.884 E.01952
G1 X94.764 Y79.882 E.01877
G1 X94.254 Y79.778 E.02019
G1 X93.776 Y79.563 E.02029
G1 X93.511 Y79.384 E.01241
G1 X92.88 Y78.62 F9000
;WIDTH:0.539908
G1 F3000
G1 X92.661 Y77.997 E.02592
G1 X92.609 Y77.5 E.01963
G1 X92.661 Y77.003 E.01963
G1 X92.841 Y76.455 E.02264
;WIDTH:0.554789
G1 X92.976 Y76.211 E.01126
;WIDTH:0.586774
G1 X93.11 Y75.967 E.01197
;WIDTH:0.622316
G1 X93.39 Y75.661 E.019
G1 X93.596 Y75.52 E.01141
;WIDTH:0.580691
G1 X93.868 Y75.399 E.01264
;WIDTH:0.516628
G1 X94.14 Y75.278 E.01114
G1 X94.742 Y75.126 E.02325
G1 X95.25 Y75.122 E.019
G1 X95.76 Y75.234 E.01952
G1 X96.08 Y75.354 E.01283
G1 E-2.8 F3600
;WIPE_START
G1 F3000
G1 X95.76 Y75.234 E-.41147
G1 X95.25 Y75.122 E-.62583
G1 X95.114 Y75.123 E-.1627
;WIPE_END
G1 Z6.6 F9000
G1 X93.478 Y79.361 Z6.6
G1 Z6.2
G1 E4 F2400
;WIDTH:0.525064
G1 F3000
G1 X93.382 Y79.228 E.00625
;WIDTH:0.487563
G1 X93.286 Y79.095 E.00576
;WIDTH:0.450062
G1 X93.191 Y78.962 E.00528
;WIDTH:0.454027
G1 X93.087 Y78.848 E.005
;WIDTH:0.499457
G1 X92.983 Y78.734 E.00555
;WIDTH:0.544887
G1 X92.88 Y78.62 E.0061
G1 X92.87 Y78.854 E.00928
;WIDTH:0.499457
G1 X92.861 Y79.088 E.00844
;WIDTH:0.44257
G1 X92.851 Y79.364 E.00873
G1 X93.03 Y79.284 E.00619
;WIDTH:0.450062
G1 X93.166 Y79.307 E.00445
;WIDTH:0.487563
G1 X93.302 Y79.331 E.00485
;WIDTH:0.506313
G1 X93.438 Y79.354 E.00506
G1 E-3.83414 F3600
;WIPE_START
G1 F3000
G1 X93.302 Y79.331 E-.16586
;WIPE_END
G1 Z6.6 F9000
G1 X93.53 Y140.602 Z6.6
G1 Z6.2
G1 E4 F2400
;WIDTH:0.514034
G1 F3000
G1 X93.361 Y140.639 E.00643
;WIDTH:0.477409
G1 X93.192 Y140.675 E.00593
;WIDTH:0.438702
G1 X93.023 Y140.712 E.0054
G1 X92.846 Y140.634 E.00606
G1 X92.866 Y141.157 E.01637
;WIDTH:0.481763
G1 X92.878 Y141.259 E.00358
;WIDTH:0.514118
G1 X92.89 Y141.362 E.00384
;WIDTH:0.512325
G1 X93.002 Y141.232 E.00635
;WIDTH:0.476384
G1 X93.114 Y141.102 E.00586
;WIDTH:0.440443
G1 X93.225 Y140.973 E.00537
;WIDTH:0.440785
G1 X93.318 Y140.86 E.00461
;WIDTH:0.477409
G1 X93.411 Y140.746 E.00503
;WIDTH:0.495722
G1 X93.504 Y140.633 E.00524
G1 X93.53 Y140.602 F9000
;WIDTH:0.533502
G1 F3000
G1 X94.03 Y140.32 E.02226
G1 X94.503 Y140.166 E.01927
G1 X95.024 Y140.11 E.02033
G1 X95.497 Y140.161 E.01843
G1 X95.973 Y140.315 E.01937
G1 X96.406 Y140.565 E.01937
G1 X96.777 Y140.9 E.01937
G1 X97.071 Y141.304 E.01937
G1 X97.269 Y141.763 E.01935
G1 X97.384 Y142.249 E.01938
G1 X97.384 Y142.751 E.01942
G1 X97.28 Y143.241 E.01942
G1 X97.06 Y143.728 E.02072
;WIDTH:0.542097
G1 X96.947 Y143.895 E.00795
;WIDTH:0.557269
G1 X96.834 Y144.062 E.00819
G1 X96.812 Y144.095 F9000
;WIDTH:0.570198
G1 F3000
G1 X96.638 Y144.219 E.00889
;WIDTH:0.535365
G1 X96.464 Y144.343 E.0083
;WIDTH:0.512839
G1 X96.29 Y144.467 E.00792
G1 X96.119 Y144.64 E.00906
;WIDTH:0.542238
G1 X96.353 Y144.643 E.00926
;WIDTH:0.498509
G1 X96.588 Y144.646 E.00845
;WIDTH:0.444264
G1 X96.861 Y144.649 E.00864
G1 X96.784 Y144.45 E.00677
;WIDTH:0.455409
G1 X96.79 Y144.371 E.00257
;WIDTH:0.493182
G1 X96.796 Y144.292 E.00281
;WIDTH:0.530955
G1 X96.803 Y144.214 E.00304
;WIDTH:0.549841
G1 X96.809 Y144.135 E.00316
G1 X96.119 Y144.64 F9000
;WIDTH:0.541974
G1 F3000
G1 X95.5 Y144.838 E.0256
G1 X95 Y144.887 E.01982
G1 X94.504 Y144.835 E.01968
G1 X94 Y144.678 E.0208
;WIDTH:0.545327
G1 X93.76 Y144.551 E.01078
;WIDTH:0.576608
G1 X93.52 Y144.424 E.01145
;WIDTH:0.595056
G1 X93.176 Y144.132 E.01967
G1 X92.916 Y143.702 E.02193
;WIDTH:0.51659
G1 X92.723 Y143.215 E.01962
G1 X92.621 Y142.726 E.0187
G1 X92.626 Y142.226 E.0187
G1 X92.734 Y141.741 E.0186
G1 X92.849 Y141.435 E.0122
G1 E-2.8 F3600
;WIPE_START
G1 F3000
G1 X92.734 Y141.741 E-.39137
G1 X92.626 Y142.226 E-.59644
G1 X92.624 Y142.403 E-.2122
;WIPE_END
G1 Z6.6 F9000
G1 X123.169 Y144.046 Z6.6
G1 Z6.2
G1 E4 F2400
;WIDTH:0.558799
G1 F3000
G1 X123.029 Y143.833 E.01037
;WIDTH:0.51654
G1 X122.889 Y143.62 E.00952
G1 X122.719 Y143.215 E.01643
G1 X122.62 Y142.73 E.01855
G1 X122.627 Y142.236 E.01848
G1 X122.735 Y141.738 E.01906
G1 X122.942 Y141.284 E.01869
G1 X123.24 Y140.883 E.01869
G1 X123.615 Y140.552 E.01869
G1 X124.068 Y140.3 E.01939
G1 X124.751 Y140.124 E.02641
G1 X125.236 Y140.118 E.01813
G1 X125.746 Y140.222 E.01949
G1 X126.229 Y140.44 E.01982
;WIDTH:0.52695
G1 X126.514 Y140.622 E.01292
G1 E-3.59454 F3600
;WIPE_START
G1 F3000
G1 X126.229 Y140.44 E-.40546
;WIPE_END
G1 Z6.6 F9000
G1 X123.169 Y144.046 Z6.6
G1 Z6.2
G1 E4 F2400
;WIDTH:0.549976
G1 F3000
G1 X123.184 Y144.187 E.0057
;WIDTH:0.502428
G1 X123.2 Y144.329 E.00517
;WIDTH:0.447509
G1 X123.216 Y144.47 E.00455
G1 X123.141 Y144.649 E.00619
G1 X123.649 Y144.631 E.01624
;WIDTH:0.48775
G1 X123.759 Y144.624 E.00389
;WIDTH:0.51866
G1 X123.87 Y144.617 E.00416
;WIDTH:0.51717
G1 X123.735 Y144.496 E.00677
;WIDTH:0.48328
G1 X123.6 Y144.376 E.00629
;WIDTH:0.44939
G1 X123.465 Y144.256 E.0058
;WIDTH:0.452871
G1 X123.379 Y144.198 E.00336
;WIDTH:0.493721
G1 X123.293 Y144.14 E.00369
;WIDTH:0.534571
G1 X123.207 Y144.082 E.00403
;WIDTH:0.554996
G1 X123.198 Y144.073 E.00052
M73 P93 R2
G1 E-3.98447 F3600
;WIPE_START
G1 F3000
G1 X123.207 Y144.082 E-.01553
;WIPE_END
G1 Z6.6 F9000
G1 X127.152 Y141.408 Z6.6
G1 Z6.2
G1 E4 F2400
;WIDTH:0.542653
G1 F3000
G1 X127.334 Y142 E.02445
G1 X127.387 Y142.5 E.01985
G1 X127.34 Y142.997 E.01973
G1 X127.158 Y143.545 E.02277
;WIDTH:0.559223
G1 X127.05 Y143.732 E.00881
;WIDTH:0.597004
G1 X126.942 Y143.919 E.00945
;WIDTH:0.639431
G1 X126.834 Y144.106 E.01018
G1 X126.657 Y144.303 E.01249
;WIDTH:0.609116
G1 X126.425 Y144.445 E.01217
;WIDTH:0.561844
G1 X126.192 Y144.586 E.01115
;WIDTH:0.520634
G1 X125.722 Y144.785 E.01929
G1 X125.229 Y144.883 E.01893
G1 X124.726 Y144.874 E.01901
G1 X124.241 Y144.766 E.01875
G1 X123.936 Y144.652 E.01228
G1 E-2.8 F3600
;WIPE_START
G1 F3000
G1 X124.241 Y144.766 E-.39037
G1 X124.726 Y144.874 E-.59637
G1 X124.903 Y144.877 E-.21326
;WIPE_END
G1 Z6.6 F9000
G1 X126.548 Y140.644 Z6.6
G1 Z6.2
G1 E4 F2400
;WIDTH:0.542244
G1 F3000
G1 X126.649 Y140.784 E.00683
;WIDTH:0.494368
G1 X126.751 Y140.924 E.00617
;WIDTH:0.446492
G1 X126.852 Y141.064 E.00552
;WIDTH:0.445938
G1 X126.952 Y141.179 E.00484
;WIDTH:0.492706
G1 X127.052 Y141.293 E.0054
;WIDTH:0.539474
G1 X127.152 Y141.408 E.00596
G1 X127.153 Y141.24 E.0066
;WIDTH:0.492706
G1 X127.153 Y141.071 E.00598
;WIDTH:0.428608
G1 X127.154 Y140.635 E.01331
G1 X126.954 Y140.709 E.00649
;WIDTH:0.443575
G1 X126.834 Y140.693 E.00384
;WIDTH:0.485616
G1 X126.714 Y140.677 E.00424
;WIDTH:0.527658
G1 X126.594 Y140.66 E.00464
;WIDTH:0.548678
G1 X126.585 Y140.657 E.00037
; stop printing object Remote75T.stl id:0 copy 0
;LAYER_CHANGE
;Z:6.4
;HEIGHT:0.2
;BEFORE_LAYER_CHANGE
;6.4
G92 E0

G1 E-3.98885 F3600
;WIPE_START
G1 F3000
G1 X126.594 Y140.66 E-.01115
;WIPE_END
;_SET_FAN_SPEED_CHANGING_LAYER
; printing object Remote75T.stl id:0 copy 0
G1 Z6.8 F9000
G1 X123.844 Y80.097 Z6.8
G1 Z6.4
G1 E4 F2400
;TYPE:Inner wall
;WIDTH:0.449999
G1 X123.329 Y79.8 E.01911
G1 X122.887 Y79.402 E.01911
G1 X122.538 Y78.922 E.01911
G1 X122.296 Y78.379 E.01911
G1 X122.172 Y77.796 E.01915
G1 X122.17 Y77.243 E.01779
G1 X122.288 Y76.667 E.01891
G1 X122.474 Y76.222 E.01551
G1 X122.722 Y75.79 E.01602
G1 X122.82 Y75.498 E.0099
G1 X122.311 Y74.954 E.02396
G1 X123.401 Y74.954 E.03507
G1 X123.78 Y74.924 E.01222
G1 X124.364 Y74.734 E.01974
G1 X124.835 Y74.674 E.01526
G1 X125.296 Y74.688 E.01484
G1 X125.769 Y74.777 E.01549
G1 X126.271 Y74.945 E.01703
G1 X126.792 Y75.185 E.01843
G1 X127.058 Y75.388 E.01075
G1 X127.296 Y75.673 E.01193
G1 X127.712 Y76.658 E.03439
G1 X127.827 Y77.36 E.02287
G1 X127.795 Y77.951 E.01903
G1 X127.546 Y78.909 E.03184
G1 X127.546 Y80.19 E.04119
G1 X127 Y79.681 E.02402
G1 X126.737 Y79.761 E.00884
G1 X126.156 Y80.097 E.02159
G1 X125.591 Y80.281 E.0191
G1 X125 Y80.343 E.01911
G1 X124.409 Y80.281 E.01911
G1 X123.882 Y80.11 E.01783
G1 E-2.8 F3600
;WIPE_START
G1 F2400
G1 X123.329 Y79.8 E-.76024
G1 X123.057 Y79.555 E-.43976
;WIPE_END
G1 Z6.8 F9000
G1 X125.976 Y75.831 Z6.8
G1 Z6.4
G1 E4 F2400
G1 X126.117 Y75.906 E.00513
G1 X126.397 Y76.143 E.0118
G1 X126.615 Y76.405 E.01099
G1 X126.816 Y76.794 E.01408
G1 X126.943 Y77.296 E.01664
G1 X126.933 Y77.767 E.01517
G1 X126.835 Y78.163 E.01312
G1 X126.618 Y78.58 E.01512
G1 X126.258 Y78.992 E.01759
G1 X125.92 Y79.221 E.01312
G1 X125.542 Y79.375 E.01312
G1 X125.267 Y79.433 E.00903
G1 X124.733 Y79.433 E.01719
G1 X124.337 Y79.335 E.01312
G1 X123.97 Y79.157 E.01312
G1 X123.647 Y78.907 E.01312
G1 X123.385 Y78.595 E.01312
G1 X123.184 Y78.206 E.01408
G1 X123.057 Y77.703 E.01667
G1 X123.067 Y77.233 E.01513
G1 X123.165 Y76.837 E.01312
G1 X123.343 Y76.47 E.01312
G1 X123.593 Y76.147 E.01312
G1 X123.905 Y75.885 E.01312
G1 X124.301 Y75.682 E.01429
G1 X124.813 Y75.556 E.01697
G1 X125.267 Y75.567 E.01461
G1 X125.663 Y75.665 E.01312
G1 X125.941 Y75.812 E.01009
G1 X125.783 Y76.194 F9000
;TYPE:Outer wall
G1 F2400
G1 X126.078 Y76.429 E.01215
G1 X126.345 Y76.794 E.01452
G1 X126.512 Y77.312 E.01751
G1 X126.514 Y77.678 E.01177
G1 X126.444 Y77.989 E.01025
G1 X126.285 Y78.311 E.01154
G1 X125.992 Y78.656 E.01454
G1 X125.617 Y78.887 E.01417
G1 X125.178 Y79.014 E.01469
G1 X124.822 Y79.014 E.01146
G1 X124.383 Y78.887 E.0147
G1 X123.979 Y78.633 E.01531
G1 X123.685 Y78.259 E.01531
G1 X123.575 Y78.011 E.00874
G1 X123.482 Y77.64 E.01228
G1 X123.486 Y77.322 E.01025
G1 X123.556 Y77.011 E.01025
G1 X123.689 Y76.721 E.01025
G1 X123.88 Y76.466 E.01025
G1 X124.119 Y76.256 E.01025
G1 X124.408 Y76.097 E.0106
G1 X124.878 Y75.981 E.01555
G1 X125.316 Y76.015 E.01414
G1 X125.748 Y76.175 E.01481
G1 E-2.8 F3600
;WIPE_START
G1 F2400
G1 X126.078 Y76.429 E-.50042
G1 X126.345 Y76.794 E-.54191
G1 X126.385 Y76.919 E-.15767
;WIPE_END
G1 Z6.8 F9000
G1 X97.841 Y77.46 Z6.8
G1 Z6.4
G1 E4 F2400
;TYPE:Inner wall
G1 X97.78 Y78.094 E.02048
G1 X97.597 Y78.657 E.01906
G1 X97.345 Y79.098 E.01632
G1 X96.993 Y79.509 E.0174
G1 X96.548 Y79.87 E.01842
G1 X96.022 Y80.14 E.01903
G1 X95.451 Y80.295 E.01903
G1 X94.86 Y80.327 E.01903
G1 X94.275 Y80.236 E.01903
G1 X93.722 Y80.026 E.01903
G1 X93.29 Y79.778 E.01602
G1 X93 Y79.681 E.00982
G1 X92.454 Y80.19 E.02402
G1 X92.454 Y79.094 E.03524
G1 X92.424 Y78.72 E.01206
G1 X92.219 Y78.091 E.02127
G1 X92.157 Y77.5 E.01911
G1 X92.214 Y76.956 E.0176
G1 X92.345 Y76.522 E.01457
G1 X92.6 Y75.865 E.02265
G1 X92.915 Y75.412 E.01774
G1 X93.264 Y75.153 E.01399
G1 X93.801 Y74.916 E.01888
G1 X94.364 Y74.734 E.01901
G1 X94.835 Y74.674 E.01526
G1 X95.405 Y74.7 E.01835
G1 X96.409 Y74.954 E.0333
G1 X97.607 Y74.954 E.03854
G1 X97.18 Y75.497 E.02224
G1 X97.261 Y75.763 E.00892
G1 X97.597 Y76.344 E.02159
G1 X97.781 Y76.91 E.01914
G1 X97.837 Y77.42 E.0165
G1 E-2.8 F3600
;WIPE_START
G1 F2400
G1 X97.78 Y78.094 E-.81118
G1 X97.68 Y78.402 E-.38882
;WIPE_END
G1 Z6.8 F9000
G1 X93.107 Y77.942 Z6.8
G1 Z6.4
G1 E4 F2400
G1 X93.054 Y77.64 E.00984
G1 X93.067 Y77.233 E.01312
G1 X93.165 Y76.837 E.01312
G1 X93.388 Y76.407 E.01558
G1 X93.723 Y76.03 E.01621
G1 X94.148 Y75.744 E.01648
G1 X94.724 Y75.572 E.01932
G1 X95.204 Y75.557 E.01545
G1 X95.604 Y75.642 E.01314
G1 X96.03 Y75.843 E.01516
G1 X96.372 Y76.117 E.01409
G1 X96.692 Y76.523 E.01661
G1 X96.875 Y76.958 E.01518
G1 X96.946 Y77.463 E.01639
G1 X96.903 Y77.909 E.01443
G1 X96.777 Y78.293 E.01299
G1 X96.597 Y78.614 E.01183
G1 X96.312 Y78.93 E.01367
G1 X95.92 Y79.221 E.01572
G1 X95.542 Y79.375 E.01312
G1 X95.14 Y79.446 E.01312
G1 X94.733 Y79.433 E.01312
G1 X94.337 Y79.335 E.01312
G1 X93.97 Y79.157 E.01312
G1 X93.628 Y78.883 E.01409
G1 X93.285 Y78.432 E.01821
G1 X93.125 Y78.042 E.01356
G1 X93.114 Y77.981 E.00199
G1 X93.533 Y77.865 F9000
;TYPE:Outer wall
G1 F2400
G1 X93.515 Y77.815 E.00168
G1 X93.483 Y77.341 E.01531
G1 X93.556 Y77.011 E.01086
G1 X93.735 Y76.659 E.0127
G1 X94.01 Y76.349 E.01333
G1 X94.397 Y76.1 E.01481
G1 X94.878 Y75.981 E.01591
G1 X95.315 Y76.015 E.01412
G1 X95.471 Y76.049 E.00513
G1 X95.851 Y76.242 E.01369
G1 X96.039 Y76.387 E.00764
G1 X96.33 Y76.754 E.01506
G1 X96.485 Y77.186 E.01476
G1 X96.517 Y77.658 E.0152
G1 X96.386 Y78.119 E.01542
G1 X96.135 Y78.519 E.01517
G1 X95.746 Y78.83 E.01603
G1 X95.453 Y78.956 E.01025
G1 X95.14 Y79.018 E.01025
G1 X94.822 Y79.014 E.01025
G1 X94.511 Y78.944 E.01025
G1 X94.221 Y78.811 E.01025
G1 X93.961 Y78.613 E.01051
G1 X93.66 Y78.221 E.01589
G1 X93.546 Y77.902 E.01089
G1 E-2.8 F3600
;WIPE_START
G1 F2400
G1 X93.515 Y77.815 E-.11054
G1 X93.483 Y77.341 E-.57121
G1 X93.556 Y77.011 E-.40525
G1 X93.599 Y76.927 E-.11301
;WIPE_END
G1 Z6.8 F9000
G1 X96.156 Y139.903 Z6.8
G1 Z6.4
G1 E4 F2400
;TYPE:Inner wall
G1 X96.671 Y140.2 E.01911
G1 X97.113 Y140.598 E.01911
G1 X97.435 Y141.041 E.01761
G1 X97.649 Y141.499 E.01627
G1 X97.795 Y142.049 E.01831
G1 X97.827 Y142.64 E.01903
G1 X97.736 Y143.225 E.01903
G1 X97.526 Y143.777 E.01899
G1 X97.278 Y144.21 E.01606
G1 X97.18 Y144.503 E.0099
G1 X97.689 Y145.046 E.02396
G1 X96.599 Y145.046 E.03506
G1 X96.22 Y145.076 E.01223
G1 X95.636 Y145.266 E.01976
G1 X95.133 Y145.329 E.01628
G1 X94.565 Y145.297 E.01831
G1 X93.993 Y145.146 E.01903
G1 X93.495 Y144.962 E.01706
G1 X93.037 Y144.687 E.01718
G1 X92.663 Y144.264 E.01816
G1 X92.262 Y143.231 E.03563
G1 X92.17 Y142.676 E.01809
G1 X92.199 Y142.095 E.01868
G1 X92.454 Y141.091 E.03331
G1 X92.454 Y139.893 E.03854
G1 X92.997 Y140.32 E.02224
G1 X93.263 Y140.239 E.00892
G1 X93.844 Y139.903 E.02159
G1 X94.409 Y139.719 E.0191
G1 X95 Y139.657 E.01911
G1 X95.591 Y139.719 E.01911
G1 X96.118 Y139.89 E.01783
G1 E-2.8 F3600
;WIPE_START
G1 F2400
G1 X96.671 Y140.2 E-.76025
G1 X96.943 Y140.445 E-.43975
;WIPE_END
G1 Z6.8 F9000
G1 X93.059 Y142.483 Z6.8
G1 Z6.4
G1 E4 F2400
G1 X93.067 Y142.233 E.00806
G1 X93.165 Y141.837 E.01312
G1 X93.395 Y141.397 E.01596
G1 X93.593 Y141.147 E.01024
G1 X93.905 Y140.885 E.01312
G1 X94.301 Y140.682 E.01429
G1 X94.813 Y140.556 E.01697
G1 X95.267 Y140.567 E.01461
G1 X95.663 Y140.665 E.01312
G1 X96.03 Y140.843 E.01312
G1 X96.353 Y141.093 E.01312
G1 X96.615 Y141.405 E.01312
G1 X96.816 Y141.794 E.01408
G1 X96.943 Y142.296 E.01664
G1 X96.933 Y142.767 E.01517
G1 X96.835 Y143.163 E.01312
G1 X96.638 Y143.554 E.01408
G1 X96.258 Y143.992 E.01866
G1 X95.896 Y144.232 E.01396
G1 X95.542 Y144.375 E.01227
G1 X95.11 Y144.445 E.01408
G1 X94.594 Y144.411 E.01664
G1 X94.148 Y144.256 E.01517
G1 X93.802 Y144.04 E.01312
G1 X93.484 Y143.725 E.01442
G1 X93.343 Y143.53 E.00771
G1 X93.127 Y143.049 E.01698
G1 X93.054 Y142.64 E.01334
G1 X93.057 Y142.523 E.00377
G1 X93.484 Y142.497 F9000
;TYPE:Outer wall
G1 F2400
G1 X93.549 Y142.029 E.01522
G1 X93.742 Y141.649 E.01369
G1 X93.88 Y141.466 E.00737
G1 X94.119 Y141.256 E.01025
G1 X94.408 Y141.097 E.01059
G1 X94.878 Y140.981 E.01555
G1 X95.316 Y141.015 E.01412
G1 X95.763 Y141.179 E.01531
G1 X96.128 Y141.484 E.01531
G1 X96.393 Y141.879 E.01527
G1 X96.518 Y142.36 E.01598
G1 X96.514 Y142.678 E.01025
G1 X96.444 Y142.989 E.01025
G1 X96.305 Y143.285 E.01051
G1 X96.005 Y143.646 E.0151
G1 X95.721 Y143.84 E.01105
G1 X95.315 Y143.985 E.01386
G1 X95.045 Y144.013 E.00873
G1 X94.664 Y143.987 E.01228
G1 X94.363 Y143.885 E.01025
G1 X94.089 Y143.722 E.01025
G1 X93.83 Y143.473 E.01154
G1 X93.689 Y143.279 E.00771
G1 X93.544 Y142.953 E.01146
G1 X93.486 Y142.537 E.01351
G1 E-2.8 F3600
;WIPE_START
G1 F2400
G1 X93.549 Y142.029 E-.61488
G1 X93.742 Y141.649 E-.51082
G1 X93.779 Y141.6 E-.0743
;WIPE_END
G1 Z6.8 F9000
G1 X125.144 Y139.673 Z6.8
G1 Z6.4
G1 E4 F2400
;TYPE:Inner wall
G1 X125.725 Y139.764 E.01892
G1 X126.278 Y139.974 E.01903
G1 X126.71 Y140.222 E.01603
G1 X127.002 Y140.32 E.0099
G1 X127.546 Y139.893 E.02224
G1 X127.546 Y140.901 E.03243
G1 X127.576 Y141.28 E.01222
G1 X127.732 Y141.759 E.01619
G1 X127.803 Y142.118 E.01177
G1 X127.829 Y142.63 E.01649
G1 X127.766 Y143.136 E.01641
G1 X127.565 Y143.744 E.02059
G1 X127.347 Y144.236 E.01731
G1 X127.096 Y144.576 E.0136
G1 X126.837 Y144.789 E.01079
G1 X126.475 Y144.955 E.0128
G1 X125.997 Y145.155 E.01665
G1 X125.452 Y145.295 E.01811
G1 X125.087 Y145.327 E.01177
G1 X124.574 Y145.3 E.01652
G1 X123.591 Y145.046 E.03265
G1 X122.393 Y145.046 E.03854
G1 X122.82 Y144.502 E.02224
G1 X122.739 Y144.237 E.00892
G1 X122.403 Y143.656 E.02159
G1 X122.219 Y143.09 E.01914
G1 X122.159 Y142.54 E.01779
G1 X122.22 Y141.906 E.02048
G1 X122.403 Y141.344 E.01902
G1 X122.7 Y140.829 E.01911
G1 X123.098 Y140.387 E.01912
G1 X123.578 Y140.038 E.01911
G1 X124.078 Y139.815 E.01759
G1 X124.566 Y139.702 E.01612
G1 X125.104 Y139.675 E.01731
G1 E-2.8 F3600
;WIPE_START
G1 F2400
G1 X125.725 Y139.764 E-.75305
G1 X126.073 Y139.896 E-.44695
;WIPE_END
G1 Z6.8 F9000
G1 X126.668 Y143.475 Z6.8
G1 Z6.4
G1 E4 F2400
G1 X126.555 Y143.682 E.00759
G1 X126.248 Y143.999 E.01418
G1 X125.92 Y144.221 E.01275
G1 X125.542 Y144.375 E.01312
G1 X125.11 Y144.445 E.01408
G1 X124.594 Y144.411 E.01664
G1 X124.148 Y144.256 E.01517
G1 X123.791 Y144.031 E.01358
G1 X123.498 Y143.744 E.01319
G1 X123.279 Y143.42 E.01257
G1 X123.125 Y143.042 E.01312
G1 X123.054 Y142.537 E.01639
G1 X123.097 Y142.091 E.01443
G1 X123.222 Y141.708 E.01293
G1 X123.425 Y141.356 E.01308
G1 X123.698 Y141.053 E.01309
G1 X124.027 Y140.814 E.01308
G1 X124.374 Y140.663 E.01219
G1 X124.877 Y140.553 E.01655
G1 X125.267 Y140.567 E.01256
G1 X125.663 Y140.665 E.01312
G1 X126.03 Y140.843 E.01312
G1 X126.353 Y141.093 E.01312
G1 X126.615 Y141.405 E.01312
G1 X126.808 Y141.765 E.01312
G1 X126.921 Y142.156 E.01308
G1 X126.943 Y142.703 E.01762
G1 X126.817 Y143.204 E.01661
G1 X126.687 Y143.44 E.00865
G1 X126.296 Y143.272 F9000
;TYPE:Outer wall
G1 F2400
G1 X126.151 Y143.49 E.00842
G1 X125.779 Y143.811 E.01581
G1 X125.453 Y143.956 E.01146
G1 X125.132 Y144.017 E.01051
G1 X124.664 Y143.987 E.01507
G1 X124.363 Y143.885 E.01025
G1 X124.078 Y143.712 E.01071
G1 X123.844 Y143.492 E.01032
G1 X123.613 Y143.117 E.01417
G1 X123.483 Y142.66 E.01527
G1 X123.516 Y142.18 E.01548
G1 X123.679 Y141.737 E.01516
G1 X123.984 Y141.372 E.01532
G1 X124.38 Y141.107 E.0153
G1 X124.877 Y140.981 E.0165
G1 X125.178 Y140.986 E.00969
G1 X125.489 Y141.056 E.01025
G1 X125.779 Y141.189 E.01025
G1 X126.034 Y141.38 E.01025
G1 X126.244 Y141.619 E.01025
G1 X126.4 Y141.897 E.01025
G1 X126.495 Y142.201 E.01021
G1 X126.512 Y142.687 E.01563
G1 X126.385 Y143.137 E.01506
G1 X126.318 Y143.238 E.00389
G1 E-2.8 F3600
;WIPE_START
G1 F2400
G1 X126.151 Y143.49 E-.36214
G1 X125.779 Y143.811 E-.58995
G1 X125.59 Y143.895 E-.2479
;WIPE_END
G1 Z6.8 F9000
G1 X92.498 Y144.741 Z6.8
G1 Z6.4
G1 E4 F2400
G1 X92.29 Y144.484 E.01063
G1 X91.886 Y143.512 E.03384
G1 X91.776 Y143.02 E.01622
G1 X91.726 Y142.502 E.01675
G1 X91.798 Y141.819 E.02206
G1 X92.016 Y141.147 E.02272
G1 X92.025 Y140.901 E.00794
;WIDTH:0.488555
G1 X92.044 Y140.635 E.00938
;WIDTH:0.52711
G1 X92.063 Y140.369 E.0102
;WIDTH:0.565666
G1 X92.081 Y140.103 E.01101
;WIDTH:0.604221
G1 X92.1 Y139.837 E.01182
G1 X92.1 Y80.29 E2.64026
;WIDTH:0.6
G1 X92.077 Y79.924 E.0161
M73 P94 R2
;WIDTH:0.5625
G1 X92.054 Y79.559 E.01502
;WIDTH:0.525
G1 X92.031 Y79.194 E.01393
;WIDTH:0.4875
G1 X92.008 Y78.829 E.01285
;WIDTH:0.449999
G1 X91.798 Y78.181 E.02192
G1 X91.726 Y77.5 E.02201
G1 X91.798 Y76.819 E.02201
G1 X92.004 Y76.183 E.02152
G1 X92.192 Y75.707 E.01645
G1 X92.47 Y75.278 E.01644
G1 X92.767 Y74.968 E.0138
G1 X93.145 Y74.727 E.01441
G1 X93.656 Y74.513 E.01781
G1 X94.319 Y74.298 E.02243
G1 X95 Y74.226 E.02201
G1 X95.681 Y74.298 E.02201
G1 X96.353 Y74.516 E.02272
G1 X96.599 Y74.525 E.00794
;WIDTH:0.488554
G1 X96.865 Y74.544 E.00938
;WIDTH:0.527109
G1 X97.131 Y74.563 E.0102
;WIDTH:0.565664
G1 X97.397 Y74.581 E.01101
;WIDTH:0.604219
G1 X97.663 Y74.6 E.01182
G1 X122.21 Y74.6 E1.0884
;WIDTH:0.599998
G1 X122.698 Y74.569 E.02149
;WIDTH:0.549999
G1 X123.185 Y74.539 E.01956
;WIDTH:0.499999
G1 X123.673 Y74.508 E.01763
;WIDTH:0.449999
G1 X124.319 Y74.298 E.02187
G1 X125 Y74.226 E.02201
G1 X125.59 Y74.288 E.01907
G1 X126.006 Y74.403 E.0139
G1 X126.562 Y74.6 E.01897
G1 X127.076 Y74.854 E.01843
G1 X127.467 Y75.179 E.01634
G1 X127.75 Y75.614 E.01667
G1 X128.131 Y76.569 E.03306
G1 X128.256 Y77.249 E.02226
G1 X128.256 Y77.751 E.01612
G1 X128.156 Y78.314 E.01841
G1 X127.987 Y78.844 E.01786
G1 X127.975 Y79.094 E.00806
;WIDTH:0.4875
G1 X127.956 Y79.393 E.01052
;WIDTH:0.525
G1 X127.938 Y79.692 E.01141
;WIDTH:0.5625
G1 X127.919 Y79.991 E.01229
;WIDTH:0.6
G1 X127.9 Y80.29 E.01318
G1 X127.9 Y139.837 E2.62041
G1 X127.924 Y140.173 E.01482
;WIDTH:0.5625
G1 X127.947 Y140.509 E.01382
;WIDTH:0.525
G1 X127.971 Y140.845 E.01282
;WIDTH:0.4875
G1 X127.995 Y141.181 E.01182
;WIDTH:0.449999
G1 X128.202 Y141.819 E.0216
G1 X128.274 Y142.5 E.02201
G1 X128.212 Y143.089 E.01904
G1 X128.053 Y143.64 E.01844
G1 X127.86 Y144.163 E.01795
G1 X127.646 Y144.576 E.01494
G1 X127.386 Y144.894 E.01321
G1 X126.989 Y145.208 E.01626
G1 X126.013 Y145.613 E.03398
G1 X125.342 Y145.756 E.02206
G1 X124.75 Y145.756 E.01904
G1 X124.216 Y145.662 E.01745
G1 X123.656 Y145.487 E.01884
G1 X123.401 Y145.475 E.00822
;WIDTH:0.488555
G1 X123.135 Y145.456 E.00939
;WIDTH:0.52711
G1 X122.869 Y145.438 E.0102
;WIDTH:0.565666
G1 X122.603 Y145.419 E.01101
;WIDTH:0.604221
G1 X122.337 Y145.4 E.01182
G1 X97.79 Y145.4 E1.08841
;WIDTH:0.6
G1 X97.424 Y145.423 E.01612
;WIDTH:0.5625
G1 X97.059 Y145.446 E.01503
;WIDTH:0.525
G1 X96.693 Y145.469 E.01395
;WIDTH:0.4875
G1 X96.327 Y145.492 E.01286
;WIDTH:0.449999
G1 X95.681 Y145.702 E.02187
G1 X95 Y145.774 E.02201
G1 X94.319 Y145.702 E.02201
G1 X93.683 Y145.496 E.02152
G1 X93.207 Y145.308 E.01645
G1 X92.68 Y144.966 E.02019
G1 X92.523 Y144.772 E.00802
G1 E-2.8 F3600
;WIPE_START
G1 F2400
G1 X92.29 Y144.484 E-.44458
G1 X92.049 Y143.903 E-.75542
;WIPE_END
G1 Z6.8 F9000
G1 X122.392 Y75.469 Z6.8
G1 Z6.4
G1 E4 F2400
G1 X122.139 Y75.921 E.01667
G1 X121.887 Y76.488 E.01993
G1 X121.742 Y77.201 E.0234
G1 X121.744 Y77.842 E.02062
G1 X121.886 Y78.512 E.02202
G1 X122.165 Y79.137 E.02201
G1 X122.567 Y79.691 E.02201
G1 X123.076 Y80.149 E.02201
G1 X123.668 Y80.491 E.02201
G1 X124.319 Y80.702 E.02201
G1 X125 Y80.774 E.02201
G1 X125.681 Y80.702 E.02201
G1 X126.332 Y80.491 E.02201
G1 X126.954 Y80.131 E.02313
G1 X127.03 Y80.108 E.00254
;WIDTH:0.4875
G1 X127.098 Y80.153 E.00286
;WIDTH:0.525
G1 X127.165 Y80.199 E.0031
;WIDTH:0.5625
G1 X127.233 Y80.244 E.00334
;WIDTH:0.6
G1 X127.3 Y80.29 E.00358
G1 X127.3 Y139.71 E2.61482
;WIDTH:0.60422
G1 X127.298 Y139.755 E.00199
G1 X127.221 Y139.787 E.00371
;WIDTH:0.565665
G1 X127.144 Y139.82 E.00346
;WIDTH:0.52711
G1 X127.067 Y139.852 E.0032
;WIDTH:0.488555
G1 X126.989 Y139.884 E.00295
;WIDTH:0.449999
G1 X126.453 Y139.583 E.0198
G1 X125.922 Y139.367 E.01841
G1 X125.342 Y139.244 E.01906
G1 X124.658 Y139.244 E.02201
G1 X123.988 Y139.386 E.02201
G1 X123.363 Y139.665 E.02201
G1 X122.809 Y140.067 E.022
G1 X122.351 Y140.576 E.02202
G1 X122.009 Y141.168 E.02201
G1 X121.798 Y141.819 E.02198
G1 X121.728 Y142.543 E.0234
G1 X121.798 Y143.18 E.02062
G1 X122.009 Y143.832 E.02202
G1 X122.369 Y144.454 E.02313
G1 X122.392 Y144.531 E.00257
;WIDTH:0.4875
G1 X122.358 Y144.598 E.00265
;WIDTH:0.525
G1 X122.323 Y144.665 E.00288
;WIDTH:0.5625
G1 X122.289 Y144.733 E.0031
;WIDTH:0.6
G1 X122.254 Y144.8 E.00333
G1 X97.79 Y144.8 E1.07657
G1 X97.744 Y144.733 E.00357
;WIDTH:0.5625
G1 X97.699 Y144.665 E.00333
;WIDTH:0.525
G1 X97.653 Y144.598 E.00309
;WIDTH:0.4875
G1 X97.608 Y144.531 E.00285
;WIDTH:0.449999
G1 X97.861 Y144.079 E.01667
G1 X98.114 Y143.512 E.01995
G1 X98.256 Y142.842 E.02201
G1 X98.256 Y142.158 E.02201
G1 X98.114 Y141.488 E.02201
G1 X97.835 Y140.863 E.022
G1 X97.433 Y140.309 E.02202
G1 X96.924 Y139.851 E.02201
G1 X96.332 Y139.509 E.02201
G1 X95.681 Y139.298 E.02201
G1 X95 Y139.226 E.02201
G1 X94.319 Y139.298 E.02201
G1 X93.668 Y139.509 E.02201
G1 X93.048 Y139.868 E.02304
G1 X92.969 Y139.892 E.00266
;WIDTH:0.4875
G1 X92.902 Y139.858 E.00265
;WIDTH:0.525
G1 X92.835 Y139.823 E.00288
;WIDTH:0.5625
G1 X92.767 Y139.789 E.0031
;WIDTH:0.6
G1 X92.7 Y139.754 E.00333
G1 X92.7 Y80.29 E2.61675
G1 X92.775 Y80.246 E.00385
;WIDTH:0.5625
G1 X92.851 Y80.201 E.00359
;WIDTH:0.525
G1 X92.926 Y80.157 E.00333
;WIDTH:0.4875
G1 X93.002 Y80.113 E.00307
;WIDTH:0.449999
G1 X93.547 Y80.417 E.02009
G1 X94.078 Y80.633 E.01841
G1 X94.658 Y80.756 E.01906
G1 X95.342 Y80.756 E.02201
G1 X96.012 Y80.614 E.02201
G1 X96.637 Y80.335 E.022
G1 X97.19 Y79.933 E.02199
G1 X97.672 Y79.388 E.0234
G1 X97.991 Y78.832 E.02062
G1 X98.202 Y78.181 E.02199
G1 X98.272 Y77.457 E.0234
G1 X98.202 Y76.82 E.02062
G1 X97.991 Y76.168 E.02202
G1 X97.632 Y75.548 E.02304
G1 X97.608 Y75.469 E.00266
;WIDTH:0.499999
G1 X97.654 Y75.379 E.00364
;WIDTH:0.549999
G1 X97.7 Y75.29 E.00404
;WIDTH:0.599998
G1 X97.746 Y75.2 E.00444
G1 X122.21 Y75.2 E1.07656
G1 X122.271 Y75.29 E.00476
;WIDTH:0.549999
G1 X122.331 Y75.379 E.00434
;WIDTH:0.499999
G1 X122.37 Y75.436 E.00246
G1 E-2.8 F3600
;WIPE_START
G1 F2400
G1 X122.139 Y75.921 E-.64508
G1 X121.951 Y76.344 E-.55492
;WIPE_END
G1 Z6.8 F9000
G1 X126.515 Y79.351 Z6.8
G1 Z6.4
G1 E4 F2400
;TYPE:Internal solid infill
;WIDTH:0.534981
G1 F3000
G1 X125.973 Y79.686 E.02477
G1 X125.497 Y79.839 E.01942
G1 X125 Y79.891 E.01943
G1 X124.503 Y79.839 E.01943
G1 X124.027 Y79.685 E.01943
G1 X123.594 Y79.435 E.01943
G1 X123.223 Y79.1 E.01943
G1 X122.929 Y78.696 E.01943
G1 X122.731 Y78.237 E.01941
G1 X122.616 Y77.749 E.01951
G1 X122.619 Y77.255 E.01918
G1 X122.722 Y76.755 E.01986
G1 X122.94 Y76.271 E.02064
G1 X123.11 Y76.005 E.01226
G1 E-2.8 F3600
;WIPE_START
G1 F3000
G1 X122.94 Y76.271 E-.37836
G1 X122.722 Y76.755 E-.63732
G1 X122.691 Y76.905 E-.18432
;WIPE_END
G1 Z6.8 F9000
G1 X126.515 Y79.351 Z6.8
G1 Z6.4
G1 E4 F2400
;WIDTH:0.545377
G1 F3000
G1 X126.667 Y79.329 E.00609
;WIDTH:0.49947
G1 X126.819 Y79.307 E.00553
;WIDTH:0.4487
G1 X126.971 Y79.284 E.00492
G1 X127.149 Y79.365 E.00629
G1 X127.129 Y78.851 E.0165
;WIDTH:0.493544
G1 X127.125 Y78.742 E.00388
;WIDTH:0.525276
G1 X127.121 Y78.633 E.00415
;WIDTH:0.522719
G1 X126.998 Y78.768 E.00691
;WIDTH:0.485875
G1 X126.876 Y78.903 E.00638
;WIDTH:0.449031
G1 X126.753 Y79.038 E.00585
;WIDTH:0.453563
G1 X126.682 Y79.132 E.00382
;WIDTH:0.49947
G1 X126.611 Y79.225 E.00425
;WIDTH:0.522423
G1 X126.539 Y79.319 E.00446
G1 E-3.85859 F3600
;WIPE_START
G1 F3000
G1 X126.611 Y79.225 E-.14141
;WIPE_END
G1 Z6.8 F9000
G1 X124.142 Y75.265 Z6.8
G1 Z6.4
G1 E4 F2400
;WIDTH:0.518842
G1 F3000
G1 X124.737 Y75.127 E.02299
G1 X125.25 Y75.123 E.01928
G1 X125.763 Y75.235 E.01975
G1 X126.234 Y75.426 E.01908
;WIDTH:0.574498
G1 X126.435 Y75.551 E.00996
;WIDTH:0.61473
G1 X126.636 Y75.677 E.01071
G1 X126.936 Y76.03 E.02092
;WIDTH:0.583011
G1 X127.08 Y76.327 E.01408
;WIDTH:0.529068
G1 X127.224 Y76.624 E.01268
G1 X127.378 Y77.217 E.02352
G1 X127.385 Y77.726 E.01954
G1 X127.28 Y78.238 E.02009
G1 X127.147 Y78.579 E.01405
G1 E-2.8 F3600
;WIPE_START
G1 F3000
G1 X127.28 Y78.238 E-.43903
G1 X127.385 Y77.726 E-.62791
G1 X127.383 Y77.615 E-.13306
;WIPE_END
G1 Z6.8 F9000
G1 X124.138 Y75.266 Z6.8
G1 Z6.4
G1 E4 F2400
;WIDTH:0.515624
G1 F3000
G1 X123.971 Y75.293 E.0063
;WIDTH:0.480272
G1 X123.805 Y75.321 E.00583
;WIDTH:0.430612
G1 X123.638 Y75.348 E.00517
G1 X123.134 Y75.349 E.01545
G1 X123.212 Y75.546 E.0065
;WIDTH:0.446911
G1 X123.191 Y75.671 E.00404
;WIDTH:0.486246
G1 X123.17 Y75.796 E.00443
;WIDTH:0.525581
G1 X123.15 Y75.921 E.00483
;WIDTH:0.554319
G1 X123.132 Y75.971 E.00217
;WIDTH:0.540699
G1 X123.299 Y75.845 E.00824
;WIDTH:0.495317
G1 X123.466 Y75.718 E.00749
;WIDTH:0.449935
G1 X123.633 Y75.592 E.00674
;WIDTH:0.444752
G1 X123.79 Y75.491 E.00594
;WIDTH:0.47977
G1 X123.947 Y75.389 E.00646
;WIDTH:0.497279
G1 X124.104 Y75.288 E.00672
G1 E-3.77547 F3600
;WIPE_START
G1 F3000
G1 X123.947 Y75.389 E-.22453
;WIPE_END
G1 Z6.8 F9000
G1 X96.862 Y75.994 Z6.8
G1 Z6.4
G1 E4 F2400
;WIDTH:0.537568
G1 F3000
G1 X96.836 Y75.839 E.00616
;WIDTH:0.49545
G1 X96.81 Y75.683 E.00563
;WIDTH:0.449529
G1 X96.783 Y75.528 E.00506
G1 X96.856 Y75.351 E.00614
G1 X96.343 Y75.372 E.01648
;WIDTH:0.493911
G1 X96.237 Y75.372 E.0038
;WIDTH:0.527103
G1 X96.13 Y75.372 E.00408
;WIDTH:0.525129
G1 X96.265 Y75.497 E.00699
;WIDTH:0.487987
G1 X96.399 Y75.622 E.00645
;WIDTH:0.450845
G1 X96.534 Y75.747 E.00592
;WIDTH:0.453333
G1 X96.633 Y75.821 E.00401
;WIDTH:0.49545
G1 X96.731 Y75.896 E.00442
;WIDTH:0.516509
G1 X96.83 Y75.97 E.00462
G1 X96.862 Y75.994 F9000
;WIDTH:0.532088
G1 F3000
G1 X97.185 Y76.528 E.02411
G1 X97.34 Y77.005 E.01937
G1 X97.39 Y77.463 E.01781
G1 X97.338 Y78.002 E.02093
G1 X97.184 Y78.474 E.0192
G1 X96.956 Y78.875 E.01781
G1 X96.592 Y79.275 E.0209
G1 X96.176 Y79.587 E.02009
G1 X95.716 Y79.786 E.01934
G1 X95.225 Y79.885 E.01935
G1 X94.725 Y79.879 E.01935
G1 X94.236 Y79.77 E.01935
G1 X93.776 Y79.563 E.01949
G1 X93.511 Y79.383 E.01238
G1 X92.88 Y78.62 F9000
;WIDTH:0.539904
G1 F3000
G1 X92.661 Y77.997 E.02592
G1 X92.609 Y77.5 E.01963
G1 X92.661 Y77.003 E.01963
G1 X92.841 Y76.455 E.02264
;WIDTH:0.554788
G1 X92.976 Y76.211 E.01126
;WIDTH:0.586771
G1 X93.11 Y75.967 E.01196
;WIDTH:0.622306
G1 X93.39 Y75.661 E.019
G1 X93.596 Y75.52 E.01141
;WIDTH:0.580632
G1 X93.867 Y75.399 E.0126
;WIDTH:0.51653
G1 X94.138 Y75.279 E.0111
G1 X94.737 Y75.127 E.02312
G1 X95.25 Y75.122 E.01919
G1 X95.76 Y75.234 E.01951
G1 X96.08 Y75.354 E.01283
G1 E-2.8 F3600
;WIPE_START
G1 F3000
G1 X95.76 Y75.234 E-.41147
G1 X95.25 Y75.122 E-.62592
G1 X95.114 Y75.124 E-.16261
;WIPE_END
G1 Z6.8 F9000
G1 X93.478 Y79.361 Z6.8
G1 Z6.4
G1 E4 F2400
;WIDTH:0.525086
G1 F3000
G1 X93.382 Y79.228 E.00625
;WIDTH:0.487578
G1 X93.286 Y79.095 E.00576
;WIDTH:0.45007
G1 X93.191 Y78.962 E.00527
;WIDTH:0.454026
G1 X93.087 Y78.848 E.005
;WIDTH:0.499448
G1 X92.983 Y78.734 E.00555
;WIDTH:0.544869
G1 X92.88 Y78.62 E.0061
G1 X92.87 Y78.854 E.00928
;WIDTH:0.499448
G1 X92.861 Y79.088 E.00844
;WIDTH:0.442572
G1 X92.851 Y79.364 E.00873
G1 X93.03 Y79.284 E.00619
;WIDTH:0.45007
G1 X93.166 Y79.307 E.00444
;WIDTH:0.487578
G1 X93.302 Y79.331 E.00485
;WIDTH:0.506332
G1 X93.438 Y79.354 E.00506
G1 E-3.83423 F3600
;WIPE_START
G1 F3000
G1 X93.302 Y79.331 E-.16577
;WIPE_END
G1 Z6.8 F9000
G1 X93.53 Y140.602 Z6.8
G1 Z6.4
G1 E4 F2400
;WIDTH:0.514036
G1 F3000
G1 X93.361 Y140.639 E.00643
;WIDTH:0.47741
G1 X93.192 Y140.675 E.00593
;WIDTH:0.438702
G1 X93.023 Y140.712 E.0054
G1 X92.846 Y140.634 E.00606
G1 X92.866 Y141.157 E.01637
;WIDTH:0.481763
G1 X92.878 Y141.259 E.00358
;WIDTH:0.514118
G1 X92.89 Y141.362 E.00384
;WIDTH:0.512325
G1 X93.002 Y141.232 E.00635
;WIDTH:0.476383
G1 X93.114 Y141.102 E.00586
;WIDTH:0.440442
G1 X93.225 Y140.973 E.00537
;WIDTH:0.440784
G1 X93.318 Y140.86 E.00461
;WIDTH:0.47741
G1 X93.411 Y140.746 E.00503
;WIDTH:0.495723
G1 X93.504 Y140.633 E.00524
G1 X93.53 Y140.602 F9000
;WIDTH:0.533445
G1 F3000
G1 X94.03 Y140.319 E.02225
G1 X94.503 Y140.166 E.01927
G1 X95.024 Y140.11 E.02033
G1 X95.497 Y140.161 E.01843
G1 X95.973 Y140.315 E.01937
G1 X96.406 Y140.565 E.01937
G1 X96.777 Y140.9 E.01937
G1 X97.071 Y141.305 E.01938
G1 X97.269 Y141.763 E.01934
G1 X97.384 Y142.249 E.01938
G1 X97.384 Y142.751 E.01942
G1 X97.28 Y143.241 E.01942
G1 X97.06 Y143.728 E.02072
;WIDTH:0.542092
G1 X96.947 Y143.895 E.00795
;WIDTH:0.557266
G1 X96.834 Y144.062 E.00819
G1 X96.812 Y144.095 F9000
;WIDTH:0.570198
G1 F3000
G1 X96.638 Y144.219 E.00889
;WIDTH:0.535364
G1 X96.464 Y144.343 E.0083
;WIDTH:0.512838
G1 X96.29 Y144.467 E.00792
G1 X96.119 Y144.64 E.00906
;WIDTH:0.542238
G1 X96.353 Y144.643 E.00926
;WIDTH:0.498509
G1 X96.588 Y144.646 E.00845
;WIDTH:0.444264
G1 X96.861 Y144.649 E.00864
G1 X96.784 Y144.45 E.00677
;WIDTH:0.455409
G1 X96.79 Y144.371 E.00257
;WIDTH:0.493182
G1 X96.796 Y144.292 E.00281
;WIDTH:0.530955
G1 X96.803 Y144.214 E.00304
;WIDTH:0.549841
G1 X96.809 Y144.135 E.00316
G1 X96.119 Y144.64 F9000
;WIDTH:0.541989
G1 F3000
G1 X95.5 Y144.838 E.0256
G1 X95 Y144.887 E.01982
G1 X94.504 Y144.835 E.01968
G1 X94 Y144.678 E.0208
;WIDTH:0.544828
G1 X93.794 Y144.577 E.00909
;WIDTH:0.57512
G1 X93.588 Y144.476 E.00964
;WIDTH:0.601966
G1 X93.179 Y144.123 E.02387
;WIDTH:0.594462
G1 X93.045 Y143.905 E.01114
;WIDTH:0.556054
G1 X92.911 Y143.687 E.01037
;WIDTH:0.5206
G1 X92.715 Y143.222 E.01905
G1 X92.616 Y142.724 E.01917
G1 X92.626 Y142.226 E.0188
G1 X92.734 Y141.741 E.01875
G1 X92.849 Y141.435 E.01231
G1 E-2.8 F3600
;WIPE_START
G1 F3000
G1 X92.734 Y141.741 E-.39136
G1 X92.626 Y142.226 E-.5964
G1 X92.622 Y142.403 E-.21224
;WIPE_END
G1 Z6.8 F9000
G1 X123.156 Y144.049 Z6.8
G1 Z6.4
G1 E4 F2400
;WIDTH:0.533391
G1 F3000
G1 X122.815 Y143.472 E.02596
G1 X122.66 Y142.995 E.01942
G1 X122.61 Y142.537 E.01786
G1 X122.662 Y141.998 E.02099
G1 X122.815 Y141.527 E.01918
G1 X123.065 Y141.094 E.01937
G1 X123.4 Y140.723 E.01938
G1 X123.804 Y140.429 E.01936
G1 X124.263 Y140.232 E.01934
G1 X124.778 Y140.116 E.02046
G1 X125.275 Y140.121 E.01926
G1 X125.764 Y140.23 E.0194
G1 X126.229 Y140.44 E.01979
G1 X126.514 Y140.622 E.01309
G1 E-2.8 F3600
;WIPE_START
G1 F3000
G1 X126.229 Y140.44 E-.40546
G1 X125.764 Y140.23 E-.61296
G1 X125.616 Y140.197 E-.18158
;WIPE_END
G1 Z6.8 F9000
G1 X123.156 Y144.049 Z6.8
G1 Z6.4
G1 E4 F2400
;WIDTH:0.52818
G1 F3000
G1 X123.175 Y144.191 E.00548
;WIDTH:0.487639
G1 X123.195 Y144.333 E.00503
;WIDTH:0.444748
G1 X123.214 Y144.474 E.00454
G1 X123.139 Y144.652 E.00611
G1 X123.701 Y144.638 E.01785
;WIDTH:0.494039
G1 X123.827 Y144.656 E.00455
;WIDTH:0.53464
G1 X123.954 Y144.673 E.00495
;WIDTH:0.533588
G1 X123.814 Y144.555 E.00709
;WIDTH:0.490884
G1 X123.675 Y144.437 E.00647
;WIDTH:0.44818
G1 X123.535 Y144.318 E.00586
;WIDTH:0.447098
G1 X123.42 Y144.236 E.00452
;WIDTH:0.487639
G1 X123.304 Y144.154 E.00497
;WIDTH:0.507909
G1 X123.189 Y144.072 E.0052
G1 E-3.83011 F3600
;WIPE_START
G1 F3000
G1 X123.304 Y144.154 E-.16989
;WIPE_END
G1 Z6.8 F9000
G1 X127.152 Y141.408 Z6.8
G1 Z6.4
G1 E4 F2400
;WIDTH:0.541511
G1 F3000
G1 X127.338 Y141.999 E.02442
G1 X127.39 Y142.5 E.01983
G1 X127.338 Y142.997 E.01968
G1 X127.154 Y143.543 E.02271
;WIDTH:0.563768
G1 X127.04 Y143.768 E.01037
;WIDTH:0.592287
G1 X126.927 Y143.993 E.01094
;WIDTH:0.619642
G1 X126.657 Y144.303 E.01872
;WIDTH:0.609101
G1 X126.425 Y144.445 E.01217
;WIDTH:0.561827
G1 X126.192 Y144.586 E.01115
;WIDTH:0.526178
G1 X125.724 Y144.784 E.0194
G1 X125.226 Y144.885 E.01941
G1 X124.671 Y144.867 E.0212
G1 X123.991 Y144.687 E.02683
G1 E-2.8 F3600
;WIPE_START
G1 F3000
G1 X124.671 Y144.867 E-.84327
G1 X124.968 Y144.876 E-.35673
;WIPE_END
G1 Z6.8 F9000
G1 X126.548 Y140.644 Z6.8
G1 Z6.4
G1 E4 F2400
;WIDTH:0.542244
G1 F3000
G1 X126.649 Y140.784 E.00683
;WIDTH:0.494368
G1 X126.751 Y140.924 E.00617
;WIDTH:0.446492
G1 X126.852 Y141.064 E.00552
;WIDTH:0.445938
G1 X126.952 Y141.179 E.00484
;WIDTH:0.492706
G1 X127.052 Y141.293 E.0054
;WIDTH:0.539474
G1 X127.152 Y141.408 E.00596
G1 X127.153 Y141.24 E.0066
;WIDTH:0.492706
G1 X127.153 Y141.071 E.00598
;WIDTH:0.428608
G1 X127.154 Y140.635 E.01331
G1 X126.954 Y140.709 E.00649
;WIDTH:0.443575
G1 X126.834 Y140.693 E.00384
;WIDTH:0.485616
G1 X126.714 Y140.677 E.00424
;WIDTH:0.527657
G1 X126.594 Y140.66 E.00464
;WIDTH:0.548677
G1 X126.585 Y140.657 E.00037
; stop printing object Remote75T.stl id:0 copy 0
M106 S122
;LAYER_CHANGE
;Z:6.6
;HEIGHT:0.2
;BEFORE_LAYER_CHANGE
;6.6
G92 E0

G1 E-3.98884 F3600
;WIPE_START
G1 F3000
G1 X126.594 Y140.66 E-.01116
;WIPE_END
;_SET_FAN_SPEED_CHANGING_LAYER
; printing object Remote75T.stl id:0 copy 0
G1 Z7 F9000
G1 X123.844 Y80.097 Z7
G1 Z6.6
G1 E4 F2400
;TYPE:Inner wall
;WIDTH:0.449999
G1 X123.329 Y79.8 E.01911
G1 X122.887 Y79.402 E.01911
G1 X122.538 Y78.922 E.01911
G1 X122.296 Y78.379 E.01911
G1 X122.172 Y77.796 E.01914
G1 X122.171 Y77.231 E.01817
G1 X122.287 Y76.667 E.01854
G1 X122.474 Y76.222 E.01552
G1 X122.722 Y75.79 E.01602
G1 X122.82 Y75.498 E.0099
G1 X122.311 Y74.954 E.02396
G1 X123.401 Y74.954 E.03507
G1 X123.78 Y74.924 E.01222
G1 X124.364 Y74.734 E.01974
G1 X124.829 Y74.675 E.01507
G1 X125.296 Y74.688 E.01502
G1 X125.769 Y74.777 E.01549
G1 X126.271 Y74.945 E.01703
G1 X126.792 Y75.185 E.01843
G1 X127.058 Y75.388 E.01075
G1 X127.296 Y75.673 E.01193
G1 X127.712 Y76.658 E.03439
G1 X127.827 Y77.36 E.02287
G1 X127.795 Y77.951 E.01903
G1 X127.546 Y78.909 E.03184
G1 X127.546 Y80.19 E.04119
G1 X127 Y79.681 E.02402
G1 X126.737 Y79.761 E.00884
G1 X126.156 Y80.097 E.02159
G1 X125.591 Y80.281 E.0191
G1 X125 Y80.343 E.01911
G1 X124.409 Y80.281 E.01911
G1 X123.882 Y80.11 E.01783
G1 E-2.8 F3600
;WIPE_START
G1 F2400
G1 X123.329 Y79.8 E-.76025
G1 X123.057 Y79.555 E-.43975
;WIPE_END
G1 Z7 F9000
G1 X125.978 Y75.832 Z7
G1 Z6.6
G1 E4 F2400
G1 X126.117 Y75.906 E.00506
G1 X126.397 Y76.143 E.0118
G1 X126.615 Y76.405 E.01099
G1 X126.816 Y76.794 E.01408
G1 X126.943 Y77.296 E.01664
G1 X126.933 Y77.767 E.01517
G1 X126.835 Y78.163 E.01312
G1 X126.618 Y78.58 E.01512
G1 X126.258 Y78.992 E.01759
G1 X125.92 Y79.221 E.01312
G1 X125.542 Y79.375 E.01312
G1 X125.14 Y79.446 E.01312
G1 X124.733 Y79.433 E.01312
G1 X124.337 Y79.335 E.01312
G1 X123.945 Y79.138 E.01409
G1 X123.548 Y78.807 E.01663
G1 X123.279 Y78.42 E.01517
G1 X123.125 Y78.042 E.01312
G1 X123.054 Y77.64 E.01312
G1 X123.067 Y77.233 E.01312
G1 X123.165 Y76.837 E.01312
G1 X123.279 Y76.58 E.00903
G1 X123.593 Y76.147 E.01719
G1 X123.905 Y75.885 E.01312
G1 X124.299 Y75.682 E.01425
G1 X124.809 Y75.556 E.01687
G1 X125.267 Y75.567 E.01476
G1 X125.663 Y75.665 E.01312
G1 X125.943 Y75.813 E.01017
G1 X125.784 Y76.195 F9000
;TYPE:Outer wall
G1 F2400
G1 X126.078 Y76.429 E.01208
G1 X126.345 Y76.794 E.01452
G1 X126.512 Y77.312 E.01751
G1 X126.514 Y77.678 E.01177
G1 X126.444 Y77.989 E.01025
G1 X126.284 Y78.311 E.01154
G1 X125.992 Y78.656 E.01454
G1 X125.617 Y78.887 E.01417
G1 X125.159 Y79.017 E.01529
G1 X124.684 Y78.985 E.01531
G1 X124.238 Y78.821 E.01528
G1 X123.855 Y78.506 E.01598
G1 X123.67 Y78.246 E.01025
G1 X123.544 Y77.953 E.01025
G1 X123.482 Y77.64 E.01025
G1 X123.486 Y77.322 E.01025
G1 X123.556 Y77.011 E.01025
G1 X123.67 Y76.754 E.00903
G1 X123.88 Y76.466 E.01146
G1 X124.119 Y76.256 E.01025
G1 X124.408 Y76.097 E.01058
G1 X124.873 Y75.982 E.01541
G1 X125.316 Y76.015 E.01429
G1 X125.75 Y76.176 E.01488
G1 E-2.8 F3600
;WIPE_START
G1 F2400
G1 X126.078 Y76.429 E-.49785
G1 X126.345 Y76.794 E-.54191
G1 X126.386 Y76.921 E-.16024
;WIPE_END
G1 Z7 F9000
G1 X97.843 Y77.5 Z7
G1 Z6.6
M73 P95 R2
G1 E4 F2400
;TYPE:Inner wall
G1 X97.781 Y78.091 E.01911
G1 X97.597 Y78.657 E.01914
G1 X97.316 Y79.147 E.01817
G1 X96.901 Y79.614 E.02009
G1 X96.422 Y79.962 E.01905
G1 X95.879 Y80.204 E.01911
G1 X95.296 Y80.328 E.01914
G1 X94.731 Y80.329 E.01817
G1 X94.167 Y80.213 E.01854
G1 X93.723 Y80.026 E.01548
G1 X93.29 Y79.778 E.01606
G1 X92.997 Y79.68 E.0099
G1 X92.454 Y80.189 E.02396
G1 X92.454 Y79.099 E.03506
G1 X92.424 Y78.72 E.01223
G1 X92.234 Y78.136 E.01976
G1 X92.177 Y77.686 E.01457
G1 X92.188 Y77.204 E.0155
G1 X92.277 Y76.731 E.0155
G1 X92.445 Y76.229 E.01703
G1 X92.685 Y75.708 E.01843
G1 X92.888 Y75.442 E.01075
G1 X93.173 Y75.204 E.01193
G1 X93.499 Y75.056 E.01153
G1 X94.013 Y74.841 E.01793
G1 X94.562 Y74.702 E.01819
G1 X95.143 Y74.673 E.01871
G1 X95.725 Y74.764 E.01895
G1 X96.19 Y74.913 E.0157
G1 X96.409 Y74.954 E.00716
G1 X97.607 Y74.954 E.03854
G1 X97.18 Y75.497 E.02224
G1 X97.261 Y75.763 E.00892
G1 X97.597 Y76.344 E.02159
G1 X97.781 Y76.909 E.0191
G1 X97.839 Y77.46 E.01783
G1 E-2.8 F3600
;WIPE_START
G1 F2400
G1 X97.781 Y78.091 E-.76025
G1 X97.668 Y78.44 E-.43975
;WIPE_END
G1 Z7 F9000
G1 X93.107 Y77.938 Z7
G1 Z6.6
G1 E4 F2400
G1 X93.054 Y77.64 E.00972
G1 X93.067 Y77.233 E.01312
G1 X93.165 Y76.837 E.01312
G1 X93.406 Y76.383 E.01651
G1 X93.643 Y76.103 E.0118
G1 X93.905 Y75.885 E.01099
G1 X94.299 Y75.682 E.01425
G1 X94.801 Y75.557 E.01663
G1 X95.267 Y75.567 E.01499
G1 X95.663 Y75.665 E.01312
G1 X96.103 Y75.895 E.01596
G1 X96.372 Y76.117 E.01121
G1 X96.692 Y76.523 E.01662
G1 X96.875 Y76.958 E.01519
G1 X96.946 Y77.36 E.01312
G1 X96.933 Y77.767 E.01312
G1 X96.835 Y78.163 E.01312
G1 X96.59 Y78.623 E.01673
G1 X96.3 Y78.949 E.01405
G1 X95.991 Y79.169 E.01221
G1 X95.542 Y79.375 E.01586
G1 X95.14 Y79.446 E.01312
G1 X94.733 Y79.433 E.01312
G1 X94.337 Y79.335 E.01312
G1 X93.946 Y79.138 E.01408
G1 X93.508 Y78.758 E.01866
G1 X93.268 Y78.396 E.01396
G1 X93.125 Y78.042 E.01227
G1 X93.114 Y77.977 E.00211
G1 X93.531 Y77.861 F9000
;TYPE:Outer wall
G1 F2400
G1 X93.515 Y77.815 E.00156
G1 X93.483 Y77.341 E.01531
G1 X93.556 Y77.011 E.01086
G1 X93.752 Y76.635 E.01363
G1 X94.089 Y76.278 E.01577
G1 X94.474 Y76.08 E.01393
G1 X94.873 Y75.982 E.01322
G1 X95.178 Y75.986 E.00982
G1 X95.489 Y76.056 E.01025
G1 X95.851 Y76.242 E.01308
G1 X96.039 Y76.386 E.00763
G1 X96.33 Y76.754 E.01507
G1 X96.485 Y77.184 E.0147
G1 X96.517 Y77.659 E.01531
G1 X96.386 Y78.119 E.01535
G1 X96.134 Y78.52 E.01523
G1 X95.796 Y78.788 E.01388
G1 X95.453 Y78.956 E.01228
G1 X95.14 Y79.018 E.01025
G1 X94.822 Y79.014 E.01025
G1 X94.511 Y78.944 E.01025
G1 X94.215 Y78.805 E.01051
G1 X93.854 Y78.505 E.0151
G1 X93.66 Y78.221 E.01105
G1 X93.545 Y77.899 E.01101
G1 E-2.8 F3600
;WIPE_START
G1 F2400
G1 X93.515 Y77.815 E-.10605
G1 X93.483 Y77.341 E-.57121
G1 X93.556 Y77.011 E-.40526
G1 X93.602 Y76.924 E-.11749
;WIPE_END
G1 Z7 F9000
G1 X96.156 Y139.903 Z7
G1 Z6.6
G1 E4 F2400
;TYPE:Inner wall
G1 X96.671 Y140.2 E.01911
G1 X97.078 Y140.566 E.0176
G1 X97.383 Y140.97 E.01628
G1 X97.64 Y141.478 E.01831
G1 X97.795 Y142.049 E.01903
G1 X97.827 Y142.64 E.01903
G1 X97.736 Y143.225 E.01903
G1 X97.526 Y143.778 E.01903
G1 X97.278 Y144.21 E.01603
G1 X97.18 Y144.502 E.0099
G1 X97.69 Y145.046 E.02396
G1 X96.599 Y145.046 E.03507
G1 X96.22 Y145.076 E.01222
G1 X95.591 Y145.281 E.02127
G1 X95 Y145.343 E.01911
G1 X94.456 Y145.286 E.0176
G1 X94.022 Y145.155 E.01457
G1 X93.389 Y144.919 E.02172
G1 X92.968 Y144.635 E.01634
G1 X92.669 Y144.279 E.01494
G1 X92.462 Y143.774 E.01755
G1 X92.264 Y143.225 E.01878
G1 X92.173 Y142.64 E.01903
G1 X92.205 Y142.049 E.01903
G1 X92.454 Y141.091 E.03184
G1 X92.454 Y139.893 E.03854
G1 X92.997 Y140.32 E.02224
G1 X93.263 Y140.239 E.00892
G1 X93.844 Y139.903 E.02159
G1 X94.409 Y139.719 E.0191
G1 X95 Y139.657 E.01911
G1 X95.591 Y139.719 E.01911
G1 X96.118 Y139.89 E.01783
G1 E-2.8 F3600
;WIPE_START
G1 F2400
G1 X96.671 Y140.2 E-.76025
G1 X96.943 Y140.445 E-.43975
;WIPE_END
G1 Z7 F9000
G1 X93.059 Y142.481 Z7
G1 Z6.6
G1 E4 F2400
G1 X93.067 Y142.233 E.00798
G1 X93.165 Y141.837 E.01312
G1 X93.395 Y141.397 E.01596
G1 X93.593 Y141.147 E.01024
G1 X93.905 Y140.885 E.01312
G1 X94.299 Y140.682 E.01425
G1 X94.809 Y140.556 E.01687
G1 X95.267 Y140.567 E.01476
G1 X95.663 Y140.665 E.01312
G1 X96.03 Y140.843 E.01312
G1 X96.258 Y141.008 E.00903
G1 X96.58 Y141.351 E.01513
G1 X96.821 Y141.807 E.01661
G1 X96.943 Y142.296 E.01619
G1 X96.933 Y142.767 E.01517
G1 X96.835 Y143.163 E.01312
G1 X96.657 Y143.53 E.01312
G1 X96.407 Y143.853 E.01312
G1 X96.095 Y144.115 E.01312
G1 X95.735 Y144.308 E.01312
G1 X95.313 Y144.423 E.01408
G1 X94.796 Y144.443 E.01664
G1 X94.337 Y144.335 E.01517
G1 X93.905 Y144.106 E.01571
G1 X93.508 Y143.758 E.017
G1 X93.279 Y143.42 E.01312
G1 X93.125 Y143.042 E.01312
G1 X93.054 Y142.64 E.01312
G1 X93.058 Y142.521 E.00385
G1 X93.484 Y142.494 F9000
;TYPE:Outer wall
G1 F2400
G1 X93.486 Y142.322 E.00555
G1 X93.556 Y142.011 E.01025
G1 X93.742 Y141.649 E.01308
G1 X93.88 Y141.466 E.00737
G1 X94.119 Y141.256 E.01025
G1 X94.408 Y141.097 E.01058
G1 X94.873 Y140.982 E.01541
G1 X95.316 Y141.015 E.01428
G1 X95.763 Y141.179 E.01531
G1 X96.006 Y141.355 E.00964
G1 X96.248 Y141.627 E.01172
G1 X96.456 Y142.047 E.01507
G1 X96.518 Y142.36 E.01025
G1 X96.514 Y142.678 E.01025
G1 X96.444 Y142.989 E.01025
G1 X96.311 Y143.279 E.01025
G1 X96.12 Y143.534 E.01025
G1 X95.881 Y143.744 E.01025
G1 X95.603 Y143.9 E.01025
G1 X95.29 Y143.995 E.01051
G1 X94.822 Y144.014 E.01507
G1 X94.511 Y143.944 E.01025
G1 X94.175 Y143.773 E.01213
G1 X93.848 Y143.496 E.01377
G1 X93.67 Y143.246 E.00988
G1 X93.544 Y142.953 E.01025
G1 X93.482 Y142.64 E.01025
G1 X93.483 Y142.534 E.00341
G1 E-2.8 F3600
;WIPE_START
G1 F2400
G1 X93.486 Y142.322 E-.25527
G1 X93.556 Y142.011 E-.38241
G1 X93.742 Y141.649 E-.48813
G1 X93.779 Y141.6 E-.07419
;WIPE_END
G1 Z7 F9000
G1 X124.704 Y139.672 Z7
G1 Z6.6
G1 E4 F2400
;TYPE:Inner wall
G1 X125.269 Y139.671 E.01817
G1 X125.833 Y139.787 E.01854
G1 X126.278 Y139.974 E.01552
G1 X126.71 Y140.222 E.01602
G1 X127.002 Y140.32 E.0099
G1 X127.546 Y139.893 E.02224
G1 X127.546 Y140.901 E.03243
G1 X127.576 Y141.28 E.01222
G1 X127.781 Y141.909 E.02127
G1 X127.843 Y142.5 E.01911
G1 X127.786 Y143.044 E.0176
G1 X127.655 Y143.478 E.01457
G1 X127.419 Y144.111 E.02172
G1 X127.135 Y144.533 E.01634
G1 X126.779 Y144.831 E.01494
G1 X126.274 Y145.038 E.01755
G1 X125.725 Y145.236 E.01878
G1 X125.14 Y145.327 E.01903
G1 X124.549 Y145.295 E.01903
G1 X123.591 Y145.046 E.03184
G1 X122.392 Y145.046 E.03855
G1 X122.819 Y144.5 E.02231
G1 X122.739 Y144.237 E.00884
G1 X122.403 Y143.656 E.02159
G1 X122.219 Y143.091 E.0191
G1 X122.157 Y142.5 E.01911
G1 X122.219 Y141.909 E.01911
G1 X122.403 Y141.344 E.01911
G1 X122.7 Y140.829 E.01911
G1 X123.098 Y140.387 E.01914
G1 X123.554 Y140.053 E.01817
G1 X124.123 Y139.796 E.02009
G1 X124.664 Y139.681 E.01779
G1 E-2.8 F3600
;WIPE_START
G1 F2400
G1 X125.269 Y139.671 E-.72504
G1 X125.656 Y139.751 E-.47496
;WIPE_END
G1 Z7 F9000
G1 X126.616 Y143.56 Z7
G1 Z6.6
G1 E4 F2400
G1 X126.373 Y143.882 E.01296
G1 X125.952 Y144.206 E.01708
G1 X125.542 Y144.375 E.01427
G1 X125.14 Y144.446 E.01312
G1 X124.733 Y144.433 E.01312
G1 X124.337 Y144.335 E.01312
G1 X123.92 Y144.118 E.01512
G1 X123.518 Y143.771 E.01707
G1 X123.279 Y143.42 E.01365
G1 X123.125 Y143.042 E.01312
G1 X123.054 Y142.64 E.01312
G1 X123.067 Y142.233 E.01312
G1 X123.165 Y141.837 E.01312
G1 X123.343 Y141.47 E.01312
G1 X123.593 Y141.147 E.01312
G1 X124.004 Y140.828 E.01673
G1 X124.379 Y140.661 E.01318
G1 X124.871 Y140.553 E.01622
G1 X125.267 Y140.567 E.01275
G1 X125.663 Y140.665 E.01312
G1 X126.03 Y140.843 E.01312
G1 X126.353 Y141.093 E.01312
G1 X126.615 Y141.405 E.01312
G1 X126.808 Y141.765 E.01312
G1 X126.923 Y142.187 E.01408
G1 X126.943 Y142.704 E.01664
G1 X126.835 Y143.163 E.01517
G1 X126.721 Y143.419 E.009
G1 X126.64 Y143.528 E.00438
G1 X126.279 Y143.308 F9000
;TYPE:Outer wall
G1 F2400
G1 X126.006 Y143.645 E.01396
G1 X125.746 Y143.83 E.01025
G1 X125.453 Y143.956 E.01025
G1 X125.14 Y144.018 E.01025
G1 X124.822 Y144.014 E.01025
G1 X124.511 Y143.944 E.01025
G1 X124.189 Y143.784 E.01154
G1 X123.844 Y143.492 E.01454
G1 X123.613 Y143.117 E.01417
G1 X123.483 Y142.659 E.01529
G1 X123.515 Y142.184 E.01531
G1 X123.679 Y141.737 E.01531
G1 X123.985 Y141.371 E.01535
G1 X124.379 Y141.107 E.01523
G1 X124.872 Y140.982 E.01637
G1 X125.178 Y140.986 E.00985
G1 X125.489 Y141.056 E.01025
G1 X125.779 Y141.189 E.01025
G1 X126.034 Y141.38 E.01025
G1 X126.244 Y141.619 E.01025
G1 X126.4 Y141.897 E.01025
G1 X126.495 Y142.21 E.01051
G1 X126.514 Y142.678 E.01507
G1 X126.444 Y142.989 E.01025
G1 X126.33 Y143.245 E.009
G1 X126.304 Y143.277 E.00132
G1 E-2.8 F3600
;WIPE_START
G1 F2400
G1 X126.006 Y143.645 E-.56909
G1 X125.746 Y143.83 E-.38236
G1 X125.555 Y143.911 E-.24855
;WIPE_END
G1 Z7 F9000
G1 X92.494 Y144.744 Z7
G1 Z6.6
G1 E4 F2400
G1 X92.292 Y144.489 E.01046
G1 X91.887 Y143.513 E.03398
G1 X91.744 Y142.842 E.02206
G1 X91.744 Y142.249 E.01906
G1 X91.844 Y141.686 E.01841
G1 X92.013 Y141.156 E.01786
G1 X92.025 Y140.901 E.00823
;WIDTH:0.488555
G1 X92.044 Y140.635 E.00938
;WIDTH:0.52711
G1 X92.063 Y140.369 E.0102
;WIDTH:0.565666
G1 X92.081 Y140.103 E.01101
;WIDTH:0.604221
G1 X92.1 Y139.837 E.01182
G1 X92.1 Y80.29 E2.64026
;WIDTH:0.6
G1 X92.077 Y79.924 E.01612
;WIDTH:0.5625
G1 X92.054 Y79.559 E.01503
;WIDTH:0.525
G1 X92.031 Y79.193 E.01395
;WIDTH:0.4875
G1 X92.008 Y78.827 E.01286
;WIDTH:0.449999
G1 X91.798 Y78.181 E.02187
G1 X91.736 Y77.592 E.01905
G1 X91.773 Y77.05 E.01744
G1 X91.869 Y76.598 E.01487
G1 X92.047 Y76.07 E.01792
G1 X92.314 Y75.494 E.02042
G1 X92.614 Y75.106 E.01576
G1 X93.011 Y74.792 E.01627
G1 X93.987 Y74.387 E.03398
G1 X94.658 Y74.244 E.02206
G1 X95.251 Y74.244 E.01906
G1 X95.814 Y74.344 E.01841
G1 X96.344 Y74.513 E.01786
G1 X96.599 Y74.525 E.00823
;WIDTH:0.488554
G1 X96.865 Y74.544 E.00938
;WIDTH:0.527109
G1 X97.131 Y74.563 E.0102
;WIDTH:0.565664
G1 X97.397 Y74.581 E.01101
;WIDTH:0.604219
G1 X97.663 Y74.6 E.01182
G1 X122.21 Y74.6 E1.0884
;WIDTH:0.599998
G1 X122.698 Y74.569 E.02149
;WIDTH:0.549999
G1 X123.185 Y74.539 E.01956
;WIDTH:0.499999
G1 X123.673 Y74.508 E.01763
;WIDTH:0.449999
G1 X124.319 Y74.298 E.02187
G1 X125 Y74.226 E.02201
G1 X125.59 Y74.288 E.01907
G1 X126.006 Y74.403 E.0139
G1 X126.562 Y74.6 E.01897
G1 X127.076 Y74.854 E.01843
G1 X127.467 Y75.179 E.01634
G1 X127.75 Y75.614 E.01667
G1 X128.131 Y76.569 E.03306
G1 X128.256 Y77.249 E.02226
G1 X128.256 Y77.751 E.01612
G1 X128.156 Y78.314 E.01841
G1 X127.987 Y78.844 E.01786
G1 X127.975 Y79.094 E.00806
;WIDTH:0.4875
G1 X127.956 Y79.393 E.01052
;WIDTH:0.525
G1 X127.938 Y79.692 E.01141
;WIDTH:0.5625
G1 X127.919 Y79.991 E.01229
;WIDTH:0.6
G1 X127.9 Y80.29 E.01318
G1 X127.9 Y139.837 E2.62041
G1 X127.924 Y140.173 E.01482
;WIDTH:0.5625
G1 X127.947 Y140.509 E.01382
;WIDTH:0.525
G1 X127.971 Y140.845 E.01282
;WIDTH:0.4875
G1 X127.995 Y141.181 E.01182
;WIDTH:0.449999
G1 X128.202 Y141.819 E.0216
G1 X128.274 Y142.5 E.02201
G1 X128.212 Y143.089 E.01905
G1 X128.097 Y143.506 E.01391
G1 X127.9 Y144.061 E.01894
G1 X127.646 Y144.575 E.01844
G1 X127.386 Y144.894 E.01323
G1 X126.989 Y145.208 E.01626
G1 X126.013 Y145.613 E.03398
G1 X125.342 Y145.756 E.02206
G1 X124.749 Y145.756 E.01906
G1 X124.186 Y145.656 E.01841
G1 X123.656 Y145.487 E.01786
G1 X123.406 Y145.475 E.00806
;WIDTH:0.488555
G1 X123.139 Y145.456 E.00943
;WIDTH:0.52711
G1 X122.872 Y145.438 E.01024
;WIDTH:0.565666
G1 X122.605 Y145.419 E.01106
;WIDTH:0.604221
G1 X122.337 Y145.4 E.01187
G1 X97.79 Y145.4 E1.08841
;WIDTH:0.6
G1 X97.424 Y145.423 E.01612
M73 P95 R1
;WIDTH:0.5625
G1 X97.059 Y145.446 E.01503
;WIDTH:0.525
G1 X96.693 Y145.469 E.01395
;WIDTH:0.4875
G1 X96.327 Y145.492 E.01286
;WIDTH:0.449999
G1 X95.681 Y145.702 E.02187
G1 X95 Y145.774 E.02201
G1 X94.411 Y145.712 E.01905
G1 X93.889 Y145.563 E.01744
G1 X93.311 Y145.349 E.01983
G1 X92.925 Y145.146 E.01404
G1 X92.606 Y144.886 E.01323
G1 X92.519 Y144.776 E.00452
G1 E-2.8 F3600
;WIPE_START
G1 F2400
G1 X92.292 Y144.489 E-.43818
G1 X92.049 Y143.903 E-.76182
;WIPE_END
G1 Z7 F9000
G1 X122.392 Y75.469 Z7
G1 Z6.6
G1 E4 F2400
G1 X122.139 Y75.921 E.01667
G1 X121.887 Y76.488 E.01993
G1 X121.742 Y77.188 E.023
G1 X121.744 Y77.842 E.02102
G1 X121.886 Y78.512 E.02202
G1 X122.165 Y79.137 E.02201
G1 X122.567 Y79.691 E.02201
G1 X123.076 Y80.149 E.02201
G1 X123.668 Y80.491 E.02201
G1 X124.319 Y80.702 E.02201
G1 X125 Y80.774 E.02201
G1 X125.681 Y80.702 E.02201
G1 X126.332 Y80.491 E.02201
G1 X126.954 Y80.131 E.02313
G1 X127.03 Y80.108 E.00254
;WIDTH:0.4875
G1 X127.098 Y80.153 E.00286
;WIDTH:0.525
G1 X127.165 Y80.199 E.0031
;WIDTH:0.5625
G1 X127.233 Y80.244 E.00334
;WIDTH:0.6
G1 X127.3 Y80.29 E.00358
G1 X127.3 Y139.71 E2.61482
;WIDTH:0.60422
G1 X127.298 Y139.755 E.00199
G1 X127.221 Y139.787 E.00371
;WIDTH:0.565665
G1 X127.144 Y139.82 E.00346
;WIDTH:0.52711
G1 X127.067 Y139.852 E.0032
;WIDTH:0.488555
G1 X126.989 Y139.884 E.00295
;WIDTH:0.449999
G1 X126.453 Y139.583 E.0198
G1 X125.92 Y139.368 E.01848
G1 X125.312 Y139.242 E.01996
G1 X124.658 Y139.244 E.02102
G1 X123.989 Y139.386 E.022
G1 X123.337 Y139.681 E.023
G1 X122.809 Y140.067 E.02102
G1 X122.351 Y140.576 E.02202
G1 X122.009 Y141.168 E.02201
G1 X121.798 Y141.819 E.02201
G1 X121.726 Y142.5 E.02201
G1 X121.798 Y143.181 E.02201
G1 X122.009 Y143.832 E.02201
G1 X122.369 Y144.454 E.02313
G1 X122.392 Y144.53 E.00254
;WIDTH:0.4875
G1 X122.358 Y144.598 E.00266
;WIDTH:0.525
G1 X122.323 Y144.665 E.00288
;WIDTH:0.5625
G1 X122.289 Y144.733 E.00311
;WIDTH:0.6
G1 X122.254 Y144.8 E.00333
G1 X97.79 Y144.8 E1.07657
G1 X97.744 Y144.733 E.00357
;WIDTH:0.5625
G1 X97.699 Y144.665 E.00333
;WIDTH:0.525
G1 X97.653 Y144.598 E.00309
;WIDTH:0.4875
G1 X97.608 Y144.531 E.00285
;WIDTH:0.449999
G1 X97.861 Y144.079 E.01667
G1 X98.114 Y143.512 E.01995
G1 X98.256 Y142.842 E.02201
G1 X98.256 Y142.158 E.02201
G1 X98.114 Y141.488 E.02201
G1 X97.835 Y140.863 E.02201
G1 X97.433 Y140.309 E.02201
G1 X96.924 Y139.851 E.02201
G1 X96.332 Y139.509 E.02201
G1 X95.681 Y139.298 E.02201
G1 X95 Y139.226 E.02201
G1 X94.319 Y139.298 E.02201
G1 X93.668 Y139.509 E.02201
G1 X93.048 Y139.868 E.02304
G1 X92.969 Y139.892 E.00266
;WIDTH:0.4875
G1 X92.902 Y139.858 E.00265
;WIDTH:0.525
G1 X92.835 Y139.823 E.00288
;WIDTH:0.5625
G1 X92.767 Y139.789 E.0031
;WIDTH:0.6
G1 X92.7 Y139.754 E.00333
G1 X92.7 Y80.29 E2.61675
G1 X92.767 Y80.244 E.00357
;WIDTH:0.5625
G1 X92.835 Y80.199 E.00333
;WIDTH:0.525
G1 X92.902 Y80.153 E.00309
;WIDTH:0.4875
G1 X92.969 Y80.108 E.00285
;WIDTH:0.449999
G1 X93.548 Y80.418 E.02112
G1 X94.08 Y80.633 E.01844
G1 X94.688 Y80.758 E.01996
G1 X95.342 Y80.756 E.02102
G1 X96.012 Y80.614 E.02202
G1 X96.637 Y80.335 E.02201
G1 X97.19 Y79.933 E.02199
G1 X97.665 Y79.399 E.023
G1 X97.991 Y78.832 E.02102
G1 X98.202 Y78.181 E.02202
G1 X98.274 Y77.5 E.02201
G1 X98.202 Y76.819 E.02201
G1 X97.991 Y76.168 E.02201
G1 X97.632 Y75.548 E.02304
G1 X97.608 Y75.469 E.00266
;WIDTH:0.499999
G1 X97.654 Y75.379 E.00364
;WIDTH:0.549999
G1 X97.7 Y75.29 E.00404
;WIDTH:0.599998
G1 X97.746 Y75.2 E.00444
G1 X122.21 Y75.2 E1.07656
G1 X122.271 Y75.29 E.00476
;WIDTH:0.549999
G1 X122.331 Y75.379 E.00434
;WIDTH:0.499999
G1 X122.37 Y75.436 E.00246
G1 E-2.8 F3600
;WIPE_START
G1 F2400
G1 X122.139 Y75.921 E-.64508
G1 X121.951 Y76.344 E-.55492
;WIPE_END
G1 Z7 F9000
G1 X126.515 Y79.351 Z7
G1 Z6.6
G1 E4 F2400
;TYPE:Internal solid infill
;WIDTH:0.533668
G1 F3000
G1 X125.973 Y79.686 E.02471
G1 X125.497 Y79.839 E.01937
G1 X125 Y79.891 E.01938
G1 X124.503 Y79.839 E.01938
G1 X124.027 Y79.685 E.01938
G1 X123.597 Y79.431 E.01936
G1 X123.226 Y79.097 E.01935
G1 X122.901 Y78.647 E.02153
G1 X122.714 Y78.216 E.01819
G1 X122.615 Y77.726 E.01941
G1 X122.619 Y77.246 E.01857
G1 X122.721 Y76.756 E.01942
G1 X122.94 Y76.271 E.02064
G1 X123.11 Y76.005 E.01222
G1 E-2.8 F3600
;WIPE_START
G1 F3000
G1 X122.94 Y76.271 E-.37836
G1 X122.721 Y76.756 E-.63889
G1 X122.69 Y76.905 E-.18275
;WIPE_END
G1 Z7 F9000
G1 X126.515 Y79.351 Z7
G1 Z6.6
G1 E4 F2400
;WIDTH:0.545383
G1 F3000
G1 X126.667 Y79.329 E.00609
;WIDTH:0.499473
G1 X126.819 Y79.307 E.00553
;WIDTH:0.448705
G1 X126.971 Y79.284 E.00492
G1 X127.149 Y79.365 E.00629
G1 X127.129 Y78.851 E.01651
;WIDTH:0.493557
G1 X127.125 Y78.742 E.00388
;WIDTH:0.525279
G1 X127.121 Y78.633 E.00415
;WIDTH:0.522718
G1 X126.998 Y78.768 E.00691
;WIDTH:0.485874
G1 X126.876 Y78.903 E.00638
;WIDTH:0.44903
G1 X126.753 Y79.038 E.00585
;WIDTH:0.453562
G1 X126.682 Y79.132 E.00382
;WIDTH:0.499473
G1 X126.611 Y79.225 E.00425
;WIDTH:0.522428
G1 X126.539 Y79.319 E.00446
G1 E-3.8586 F3600
;WIPE_START
G1 F3000
G1 X126.611 Y79.225 E-.1414
;WIPE_END
G1 Z7 F9000
G1 X124.14 Y75.265 Z7
G1 Z6.6
G1 E4 F2400
;WIDTH:0.518771
G1 F3000
G1 X124.732 Y75.127 E.02286
G1 X125.25 Y75.123 E.01947
G1 X125.763 Y75.235 E.01975
G1 X126.234 Y75.426 E.01908
;WIDTH:0.5745
G1 X126.435 Y75.551 E.00996
;WIDTH:0.614732
G1 X126.636 Y75.677 E.01071
G1 X126.936 Y76.03 E.02092
;WIDTH:0.58301
G1 X127.08 Y76.327 E.01408
;WIDTH:0.529068
G1 X127.224 Y76.624 E.01268
G1 X127.378 Y77.217 E.02352
G1 X127.385 Y77.726 E.01954
G1 X127.28 Y78.238 E.02009
G1 X127.147 Y78.579 E.01405
G1 E-2.8 F3600
;WIPE_START
G1 F3000
G1 X127.28 Y78.238 E-.43897
G1 X127.385 Y77.726 E-.62791
G1 X127.383 Y77.615 E-.13312
;WIPE_END
G1 Z7 F9000
G1 X124.136 Y75.267 Z7
G1 Z6.6
G1 E4 F2400
;WIDTH:0.515581
G1 F3000
G1 X123.97 Y75.294 E.00628
;WIDTH:0.480245
G1 X123.804 Y75.321 E.00581
;WIDTH:0.430599
G1 X123.638 Y75.348 E.00515
G1 X123.134 Y75.349 E.01545
G1 X123.212 Y75.546 E.0065
;WIDTH:0.446911
G1 X123.191 Y75.671 E.00404
;WIDTH:0.486247
G1 X123.17 Y75.796 E.00443
;WIDTH:0.525583
G1 X123.15 Y75.921 E.00483
;WIDTH:0.554323
G1 X123.132 Y75.971 E.00217
;WIDTH:0.540702
G1 X123.299 Y75.845 E.00824
;WIDTH:0.495318
G1 X123.466 Y75.718 E.00749
;WIDTH:0.449934
G1 X123.633 Y75.592 E.00674
;WIDTH:0.444735
G1 X123.789 Y75.491 E.00592
;WIDTH:0.479721
G1 X123.946 Y75.39 E.00643
;WIDTH:0.497214
G1 X124.103 Y75.288 E.00669
G1 E-3.7762 F3600
;WIPE_START
G1 F3000
G1 X123.946 Y75.39 E-.2238
;WIPE_END
G1 Z7 F9000
G1 X96.862 Y75.994 Z7
G1 Z6.6
M73 P96 R1
G1 E4 F2400
;WIDTH:0.537594
G1 F3000
G1 X96.836 Y75.839 E.00616
;WIDTH:0.495463
G1 X96.81 Y75.683 E.00563
;WIDTH:0.44178
G1 X96.783 Y75.528 E.00497
G1 X96.856 Y75.351 E.00603
;WIDTH:0.445723
G1 X96.599 Y75.363 E.00816
;WIDTH:0.472638
G1 X96.343 Y75.376 E.00871
;WIDTH:0.506401
G1 X96.234 Y75.368 E.00401
;WIDTH:0.547011
G1 X96.125 Y75.36 E.00436
;WIDTH:0.544808
G1 X96.261 Y75.489 E.00744
;WIDTH:0.499791
G1 X96.397 Y75.618 E.00677
;WIDTH:0.454774
G1 X96.534 Y75.747 E.0061
;WIDTH:0.453331
G1 X96.633 Y75.821 E.00401
;WIDTH:0.495463
G1 X96.731 Y75.896 E.00442
;WIDTH:0.516529
G1 X96.83 Y75.97 E.00462
G1 X96.862 Y75.994 F9000
;WIDTH:0.532296
G1 F3000
G1 X97.185 Y76.528 E.02412
G1 X97.339 Y77.003 E.0193
G1 X97.391 Y77.5 E.01933
G1 X97.339 Y77.997 E.01933
G1 X97.184 Y78.474 E.01937
G1 X96.95 Y78.884 E.01825
G1 X96.594 Y79.276 E.02046
G1 X96.195 Y79.569 E.01917
G1 X95.741 Y79.78 E.01934
G1 X95.249 Y79.884 E.01942
G1 X94.747 Y79.881 E.01942
G1 X94.256 Y79.779 E.01939
G1 X93.772 Y79.56 E.02053
;WIDTH:0.542097
G1 X93.605 Y79.447 E.00795
;WIDTH:0.557269
G1 X93.438 Y79.334 E.00819
G1 X92.866 Y78.636 F9000
;WIDTH:0.539895
G1 F3000
G1 X92.662 Y78 E.02622
G1 X92.609 Y77.5 E.01975
G1 X92.661 Y77.003 E.01963
G1 X92.841 Y76.455 E.02264
;WIDTH:0.560516
G1 X92.99 Y76.183 E.01266
;WIDTH:0.614715
G1 X93.139 Y75.912 E.01398
G1 X93.469 Y75.598 E.02057
;WIDTH:0.595736
G1 X93.693 Y75.481 E.01105
;WIDTH:0.535788
G1 X93.917 Y75.363 E.00985
G1 X94.251 Y75.23 E.01399
G1 X94.749 Y75.116 E.0199
;WIDTH:0.521016
G1 X95.273 Y75.122 E.01976
G1 X95.776 Y75.23 E.01943
;WIDTH:0.527112
G1 X96.087 Y75.346 E.01271
G1 E-3.60113 F3600
;WIPE_START
G1 F3000
G1 X95.776 Y75.23 E-.39887
;WIPE_END
G1 Z7 F9000
G1 X93.405 Y79.312 Z7
G1 Z6.6
G1 E4 F2400
;WIDTH:0.568206
G1 F3000
G1 X93.354 Y79.227 E.00412
;WIDTH:0.529389
G1 X93.302 Y79.142 E.00382
;WIDTH:0.490573
G1 X93.251 Y79.057 E.00351
;WIDTH:0.451756
G1 X93.2 Y78.972 E.00321
;WIDTH:0.454745
G1 X93.088 Y78.86 E.00513
;WIDTH:0.499541
G1 X92.977 Y78.748 E.00569
;WIDTH:0.544336
G1 X92.866 Y78.636 E.00625
G1 X92.861 Y78.865 E.00908
;WIDTH:0.499541
G1 X92.856 Y79.094 E.00827
;WIDTH:0.443792
G1 X92.851 Y79.361 E.00844
G1 X93.05 Y79.285 E.00674
;WIDTH:0.454677
G1 X93.128 Y79.291 E.00257
;WIDTH:0.492659
G1 X93.207 Y79.297 E.00281
;WIDTH:0.530641
G1 X93.286 Y79.303 E.00305
;WIDTH:0.549632
G1 X93.365 Y79.309 E.00317
G1 E-3.90508 F3600
;WIPE_START
G1 F3000
G1 X93.286 Y79.303 E-.09492
;WIPE_END
G1 Z7 F9000
G1 X93.53 Y140.602 Z7
G1 Z6.6
G1 E4 F2400
;WIDTH:0.514036
G1 F3000
G1 X93.361 Y140.639 E.00643
;WIDTH:0.47741
G1 X93.192 Y140.675 E.00593
;WIDTH:0.431101
G1 X93.023 Y140.712 E.0053
G1 X92.846 Y140.634 E.00595
;WIDTH:0.435174
G1 X92.858 Y140.895 E.00811
;WIDTH:0.460576
G1 X92.87 Y141.157 E.00864
;WIDTH:0.492031
G1 X92.876 Y141.257 E.00356
;WIDTH:0.529537
G1 X92.883 Y141.357 E.00385
;WIDTH:0.527321
G1 X92.997 Y141.229 E.00656
;WIDTH:0.485381
G1 X93.111 Y141.101 E.006
;WIDTH:0.443442
G1 X93.225 Y140.973 E.00543
;WIDTH:0.440785
G1 X93.318 Y140.86 E.00461
;WIDTH:0.47741
G1 X93.411 Y140.746 E.00503
;WIDTH:0.495723
G1 X93.504 Y140.633 E.00524
G1 X93.53 Y140.602 F9000
;WIDTH:0.533355
G1 F3000
G1 X94.03 Y140.319 E.02225
G1 X94.503 Y140.166 E.01927
G1 X95.024 Y140.11 E.02032
G1 X95.497 Y140.161 E.01843
G1 X95.973 Y140.315 E.01937
G1 X96.406 Y140.565 E.01937
G1 X96.777 Y140.9 E.01937
G1 X97.068 Y141.306 E.01935
G1 X97.271 Y141.762 E.01934
G1 X97.384 Y142.249 E.01938
G1 X97.384 Y142.751 E.01941
G1 X97.28 Y143.241 E.01942
G1 X97.06 Y143.729 E.02076
G1 X96.868 Y144.029 E.01379
G1 X96.067 Y144.663 F9000
;WIDTH:0.543047
G1 F3000
G1 X95.501 Y144.838 E.0234
G1 X95 Y144.89 E.01989
G1 X94.505 Y144.83 E.01971
G1 X93.955 Y144.659 E.02275
;WIDTH:0.557319
G1 X93.768 Y144.551 E.00878
;WIDTH:0.595864
G1 X93.581 Y144.443 E.00944
;WIDTH:0.63912
G1 X93.394 Y144.334 E.01017
G1 X93.106 Y144.035 E.01956
;WIDTH:0.611788
G1 X92.981 Y143.781 E.0127
;WIDTH:0.576451
G1 X92.857 Y143.528 E.01191
;WIDTH:0.527127
G1 X92.732 Y143.274 E.01081
G1 X92.621 Y142.776 E.01953
G1 X92.615 Y142.275 E.01917
G1 X92.72 Y141.762 E.02001
G1 X92.84 Y141.43 E.01348
G1 E-2.8 F3600
;WIPE_START
G1 F3000
G1 X92.72 Y141.762 E-.42294
G1 X92.615 Y142.275 E-.62793
G1 X92.617 Y142.399 E-.14913
;WIPE_END
G1 Z7 F9000
G1 X96.846 Y144.063 Z7
G1 Z6.6
G1 E4 F2400
;WIDTH:0.544351
G1 F3000
G1 X96.709 Y144.159 E.00663
;WIDTH:0.495635
G1 X96.572 Y144.256 E.00599
;WIDTH:0.446919
G1 X96.436 Y144.352 E.00534
;WIDTH:0.444899
G1 X96.313 Y144.456 E.0051
;WIDTH:0.489574
G1 X96.19 Y144.559 E.00567
;WIDTH:0.534249
G1 X96.067 Y144.663 E.00624
G1 X96.243 Y144.66 E.00686
;WIDTH:0.489574
G1 X96.42 Y144.657 E.00624
;WIDTH:0.428482
G1 X96.872 Y144.654 E.01375
G1 X96.791 Y144.454 E.00655
;WIDTH:0.445057
G1 X96.805 Y144.337 E.00377
;WIDTH:0.490048
G1 X96.82 Y144.219 E.00419
;WIDTH:0.512544
G1 X96.835 Y144.101 E.0044
G1 E-3.85754 F3600
;WIPE_START
G1 F3000
G1 X96.82 Y144.219 E-.14246
;WIPE_END
G1 Z7 F9000
G1 X123.169 Y144.046 Z7
G1 Z6.6
G1 E4 F2400
;WIDTH:0.558809
G1 F3000
G1 X123.029 Y143.833 E.01038
;WIDTH:0.516605
G1 X122.889 Y143.62 E.00953
G1 X122.719 Y143.215 E.01643
G1 X122.621 Y142.726 E.0187
G1 X122.626 Y142.226 E.0187
G1 X122.735 Y141.738 E.0187
G1 X122.942 Y141.284 E.0187
G1 X123.24 Y140.883 E.01869
G1 X123.613 Y140.553 E.01862
G1 X124.063 Y140.304 E.01924
G1 X124.75 Y140.124 E.0266
G1 X125.253 Y140.119 E.01881
G1 X125.744 Y140.221 E.01877
G1 X126.229 Y140.44 E.01992
;WIDTH:0.526954
G1 X126.514 Y140.622 E.01292
G1 E-3.59453 F3600
;WIPE_START
G1 F3000
G1 X126.229 Y140.44 E-.40547
;WIPE_END
G1 Z7 F9000
G1 X123.169 Y144.046 Z7
G1 Z6.6
G1 E4 F2400
;WIDTH:0.549988
G1 F3000
G1 X123.184 Y144.187 E.0057
;WIDTH:0.502435
G1 X123.2 Y144.329 E.00517
;WIDTH:0.447636
G1 X123.216 Y144.47 E.00455
G1 X123.141 Y144.649 E.0062
G1 X123.649 Y144.631 E.01625
;WIDTH:0.488178
G1 X123.759 Y144.624 E.00389
;WIDTH:0.519109
G1 X123.87 Y144.617 E.00416
;WIDTH:0.517553
G1 X123.735 Y144.497 E.00678
;WIDTH:0.483511
G1 X123.6 Y144.376 E.00629
;WIDTH:0.449468
G1 X123.465 Y144.256 E.0058
;WIDTH:0.452874
G1 X123.379 Y144.198 E.00336
;WIDTH:0.493726
G1 X123.293 Y144.14 E.00369
;WIDTH:0.534579
G1 X123.207 Y144.082 E.00403
;WIDTH:0.555005
G1 X123.198 Y144.073 E.00052
G1 E-3.98446 F3600
;WIPE_START
G1 F3000
G1 X123.207 Y144.082 E-.01554
;WIPE_END
G1 Z7 F9000
G1 X127.152 Y141.408 Z7
G1 Z6.6
G1 E4 F2400
;WIDTH:0.543966
G1 F3000
G1 X127.338 Y141.999 E.02454
G1 X127.39 Y142.5 E.01993
G1 X127.33 Y142.995 E.01975
G1 X127.159 Y143.545 E.02279
;WIDTH:0.557311
G1 X127.051 Y143.732 E.00878
;WIDTH:0.595856
G1 X126.943 Y143.919 E.00944
;WIDTH:0.639254
G1 X126.834 Y144.106 E.01018
G1 X126.657 Y144.303 E.01249
;WIDTH:0.609105
G1 X126.425 Y144.445 E.01217
;WIDTH:0.561831
G1 X126.192 Y144.586 E.01115
;WIDTH:0.525827
G1 X125.724 Y144.784 E.01938
G1 X125.225 Y144.885 E.01941
G1 X124.725 Y144.879 E.0191
G1 X124.232 Y144.772 E.01925
G1 X123.935 Y144.652 E.01221
G1 E-2.8 F3600
;WIPE_START
G1 F3000
G1 X124.232 Y144.772 E-.38424
G1 X124.725 Y144.879 E-.60547
G1 X124.9 Y144.881 E-.21029
;WIPE_END
G1 Z7 F9000
G1 X126.548 Y140.644 Z7
G1 Z6.6
G1 E4 F2400
;WIDTH:0.542244
G1 F3000
G1 X126.649 Y140.784 E.00683
;WIDTH:0.494368
G1 X126.751 Y140.924 E.00617
;WIDTH:0.446492
G1 X126.852 Y141.064 E.00552
;WIDTH:0.445939
G1 X126.952 Y141.179 E.00484
;WIDTH:0.492708
G1 X127.052 Y141.293 E.0054
;WIDTH:0.539478
G1 X127.152 Y141.408 E.00596
G1 X127.153 Y141.24 E.0066
;WIDTH:0.492708
G1 X127.153 Y141.071 E.00598
;WIDTH:0.428608
G1 X127.154 Y140.635 E.01331
G1 X126.954 Y140.709 E.00649
;WIDTH:0.443575
G1 X126.834 Y140.693 E.00384
;WIDTH:0.485616
G1 X126.714 Y140.677 E.00424
;WIDTH:0.527657
G1 X126.594 Y140.66 E.00464
;WIDTH:0.548677
G1 X126.585 Y140.657 E.00037
; stop printing object Remote75T.stl id:0 copy 0
;LAYER_CHANGE
;Z:6.8
;HEIGHT:0.2
;BEFORE_LAYER_CHANGE
;6.8
G92 E0

G1 E-3.98885 F3600
;WIPE_START
G1 F3000
G1 X126.594 Y140.66 E-.01115
;WIPE_END
;_SET_FAN_SPEED_CHANGING_LAYER
; printing object Remote75T.stl id:0 copy 0
G1 Z7.2 F9000
G1 X123.844 Y80.097 Z7.2
G1 Z6.8
G1 E4 F2400
;TYPE:Inner wall
;WIDTH:0.449999
G1 X123.329 Y79.8 E.01912
G1 X122.887 Y79.402 E.01911
G1 X122.565 Y78.96 E.0176
G1 X122.351 Y78.501 E.01629
G1 X122.205 Y77.95 E.01831
G1 X122.172 Y77.36 E.01901
G1 X122.264 Y76.777 E.019
G1 X122.474 Y76.222 E.01908
G1 X122.722 Y75.79 E.01602
G1 X122.82 Y75.498 E.0099
G1 X122.311 Y74.954 E.02396
G1 X123.401 Y74.954 E.03507
G1 X123.78 Y74.924 E.01222
G1 X124.364 Y74.734 E.01974
G1 X124.823 Y74.676 E.01489
G1 X125.296 Y74.688 E.0152
G1 X125.769 Y74.777 E.0155
G1 X126.271 Y74.945 E.01703
G1 X126.792 Y75.185 E.01843
G1 X127.058 Y75.388 E.01075
G1 X127.296 Y75.673 E.01193
G1 X127.712 Y76.658 E.03439
G1 X127.827 Y77.36 E.02287
G1 X127.795 Y77.951 E.01903
G1 X127.546 Y78.909 E.03184
G1 X127.546 Y80.19 E.04119
G1 X127 Y79.681 E.02402
G1 X126.737 Y79.761 E.00884
G1 X126.156 Y80.097 E.02159
G1 X125.591 Y80.281 E.0191
G1 X125 Y80.343 E.01911
G1 X124.409 Y80.281 E.01911
G1 X123.882 Y80.11 E.01783
G1 E-2.8 F3600
;WIPE_START
G1 F2400
G1 X123.329 Y79.8 E-.76037
G1 X123.057 Y79.555 E-.43963
;WIPE_END
G1 Z7.2 F9000
G1 X125.98 Y75.833 Z7.2
G1 Z6.8
G1 E4 F2400
G1 X126.117 Y75.906 E.00499
G1 X126.397 Y76.143 E.0118
G1 X126.615 Y76.405 E.01099
G1 X126.816 Y76.794 E.01408
G1 X126.943 Y77.296 E.01663
G1 X126.933 Y77.767 E.01517
G1 X126.835 Y78.163 E.01312
G1 X126.618 Y78.58 E.01512
G1 X126.258 Y78.992 E.01759
G1 X125.92 Y79.221 E.01312
G1 X125.542 Y79.375 E.01312
G1 X125.14 Y79.446 E.01312
G1 X124.733 Y79.433 E.01312
G1 X124.337 Y79.335 E.01312
G1 X123.97 Y79.157 E.01312
G1 X123.742 Y78.992 E.00903
G1 X123.385 Y78.595 E.01719
G1 X123.184 Y78.206 E.01408
G1 X123.057 Y77.704 E.01665
G1 X123.067 Y77.233 E.01515
G1 X123.165 Y76.837 E.01312
G1 X123.343 Y76.47 E.01312
G1 X123.593 Y76.147 E.01312
G1 X123.905 Y75.885 E.01312
G1 X124.298 Y75.683 E.01421
G1 X124.804 Y75.557 E.01676
G1 X125.267 Y75.567 E.01491
G1 X125.663 Y75.665 E.01312
G1 X125.945 Y75.814 E.01024
G1 X125.786 Y76.197 F9000
;TYPE:Outer wall
G1 F2400
G1 X126.078 Y76.429 E.01201
G1 X126.345 Y76.794 E.01452
G1 X126.512 Y77.312 E.01751
G1 X126.514 Y77.678 E.01176
G1 X126.444 Y77.989 E.01025
G1 X126.284 Y78.311 E.01154
G1 X125.992 Y78.656 E.01454
G1 X125.617 Y78.887 E.01417
G1 X125.159 Y79.017 E.01529
G1 X124.684 Y78.985 E.01531
G1 X124.237 Y78.821 E.01531
G1 X123.994 Y78.645 E.00964
G1 X123.756 Y78.381 E.01146
G1 X123.575 Y78.011 E.01323
G1 X123.482 Y77.64 E.01228
G1 X123.486 Y77.322 E.01025
G1 X123.556 Y77.011 E.01025
G1 X123.689 Y76.721 E.01025
G1 X123.88 Y76.466 E.01025
G1 X124.119 Y76.256 E.01025
G1 X124.407 Y76.097 E.01057
G1 X124.868 Y75.982 E.01527
G1 X125.316 Y76.015 E.01444
G1 X125.752 Y76.176 E.01496
G1 E-2.8 F3600
;WIPE_START
G1 F2400
G1 X126.078 Y76.429 E-.49542
G1 X126.345 Y76.794 E-.54191
G1 X126.386 Y76.923 E-.16267
;WIPE_END
G1 Z7.2 F9000
G1 X97.843 Y77.5 Z7.2
G1 Z6.8
G1 E4 F2400
;TYPE:Inner wall
G1 X97.781 Y78.091 E.01911
G1 X97.597 Y78.657 E.01913
G1 X97.309 Y79.157 E.01855
G1 X96.933 Y79.578 E.01816
G1 X96.53 Y79.883 E.01627
G1 X96.022 Y80.14 E.01831
G1 X95.451 Y80.295 E.01903
G1 X94.86 Y80.328 E.01901
G1 X94.277 Y80.236 E.019
G1 X93.722 Y80.026 E.01908
G1 X93.29 Y79.778 E.01602
G1 X93 Y79.681 E.00982
G1 X92.454 Y80.19 E.02402
G1 X92.454 Y79.094 E.03524
G1 X92.424 Y78.72 E.01206
G1 X92.234 Y78.136 E.01976
G1 X92.177 Y77.686 E.01457
G1 X92.188 Y77.204 E.0155
G1 X92.277 Y76.731 E.0155
G1 X92.445 Y76.229 E.01703
G1 X92.685 Y75.708 E.01843
G1 X92.888 Y75.442 E.01075
G1 X93.173 Y75.204 E.01193
G1 X93.499 Y75.056 E.01153
G1 X94.011 Y74.842 E.01785
G1 X94.557 Y74.703 E.01812
G1 X95.142 Y74.673 E.01882
G1 X95.725 Y74.764 E.01898
G1 X96.19 Y74.913 E.0157
G1 X96.409 Y74.954 E.00716
G1 X97.607 Y74.954 E.03854
G1 X97.18 Y75.497 E.02224
G1 X97.261 Y75.763 E.00892
G1 X97.597 Y76.344 E.02159
G1 X97.781 Y76.909 E.0191
G1 X97.839 Y77.46 E.01783
G1 E-2.8 F3600
;WIPE_START
G1 F2400
G1 X97.781 Y78.091 E-.76025
G1 X97.668 Y78.44 E-.43975
;WIPE_END
G1 Z7.2 F9000
G1 X93.106 Y77.934 Z7.2
G1 Z6.8
G1 E4 F2400
G1 X93.054 Y77.64 E.00961
G1 X93.067 Y77.233 E.01312
G1 X93.165 Y76.837 E.01312
G1 X93.406 Y76.383 E.01651
G1 X93.643 Y76.103 E.0118
G1 X93.905 Y75.885 E.01099
G1 X94.298 Y75.683 E.01421
G1 X94.799 Y75.557 E.01661
G1 X95.267 Y75.567 E.01506
G1 X95.663 Y75.665 E.01312
G1 X96.03 Y75.843 E.01312
G1 X96.372 Y76.117 E.01408
G1 X96.692 Y76.523 E.01662
G1 X96.875 Y76.958 E.01519
G1 X96.946 Y77.36 E.01312
G1 X96.933 Y77.767 E.01312
G1 X96.835 Y78.163 E.01312
G1 X96.584 Y78.631 E.01707
G1 X96.301 Y78.948 E.01366
G1 X95.991 Y79.169 E.01226
G1 X95.542 Y79.375 E.01587
G1 X95.14 Y79.446 E.01312
G1 X94.733 Y79.433 E.01312
G1 X94.337 Y79.335 E.01312
G1 X93.97 Y79.157 E.01312
G1 X93.628 Y78.883 E.01408
G1 X93.285 Y78.432 E.01822
G1 X93.125 Y78.042 E.01356
G1 X93.113 Y77.974 E.00223
G1 X93.53 Y77.858 F9000
;TYPE:Outer wall
G1 F2400
G1 X93.515 Y77.815 E.00144
G1 X93.483 Y77.341 E.01531
G1 X93.556 Y77.011 E.01086
G1 X93.752 Y76.635 E.01363
G1 X94.089 Y76.278 E.01577
G1 X94.475 Y76.079 E.01399
G1 X94.868 Y75.982 E.013
G1 X95.178 Y75.986 E.00998
G1 X95.489 Y76.056 E.01025
G1 X95.779 Y76.189 E.01025
G1 X96.039 Y76.386 E.01051
G1 X96.33 Y76.754 E.01507
G1 X96.485 Y77.184 E.0147
G1 X96.517 Y77.659 E.01531
G1 X96.386 Y78.118 E.01533
G1 X96.134 Y78.52 E.01526
G1 X95.796 Y78.788 E.01386
G1 X95.453 Y78.956 E.01228
G1 X95.14 Y79.018 E.01025
G1 X94.822 Y79.014 E.01025
G1 X94.511 Y78.944 E.01025
G1 X94.221 Y78.811 E.01025
G1 X93.961 Y78.614 E.01051
G1 X93.66 Y78.221 E.0159
G1 X93.544 Y77.895 E.01113
G1 E-2.8 F3600
;WIPE_START
G1 F2400
G1 X93.515 Y77.815 E-.10179
G1 X93.483 Y77.341 E-.5712
G1 X93.556 Y77.011 E-.40524
G1 X93.603 Y76.921 E-.12177
;WIPE_END
G1 Z7.2 F9000
G1 X96.157 Y139.903 Z7.2
G1 Z6.8
G1 E4 F2400
;TYPE:Inner wall
G1 X96.657 Y140.191 E.01855
G1 X97.114 Y140.599 E.0197
G1 X97.435 Y141.041 E.01757
G1 X97.649 Y141.499 E.01628
G1 X97.795 Y142.049 E.01831
G1 X97.827 Y142.64 E.01903
G1 X97.736 Y143.225 E.01903
G1 X97.526 Y143.778 E.01903
G1 X97.278 Y144.21 E.01603
G1 X97.18 Y144.502 E.0099
G1 X97.69 Y145.046 E.02396
G1 X96.599 Y145.046 E.03507
G1 X96.22 Y145.076 E.01222
G1 X95.591 Y145.281 E.02127
G1 X95 Y145.343 E.01911
G1 X94.456 Y145.286 E.0176
G1 X94.022 Y145.155 E.01457
G1 X93.405 Y144.926 E.02117
G1 X92.956 Y144.634 E.0172
G1 X92.685 Y144.292 E.01405
G1 X92.416 Y143.699 E.02095
G1 X92.219 Y143.091 E.02054
G1 X92.162 Y142.547 E.0176
G1 X92.2 Y142.095 E.01457
G1 X92.454 Y141.091 E.03331
G1 X92.454 Y139.893 E.03854
G1 X92.997 Y140.32 E.02224
G1 X93.263 Y140.239 E.00892
G1 X93.844 Y139.903 E.02159
G1 X94.409 Y139.719 E.0191
G1 X95 Y139.657 E.01911
G1 X95.591 Y139.719 E.01911
G1 X96.119 Y139.891 E.01784
G1 E-2.8 F3600
;WIPE_START
G1 F2400
G1 X96.657 Y140.191 E-.73915
G1 X96.943 Y140.446 E-.46085
;WIPE_END
G1 Z7.2 F9000
G1 X93.059 Y142.446 Z7.2
G1 Z6.8
G1 E4 F2400
G1 X93.096 Y142.095 E.01133
G1 X93.165 Y141.837 E.00861
G1 X93.395 Y141.397 E.01596
G1 X93.593 Y141.147 E.01024
G1 X93.905 Y140.885 E.01312
G1 X94.298 Y140.683 E.01421
G1 X94.804 Y140.557 E.01676
G1 X95.267 Y140.567 E.01491
G1 X95.663 Y140.665 E.01312
G1 X96.131 Y140.916 E.01707
G1 X96.306 Y141.046 E.007
G1 X96.615 Y141.405 E.01524
G1 X96.816 Y141.794 E.01408
G1 X96.943 Y142.296 E.01664
G1 X96.933 Y142.767 E.01517
G1 X96.835 Y143.163 E.01312
G1 X96.657 Y143.53 E.01312
G1 X96.407 Y143.853 E.01312
G1 X96.095 Y144.115 E.01312
G1 X95.735 Y144.308 E.01312
G1 X95.313 Y144.423 E.01408
G1 X94.796 Y144.443 E.01663
G1 X94.337 Y144.335 E.01517
G1 X93.928 Y144.124 E.01478
G1 X93.535 Y143.793 E.01653
G1 X93.253 Y143.362 E.01657
G1 X93.096 Y142.905 E.01554
G1 X93.054 Y142.5 E.01309
G1 X93.055 Y142.486 E.00046
G1 X93.493 Y142.489 F9000
;TYPE:Outer wall
G1 F2400
G1 X93.483 Y142.341 E.00478
G1 X93.556 Y142.011 E.01086
G1 X93.742 Y141.649 E.01308
G1 X93.88 Y141.466 E.00737
G1 X94.119 Y141.256 E.01025
G1 X94.407 Y141.097 E.01057
G1 X94.868 Y140.982 E.01527
G1 X95.316 Y141.015 E.01443
G1 X95.762 Y141.179 E.0153
G1 X96.02 Y141.366 E.01024
G1 X96.315 Y141.741 E.01534
G1 X96.425 Y141.989 E.00873
G1 X96.518 Y142.36 E.01228
G1 X96.514 Y142.678 E.01025
G1 X96.444 Y142.989 E.01025
G1 X96.311 Y143.279 E.01025
G1 X96.12 Y143.534 E.01025
G1 X95.881 Y143.744 E.01025
G1 X95.603 Y143.9 E.01025
G1 X95.29 Y143.995 E.01051
G1 X94.822 Y144.014 E.01507
G1 X94.511 Y143.944 E.01025
G1 X94.198 Y143.791 E.0112
G1 X93.855 Y143.506 E.01435
G1 X93.645 Y143.187 E.01226
G1 X93.515 Y142.816 E.01266
G1 X93.496 Y142.529 E.00924
G1 E-2.8 F3600
;WIPE_START
G1 F2400
G1 X93.483 Y142.341 E-.22636
G1 X93.556 Y142.011 E-.40524
G1 X93.742 Y141.649 E-.48812
G1 X93.782 Y141.596 E-.08028
;WIPE_END
G1 Z7.2 F9000
G1 X125.141 Y139.672 Z7.2
G1 Z6.8
G1 E4 F2400
;TYPE:Inner wall
G1 X125.723 Y139.764 E.01895
G1 X126.278 Y139.974 E.01908
G1 X126.71 Y140.222 E.01603
G1 X127.002 Y140.32 E.0099
G1 X127.546 Y139.893 E.02224
G1 X127.546 Y140.901 E.03243
G1 X127.576 Y141.28 E.01222
G1 X127.766 Y141.864 E.01975
G1 X127.829 Y142.368 E.01634
G1 X127.803 Y142.88 E.01648
G1 X127.732 Y143.24 E.0118
G1 X127.565 Y143.744 E.01707
G1 X127.347 Y144.236 E.01731
G1 X127.096 Y144.576 E.0136
G1 X126.837 Y144.789 E.01079
G1 X126.475 Y144.955 E.0128
G1 X125.997 Y145.155 E.01665
G1 X125.454 Y145.296 E.01806
G1 X125.092 Y145.322 E.01167
G1 X124.574 Y145.3 E.01667
G1 X123.591 Y145.046 E.03264
G1 X122.393 Y145.046 E.03854
G1 X122.82 Y144.502 E.02224
G1 X122.739 Y144.237 E.00892
G1 X122.403 Y143.656 E.02159
G1 X122.219 Y143.091 E.0191
G1 X122.157 Y142.5 E.01911
G1 X122.219 Y141.909 E.01911
G1 X122.403 Y141.344 E.01911
G1 X122.7 Y140.829 E.01913
G1 X123.085 Y140.399 E.01855
G1 X123.541 Y140.066 E.01816
G1 X124.005 Y139.848 E.01647
G1 X124.557 Y139.703 E.01838
G1 X125.101 Y139.674 E.01752
G1 E-2.8 F3600
;WIPE_START
G1 F2400
G1 X125.723 Y139.764 E-.75417
G1 X126.071 Y139.896 E-.44583
;WIPE_END
G1 Z7.2 F9000
G1 X126.633 Y143.532 Z7.2
G1 Z6.8
G1 E4 F2400
G1 X126.47 Y143.777 E.00944
G1 X126.248 Y143.999 E.01009
G1 X125.92 Y144.221 E.01275
G1 X125.542 Y144.375 E.01312
G1 X125.11 Y144.445 E.01408
G1 X124.594 Y144.411 E.01663
G1 X124.148 Y144.256 E.01517
G1 X123.791 Y144.031 E.01358
G1 X123.498 Y143.744 E.01319
G1 X123.279 Y143.42 E.01257
G1 X123.125 Y143.042 E.01312
G1 X123.067 Y142.767 E.00903
G1 X123.067 Y142.233 E.01719
G1 X123.165 Y141.837 E.01312
G1 X123.343 Y141.47 E.01312
G1 X123.686 Y141.064 E.01707
G1 X124.029 Y140.813 E.01366
G1 X124.376 Y140.662 E.01219
G1 X124.867 Y140.553 E.01617
G1 X125.267 Y140.567 E.01288
G1 X125.663 Y140.665 E.01312
G1 X126.03 Y140.843 E.01312
G1 X126.353 Y141.093 E.01312
G1 X126.615 Y141.405 E.01312
G1 X126.817 Y141.796 E.01414
G1 X126.943 Y142.296 E.01658
G1 X126.924 Y142.811 E.01658
G1 X126.766 Y143.333 E.01751
G1 X126.655 Y143.499 E.00644
G1 X126.279 Y143.296 F9000
;TYPE:Outer wall
G1 F2400
G1 X126.151 Y143.49 E.00747
G1 X125.779 Y143.811 E.01581
G1 X125.453 Y143.956 E.01146
G1 X125.132 Y144.017 E.01051
G1 X124.664 Y143.987 E.01507
G1 X124.363 Y143.885 E.01025
G1 X124.078 Y143.712 E.01071
G1 X123.844 Y143.492 E.01032
G1 X123.613 Y143.117 E.01417
G1 X123.486 Y142.678 E.01469
G1 X123.486 Y142.322 E.01146
G1 X123.613 Y141.883 E.0147
G1 X123.866 Y141.48 E.0153
G1 X124.243 Y141.184 E.01539
G1 X124.485 Y141.076 E.00853
G1 X124.868 Y140.982 E.01268
G1 X125.178 Y140.986 E.00998
G1 X125.489 Y141.056 E.01025
G1 X125.779 Y141.189 E.01025
G1 X126.034 Y141.38 E.01025
G1 X126.244 Y141.619 E.01025
G1 X126.403 Y141.907 E.01055
G1 X126.517 Y142.369 E.01532
G1 X126.487 Y142.836 E.01503
G1 X126.385 Y143.137 E.01025
G1 X126.302 Y143.263 E.00484
G1 E-2.8 F3600
;WIPE_START
G1 F2400
G1 X126.151 Y143.49 E-.32665
G1 X125.779 Y143.811 E-.58995
G1 X125.563 Y143.907 E-.28339
;WIPE_END
G1 Z7.2 F9000
G1 X92.492 Y144.759 Z7.2
G1 Z6.8
G1 E4 F2400
G1 X92.227 Y144.355 E.0155
G1 X92.013 Y143.844 E.01782
G1 X91.798 Y143.181 E.02243
G1 X91.726 Y142.5 E.02201
G1 X91.798 Y141.819 E.02201
G1 X92.016 Y141.147 E.02272
G1 X92.025 Y140.901 E.00794
;WIDTH:0.488555
G1 X92.044 Y140.635 E.00938
;WIDTH:0.52711
G1 X92.063 Y140.369 E.0102
;WIDTH:0.565666
G1 X92.081 Y140.103 E.01101
;WIDTH:0.604221
G1 X92.1 Y139.837 E.01182
G1 X92.1 Y80.29 E2.64026
;WIDTH:0.6
G1 X92.077 Y79.924 E.0161
;WIDTH:0.5625
G1 X92.054 Y79.559 E.01502
;WIDTH:0.525
G1 X92.031 Y79.194 E.01393
;WIDTH:0.4875
G1 X92.008 Y78.829 E.01285
;WIDTH:0.449999
G1 X91.798 Y78.181 E.02192
G1 X91.736 Y77.592 E.01905
G1 X91.773 Y77.05 E.01744
G1 X91.869 Y76.598 E.01487
G1 X92.047 Y76.07 E.01792
G1 X92.314 Y75.494 E.02042
G1 X92.614 Y75.106 E.01576
G1 X93.011 Y74.792 E.01627
G1 X93.987 Y74.387 E.03398
G1 X94.658 Y74.244 E.02206
G1 X95.251 Y74.244 E.01906
G1 X95.814 Y74.344 E.01841
G1 X96.344 Y74.513 E.01786
G1 X96.599 Y74.525 E.00823
;WIDTH:0.488554
G1 X96.865 Y74.544 E.00938
;WIDTH:0.527109
G1 X97.131 Y74.563 E.0102
;WIDTH:0.565664
G1 X97.397 Y74.581 E.01101
;WIDTH:0.604219
G1 X97.663 Y74.6 E.01182
G1 X122.21 Y74.6 E1.0884
;WIDTH:0.599998
G1 X122.698 Y74.569 E.02149
;WIDTH:0.549999
G1 X123.185 Y74.539 E.01956
;WIDTH:0.499999
G1 X123.673 Y74.508 E.01763
;WIDTH:0.449999
G1 X124.319 Y74.298 E.02187
G1 X125 Y74.226 E.02201
G1 X125.589 Y74.288 E.01906
G1 X126.006 Y74.403 E.0139
G1 X126.562 Y74.6 E.01897
G1 X127.076 Y74.854 E.01843
G1 X127.467 Y75.179 E.01634
G1 X127.75 Y75.614 E.01667
G1 X128.131 Y76.569 E.03306
G1 X128.256 Y77.249 E.02226
G1 X128.256 Y77.751 E.01612
G1 X128.156 Y78.314 E.01841
G1 X127.987 Y78.844 E.01786
G1 X127.975 Y79.094 E.00806
;WIDTH:0.4875
G1 X127.956 Y79.393 E.01052
;WIDTH:0.525
G1 X127.938 Y79.692 E.01141
;WIDTH:0.5625
G1 X127.919 Y79.991 E.01229
;WIDTH:0.6
G1 X127.9 Y80.29 E.01318
G1 X127.9 Y139.837 E2.62041
G1 X127.924 Y140.173 E.01482
M73 P97 R1
;WIDTH:0.5625
G1 X127.947 Y140.509 E.01382
;WIDTH:0.525
G1 X127.971 Y140.845 E.01282
;WIDTH:0.4875
G1 X127.995 Y141.181 E.01182
;WIDTH:0.449999
G1 X128.202 Y141.819 E.0216
G1 X128.274 Y142.5 E.02201
G1 X128.212 Y143.09 E.01906
G1 X128.053 Y143.64 E.01841
G1 X127.86 Y144.163 E.01795
G1 X127.646 Y144.576 E.01494
G1 X127.386 Y144.894 E.01321
G1 X126.989 Y145.208 E.01626
G1 X126.013 Y145.613 E.03399
G1 X125.395 Y145.748 E.02034
G1 X124.754 Y145.755 E.02061
G1 X124.216 Y145.662 E.01757
G1 X123.656 Y145.487 E.01884
G1 X123.401 Y145.475 E.00822
;WIDTH:0.488555
G1 X123.135 Y145.456 E.00939
;WIDTH:0.52711
G1 X122.869 Y145.438 E.0102
;WIDTH:0.565666
G1 X122.603 Y145.419 E.01101
;WIDTH:0.604221
G1 X122.337 Y145.4 E.01182
G1 X97.79 Y145.4 E1.08841
;WIDTH:0.6
G1 X97.424 Y145.423 E.01612
;WIDTH:0.5625
G1 X97.059 Y145.446 E.01503
;WIDTH:0.525
G1 X96.693 Y145.469 E.01395
;WIDTH:0.4875
G1 X96.327 Y145.492 E.01286
;WIDTH:0.449999
G1 X95.681 Y145.702 E.02187
G1 X95 Y145.774 E.02201
G1 X94.411 Y145.712 E.01905
G1 X93.889 Y145.563 E.01744
G1 X93.29 Y145.341 E.02054
G1 X92.797 Y145.042 E.01855
G1 X92.521 Y144.786 E.01212
G1 E-2.8 F3600
;WIPE_START
G1 F2400
G1 X92.227 Y144.355 E-.62514
G1 X92.042 Y143.914 E-.57486
;WIPE_END
G1 Z7.2 F9000
G1 X122.392 Y75.469 Z7.2
G1 Z6.8
G1 E4 F2400
G1 X122.139 Y75.921 E.01667
G1 X121.886 Y76.488 E.01994
G1 X121.743 Y77.176 E.0226
G1 X121.744 Y77.842 E.02141
G1 X121.886 Y78.512 E.02202
G1 X122.165 Y79.137 E.02201
G1 X122.567 Y79.691 E.02201
G1 X123.076 Y80.149 E.02201
G1 X123.668 Y80.491 E.02201
G1 X124.319 Y80.702 E.02201
G1 X125 Y80.774 E.02201
G1 X125.681 Y80.702 E.02201
G1 X126.332 Y80.491 E.02201
G1 X126.954 Y80.131 E.02313
G1 X127.03 Y80.108 E.00254
;WIDTH:0.4875
G1 X127.098 Y80.153 E.00286
;WIDTH:0.525
G1 X127.165 Y80.199 E.0031
;WIDTH:0.5625
G1 X127.233 Y80.244 E.00334
;WIDTH:0.6
G1 X127.3 Y80.29 E.00358
G1 X127.3 Y139.71 E2.61482
;WIDTH:0.60422
G1 X127.298 Y139.755 E.00199
G1 X127.221 Y139.787 E.00371
;WIDTH:0.565665
G1 X127.144 Y139.82 E.00346
;WIDTH:0.52711
G1 X127.067 Y139.852 E.0032
;WIDTH:0.488555
G1 X126.989 Y139.884 E.00295
;WIDTH:0.449999
G1 X126.453 Y139.583 E.0198
G1 X125.921 Y139.367 E.01845
G1 X125.324 Y139.243 E.0196
G1 X124.658 Y139.244 E.02142
G1 X123.988 Y139.386 E.02201
G1 X123.363 Y139.665 E.022
G1 X122.796 Y140.08 E.0226
G1 X122.351 Y140.576 E.02142
G1 X122.009 Y141.168 E.02201
G1 X121.798 Y141.819 E.02201
G1 X121.726 Y142.5 E.02201
G1 X121.798 Y143.181 E.02201
G1 X122.009 Y143.832 E.02201
G1 X122.369 Y144.454 E.02314
G1 X122.392 Y144.531 E.00257
;WIDTH:0.4875
G1 X122.358 Y144.598 E.00265
;WIDTH:0.525
G1 X122.323 Y144.665 E.00288
;WIDTH:0.5625
G1 X122.289 Y144.733 E.0031
;WIDTH:0.6
G1 X122.254 Y144.8 E.00333
G1 X97.79 Y144.8 E1.07657
G1 X97.744 Y144.733 E.00357
;WIDTH:0.5625
G1 X97.699 Y144.665 E.00333
;WIDTH:0.525
G1 X97.653 Y144.598 E.00309
;WIDTH:0.4875
G1 X97.608 Y144.531 E.00285
;WIDTH:0.449999
G1 X97.861 Y144.079 E.01667
G1 X98.114 Y143.512 E.01995
G1 X98.256 Y142.842 E.02201
G1 X98.256 Y142.158 E.02201
G1 X98.114 Y141.488 E.02201
G1 X97.835 Y140.863 E.02201
G1 X97.433 Y140.31 E.022
G1 X96.909 Y139.841 E.0226
G1 X96.332 Y139.509 E.02142
G1 X95.681 Y139.298 E.02201
G1 X95 Y139.226 E.02201
G1 X94.319 Y139.298 E.02201
G1 X93.668 Y139.509 E.02201
G1 X93.048 Y139.868 E.02304
G1 X92.969 Y139.892 E.00266
;WIDTH:0.4875
G1 X92.902 Y139.858 E.00265
;WIDTH:0.525
G1 X92.835 Y139.823 E.00288
;WIDTH:0.5625
G1 X92.767 Y139.789 E.0031
;WIDTH:0.6
G1 X92.7 Y139.754 E.00333
G1 X92.7 Y80.29 E2.61675
G1 X92.767 Y80.244 E.00358
;WIDTH:0.5625
G1 X92.835 Y80.199 E.00334
;WIDTH:0.525
G1 X92.902 Y80.153 E.0031
;WIDTH:0.4875
G1 X92.97 Y80.108 E.00286
;WIDTH:0.449999
G1 X93.421 Y80.361 E.01665
G1 X93.988 Y80.614 E.01994
G1 X94.676 Y80.757 E.0226
G1 X95.342 Y80.756 E.02142
G1 X96.012 Y80.614 E.02201
G1 X96.637 Y80.335 E.02201
G1 X97.19 Y79.933 E.022
G1 X97.659 Y79.409 E.0226
G1 X97.991 Y78.832 E.02142
G1 X98.202 Y78.181 E.02201
G1 X98.274 Y77.5 E.02201
G1 X98.202 Y76.819 E.02201
G1 X97.991 Y76.168 E.02201
G1 X97.632 Y75.548 E.02304
G1 X97.608 Y75.469 E.00266
;WIDTH:0.499999
G1 X97.654 Y75.379 E.00364
;WIDTH:0.549999
G1 X97.7 Y75.29 E.00404
;WIDTH:0.599998
G1 X97.746 Y75.2 E.00444
G1 X122.21 Y75.2 E1.07656
G1 X122.271 Y75.29 E.00476
;WIDTH:0.549999
G1 X122.331 Y75.379 E.00434
;WIDTH:0.499999
G1 X122.37 Y75.436 E.00246
G1 E-2.8 F3600
;WIPE_START
G1 F2400
G1 X122.139 Y75.921 E-.64509
G1 X121.951 Y76.344 E-.55491
;WIPE_END
G1 Z7.2 F9000
G1 X126.515 Y79.351 Z7.2
G1 Z6.8
G1 E4 F2400
;TYPE:Internal solid infill
;WIDTH:0.534972
G1 F3000
G1 X125.973 Y79.686 E.02477
G1 X125.497 Y79.839 E.01942
G1 X125 Y79.891 E.01943
G1 X124.503 Y79.839 E.01943
G1 X124.027 Y79.685 E.01943
G1 X123.594 Y79.435 E.01943
G1 X123.223 Y79.1 E.01943
G1 X122.929 Y78.696 E.01943
G1 X122.731 Y78.237 E.01941
G1 X122.616 Y77.75 E.01947
G1 X122.62 Y77.238 E.01989
G1 X122.73 Y76.735 E.02004
G1 X122.94 Y76.271 E.01979
G1 X123.11 Y76.005 E.01226
G1 E-2.8 F3600
;WIPE_START
G1 F3000
G1 X122.94 Y76.271 E-.37837
G1 X122.73 Y76.735 E-.611
G1 X122.693 Y76.906 E-.21064
;WIPE_END
G1 Z7.2 F9000
G1 X126.515 Y79.351 Z7.2
G1 Z6.8
G1 E4 F2400
;WIDTH:0.545393
G1 F3000
G1 X126.667 Y79.329 E.00609
;WIDTH:0.499479
G1 X126.819 Y79.307 E.00553
;WIDTH:0.448714
G1 X126.971 Y79.284 E.00492
G1 X127.149 Y79.365 E.00629
G1 X127.129 Y78.85 E.01651
;WIDTH:0.493573
G1 X127.125 Y78.742 E.00388
;WIDTH:0.525283
G1 X127.121 Y78.633 E.00415
;WIDTH:0.522717
G1 X126.998 Y78.768 E.00691
;WIDTH:0.485873
G1 X126.876 Y78.903 E.00638
;WIDTH:0.44903
G1 X126.753 Y79.038 E.00585
;WIDTH:0.453565
G1 X126.682 Y79.132 E.00382
;WIDTH:0.499479
G1 X126.611 Y79.225 E.00425
;WIDTH:0.522436
G1 X126.539 Y79.319 E.00446
G1 E-3.85861 F3600
;WIPE_START
G1 F3000
G1 X126.611 Y79.225 E-.14139
;WIPE_END
G1 Z7.2 F9000
G1 X124.138 Y75.266 Z7.2
G1 Z6.8
G1 E4 F2400
;WIDTH:0.518701
G1 F3000
G1 X124.727 Y75.127 E.02274
G1 X125.25 Y75.123 E.01965
G1 X125.763 Y75.235 E.01974
G1 X126.234 Y75.426 E.01908
;WIDTH:0.574494
G1 X126.435 Y75.551 E.00996
;WIDTH:0.614728
G1 X126.636 Y75.677 E.01071
G1 X126.936 Y76.03 E.02092
;WIDTH:0.583005
G1 X127.08 Y76.327 E.01409
;WIDTH:0.529067
G1 X127.224 Y76.624 E.01268
G1 X127.378 Y77.217 E.02352
G1 X127.385 Y77.726 E.01954
G1 X127.28 Y78.238 E.02009
G1 X127.147 Y78.579 E.01405
G1 E-2.8 F3600
;WIPE_START
G1 F3000
G1 X127.28 Y78.238 E-.4389
G1 X127.385 Y77.726 E-.62793
G1 X127.383 Y77.615 E-.13317
;WIPE_END
G1 Z7.2 F9000
G1 X124.134 Y75.267 Z7.2
G1 Z6.8
G1 E4 F2400
;WIDTH:0.515542
G1 F3000
G1 X123.969 Y75.294 E.00625
;WIDTH:0.480222
G1 X123.804 Y75.321 E.00579
;WIDTH:0.430586
G1 X123.638 Y75.348 E.00513
G1 X123.134 Y75.349 E.01545
G1 X123.212 Y75.546 E.0065
;WIDTH:0.44691
G1 X123.191 Y75.671 E.00404
;WIDTH:0.486246
G1 X123.17 Y75.796 E.00443
;WIDTH:0.525583
G1 X123.15 Y75.921 E.00483
;WIDTH:0.554323
G1 X123.132 Y75.971 E.00217
;WIDTH:0.540702
G1 X123.299 Y75.845 E.00824
;WIDTH:0.495318
G1 X123.466 Y75.718 E.00749
;WIDTH:0.449934
G1 X123.633 Y75.592 E.00674
;WIDTH:0.444719
G1 X123.789 Y75.491 E.0059
;WIDTH:0.479674
G1 X123.945 Y75.39 E.00641
;WIDTH:0.497152
G1 X124.101 Y75.289 E.00667
G1 E-3.77697 F3600
;WIPE_START
G1 F3000
G1 X123.945 Y75.39 E-.22303
;WIPE_END
G1 Z7.2 F9000
G1 X96.862 Y75.994 Z7.2
G1 Z6.8
G1 E4 F2400
;WIDTH:0.537598
G1 F3000
G1 X96.836 Y75.839 E.00616
;WIDTH:0.495465
G1 X96.81 Y75.683 E.00563
;WIDTH:0.441781
G1 X96.783 Y75.528 E.00497
G1 X96.856 Y75.351 E.00603
;WIDTH:0.445724
G1 X96.599 Y75.363 E.00816
;WIDTH:0.472638
G1 X96.343 Y75.376 E.00871
;WIDTH:0.506401
G1 X96.234 Y75.368 E.00401
;WIDTH:0.547011
G1 X96.125 Y75.36 E.00436
;WIDTH:0.544808
G1 X96.261 Y75.489 E.00744
;WIDTH:0.499791
G1 X96.397 Y75.618 E.00677
;WIDTH:0.454775
G1 X96.534 Y75.747 E.0061
;WIDTH:0.453333
G1 X96.633 Y75.821 E.00401
;WIDTH:0.495465
G1 X96.731 Y75.896 E.00442
;WIDTH:0.516532
G1 X96.83 Y75.97 E.00462
G1 X96.862 Y75.994 F9000
;WIDTH:0.534277
G1 F3000
G1 X97.185 Y76.528 E.02422
G1 X97.339 Y77.003 E.01938
G1 X97.391 Y77.5 E.0194
G1 X97.339 Y77.997 E.0194
G1 X97.184 Y78.473 E.01943
G1 X96.944 Y78.892 E.01876
G1 X96.598 Y79.278 E.0201
G1 X96.194 Y79.568 E.01931
G1 X95.738 Y79.771 E.01937
G1 X95.25 Y79.884 E.01945
G1 X94.738 Y79.88 E.01986
G1 X94.235 Y79.77 E.02001
G1 X93.776 Y79.563 E.01951
G1 X93.511 Y79.384 E.01243
G1 X92.88 Y78.62 F9000
;WIDTH:0.539908
G1 F3000
G1 X92.661 Y77.997 E.02592
G1 X92.609 Y77.5 E.01963
G1 X92.661 Y77.003 E.01963
G1 X92.841 Y76.455 E.02264
;WIDTH:0.560516
G1 X92.99 Y76.183 E.01266
;WIDTH:0.614714
G1 X93.139 Y75.912 E.01398
G1 X93.469 Y75.598 E.02057
;WIDTH:0.595734
G1 X93.693 Y75.481 E.01105
;WIDTH:0.53571
G1 X93.917 Y75.363 E.00985
G1 X94.251 Y75.23 E.01399
G1 X94.749 Y75.116 E.0199
;WIDTH:0.52392
G1 X95.251 Y75.116 E.01904
G1 X95.775 Y75.23 E.02038
G1 X96.087 Y75.346 E.01267
G1 E-2.8 F3600
;WIPE_START
G1 F3000
G1 X95.775 Y75.23 E-.40015
G1 X95.251 Y75.116 E-.64368
G1 X95.12 Y75.116 E-.15617
;WIPE_END
G1 Z7.2 F9000
G1 X93.478 Y79.361 Z7.2
G1 Z6.8
G1 E4 F2400
;WIDTH:0.525068
G1 F3000
G1 X93.382 Y79.228 E.00625
;WIDTH:0.487566
G1 X93.286 Y79.095 E.00576
;WIDTH:0.450064
G1 X93.191 Y78.962 E.00528
;WIDTH:0.454028
G1 X93.087 Y78.848 E.005
;WIDTH:0.499458
G1 X92.983 Y78.734 E.00555
;WIDTH:0.544887
G1 X92.88 Y78.62 E.0061
G1 X92.87 Y78.854 E.00928
;WIDTH:0.499458
G1 X92.861 Y79.088 E.00844
;WIDTH:0.442572
G1 X92.851 Y79.364 E.00873
G1 X93.03 Y79.284 E.00619
;WIDTH:0.450064
G1 X93.166 Y79.307 E.00445
;WIDTH:0.487566
G1 X93.302 Y79.331 E.00485
;WIDTH:0.506317
G1 X93.438 Y79.354 E.00506
G1 E-3.83414 F3600
;WIPE_START
G1 F3000
G1 X93.302 Y79.331 E-.16586
;WIPE_END
G1 Z7.2 F9000
G1 X93.53 Y140.602 Z7.2
G1 Z6.8
G1 E4 F2400
;WIDTH:0.514037
G1 F3000
G1 X93.361 Y140.639 E.00643
;WIDTH:0.477411
G1 X93.192 Y140.675 E.00593
;WIDTH:0.438703
G1 X93.023 Y140.712 E.0054
G1 X92.846 Y140.634 E.00606
G1 X92.866 Y141.157 E.01637
;WIDTH:0.481763
G1 X92.878 Y141.259 E.00358
;WIDTH:0.514117
G1 X92.89 Y141.362 E.00384
;WIDTH:0.512324
G1 X93.002 Y141.232 E.00635
;WIDTH:0.476383
G1 X93.114 Y141.102 E.00586
;WIDTH:0.440443
G1 X93.225 Y140.973 E.00537
;WIDTH:0.440785
G1 X93.318 Y140.86 E.00461
;WIDTH:0.477411
G1 X93.411 Y140.746 E.00503
;WIDTH:0.495724
G1 X93.504 Y140.633 E.00524
G1 X93.53 Y140.602 F9000
;WIDTH:0.533115
G1 F3000
G1 X94.03 Y140.319 E.02224
G1 X94.503 Y140.165 E.01926
G1 X95.024 Y140.11 E.02032
G1 X95.497 Y140.161 E.01842
G1 X95.973 Y140.316 E.01939
G1 X96.392 Y140.556 E.01871
G1 X96.778 Y140.902 E.02005
G1 X97.067 Y141.307 E.01926
G1 X97.273 Y141.762 E.01933
G1 X97.384 Y142.249 E.01938
G1 X97.384 Y142.751 E.01941
G1 X97.28 Y143.241 E.01941
G1 X97.06 Y143.729 E.02075
G1 X96.868 Y144.029 E.01379
G1 X96.067 Y144.663 F9000
;WIDTH:0.54462
G1 F3000
G1 X95.501 Y144.838 E.02347
G1 X95 Y144.89 E.01996
G1 X94.505 Y144.83 E.01977
G1 X93.957 Y144.653 E.02281
;WIDTH:0.572774
G1 X93.627 Y144.497 E.01529
;WIDTH:0.60128
G1 X93.207 Y144.169 E.02348
G1 X92.925 Y143.723 E.0233
;WIDTH:0.516238
G1 X92.732 Y143.243 E.01932
G1 X92.622 Y142.75 E.0189
G1 X92.626 Y142.226 E.01959
G1 X92.734 Y141.741 E.01858
G1 X92.849 Y141.435 E.01219
G1 E-2.8 F3600
;WIPE_START
G1 F3000
G1 X92.734 Y141.741 E-.39135
G1 X92.626 Y142.226 E-.59644
G1 X92.625 Y142.403 E-.21221
;WIPE_END
G1 Z7.2 F9000
G1 X96.846 Y144.063 Z7.2
G1 Z6.8
G1 E4 F2400
;WIDTH:0.544351
G1 F3000
G1 X96.709 Y144.159 E.00663
;WIDTH:0.495635
G1 X96.572 Y144.256 E.00599
;WIDTH:0.44692
G1 X96.436 Y144.352 E.00534
;WIDTH:0.444899
G1 X96.313 Y144.456 E.0051
;WIDTH:0.489573
G1 X96.19 Y144.559 E.00567
;WIDTH:0.534247
G1 X96.067 Y144.663 E.00624
G1 X96.243 Y144.66 E.00686
;WIDTH:0.489573
G1 X96.42 Y144.657 E.00624
;WIDTH:0.428483
G1 X96.872 Y144.654 E.01375
G1 X96.791 Y144.454 E.00655
;WIDTH:0.445058
G1 X96.805 Y144.337 E.00377
;WIDTH:0.490049
G1 X96.82 Y144.219 E.00419
;WIDTH:0.512544
G1 X96.835 Y144.101 E.0044
G1 E-3.85754 F3600
;WIPE_START
G1 F3000
G1 X96.82 Y144.219 E-.14246
;WIPE_END
G1 Z7.2 F9000
G1 X123.156 Y144.049 Z7.2
G1 Z6.8
G1 E4 F2400
;WIDTH:0.533928
G1 F3000
G1 X122.815 Y143.472 E.02599
G1 X122.661 Y142.997 E.01937
G1 X122.609 Y142.5 E.01939
G1 X122.661 Y142.003 E.01939
G1 X122.815 Y141.527 E.01939
G1 X123.066 Y141.094 E.01942
G1 X123.388 Y140.734 E.01874
G1 X123.806 Y140.428 E.02009
G1 X124.264 Y140.234 E.01928
G1 X124.81 Y140.117 E.02169
G1 X125.262 Y140.12 E.01753
G1 X125.765 Y140.23 E.01998
G1 X126.229 Y140.44 E.01975
G1 X126.514 Y140.622 E.01311
G1 E-2.8 F3600
;WIPE_START
G1 F3000
G1 X126.229 Y140.44 E-.40546
G1 X125.765 Y140.23 E-.61101
G1 X125.616 Y140.197 E-.18352
;WIPE_END
G1 Z7.2 F9000
G1 X123.156 Y144.049 Z7.2
G1 Z6.8
G1 E4 F2400
;WIDTH:0.528178
G1 F3000
G1 X123.175 Y144.191 E.00548
;WIDTH:0.487638
G1 X123.195 Y144.333 E.00503
;WIDTH:0.44475
G1 X123.214 Y144.474 E.00454
G1 X123.139 Y144.652 E.00611
G1 X123.701 Y144.638 E.01785
;WIDTH:0.494042
G1 X123.827 Y144.656 E.00455
;WIDTH:0.534644
G1 X123.954 Y144.673 E.00495
;WIDTH:0.533592
G1 X123.814 Y144.555 E.00709
;WIDTH:0.490886
G1 X123.675 Y144.437 E.00647
;WIDTH:0.448181
G1 X123.535 Y144.318 E.00586
;WIDTH:0.447098
G1 X123.42 Y144.236 E.00452
;WIDTH:0.487638
G1 X123.304 Y144.154 E.00497
;WIDTH:0.507908
G1 X123.189 Y144.072 E.0052
G1 E-3.83011 F3600
;WIPE_START
G1 F3000
G1 X123.304 Y144.154 E-.16989
;WIPE_END
G1 Z7.2 F9000
G1 X127.229 Y141.623 Z7.2
G1 Z6.8
G1 E4 F2400
;WIDTH:0.521125
G1 F3000
G1 X127.373 Y142.218 E.02312
G1 X127.365 Y142.83 E.0231
G1 X127.179 Y143.497 E.02618
;WIDTH:0.547505
G1 X127.064 Y143.728 E.01027
;WIDTH:0.584103
G1 X126.949 Y143.958 E.01101
;WIDTH:0.617567
G1 X126.657 Y144.303 E.02052
;WIDTH:0.609098
G1 X126.425 Y144.445 E.01217
;WIDTH:0.56183
G1 X126.192 Y144.586 E.01115
;WIDTH:0.533987
G1 X125.725 Y144.784 E.01967
G1 X125.296 Y144.874 E.01701
G1 X124.744 Y144.875 E.0214
G1 X124.227 Y144.759 E.02056
G1 X123.992 Y144.685 E.00957
G1 E-2.8 F3600
;WIPE_START
G1 F3000
G1 X124.227 Y144.759 E-.29591
G1 X124.744 Y144.875 E-.63615
G1 X124.968 Y144.875 E-.26795
;WIPE_END
G1 Z7.2 F9000
G1 X126.548 Y140.644 Z7.2
G1 Z6.8
G1 E4 F2400
;WIDTH:0.542246
G1 F3000
G1 X126.651 Y140.787 E.00696
;WIDTH:0.49437
G1 X126.754 Y140.93 E.00629
;WIDTH:0.446494
G1 X126.857 Y141.073 E.00563
;WIDTH:0.441409
G1 X126.981 Y141.257 E.00696
;WIDTH:0.479117
G1 X127.105 Y141.44 E.00762
;WIDTH:0.516825
G1 X127.229 Y141.623 E.00828
G1 X127.204 Y141.414 E.00788
;WIDTH:0.479117
G1 X127.179 Y141.205 E.00726
;WIDTH:0.427615
G1 X127.154 Y140.996 E.0064
G1 X127.154 Y140.635 E.01098
G1 X126.954 Y140.709 E.00647
;WIDTH:0.443576
G1 X126.834 Y140.693 E.00384
;WIDTH:0.485617
G1 X126.714 Y140.677 E.00424
;WIDTH:0.527659
G1 X126.594 Y140.66 E.00464
;WIDTH:0.548679
G1 X126.585 Y140.657 E.00037
; stop printing object Remote75T.stl id:0 copy 0
M106 S109
;LAYER_CHANGE
;Z:7
;HEIGHT:0.2
;BEFORE_LAYER_CHANGE
;7
G92 E0

G1 E-3.98884 F3600
;WIPE_START
G1 F3000
G1 X126.594 Y140.66 E-.01116
;WIPE_END
;_SET_FAN_SPEED_CHANGING_LAYER
; printing object Remote75T.stl id:0 copy 0
G1 Z7.4 F9000
G1 X123.888 Y80.112 Z7.4
G1 Z7
M73 P97 R0
G1 E4 F2400
;TYPE:Inner wall
;WIDTH:0.449999
G1 X123.445 Y79.867 E.01628
G1 X123.004 Y79.507 E.01831
G1 X122.63 Y79.049 E.01903
G1 X122.36 Y78.522 E.01902
G1 X122.205 Y77.951 E.01905
G1 X122.172 Y77.36 E.01902
G1 X122.264 Y76.775 E.01902
G1 X122.474 Y76.222 E.01905
G1 X122.722 Y75.79 E.01602
G1 X122.82 Y75.498 E.0099
G1 X122.311 Y74.954 E.02396
G1 X123.401 Y74.954 E.03507
G1 X123.78 Y74.924 E.01222
G1 X124.364 Y74.734 E.01975
G1 X124.815 Y74.676 E.01461
G1 X125.296 Y74.688 E.01547
G1 X125.769 Y74.777 E.0155
G1 X126.271 Y74.945 E.01703
G1 X126.792 Y75.185 E.01843
G1 X127.058 Y75.388 E.01075
G1 X127.296 Y75.673 E.01193
G1 X127.712 Y76.658 E.03439
G1 X127.825 Y77.232 E.01883
G1 X127.827 Y77.639 E.01306
G1 X127.736 Y78.225 E.01908
G1 X127.587 Y78.69 E.0157
G1 X127.546 Y78.909 E.00716
G1 X127.546 Y80.189 E.04118
G1 X127.003 Y79.68 E.02396
G1 X126.737 Y79.761 E.00892
G1 X126.156 Y80.097 E.02159
G1 X125.591 Y80.281 E.0191
G1 X125 Y80.343 E.01911
G1 X124.409 Y80.281 E.01911
G1 X123.926 Y80.124 E.01631
G1 E-2.8 F3600
;WIPE_START
G1 F2400
G1 X123.445 Y79.867 E-.65472
G1 X123.093 Y79.58 E-.54528
;WIPE_END
G1 Z7.4 F9000
G1 X125.982 Y75.834 Z7.4
G1 Z7
G1 E4 F2400
G1 X126.117 Y75.906 E.00492
G1 X126.397 Y76.143 E.0118
G1 X126.615 Y76.405 E.01099
G1 X126.816 Y76.794 E.01408
G1 X126.942 Y77.287 E.01635
G1 X126.933 Y77.767 E.01545
G1 X126.875 Y78.042 E.00903
G1 X126.657 Y78.53 E.01719
G1 X126.407 Y78.853 E.01312
G1 X126.068 Y79.13 E.01408
G1 X125.604 Y79.358 E.01664
G1 X125.14 Y79.446 E.01517
G1 X124.733 Y79.433 E.01312
G1 X124.337 Y79.335 E.01312
G1 X123.946 Y79.138 E.01408
G1 X123.548 Y78.807 E.01664
G1 X123.279 Y78.42 E.01516
G1 X123.125 Y78.042 E.01312
G1 X123.054 Y77.64 E.01312
G1 X123.067 Y77.233 E.01312
G1 X123.165 Y76.837 E.01312
G1 X123.343 Y76.47 E.01312
G1 X123.593 Y76.147 E.01312
G1 X123.905 Y75.885 E.01312
G1 X124.296 Y75.683 E.01414
G1 X124.797 Y75.557 E.01661
G1 X125.267 Y75.567 E.01513
G1 X125.663 Y75.665 E.01312
G1 X125.946 Y75.815 E.0103
G1 X125.788 Y76.198 F9000
;TYPE:Outer wall
G1 F2400
G1 X126.078 Y76.429 E.01195
G1 X126.345 Y76.794 E.01452
G1 X126.512 Y77.312 E.01751
G1 X126.514 Y77.678 E.01177
G1 X126.456 Y77.953 E.00903
G1 X126.258 Y78.351 E.01429
G1 X126.12 Y78.534 E.00737
G1 X125.873 Y78.748 E.01051
G1 X125.453 Y78.956 E.01507
G1 X125 Y79.018 E.0147
G1 X124.529 Y78.951 E.01531
G1 X124.147 Y78.751 E.01384
G1 X123.855 Y78.506 E.01228
G1 X123.67 Y78.246 E.01025
G1 X123.544 Y77.953 E.01025
G1 X123.482 Y77.64 E.01025
G1 X123.486 Y77.322 E.01025
G1 X123.556 Y77.011 E.01025
G1 X123.689 Y76.721 E.01025
G1 X123.88 Y76.466 E.01025
G1 X124.119 Y76.256 E.01025
G1 X124.407 Y76.097 E.01055
G1 X124.861 Y75.982 E.01506
G1 X125.316 Y76.015 E.01467
G1 X125.754 Y76.177 E.01503
G1 E-2.8 F3600
;WIPE_START
G1 F2400
G1 X126.078 Y76.429 E-.49314
G1 X126.345 Y76.794 E-.54191
G1 X126.387 Y76.925 E-.16495
;WIPE_END
G1 Z7.4 F9000
G1 X97.843 Y77.5 Z7.4
G1 Z7
G1 E4 F2400
;TYPE:Inner wall
G1 X97.781 Y78.091 E.01911
G1 X97.597 Y78.657 E.01912
G1 X97.303 Y79.166 E.01892
G1 X96.934 Y79.578 E.01779
G1 X96.53 Y79.883 E.01628
G1 X96.022 Y80.14 E.01831
G1 X95.451 Y80.295 E.01903
G1 X94.86 Y80.328 E.01902
G1 X94.275 Y80.236 E.01902
G1 X93.722 Y80.026 E.01905
G1 X93.29 Y79.778 E.01602
G1 X93 Y79.681 E.00982
G1 X92.454 Y80.19 E.02402
G1 X92.454 Y79.094 E.03524
G1 X92.424 Y78.72 E.01206
G1 X92.234 Y78.136 E.01976
G1 X92.177 Y77.686 E.01457
G1 X92.188 Y77.204 E.0155
G1 X92.277 Y76.731 E.0155
G1 X92.445 Y76.229 E.01703
G1 X92.685 Y75.708 E.01843
G1 X92.888 Y75.442 E.01075
G1 X93.173 Y75.204 E.01193
G1 X93.499 Y75.056 E.01153
G1 X94.008 Y74.843 E.01774
G1 X94.548 Y74.705 E.01794
G1 X95.139 Y74.673 E.01901
G1 X95.725 Y74.764 E.01908
G1 X96.19 Y74.913 E.0157
G1 X96.409 Y74.954 E.00716
G1 X97.607 Y74.954 E.03854
G1 X97.18 Y75.497 E.02224
G1 X97.261 Y75.763 E.00892
G1 X97.597 Y76.344 E.02159
G1 X97.781 Y76.909 E.0191
G1 X97.839 Y77.46 E.01783
G1 E-2.8 F3600
;WIPE_START
G1 F2400
G1 X97.781 Y78.091 E-.76025
G1 X97.668 Y78.44 E-.43976
;WIPE_END
G1 Z7.4 F9000
G1 X93.106 Y77.931 Z7.4
G1 Z7
G1 E4 F2400
G1 X93.054 Y77.64 E.0095
G1 X93.067 Y77.233 E.01312
G1 X93.165 Y76.837 E.01312
G1 X93.406 Y76.383 E.01651
G1 X93.643 Y76.103 E.0118
G1 X93.905 Y75.885 E.01099
G1 X94.296 Y75.683 E.01414
G1 X94.787 Y75.558 E.0163
G1 X95.267 Y75.567 E.01544
G1 X95.663 Y75.665 E.01312
G1 X96.103 Y75.895 E.01596
M73 P98 R0
G1 X96.372 Y76.117 E.0112
G1 X96.692 Y76.523 E.01662
G1 X96.875 Y76.958 E.01519
G1 X96.946 Y77.36 E.01312
G1 X96.933 Y77.767 E.01312
G1 X96.835 Y78.163 E.01312
G1 X96.657 Y78.53 E.01312
G1 X96.452 Y78.807 E.01106
G1 X96.068 Y79.13 E.01615
G1 X95.604 Y79.358 E.01664
G1 X95.14 Y79.446 E.01517
G1 X94.733 Y79.433 E.01312
G1 X94.337 Y79.335 E.01312
G1 X93.97 Y79.157 E.01312
G1 X93.628 Y78.883 E.01408
G1 X93.285 Y78.432 E.01822
G1 X93.125 Y78.042 E.01356
G1 X93.113 Y77.971 E.00234
G1 X93.529 Y77.855 F9000
;TYPE:Outer wall
G1 F2400
G1 X93.515 Y77.815 E.00133
G1 X93.483 Y77.341 E.01531
G1 X93.556 Y77.011 E.01086
G1 X93.752 Y76.635 E.01363
G1 X94.089 Y76.278 E.01577
G1 X94.479 Y76.078 E.01411
G1 X94.861 Y75.982 E.01265
G1 X95.178 Y75.986 E.01021
G1 X95.489 Y76.056 E.01025
G1 X95.851 Y76.242 E.01308
G1 X96.039 Y76.386 E.00763
G1 X96.33 Y76.754 E.01507
G1 X96.485 Y77.184 E.0147
G1 X96.517 Y77.659 E.01531
G1 X96.387 Y78.118 E.01532
G1 X96.134 Y78.52 E.01529
G1 X95.796 Y78.788 E.01385
G1 X95.453 Y78.956 E.01228
G1 X95.14 Y79.018 E.01025
G1 X94.822 Y79.014 E.01025
G1 X94.511 Y78.944 E.01025
G1 X94.221 Y78.811 E.01025
G1 X93.961 Y78.614 E.01051
G1 X93.66 Y78.221 E.0159
G1 X93.543 Y77.892 E.01124
G1 E-2.8 F3600
;WIPE_START
G1 F2400
G1 X93.515 Y77.815 E-.09777
G1 X93.483 Y77.341 E-.57121
G1 X93.556 Y77.011 E-.40523
G1 X93.605 Y76.918 E-.12578
;WIPE_END
G1 Z7.4 F9000
G1 X96.112 Y139.888 Z7.4
G1 Z7
G1 E4 F2400
;TYPE:Inner wall
G1 X96.555 Y140.133 E.01628
G1 X96.996 Y140.493 E.01831
G1 X97.37 Y140.952 E.01903
G1 X97.64 Y141.478 E.01903
G1 X97.795 Y142.049 E.01903
G1 X97.827 Y142.64 E.01903
G1 X97.736 Y143.225 E.01903
G1 X97.526 Y143.778 E.01903
G1 X97.278 Y144.21 E.01603
G1 X97.18 Y144.502 E.0099
G1 X97.69 Y145.046 E.02396
G1 X96.599 Y145.046 E.03507
G1 X96.22 Y145.076 E.01222
G1 X95.636 Y145.266 E.01975
G1 X95.132 Y145.329 E.01633
G1 X94.565 Y145.297 E.01827
G1 X93.993 Y145.146 E.01903
G1 X93.405 Y144.926 E.02018
G1 X92.957 Y144.635 E.01719
G1 X92.685 Y144.292 E.01405
G1 X92.416 Y143.699 E.02095
G1 X92.219 Y143.091 E.02054
G1 X92.162 Y142.547 E.0176
G1 X92.199 Y142.095 E.01457
G1 X92.454 Y141.091 E.03331
G1 X92.454 Y139.892 E.03855
G1 X93 Y140.319 E.02231
G1 X93.263 Y140.239 E.00884
G1 X93.844 Y139.903 E.02159
G1 X94.409 Y139.719 E.0191
G1 X95 Y139.657 E.01911
G1 X95.591 Y139.719 E.01911
G1 X96.074 Y139.876 E.01632
G1 E-2.8 F3600
;WIPE_START
G1 F2400
G1 X96.555 Y140.133 E-.65465
G1 X96.907 Y140.42 E-.54535
;WIPE_END
G1 Z7.4 F9000
G1 X93.061 Y142.43 Z7.4
G1 Z7
G1 E4 F2400
G1 X93.096 Y142.095 E.0108
G1 X93.165 Y141.837 E.00861
G1 X93.382 Y141.42 E.01512
G1 X93.729 Y141.018 E.01706
G1 X94.08 Y140.779 E.01365
G1 X94.458 Y140.625 E.01312
G1 X94.86 Y140.554 E.01312
G1 X95.267 Y140.567 E.01312
G1 X95.663 Y140.665 E.01312
G1 X96.054 Y140.862 E.01408
G1 X96.452 Y141.193 E.01663
G1 X96.692 Y141.523 E.01313
G1 X96.875 Y141.958 E.01517
G1 X96.946 Y142.36 E.01312
G1 X96.933 Y142.767 E.01312
G1 X96.835 Y143.163 E.01312
G1 X96.657 Y143.53 E.01312
G1 X96.407 Y143.853 E.01312
G1 X96.095 Y144.115 E.01312
G1 X95.704 Y144.317 E.01414
G1 X95.204 Y144.443 E.01658
G1 X94.689 Y144.424 E.01658
G1 X94.166 Y144.265 E.01758
G1 X93.802 Y144.04 E.01376
G1 X93.508 Y143.758 E.01312
G1 X93.253 Y143.362 E.01514
G1 X93.096 Y142.905 E.01554
G1 X93.054 Y142.5 E.01309
G1 X93.057 Y142.469 E.00099
G1 X93.486 Y142.475 F9000
;TYPE:Outer wall
G1 F2400
G1 X93.549 Y142.029 E.01449
G1 X93.716 Y141.689 E.01216
G1 X94.008 Y141.344 E.01454
G1 X94.383 Y141.113 E.01417
G1 X94.841 Y140.983 E.01529
G1 X95.316 Y141.015 E.01531
G1 X95.762 Y141.179 E.01527
G1 X96.145 Y141.494 E.01598
G1 X96.321 Y141.737 E.00964
G1 X96.456 Y142.047 E.01086
G1 X96.518 Y142.36 E.01025
G1 X96.514 Y142.678 E.01025
G1 X96.444 Y142.989 E.01025
G1 X96.311 Y143.279 E.01025
G1 X96.12 Y143.534 E.01025
G1 X95.881 Y143.744 E.01025
G1 X95.593 Y143.903 E.01055
G1 X95.131 Y144.017 E.01532
G1 X94.664 Y143.987 E.01503
G1 X94.363 Y143.885 E.01025
G1 X94.089 Y143.722 E.01025
G1 X93.752 Y143.365 E.01577
G1 X93.544 Y142.953 E.01484
G1 X93.484 Y142.514 E.01424
G1 E-2.8 F3600
;WIPE_START
G1 F2400
G1 X93.549 Y142.029 E-.5879
G1 X93.716 Y141.689 E-.4536
G1 X93.801 Y141.588 E-.1585
;WIPE_END
G1 Z7.4 F9000
G1 X125.14 Y139.672 Z7.4
G1 Z7
G1 E4 F2400
;TYPE:Inner wall
G1 X125.725 Y139.764 E.01902
G1 X126.277 Y139.974 E.01901
G1 X126.71 Y140.222 E.01606
G1 X127.003 Y140.32 E.0099
G1 X127.546 Y139.893 E.02224
G1 X127.546 Y140.901 E.03242
G1 X127.576 Y141.28 E.01223
G1 X127.781 Y141.909 E.02127
G1 X127.843 Y142.5 E.01911
G1 X127.786 Y143.044 E.0176
G1 X127.639 Y143.529 E.01628
G1 X127.426 Y144.095 E.01945
G1 X127.135 Y144.543 E.01719
G1 X126.792 Y144.815 E.01405
G1 X126.199 Y145.084 E.02095
G1 X125.636 Y145.266 E.01903
G1 X125.133 Y145.329 E.01628
G1 X124.62 Y145.303 E.01652
G1 X124.26 Y145.232 E.01182
G1 X123.591 Y145.046 E.02232
G1 X122.393 Y145.046 E.03854
G1 X122.82 Y144.502 E.02224
G1 X122.739 Y144.237 E.00892
G1 X122.403 Y143.656 E.02159
G1 X122.219 Y143.091 E.0191
G1 X122.157 Y142.5 E.01911
G1 X122.214 Y141.956 E.0176
G1 X122.361 Y141.471 E.01628
G1 X122.622 Y140.965 E.01831
G1 X122.993 Y140.504 E.01903
G1 X123.451 Y140.13 E.01902
G1 X123.978 Y139.86 E.01902
G1 X124.549 Y139.705 E.01905
G1 X125.1 Y139.675 E.01774
G1 E-2.8 F3600
;WIPE_START
G1 F2400
G1 X125.725 Y139.764 E-.75674
G1 X126.07 Y139.895 E-.44326
;WIPE_END
G1 Z7.4 F9000
G1 X126.643 Y143.512 Z7.4
G1 Z7
G1 E4 F2400
G1 X126.54 Y143.698 E.00683
G1 X126.258 Y143.992 E.01312
G1 X125.862 Y144.247 E.01514
G1 X125.405 Y144.404 E.01554
G1 X125.205 Y144.443 E.00653
G1 X124.689 Y144.424 E.01661
G1 X124.265 Y144.308 E.01414
G1 X123.802 Y144.04 E.01719
G1 X123.498 Y143.744 E.01366
G1 X123.279 Y143.42 E.01257
G1 X123.125 Y143.042 E.01312
G1 X123.054 Y142.64 E.01312
G1 X123.067 Y142.233 E.01312
G1 X123.178 Y141.809 E.01408
G1 X123.419 Y141.352 E.01664
G1 X123.742 Y141.008 E.01517
G1 X124.08 Y140.779 E.01312
G1 X124.458 Y140.625 E.01312
G1 X124.86 Y140.554 E.01312
G1 X125.267 Y140.567 E.01312
G1 X125.663 Y140.665 E.01312
G1 X126.054 Y140.862 E.01408
G1 X126.492 Y141.242 E.01866
G1 X126.732 Y141.604 E.01396
G1 X126.875 Y141.958 E.01227
G1 X126.946 Y142.36 E.01312
G1 X126.933 Y142.767 E.01312
G1 X126.822 Y143.191 E.01408
G1 X126.663 Y143.478 E.01054
G1 X126.276 Y143.308 F9000
;TYPE:Outer wall
G1 F2400
G1 X126.222 Y143.411 E.00374
G1 X125.865 Y143.748 E.01577
G1 X125.453 Y143.956 E.01484
G1 X125.161 Y144.017 E.0096
G1 X124.664 Y143.987 E.01598
G1 X124.36 Y143.883 E.01033
G1 X124.078 Y143.712 E.01062
G1 X123.844 Y143.492 E.01032
G1 X123.613 Y143.117 E.01417
G1 X123.483 Y142.659 E.01529
G1 X123.515 Y142.184 E.01531
G1 X123.599 Y141.926 E.00874
G1 X123.778 Y141.589 E.01228
G1 X123.994 Y141.355 E.01025
G1 X124.254 Y141.17 E.01025
G1 X124.547 Y141.044 E.01025
G1 X124.86 Y140.982 E.01025
G1 X125.178 Y140.986 E.01025
G1 X125.489 Y141.056 E.01025
G1 X125.785 Y141.195 E.01051
G1 X126.146 Y141.495 E.0151
G1 X126.34 Y141.779 E.01105
G1 X126.485 Y142.185 E.01386
G1 X126.517 Y142.659 E.01531
G1 X126.44 Y142.996 E.01112
G1 X126.295 Y143.273 E.01004
G1 E-2.8 F3600
;WIPE_START
G1 F2400
G1 X126.222 Y143.411 E-.18762
G1 X125.865 Y143.748 E-.58866
G1 X125.55 Y143.907 E-.42372
;WIPE_END
G1 Z7.4 F9000
G1 X122.392 Y75.469 Z7.4
G1 Z7
G1 E4 F2400
G1 X122.139 Y75.921 E.01667
G1 X121.886 Y76.488 E.01995
G1 X121.744 Y77.164 E.02221
G1 X121.744 Y77.842 E.02181
G1 X121.886 Y78.512 E.02201
G1 X122.168 Y79.142 E.02221
G1 X122.567 Y79.691 E.02181
G1 X123.076 Y80.149 E.02201
G1 X123.668 Y80.491 E.02201
G1 X124.319 Y80.702 E.02201
G1 X125 Y80.774 E.02201
G1 X125.681 Y80.702 E.02201
G1 X126.332 Y80.491 E.02201
G1 X126.952 Y80.132 E.02304
G1 X127.031 Y80.108 E.00266
;WIDTH:0.4875
G1 X127.098 Y80.153 E.00285
;WIDTH:0.525
G1 X127.165 Y80.199 E.00309
;WIDTH:0.5625
G1 X127.233 Y80.244 E.00333
;WIDTH:0.6
G1 X127.3 Y80.29 E.00357
G1 X127.3 Y139.71 E2.61482
;WIDTH:0.60422
G1 X127.298 Y139.755 E.00199
G1 X127.231 Y139.789 E.00333
;WIDTH:0.565665
G1 X127.164 Y139.824 E.0031
;WIDTH:0.52711
G1 X127.098 Y139.858 E.00287
;WIDTH:0.488555
G1 X127.031 Y139.892 E.00264
;WIDTH:0.449999
G1 X126.579 Y139.639 E.01667
G1 X126.012 Y139.386 E.01995
G1 X125.336 Y139.244 E.02221
G1 X124.658 Y139.244 E.02181
G1 X123.988 Y139.386 E.02201
G1 X123.358 Y139.668 E.02221
G1 X122.809 Y140.067 E.02181
G1 X122.351 Y140.576 E.02201
G1 X122.009 Y141.168 E.02201
G1 X121.798 Y141.819 E.02201
G1 X121.726 Y142.5 E.02201
G1 X121.798 Y143.181 E.02201
G1 X122.009 Y143.832 E.02201
G1 X122.369 Y144.454 E.02314
G1 X122.392 Y144.531 E.00257
;WIDTH:0.4875
G1 X122.358 Y144.598 E.00265
;WIDTH:0.525
G1 X122.323 Y144.665 E.00288
;WIDTH:0.5625
G1 X122.289 Y144.733 E.0031
;WIDTH:0.6
G1 X122.254 Y144.8 E.00333
G1 X97.79 Y144.8 E1.07657
G1 X97.744 Y144.733 E.00357
;WIDTH:0.5625
G1 X97.699 Y144.665 E.00333
;WIDTH:0.525
G1 X97.653 Y144.598 E.00309
;WIDTH:0.4875
G1 X97.608 Y144.531 E.00285
;WIDTH:0.449999
G1 X97.861 Y144.079 E.01667
G1 X98.114 Y143.512 E.01995
G1 X98.256 Y142.842 E.02201
G1 X98.256 Y142.158 E.02201
G1 X98.114 Y141.488 E.02201
G1 X97.835 Y140.863 E.02201
G1 X97.433 Y140.309 E.02201
G1 X96.924 Y139.851 E.02201
G1 X96.332 Y139.509 E.02201
G1 X95.681 Y139.298 E.02201
G1 X95 Y139.226 E.02201
G1 X94.319 Y139.298 E.02201
G1 X93.668 Y139.509 E.02201
G1 X93.046 Y139.869 E.02314
G1 X92.97 Y139.892 E.00254
;WIDTH:0.4875
G1 X92.902 Y139.858 E.00266
;WIDTH:0.525
G1 X92.835 Y139.823 E.00288
;WIDTH:0.5625
G1 X92.767 Y139.789 E.00311
;WIDTH:0.6
G1 X92.7 Y139.754 E.00333
G1 X92.7 Y80.29 E2.61675
G1 X92.775 Y80.246 E.00385
;WIDTH:0.5625
G1 X92.851 Y80.201 E.00359
;WIDTH:0.525
G1 X92.926 Y80.157 E.00333
;WIDTH:0.4875
G1 X93.002 Y80.113 E.00307
;WIDTH:0.449999
G1 X93.547 Y80.417 E.02009
G1 X94.078 Y80.633 E.01843
G1 X94.664 Y80.756 E.01924
G1 X95.342 Y80.756 E.02181
G1 X96.012 Y80.614 E.02201
G1 X96.637 Y80.335 E.02201
G1 X97.191 Y79.933 E.02201
G1 X97.652 Y79.419 E.02221
G1 X97.991 Y78.832 E.02181
G1 X98.202 Y78.181 E.02201
G1 X98.274 Y77.5 E.02201
G1 X98.202 Y76.819 E.02201
G1 X97.991 Y76.168 E.02201
G1 X97.632 Y75.548 E.02304
G1 X97.608 Y75.469 E.00266
;WIDTH:0.499999
G1 X97.654 Y75.379 E.00364
;WIDTH:0.549999
G1 X97.7 Y75.29 E.00404
;WIDTH:0.599998
G1 X97.746 Y75.2 E.00444
G1 X122.21 Y75.2 E1.07656
G1 X122.271 Y75.29 E.00476
;WIDTH:0.549999
G1 X122.331 Y75.379 E.00434
;WIDTH:0.499999
G1 X122.37 Y75.436 E.00246
G1 E-2.8 F3600
;WIPE_START
G1 F2400
G1 X122.139 Y75.921 E-.64509
G1 X121.951 Y76.344 E-.55491
;WIPE_END
G1 Z7.4 F9000
G1 X92.492 Y144.759 Z7.4
G1 Z7
G1 E4 F2400
;WIDTH:0.449999
G1 X92.227 Y144.355 E.0155
G1 X92.013 Y143.844 E.01782
G1 X91.798 Y143.181 E.02243
G1 X91.726 Y142.5 E.02201
G1 X91.798 Y141.819 E.02201
G1 X92.016 Y141.147 E.02272
G1 X92.025 Y140.906 E.00777
;WIDTH:0.488555
G1 X92.044 Y140.639 E.00943
;WIDTH:0.52711
G1 X92.063 Y140.372 E.01024
;WIDTH:0.565666
G1 X92.081 Y140.105 E.01106
;WIDTH:0.604221
G1 X92.1 Y139.837 E.01187
G1 X92.1 Y80.29 E2.64027
;WIDTH:0.6
G1 X92.077 Y79.924 E.0161
;WIDTH:0.5625
G1 X92.054 Y79.559 E.01502
;WIDTH:0.525
G1 X92.031 Y79.194 E.01393
;WIDTH:0.4875
G1 X92.008 Y78.829 E.01285
;WIDTH:0.449999
G1 X91.798 Y78.181 E.02192
G1 X91.736 Y77.592 E.01905
G1 X91.773 Y77.05 E.01744
G1 X91.869 Y76.598 E.01487
G1 X92.047 Y76.07 E.01792
G1 X92.314 Y75.494 E.02042
G1 X92.614 Y75.106 E.01576
G1 X93.011 Y74.792 E.01627
G1 X93.987 Y74.387 E.03399
G1 X94.64 Y74.247 E.02149
G1 X95.249 Y74.244 E.01958
G1 X95.814 Y74.344 E.01845
G1 X96.344 Y74.513 E.01786
G1 X96.599 Y74.525 E.00823
;WIDTH:0.488554
G1 X96.865 Y74.544 E.00938
;WIDTH:0.527109
G1 X97.131 Y74.563 E.0102
;WIDTH:0.565664
G1 X97.397 Y74.581 E.01101
;WIDTH:0.604219
G1 X97.663 Y74.6 E.01182
G1 X122.21 Y74.6 E1.0884
;WIDTH:0.599998
G1 X122.698 Y74.569 E.02149
;WIDTH:0.549999
G1 X123.185 Y74.539 E.01956
;WIDTH:0.499999
G1 X123.673 Y74.508 E.01763
;WIDTH:0.449999
G1 X124.319 Y74.298 E.02187
G1 X125 Y74.226 E.02201
G1 X125.589 Y74.288 E.01905
G1 X126.006 Y74.403 E.01391
G1 X126.562 Y74.6 E.01897
G1 X127.076 Y74.854 E.01843
G1 X127.467 Y75.179 E.01634
G1 X127.75 Y75.614 E.01667
G1 X128.131 Y76.568 E.03305
G1 X128.254 Y77.231 E.02167
G1 X128.256 Y77.749 E.01667
G1 X128.156 Y78.314 E.01845
G1 X127.987 Y78.844 E.01786
G1 X127.975 Y79.099 E.00823
;WIDTH:0.4875
G1 X127.956 Y79.397 E.01047
;WIDTH:0.525
G1 X127.938 Y79.694 E.01136
;WIDTH:0.5625
G1 X127.919 Y79.992 E.01224
;WIDTH:0.6
G1 X127.9 Y80.29 E.01312
G1 X127.9 Y139.837 E2.62041
G1 X127.924 Y140.173 E.01482
;WIDTH:0.5625
G1 X127.947 Y140.509 E.01382
;WIDTH:0.525
G1 X127.971 Y140.845 E.01282
;WIDTH:0.4875
G1 X127.995 Y141.181 E.01182
;WIDTH:0.449999
G1 X128.202 Y141.819 E.02159
G1 X128.274 Y142.5 E.02201
G1 X128.202 Y143.181 E.02201
G1 X127.996 Y143.817 E.02151
G1 X127.808 Y144.293 E.01645
G1 X127.53 Y144.721 E.01643
G1 X127.259 Y145.008 E.0127
G1 X126.855 Y145.273 E.0155
G1 X126.344 Y145.487 E.01782
G1 X125.681 Y145.702 E.02243
G1 X125 Y145.774 E.02201
G1 X124.319 Y145.702 E.02201
G1 X123.65 Y145.485 E.02263
G1 X123.401 Y145.475 E.00801
;WIDTH:0.488555
G1 X123.135 Y145.456 E.00939
;WIDTH:0.52711
G1 X122.869 Y145.438 E.0102
;WIDTH:0.565666
G1 X122.603 Y145.419 E.01101
;WIDTH:0.604221
G1 X122.337 Y145.4 E.01182
G1 X97.79 Y145.4 E1.08841
;WIDTH:0.6
G1 X97.424 Y145.423 E.01612
;WIDTH:0.5625
G1 X97.059 Y145.446 E.01503
;WIDTH:0.525
G1 X96.693 Y145.469 E.01395
;WIDTH:0.4875
G1 X96.327 Y145.492 E.01286
;WIDTH:0.449999
G1 X95.681 Y145.702 E.02187
G1 X95 Y145.774 E.02201
G1 X94.319 Y145.702 E.02201
G1 X93.683 Y145.496 E.02152
G1 X93.207 Y145.308 E.01645
G1 X92.779 Y145.03 E.01643
G1 X92.521 Y144.786 E.01142
G1 E-2.8 F3600
;WIPE_START
G1 F2400
G1 X92.227 Y144.355 E-.62534
G1 X92.042 Y143.914 E-.57466
;WIPE_END
G1 Z7.4 F9000
G1 X96.137 Y140.029 Z7.4
G1 Z7
G1 E4 F2400
;TYPE:Top surface
;WIDTH:0.415515
G1 F1800
G1 X97.448 Y141.341 E.05459
G1 X97.684 Y142.104 F9000
G1 F1800
G1 X95.399 Y139.819 E.0951
G1 X94.85 Y139.797 F9000
G1 F1800
G1 X95.566 Y140.513 E.0298
G1 X94.962 Y140.435 F9000
G1 F1800
G1 X94.38 Y139.854 E.02419
G1 X93.983 Y139.983 F9000
G1 F1800
G1 X94.497 Y140.497 E.0214
G1 X94.109 Y140.636 F9000
G1 F1800
G1 X93.634 Y140.162 E.01975
G1 X93.3 Y140.355 F9000
G1 F1800
G1 X93.783 Y140.838 E.02011
G1 X93.501 Y141.083 F9000
G1 F1800
G1 X92.573 Y140.155 E.03863
G1 X92.573 Y140.681 F9000
G1 F1800
G1 X93.267 Y141.375 E.02887
G1 X93.087 Y141.723 F9000
G1 F1800
G1 X92.559 Y141.194 E.02199
G1 X92.443 Y141.606 F9000
G1 F1800
G1 X92.97 Y142.133 E.02194
G1 X92.938 Y142.628 F9000
G1 F1800
G1 X92.328 Y142.017 E.02541
G1 X92.278 Y142.494 F9000
G1 F1800
G1 X93.115 Y143.331 E.03483
G1 E-2.8 F3600
;WIPE_START
G1 F1800
G1 X92.407 Y142.623 E-1.2
;WIPE_END
G1 Z7.4 F9000
G1 X96.987 Y141.934 Z7.4
G1 Z7
G1 E4 F2400
G1 F1800
G1 X97.708 Y142.655 E.02999
G1 X97.638 Y143.112 F9000
G1 F1800
G1 X97.062 Y142.535 E.024
G1 X97.001 Y143.002 F9000
G1 F1800
G1 X97.513 Y143.513 E.02131
G1 X97.351 Y143.878 F9000
G1 F1800
G1 X96.86 Y143.387 E.02042
G1 X96.666 Y143.72 F9000
G1 F1800
G1 X97.146 Y144.2 E.01998
G1 X97.345 Y144.927 F9000
G1 F1800
G1 X96.416 Y143.997 E.03869
G1 X96.12 Y144.228 F9000
G1 F1800
G1 X96.819 Y144.928 E.02912
G1 X96.305 Y144.94 F9000
G1 F1800
G1 X95.778 Y144.414 E.02192
G1 X95.363 Y144.525 F9000
G1 F1800
G1 X95.894 Y145.057 E.02213
G1 X95.483 Y145.172 F9000
G1 F1800
G1 X94.86 Y144.549 E.02593
G1 X94.179 Y144.395 F9000
G1 F1800
G1 X95.006 Y145.222 E.03443
G1 X94.414 Y145.157 F9000
G1 F1800
G1 X92.343 Y143.086 E.08618
G1 X92.622 Y143.892 F9000
G1 F1800
G1 X93.608 Y144.878 E.04101
G1 E-2.8 F3600
;WIPE_START
G1 F1800
G1 X92.901 Y144.17 E-1.2
;WIPE_END
G1 Z7.4 F9000
G1 X127.428 Y140.796 Z7.4
G1 Z7
G1 E4 F2400
;WIDTH:0.408242
G1 F1800
G1 X127.022 Y140.39 E.01658
G1 X126.175 Y140.059 F9000
G1 F1800
G1 X127.477 Y141.361 E.05314
G1 X127.679 Y142.079 F9000
G1 F1800
G1 X125.421 Y139.822 E.09212
G1 X125.603 Y140.521 F9000
G1 F1800
G1 X124.876 Y139.793 E.02968
G1 X124.421 Y139.855 F9000
G1 F1800
G1 X125.002 Y140.436 E.0237
G1 X124.538 Y140.488 F9000
G1 F1800
G1 X124.021 Y139.972 E.02107
G1 X123.664 Y140.131 F9000
G1 F1800
G1 X124.153 Y140.621 E.01996
G1 X123.823 Y140.807 F9000
G1 F1800
G1 X123.36 Y140.344 E.01888
G1 X123.082 Y140.583 F9000
G1 F1800
M73 P99 R0
G1 X123.539 Y141.04 E.01863
G1 X123.304 Y141.321 F9000
G1 F1800
G1 X122.838 Y140.855 E.01902
G1 X122.639 Y141.173 F9000
G1 F1800
G1 X123.126 Y141.66 E.01987
G1 X122.99 Y142.04 F9000
G1 F1800
G1 X122.471 Y141.521 E.02119
G1 X122.344 Y141.911 F9000
G1 F1800
G1 X122.938 Y142.505 E.02425
G1 X123.021 Y143.105 F9000
G1 F1800
G1 X122.29 Y142.374 E.02981
G1 E-2.8 F3600
;WIPE_START
G1 F1800
G1 X122.998 Y143.081 E-1.2
;WIPE_END
G1 Z7.4 F9000
G1 X126.979 Y141.897 Z7.4
G1 Z7
G1 E4 F2400
G1 F1800
G1 X127.709 Y142.627 E.0298
G1 X127.656 Y143.09 F9000
G1 F1800
G1 X127.062 Y142.495 E.02424
G1 X127.01 Y142.96 F9000
G1 F1800
G1 X127.529 Y143.48 E.02119
G1 X127.391 Y143.858 F9000
G1 F1800
G1 X126.874 Y143.341 E.02112
G1 X126.696 Y143.68 F9000
G1 F1800
G1 X127.215 Y144.199 E.0212
G1 X127.002 Y144.502 F9000
G1 F1800
G1 X126.459 Y143.96 E.02214
G1 X126.179 Y144.196 F9000
G1 F1800
G1 X126.708 Y144.725 E.02158
G1 X126.358 Y144.891 F9000
G1 F1800
G1 X125.848 Y144.382 E.02079
G1 X125.46 Y144.51 F9000
G1 F1800
G1 X125.979 Y145.029 E.02119
G1 X125.589 Y145.156 F9000
G1 F1800
G1 X124.986 Y144.553 E.0246
G1 X124.383 Y144.467 F9000
G1 F1800
G1 X125.126 Y145.21 E.03031
G1 X124.578 Y145.178 F9000
G1 F1800
G1 X122.322 Y142.922 E.09209
G1 X122.543 Y143.66 F9000
G1 F1800
G1 X123.859 Y144.976 E.05372
G1 X123.294 Y144.928 F9000
G1 F1800
G1 X122.889 Y144.523 E.01652
G1 E-2.85513 F3600
;WIPE_START
G1 F1800
G1 X123.294 Y144.928 E-1.14487
;WIPE_END
G1 Z7.4 F9000
G1 X127.35 Y76.079 Z7.4
G1 Z7
G1 E4 F2400
;WIDTH:0.415581
G1 F1800
G1 X126.394 Y75.123 E.03978
G1 X125.588 Y74.844 F9000
G1 F1800
G1 X127.64 Y76.896 E.08545
G1 X126.896 Y76.679 F9000
G1 F1800
G1 X127.706 Y77.489 E.03374
G1 X127.667 Y77.977 F9000
G1 F1800
G1 X127.061 Y77.37 E.02525
G1 X127.029 Y77.866 F9000
G1 F1800
G1 X127.568 Y78.405 E.02246
G1 X127.439 Y78.803 F9000
G1 F1800
G1 X126.914 Y78.278 E.02186
G1 X126.729 Y78.62 F9000
G1 F1800
G1 X127.428 Y79.319 E.02909
G1 X127.427 Y79.845 F9000
G1 F1800
G1 X126.497 Y78.915 E.03869
G1 X126.222 Y79.167 F9000
G1 F1800
G1 X126.703 Y79.648 E.02001
G1 X126.366 Y79.838 F9000
G1 F1800
G1 X125.882 Y79.354 E.02016
G1 X125.502 Y79.501 F9000
G1 F1800
G1 X126.017 Y80.017 E.02147
G1 X125.62 Y80.146 F9000
G1 F1800
G1 X125.035 Y79.562 E.02432
G1 X124.434 Y79.487 F9000
G1 F1800
G1 X125.153 Y80.207 E.02994
G1 E-2.8 F3600
;WIPE_START
G1 F1800
G1 X124.446 Y79.5 E-1.2
;WIPE_END
G1 Z7.4 F9000
G1 X125.832 Y75.615 Z7.4
G1 Z7
G1 E4 F2400
G1 F1800
G1 X125 Y74.782 E.03467
G1 X124.519 Y74.829 F9000
G1 F1800
G1 X125.127 Y75.437 E.02534
G1 X124.632 Y75.469 F9000
G1 F1800
G1 X124.106 Y74.943 E.02191
G1 X123.696 Y75.06 F9000
G1 F1800
G1 X124.219 Y75.583 E.02178
G1 X123.874 Y75.766 F9000
G1 F1800
G1 X123.181 Y75.072 E.02885
G1 X122.655 Y75.073 F9000
G1 F1800
G1 X123.586 Y76.004 E.03873
G1 X123.334 Y76.279 F9000
G1 F1800
G1 X122.854 Y75.799 E.02001
G1 X122.65 Y76.122 F9000
G1 F1800
G1 X123.14 Y76.612 E.02042
G1 X122.999 Y76.998 F9000
G1 F1800
G1 X122.487 Y76.486 E.02131
G1 X122.362 Y76.888 F9000
G1 F1800
G1 X122.938 Y77.464 E.02398
G1 X123.013 Y78.066 F9000
G1 F1800
G1 X122.292 Y77.345 E.03
G1 X122.316 Y77.896 F9000
G1 F1800
G1 X124.601 Y80.181 E.09512
G1 X123.863 Y79.97 F9000
G1 F1800
G1 X122.553 Y78.66 E.05454
G1 E-2.8 F3600
;WIPE_START
G1 F1800
G1 X123.26 Y79.367 E-1.2
;WIPE_END
G1 Z7.4 F9000
G1 X97.108 Y75.481 Z7.4
G1 Z7
G1 E4 F2400
;WIDTH:0.41125
G1 F1800
G1 X96.698 Y75.072 E.01685
G1 X96.117 Y75.011 F9000
G1 F1800
G1 X97.472 Y76.367 E.05578
G1 X97.68 Y77.095 F9000
G1 F1800
G1 X95.402 Y74.817 E.09375
G1 X95.582 Y75.518 F9000
G1 F1800
G1 X94.859 Y74.795 E.02974
G1 X94.401 Y74.858 F9000
G1 F1800
G1 X94.978 Y75.435 E.02374
G1 X94.524 Y75.502 F9000
G1 F1800
G1 X93.998 Y74.976 E.02164
G1 X93.63 Y75.129 F9000
G1 F1800
G1 X94.126 Y75.625 E.02042
G1 X93.798 Y75.818 F9000
G1 F1800
G1 X93.265 Y75.285 E.02192
G1 X92.979 Y75.519 F9000
G1 F1800
G1 X93.522 Y76.062 E.02234
G1 X93.285 Y76.346 F9000
G1 F1800
G1 X92.759 Y75.82 E.02165
G1 X92.595 Y76.177 F9000
G1 F1800
G1 X93.103 Y76.686 E.02092
G1 X92.981 Y77.084 F9000
G1 F1800
G1 X92.458 Y76.561 E.02152
G1 X92.334 Y76.958 F9000
G1 F1800
G1 X92.938 Y77.563 E.02486
G1 X93.053 Y78.199 F9000
G1 F1800
G1 X92.285 Y77.43 E.03164
G1 E-2.8 F3600
;WIPE_START
G1 F1800
G1 X92.992 Y78.137 E-1.2
;WIPE_END
G1 Z7.4 F9000
G1 X96.984 Y76.921 Z7.4
G1 Z7
G1 E4 F2400
G1 F1800
G1 X97.708 Y77.644 E.02976
G1 X97.65 Y78.107 F9000
G1 F1800
G1 X97.062 Y77.519 E.02421
G1 X97.005 Y77.983 F9000
G1 F1800
G1 X97.522 Y78.5 E.02128
G1 X97.349 Y78.848 F9000
G1 F1800
G1 X96.87 Y78.369 E.01971
G1 X96.678 Y78.698 F9000
G1 F1800
G1 X97.144 Y79.164 E.01919
G1 X96.898 Y79.439 F9000
G1 F1800
G1 X96.438 Y78.979 E.01891
G1 X96.151 Y79.212 F9000
G1 F1800
G1 X96.613 Y79.675 E.01903
G1 X96.302 Y79.884 F9000
G1 F1800
G1 X95.811 Y79.394 E.0202
G1 X95.418 Y79.521 F9000
G1 F1800
G1 X95.942 Y80.045 E.02154
G1 X95.531 Y80.155 F9000
G1 F1800
G1 X94.938 Y79.562 E.02442
G1 X94.299 Y79.444 F9000
G1 F1800
G1 X95.063 Y80.208 E.03143
G1 X94.494 Y80.16 F9000
G1 F1800
G1 X92.329 Y77.995 E.08908
G1 X92.55 Y78.737 F9000
G1 F1800
G1 X93.697 Y79.884 E.04721
G1 X92.947 Y79.655 F9000
G1 F1800
G1 X92.573 Y79.281 E.0154
; stop printing object Remote75T.stl id:0 copy 0
G1 E-2.94162 F3600
;WIPE_START
G1 F1800
G1 X92.947 Y79.655 E-1.05838
;WIPE_END
M106 S0
;TYPE:Custom
; filament end gcode 
G1 Z9 F600 ; Move print head up
G1 X5 Y176 F9000 ; present print
G1 Z77 F600 ; Move print head further up
G1 Z150 F600 ; Move print head further up
M140 S0 ; turn off heatbed
M104 S0 ; turn off temperature
M107 ; turn off fan
M84 X Y E ; disable motors
M73 P100 R0
; EXECUTABLE_BLOCK_END

; filament used [mm] = 2503.29
; filament used [cm3] = 6.02
; filament used [g] = 7.65
; filament cost = 0.23
; total filament used [g] = 7.65
; total filament cost = 0.23
; total layers count = 35
; estimated printing time (normal mode) = 45m 0s
; estimated first layer printing time (normal mode) = 38s

; CONFIG_BLOCK_START
; accel_to_decel_enable = 1
; accel_to_decel_factor = 50%
; activate_air_filtration = 0
; activate_chamber_temp_control = 0
; adaptive_bed_mesh_margin = 0
; adaptive_pressure_advance = 0
; adaptive_pressure_advance_bridges = 0
; adaptive_pressure_advance_model = "0,0,0\n0,0,0"
; adaptive_pressure_advance_overhangs = 0
; additional_cooling_fan_speed = 0
; align_infill_direction_to_model = 0
; alternate_extra_wall = 0
; auxiliary_fan = 0
; bbl_calib_mark_logo = 1
; bbl_use_printhost = 0
; bed_custom_model = 
; bed_custom_texture = 
; bed_exclude_area = 0x0
; bed_mesh_max = 99999,99999
; bed_mesh_min = -99999,-99999
; bed_mesh_probe_distance = 50,50
; bed_temperature_formula = by_highest_temp
; before_layer_change_gcode = ;BEFORE_LAYER_CHANGE\n;[layer_z]\nG92 E0\n
; best_object_pos = 0.5,0.5
; bottom_shell_layers = 5
; bottom_shell_thickness = 0
; bottom_solid_infill_flow_ratio = 1
; bottom_surface_density = 100%
; bottom_surface_pattern = monotonic
; bridge_acceleration = 50%
; bridge_angle = 0
; bridge_density = 100%
; bridge_flow = 0.95
; bridge_no_support = 0
; bridge_speed = 25
; brim_ears_detection_length = 1
; brim_ears_max_angle = 125
; brim_object_gap = 0
; brim_type = auto_brim
; brim_use_efc_outline = 0
; brim_width = 0
; calib_flowrate_topinfill_special_order = 0
; chamber_temperature = 0
; change_extrusion_role_gcode = 
; change_filament_gcode = M600
; close_fan_the_first_x_layers = 3
; complete_print_exhaust_fan_speed = 80
; cool_plate_temp = 60
; cool_plate_temp_initial_layer = 60
; cooling_tube_length = 5
; cooling_tube_retraction = 91.5
; counterbore_hole_bridging = none
; curr_bed_type = High Temp Plate
; default_acceleration = 0
; default_bed_type = 
; default_filament_colour = ""
; default_filament_profile = "Creality Generic PLA"
; default_jerk = 0
; default_junction_deviation = 0
; default_nozzle_volume_type = Standard
; default_print_profile = 0.20mm Standard @Creality Ender3
; deretraction_speed = 40
; detect_narrow_internal_solid_infill = 1
; detect_overhang_wall = 1
; detect_thin_wall = 1
; disable_m73 = 0
; dont_filter_internal_bridges = disabled
; dont_slow_down_outer_wall = 0
; draft_shield = disabled
; during_print_exhaust_fan_speed = 60
; elefant_foot_compensation = 0.1
; elefant_foot_compensation_layers = 1
; emit_machine_limits_to_gcode = 1
; enable_arc_fitting = 0
; enable_extra_bridge_layer = disabled
; enable_filament_ramming = 1
; enable_long_retraction_when_cut = 0
; enable_overhang_bridge_fan = 1
; enable_overhang_speed = 1
; enable_power_loss_recovery = printer_configuration
; enable_pressure_advance = 0
; enable_prime_tower = 0
; enable_support = 0
; enable_tower_interface_cooldown_during_tower = 0
; enable_tower_interface_features = 0
; enable_wrapping_detection = 0
; enforce_support_layers = 0
; eng_plate_temp = 0
; eng_plate_temp_initial_layer = 0
; ensure_vertical_shell_thickness = ensure_all
; exclude_object = 0
; extra_loading_move = -2
; extra_perimeters_on_overhangs = 0
; extra_solid_infills = 
; extruder_ams_count = 1#0|4#0;1#0|4#0
; extruder_clearance_height_to_lid = 25
; extruder_clearance_height_to_rod = 25
; extruder_clearance_radius = 47
; extruder_colour = #26A69A
; extruder_offset = 0x0
; extruder_printable_area = 
; extruder_printable_height = 0
; extruder_type = Direct Drive
; extruder_variant_list = "Direct Drive Standard"
; extrusion_rate_smoothing_external_perimeter_only = 0
; fan_cooling_layer_time = 30
; fan_kickstart = 0
; fan_max_speed = 90
; fan_min_speed = 40
; fan_speedup_overhangs = 1
; fan_speedup_time = 0
; filament_adaptive_volumetric_speed = 0
; filament_adhesiveness_category = 0
; filament_change_length = 10
; filament_colour = #26A69A
; filament_colour_type = 1
; filament_cooling_final_speed = 3.4
; filament_cooling_initial_speed = 2.2
; filament_cooling_moves = 4
; filament_cost = 30
; filament_density = 1.27
; filament_diameter = 1.75
; filament_end_gcode = "; filament end gcode \n"
; filament_extruder_variant = "Direct Drive Standard"
; filament_flow_ratio = 0.95
; filament_flush_temp = 0
; filament_flush_volumetric_speed = 0
; filament_ids = GFG99
; filament_is_support = 0
; filament_loading_speed = 28
; filament_loading_speed_start = 3
; filament_map = 1
; filament_map_mode = Auto For Flush
; filament_max_volumetric_speed = 10
; filament_minimal_purge_on_wipe_tower = 15
; filament_multi_colour = #26A69A
; filament_multitool_ramming = 0
; filament_multitool_ramming_flow = 10
; filament_multitool_ramming_volume = 10
; filament_notes = ""
; filament_printable = 3
; filament_ramming_parameters = "120 100 6.6 6.8 7.2 7.6 7.9 8.2 8.7 9.4 9.9 10.0| 0.05 6.6 0.45 6.8 0.95 7.8 1.45 8.3 1.95 9.7 2.45 10 2.95 7.6 3.45 7.6 3.95 7.6 4.45 7.6 4.95 7.6"
; filament_self_index = 1
; filament_settings_id = "Creality Generic PETG"
; filament_shrink = 100%
; filament_shrinkage_compensation_z = 100%
; filament_soluble = 0
; filament_stamping_distance = 0
; filament_stamping_loading_speed = 0
; filament_start_gcode = "; filament start gcode\n"
; filament_toolchange_delay = 0
; filament_tower_interface_pre_extrusion_dist = 10
; filament_tower_interface_pre_extrusion_length = 0
; filament_tower_interface_print_temp = -1
; filament_tower_interface_purge_volume = 20
; filament_tower_ironing_area = 4
; filament_type = PETG
; filament_unloading_speed = 90
; filament_unloading_speed_start = 100
; filament_vendor = Generic
; file_start_gcode = 
; filename_format = {input_filename_base}_{filament_type[initial_tool]}_{print_time}.gcode
; fill_multiline = 1
; filter_out_gap_fill = 0
; first_layer_flow_ratio = 1
; first_layer_print_sequence = 0
; flush_into_infill = 0
; flush_into_objects = 0
; flush_into_support = 1
; flush_multiplier = 0.3
; flush_volumes_matrix = 0
; flush_volumes_vector = 140,140
; full_fan_speed_layer = 0
; fuzzy_skin = disabled_fuzzy
; fuzzy_skin_first_layer = 0
; fuzzy_skin_mode = displacement
; fuzzy_skin_noise_type = classic
; fuzzy_skin_octaves = 4
; fuzzy_skin_persistence = 0.5
; fuzzy_skin_point_distance = 0.3
; fuzzy_skin_scale = 1
; fuzzy_skin_thickness = 0.2
; gap_fill_flow_ratio = 1
; gap_fill_target = nowhere
; gap_infill_speed = 30
; gcode_add_line_number = 0
; gcode_comments = 0
; gcode_flavor = marlin
; gcode_label_objects = 1
; grab_length = 0
; has_scarf_joint_seam = 0
; head_wrap_detect_zone = 
; high_current_on_filament_swap = 0
; hole_to_polyhole = 0
; hole_to_polyhole_threshold = 0.01
; hole_to_polyhole_twisted = 1
; host_type = octoprint
; hot_plate_temp = 80
; hot_plate_temp_initial_layer = 80
; idle_temperature = 0
; independent_support_layer_height = 1
; infill_anchor = 400%
; infill_anchor_max = 20
; infill_combination = 0
; infill_combination_max_layer_height = 100%
; infill_direction = 45
; infill_jerk = 9
; infill_lock_depth = 1
; infill_overhang_angle = 60
; infill_shift_step = 0.4
; infill_wall_overlap = 25%
; initial_layer_acceleration = 0
; initial_layer_infill_speed = 35
; initial_layer_jerk = 9
; initial_layer_line_width = 0.42
; initial_layer_min_bead_width = 85%
; initial_layer_print_height = 0.2
; initial_layer_speed = 15
; initial_layer_travel_speed = 100%
; inner_wall_acceleration = 0
; inner_wall_flow_ratio = 1
; inner_wall_jerk = 9
; inner_wall_line_width = 0.45
; inner_wall_speed = 40
; interface_shells = 0
; interlocking_beam = 0
; interlocking_beam_layer_count = 2
; interlocking_beam_width = 0.8
; interlocking_boundary_avoidance = 2
; interlocking_depth = 2
; interlocking_orientation = 22.5
; internal_bridge_angle = 0
; internal_bridge_density = 100%
; internal_bridge_fan_speed = -1
; internal_bridge_flow = 1
; internal_bridge_speed = 150%
; internal_solid_infill_acceleration = 100%
; internal_solid_infill_flow_ratio = 1
; internal_solid_infill_line_width = 0
; internal_solid_infill_pattern = monotonic
; internal_solid_infill_speed = 50
; ironing_angle = 0
; ironing_angle_fixed = 0
; ironing_fan_speed = -1
; ironing_flow = 15%
; ironing_inset = 0
; ironing_pattern = rectilinear
; ironing_spacing = 0.1
; ironing_speed = 15
; ironing_type = no ironing
; is_infill_first = 0
; lateral_lattice_angle_1 = -45
; lateral_lattice_angle_2 = 45
; layer_change_gcode = 
; layer_height = 0.2
; line_width = 0.45
; long_retractions_when_cut = 0
; long_retractions_when_ec = 0
; machine_end_gcode = {if max_layer_z < printable_height}G1 Z{z_offset+min(max_layer_z+2, printable_height)} F600 ; Move print head up{endif}\nG1 X5 Y{print_bed_max[1]*0.8} F{travel_speed*60} ; present print\n{if max_layer_z < printable_height-10}G1 Z{z_offset+min(max_layer_z+70, printable_height-10)} F600 ; Move print head further up{endif}\n{if max_layer_z < max_print_height*0.6}G1 Z{printable_height*0.6} F600 ; Move print head further up{endif}\nM140 S0 ; turn off heatbed\nM104 S0 ; turn off temperature\nM107 ; turn off fan\nM84 X Y E ; disable motors
; machine_load_filament_time = 0
; machine_max_acceleration_e = 5000,5000
; machine_max_acceleration_extruding = 500,500
; machine_max_acceleration_retracting = 1000,1000
; machine_max_acceleration_travel = 1500,1250
; machine_max_acceleration_x = 500,500
; machine_max_acceleration_y = 500,500
; machine_max_acceleration_z = 100,100
; machine_max_jerk_e = 5,5
; machine_max_jerk_x = 8,8
; machine_max_jerk_y = 8,8
; machine_max_jerk_z = 0.4,0.4
; machine_max_junction_deviation = 0.01
; machine_max_speed_e = 60,60
; machine_max_speed_x = 500,500
; machine_max_speed_y = 500,500
; machine_max_speed_z = 10,10
; machine_min_extruding_rate = 0,0
; machine_min_travel_rate = 0,0
; machine_pause_gcode = M25
; machine_start_gcode = G90 ; use absolute coordinates\nM83 ; extruder relative mode\nM140 S[bed_temperature_initial_layer_single] ; set final bed temp\nM104 S150 ; set temporary nozzle temp to prevent oozing during homing\nG4 S10 ; allow partial nozzle warmup\nG28 ; home all axis\nG1 Z50 F240\nG1 X2 Y10 F3000\nM104 S[nozzle_temperature_initial_layer] ; set final nozzle temp\nM190 S[bed_temperature_initial_layer_single] ; wait for bed temp to stabilize\nM109 S[nozzle_temperature_initial_layer] ; wait for nozzle temp to stabilize\nG1 Z0.28 F240\nG92 E0\nG1 Y140 E10 F1500 ; prime the nozzle\nG1 X2.3 F5000\nG92 E0\nG1 Y10 E10 F1200 ; prime the nozzle\nG92 E0
; machine_tool_change_time = 0
; machine_unload_filament_time = 0
; make_overhang_printable = 0
; make_overhang_printable_angle = 55
; make_overhang_printable_hole_size = 0
; manual_filament_change = 0
; master_extruder_id = 1
; max_bridge_length = 10
; max_layer_height = 0.36
; max_resonance_avoidance_speed = 120
; max_travel_detour_distance = 0
; max_volumetric_extrusion_rate_slope = 0
; max_volumetric_extrusion_rate_slope_segment_length = 3
; min_bead_width = 85%
; min_feature_size = 25%
; min_layer_height = 0.08
; min_length_factor = 0.5
; min_resonance_avoidance_speed = 70
; min_skirt_length = 0
; min_width_top_surface = 300%
; minimum_sparse_infill_area = 10
; mmu_segmented_region_interlocking_depth = 0
; mmu_segmented_region_max_width = 0
; notes = 
; nozzle_diameter = 0.4
; nozzle_flush_dataset = 0
; nozzle_height = 2.5
; nozzle_hrc = 0
; nozzle_temperature = 255
; nozzle_temperature_initial_layer = 255
; nozzle_temperature_range_high = 270
; nozzle_temperature_range_low = 220
; nozzle_type = undefine
; nozzle_volume = 0
; nozzle_volume_type = Standard
; only_one_wall_first_layer = 0
; only_one_wall_top = 0
; ooze_prevention = 0
; other_layers_print_sequence = 0
; other_layers_print_sequence_nums = 0
; outer_wall_acceleration = 500
; outer_wall_flow_ratio = 1
; outer_wall_jerk = 9
; outer_wall_line_width = 0.45
; outer_wall_speed = 40
; overhang_1_4_speed = 0
; overhang_2_4_speed = 20
; overhang_3_4_speed = 15
; overhang_4_4_speed = 10
; overhang_fan_speed = 90
; overhang_fan_threshold = 25%
; overhang_flow_ratio = 1
; overhang_reverse = 0
; overhang_reverse_internal_only = 0
; overhang_reverse_threshold = 50%
; parking_pos_retraction = 92
; pellet_flow_coefficient = 0.4157
; pellet_modded_printer = 0
; physical_extruder_map = 0
; post_process = 
; precise_outer_wall = 1
; precise_z_height = 0
; preferred_orientation = 0
; preheat_steps = 1
; preheat_time = 30
; pressure_advance = 0.02
; prime_tower_brim_width = 3
; prime_tower_enable_framework = 0
; prime_tower_flat_ironing = 0
; prime_tower_infill_gap = 150%
; prime_tower_skip_points = 1
; prime_tower_width = 60
; prime_volume = 45
; print_compatible_printers = "Creality Ender-3 0.4 nozzle"
; print_extruder_id = 1
; print_extruder_variant = "Direct Drive Standard"
; print_flow_ratio = 1
; print_order = default
; print_sequence = by layer
; print_settings_id = 0.20mm Standard @Creality Ender3
; printable_area = 0x0,220x0,220x220,0x220
; printable_height = 250
; printer_agent = 
; printer_extruder_id = 1
; printer_extruder_variant = "Direct Drive Standard"
; printer_model = Creality Ender-3
; printer_notes = 
; printer_settings_id = Creality Ender-3 0.4 nozzle
; printer_structure = i3
; printer_technology = FFF
; printer_variant = 0.4
; printhost_authorization_type = key
; printhost_ssl_ignore_revoke = 0
; printing_by_object_gcode = 
; purge_in_prime_tower = 1
; raft_contact_distance = 0.1
; raft_expansion = 1.5
; raft_first_layer_density = 90%
; raft_first_layer_expansion = 2
; raft_layers = 0
; reduce_crossing_wall = 0
; reduce_fan_stop_start_freq = 1
; reduce_infill_retraction = 1
; required_nozzle_HRC = 0
; resolution = 0.012
; resonance_avoidance = 0
; retract_before_wipe = 70%
; retract_length_toolchange = 1
; retract_lift_above = 0
; retract_lift_below = 0
; retract_lift_enforce = All Surfaces
; retract_restart_extra = 0
; retract_restart_extra_toolchange = 0
; retract_when_changing_layer = 1
; retraction_distances_when_cut = 18
; retraction_distances_when_ec = 10
; retraction_length = 4
; retraction_minimum_travel = 2
; retraction_speed = 60
; role_based_wipe_speed = 1
; scan_first_layer = 0
; scarf_angle_threshold = 155
; scarf_joint_flow_ratio = 1
; scarf_joint_speed = 100%
; scarf_overhang_threshold = 40%
; seam_gap = 10%
; seam_position = aligned
; seam_slope_conditional = 0
; seam_slope_entire_loop = 0
; seam_slope_inner_walls = 0
; seam_slope_min_length = 20
; seam_slope_start_height = 0
; seam_slope_steps = 10
; seam_slope_type = none
; set_other_flow_ratios = 0
; silent_mode = 0
; single_extruder_multi_material = 1
; single_extruder_multi_material_priming = 0
; single_loop_draft_shield = 0
; skeleton_infill_density = 25%
; skeleton_infill_line_width = 100%
; skin_infill_density = 25%
; skin_infill_depth = 2
; skin_infill_line_width = 100%
; skirt_distance = 2
; skirt_height = 2
; skirt_loops = 2
; skirt_speed = 50
; skirt_start_angle = -135
; skirt_type = combined
; slice_closing_radius = 0.049
; slicing_mode = regular
; slow_down_for_layer_cooling = 1
; slow_down_layer_time = 8
; slow_down_layers = 0
; slow_down_min_speed = 10
; slowdown_for_curled_perimeters = 1
; small_area_infill_flow_compensation = 0
; small_area_infill_flow_compensation_model = 0,0;"\n0.2,0.4444";"\n0.4,0.6145";"\n0.6,0.7059";"\n0.8,0.7619";"\n1.5,0.8571";"\n2,0.8889";"\n3,0.9231";"\n5,0.9520";"\n10,1"
; small_perimeter_speed = 50%
; small_perimeter_threshold = 0
; solid_infill_direction = 45
; solid_infill_filament = 1
; solid_infill_rotate_template = 
; sparse_infill_acceleration = 100%
; sparse_infill_density = 15%
; sparse_infill_filament = 1
; sparse_infill_flow_ratio = 1
; sparse_infill_line_width = 0.45
; sparse_infill_pattern = crosshatch
; sparse_infill_rotate_template = 
; sparse_infill_speed = 60
; spiral_finishing_flow_ratio = 0
; spiral_mode = 0
; spiral_mode_max_xy_smoothing = 200%
; spiral_mode_smooth = 0
; spiral_starting_flow_ratio = 0
; staggered_inner_seams = 0
; standby_temperature_delta = -5
; start_end_points = 30x-3,54x245
; supertack_plate_temp = 35
; supertack_plate_temp_initial_layer = 35
; support_air_filtration = 0
; support_angle = 0
; support_base_pattern = rectilinear
; support_base_pattern_spacing = 0.2
; support_bottom_interface_spacing = 0.5
; support_bottom_z_distance = 0.2
; support_chamber_temp_control = 0
; support_critical_regions_only = 0
; support_expansion = 0
; support_filament = 0
; support_flow_ratio = 1
; support_interface_bottom_layers = -1
; support_interface_filament = 0
; support_interface_flow_ratio = 1
; support_interface_loop_pattern = 0
; support_interface_not_for_body = 1
; support_interface_pattern = auto
; support_interface_spacing = 0.2
; support_interface_speed = 80
; support_interface_top_layers = 3
; support_ironing = 0
; support_ironing_flow = 10%
; support_ironing_pattern = rectilinear
; support_ironing_spacing = 0.1
; support_line_width = 0.38
; support_material_interface_fan_speed = -1
; support_multi_bed_types = 0
; support_object_first_layer_gap = 0.2
; support_object_skip_flush = 0
; support_object_xy_distance = 0.35
; support_on_build_plate_only = 0
; support_remove_small_overhang = 1
; support_speed = 40
; support_style = grid
; support_threshold_angle = 30
; support_threshold_overlap = 50%
; support_top_z_distance = 0.15
; support_type = normal(auto)
; symmetric_infill_y_axis = 0
; temperature_vitrification = 80
; template_custom_gcode = 
; textured_cool_plate_temp = 40
; textured_cool_plate_temp_initial_layer = 40
; textured_plate_temp = 80
; textured_plate_temp_initial_layer = 80
; thick_bridges = 0
; thick_internal_bridges = 1
; thumbnails = 
; thumbnails_format = PNG
; time_cost = 0
; time_lapse_gcode = 
; timelapse_type = 0
; top_bottom_infill_wall_overlap = 25%
; top_shell_layers = 7
; top_shell_thickness = 0.8
; top_solid_infill_flow_ratio = 1
; top_surface_acceleration = 0
; top_surface_density = 100%
; top_surface_jerk = 9
; top_surface_line_width = 0.4
; top_surface_pattern = monotonicline
; top_surface_speed = 30
; travel_acceleration = 0
; travel_jerk = 12
; travel_slope = 3
; travel_speed = 150
; travel_speed_z = 0
; tree_support_angle_slow = 25
; tree_support_auto_brim = 1
; tree_support_branch_angle = 40
; tree_support_branch_angle_organic = 40
; tree_support_branch_diameter = 5
; tree_support_branch_diameter_angle = 5
; tree_support_branch_diameter_organic = 2
; tree_support_branch_distance = 5
; tree_support_branch_distance_organic = 1
; tree_support_brim_width = 3
; tree_support_tip_diameter = 0.8
; tree_support_top_rate = 30%
; tree_support_wall_count = 0
; upward_compatible_machine = 
; use_firmware_retraction = 0
; use_relative_e_distances = 1
; volumetric_speed_coefficients = ""
; wall_direction = auto
; wall_distribution_count = 1
; wall_filament = 1
; wall_generator = arachne
; wall_loops = 2
; wall_sequence = inner wall/outer wall
; wall_transition_angle = 10
; wall_transition_filter_deviation = 25%
; wall_transition_length = 100%
; wipe = 1
; wipe_before_external_loop = 0
; wipe_distance = 1
; wipe_on_loops = 0
; wipe_speed = 80%
; wipe_tower_bridging = 10
; wipe_tower_cone_angle = 30
; wipe_tower_extra_flow = 100%
; wipe_tower_extra_rib_length = 0
; wipe_tower_extra_spacing = 100%
; wipe_tower_filament = 0
; wipe_tower_fillet_wall = 1
; wipe_tower_max_purge_speed = 90
; wipe_tower_no_sparse_layers = 0
; wipe_tower_rib_width = 8
; wipe_tower_rotation_angle = 0
; wipe_tower_type = type2
; wipe_tower_wall_type = rectangle
; wipe_tower_x = 4.000
; wipe_tower_x = 4
; wipe_tower_y = 210.375
; wipe_tower_y = 210.375
; wiping_volumes_extruders = 70,70,70,70,70,70,70,70,70,70
; wrapping_detection_gcode = 
; wrapping_detection_layers = 20
; wrapping_exclude_area = 
; xy_contour_compensation = 0
; xy_hole_compensation = 0
; z_hop = 0.4
; z_hop_types = Normal Lift
; z_offset = 0
; first_layer_bed_temperature = 80
; bed_shape = 0x0,220x0,220x220,0x220
; first_layer_temperature = 255
; first_layer_height = 0.200
; CONFIG_BLOCK_END


