solid OpenSCAD_Model
  facet normal -0.5100482193168203 -0.3312291865212136 -0.7938123455630027
    outer loop
      vertex 6 25 -19
      vertex -15.135254915624209 31.183221215612903 -8
      vertex -15.99038105676658 32.5 -8
    endloop
  endfacet
  facet normal -0.5007641730641266 -0.2551520903712041 -0.8271231188611562
    outer loop
      vertex 6 25 -19
      vertex -15.99038105676658 32.5 -8
      vertex -16.703181864639014 33.898950353863 -8
    endloop
  endfacet
  facet normal -0.48669449143504356 -0.18682451131176603 -0.8533610455017877
    outer loop
      vertex 6 25 -19
      vertex -16.703181864639014 33.898950353863 -8
      vertex -17.265847744427305 35.36474508437579 -8
    endloop
  endfacet
  facet normal -0.4692672761394845 -0.12573978767592692 -0.8740581956253495
    outer loop
      vertex 6 25 -19
      vertex -17.265847744427305 35.36474508437579 -8
      vertex -17.672214011007085 36.88132463773361 -8
    endloop
  endfacet
  facet normal -0.334783295764748 -0.8721403028388955 -0.35677925534001137
    outer loop
      vertex 6 25 -19
      vertex -7.635254915624209 25.734152255572695 -8
      vertex -9.101049646137003 26.296818135360986 -8
    endloop
  endfacet
  facet normal -0.4537791670151844 -0.6987586405956456 -0.5530106958964996
    outer loop
      vertex 6 25 -19
      vertex -10.5 27.00961894323342 -8
      vertex -11.816778784387097 27.86474508437579 -8
    endloop
  endfacet
  facet normal -0.40308368402798506 -0.7910962728710429 -0.46009806641625006
    outer loop
      vertex 6 25 -19
      vertex -9.101049646137003 26.296818135360986 -8
      vertex -10.5 27.00961894323342 -8
    endloop
  endfacet
  facet normal -0.48736799559405214 -0.6018493519452819 -0.632652981051761
    outer loop
      vertex 6 25 -19
      vertex -11.816778784387097 27.86474508437579 -8
      vertex -13.03695909538287 28.852827617839086 -8
    endloop
  endfacet
  facet normal -0.5060171016664754 -0.506017101666479 -0.6984936546899451
    outer loop
      vertex 6 25 -19
      vertex -13.03695909538287 28.852827617839086 -8
      vertex -14.147172382160917 29.963040904617127 -8
    endloop
  endfacet
  facet normal -0.5126191727375639 -0.4151108211925102 -0.7516013503651625
    outer loop
      vertex 6 25 -19
      vertex -14.147172382160917 29.963040904617127 -8
      vertex -15.135254915624209 31.183221215612903 -8
    endloop
  endfacet
  facet normal -0.25071186873221885 -0.935669432169178 -0.24832694694899032
    outer loop
      vertex 6 25 -19
      vertex -6.118675362266391 25.327785988992915 -8
      vertex -7.635254915624209 25.734152255572695 -8
    endloop
  endfacet
  facet normal -0.1548610375952328 -0.9777541106810403 -0.14147423115626223
    outer loop
      vertex 6 25 -19
      vertex -4.567926949014801 25.082171569475896 -8
      vertex -6.118675362266391 25.327785988992915 -8
    endloop
  endfacet
  facet normal -0.05228804103140239 -0.9977152580537718 -0.04278112448023832
    outer loop
      vertex 6 25 -19
      vertex -3 25 -8
      vertex -4.567926949014801 25.082171569475896 -8
    endloop
  endfacet
  facet normal -0.41665471049321334 -6.418974902864181e-16 -0.9090648228942844
    outer loop
      vertex 6 25 -19
      vertex -1.9184405196876853 36.67130219296696 -15.370714761809811
      vertex -1.5764217492347008 36.8025908982509 -15.527473364934096
    endloop
  endfacet
  facet normal -0.41665471049321345 0 -0.9090648228942844
    outer loop
      vertex 6 25 -19
      vertex -1.5764217492347008 36.8025908982509 -15.527473364934096
      vertex -1.25 36.96891108675447 -15.677083333333334
    endloop
  endfacet
  facet normal -0.4166547104932152 -6.376236273046673e-16 -0.9090648228942835
    outer loop
      vertex 6 25 -19
      vertex -0.942751616976345 37.168440519687685 -15.817905508885842
      vertex -0.6580428777439948 37.39899311082912 -15.948397014367336
    endloop
  endfacet
  facet normal -0.4166547104932119 1.2605918568131038e-15 -0.909064822894285
    outer loop
      vertex 6 25 -19
      vertex -1.25 36.96891108675447 -15.677083333333334
      vertex -0.942751616976345 37.168440519687685 -15.817905508885842
    endloop
  endfacet
  facet normal -0.4166547104932164 -3.048316597053438e-15 -0.909064822894283
    outer loop
      vertex 6 25 -19
      vertex -4.75 36.96891108675447 -14.072916666666666
      vertex -4.423578250765299 36.8025908982509 -14.222526635065904
    endloop
  endfacet
  facet normal -0.41665471049322594 -8.140150800650268e-15 -0.9090648228942786
    outer loop
      vertex 6 25 -19
      vertex -4.9090909090909065 37.072225931126795 -14
      vertex -4.75 36.96891108675447 -14.072916666666666
    endloop
  endfacet
  facet normal -0.4166547104932173 -3.557511281703012e-15 -0.9090648228942826
    outer loop
      vertex 6 25 -19
      vertex -3.7276909178621587 36.57648339743168 -14.541474995979843
      vertex -3.3658496214367872 36.51917336621104 -14.70731892350814
    endloop
  endfacet
  facet normal -0.41665471049321257 1.600931293971898e-15 -0.9090648228942848
    outer loop
      vertex 6 25 -19
      vertex -3.3658496214367872 36.51917336621104 -14.70731892350814
      vertex -3 36.5 -14.875
    endloop
  endfacet
  facet normal -0.4166547104932106 1.4747815948469444e-15 -0.9090648228942857
    outer loop
      vertex 6 25 -19
      vertex -3 36.5 -14.875
      vertex -2.6341503785632128 36.51917336621104 -15.04268107649186
    endloop
  endfacet
  facet normal -0.4166547104932159 -2.7704836566170226e-15 -0.9090648228942831
    outer loop
      vertex 6 25 -19
      vertex -2.6341503785632128 36.51917336621104 -15.04268107649186
      vertex -2.2723090821378413 36.57648339743168 -15.208525004020157
    endloop
  endfacet
  facet normal -0.4166547104932136 0 -0.9090648228942843
    outer loop
      vertex 6 25 -19
      vertex -2.2723090821378413 36.57648339743168 -15.208525004020157
      vertex -1.9184405196876853 36.67130219296696 -15.370714761809811
    endloop
  endfacet
  facet normal -0.41665471049321406 0 -0.909064822894284
    outer loop
      vertex 6 25 -19
      vertex -4.081559480312315 36.67130219296696 -14.379285238190189
      vertex -3.7276909178621587 36.57648339743168 -14.541474995979843
    endloop
  endfacet
  facet normal -0.4166547104932131 0 -0.9090648228942845
    outer loop
      vertex 6 25 -19
      vertex -4.423578250765299 36.8025908982509 -14.222526635065904
      vertex -4.081559480312315 36.67130219296696 -14.379285238190189
    endloop
  endfacet
  facet normal -0.44950156185294043 -0.0711940532990842 -0.8904379555402017
    outer loop
      vertex 6 25 -19
      vertex -17.672214011007085 36.88132463773361 -8
      vertex -17.917828430524104 38.432073050985196 -8
    endloop
  endfacet
  facet normal -0.42810414009375175 -0.022435987284188677 -0.9034508684533836
    outer loop
      vertex 6 25 -19
      vertex -17.917828430524104 38.432073050985196 -8
      vertex -18 40 -8
    endloop
  endfacet
  facet normal -0.41665471049321356 -6.404717448716024e-16 -0.9090648228942841
    outer loop
      vertex -18 40 -8
      vertex -4.90909090909091 40.15381883751937 -14
      vertex -4.9090909090909065 37.072225931126795 -14
    endloop
  endfacet
  facet normal -0.41665471049321345 2.0489911909035524e-16 -0.9090648228942844
    outer loop
      vertex 6 25 -19
      vertex -18 40 -8
      vertex -4.9090909090909065 37.072225931126795 -14
    endloop
  endfacet
  facet normal 0 -1 0
    outer loop
      vertex 6 25 -19
      vertex 36 25 -19
      vertex -3 25 -8
    endloop
  endfacet
  facet normal 0 -1 0
    outer loop
      vertex -3 25 -8
      vertex 16.982779073125684 25 -12.363734711836997
      vertex 15.712423640014597 25 -11.876090949353811
    endloop
  endfacet
  facet normal 0 -1 0
    outer loop
      vertex -3 25 -8
      vertex 18.29714801936913 25 -12.715918809539472
      vertex 16.982779073125684 25 -12.363734711836997
    endloop
  endfacet
  facet normal 0 -1 0
    outer loop
      vertex -3 25 -8
      vertex 14.5 25 -11.258330249197702
      vertex 13.35879172019785 25 -10.517220926874316
    endloop
  endfacet
  facet normal 0 -1 0
    outer loop
      vertex -3 25 -8
      vertex 15.712423640014597 25 -11.876090949353811
      vertex 14.5 25 -11.258330249197702
    endloop
  endfacet
  facet normal 0 -1 0
    outer loop
      vertex -3 25 -8
      vertex 36 25 -19
      vertex 18.29714801936913 25 -12.715918809539472
    endloop
  endfacet
  facet normal -0.4166547104932151 -1.9626269383516056e-15 -0.9090648228942836
    outer loop
      vertex 6 25 -19
      vertex -0.6580428777439948 37.39899311082912 -15.948397014367336
      vertex -0.3989931108291209 37.658042877743995 -16.067128157536654
    endloop
  endfacet
  facet normal -0.4166547104932224 -5.144079976893727e-15 -0.90906482289428
    outer loop
      vertex 6 25 -19
      vertex 0.19740910174910198 38.5764217492347 -16.340479171635003
      vertex 0.32869780703303775 38.918440519687685 -16.40065316155681
    endloop
  endfacet
  facet normal -0.4166547104932092 2.0439968090087074e-15 -0.9090648228942861
    outer loop
      vertex 6 25 -19
      vertex -0.3989931108291209 37.658042877743995 -16.067128157536654
      vertex -0.16844051968768525 37.942751616976345 -16.172798095143143
    endloop
  endfacet
  facet normal -0.41665471049321523 -1.4425462516038343e-15 -0.9090648228942836
    outer loop
      vertex 6 25 -19
      vertex -0.16844051968768525 37.942751616976345 -16.172798095143143
      vertex 0.03108891324553653 38.25 -16.264249085237537
    endloop
  endfacet
  facet normal -0.41665471049321035 2.3334898003236034e-15 -0.9090648228942856
    outer loop
      vertex 6 25 -19
      vertex 0.03108891324553653 38.25 -16.264249085237537
      vertex 0.19740910174910198 38.5764217492347 -16.340479171635003
    endloop
  endfacet
  facet normal -0.4166547104932134 0 -0.9090648228942844
    outer loop
      vertex 6 25 -19
      vertex 0.32869780703303775 38.918440519687685 -16.40065316155681
      vertex 6 55 -19
    endloop
  endfacet
  facet normal -0.4539904997395467 -0.8910065241883679 0
    outer loop
      vertex -9.101049646137003 26.296818135360986 -8
      vertex -9.101049646137003 26.296818135360986 0
      vertex -10.5 27.00961894323342 -8
    endloop
  endfacet
  facet normal -0.3583679495453003 -0.9335804264972017 0
    outer loop
      vertex -9.101049646137003 26.296818135360986 -8
      vertex -7.635254915624209 25.734152255572695 -8
      vertex -9.101049646137003 26.296818135360986 0
    endloop
  endfacet
  facet normal -0.5446390350150283 -0.8386705679454233 0
    outer loop
      vertex -11.816778784387097 27.86474508437579 -8
      vertex -10.5 27.00961894323342 -8
      vertex -10.5 27.00961894323342 0
    endloop
  endfacet
  facet normal -0.6293203910498376 -0.7771459614569707 0
    outer loop
      vertex -11.816778784387097 27.86474508437579 -8
      vertex -13.03695909538287 28.852827617839086 0
      vertex -13.03695909538287 28.852827617839086 -8
    endloop
  endfacet
  facet normal -0.7071067811865452 -0.7071067811865498 0
    outer loop
      vertex -14.147172382160917 29.963040904617127 -8
      vertex -13.03695909538287 28.852827617839086 -8
      vertex -13.03695909538287 28.852827617839086 0
    endloop
  endfacet
  facet normal -0.7771459614569727 -0.6293203910498352 0
    outer loop
      vertex -14.147172382160917 29.963040904617127 -8
      vertex -15.135254915624209 31.183221215612903 0
      vertex -15.135254915624209 31.183221215612903 -8
    endloop
  endfacet
  facet normal -0.8386705679454233 -0.5446390350150283 0
    outer loop
      vertex -15.135254915624209 31.183221215612903 -8
      vertex -15.135254915624209 31.183221215612903 0
      vertex -15.99038105676658 32.5 -8
    endloop
  endfacet
  facet normal -0.2588190451025211 -0.9659258262890683 0
    outer loop
      vertex -7.635254915624209 25.734152255572695 -8
      vertex -6.118675362266391 25.327785988992915 -8
      vertex -7.635254915624209 25.734152255572695 0
    endloop
  endfacet
  facet normal -0.1564344650402324 -0.9876883405951375 0
    outer loop
      vertex -6.118675362266391 25.327785988992915 -8
      vertex -4.567926949014801 25.082171569475896 -8
      vertex -4.567926949014801 25.082171569475896 0
    endloop
  endfacet
  facet normal -0.05233595624294164 -0.9986295347545739 0
    outer loop
      vertex -4.567926949014801 25.082171569475896 -8
      vertex -3 25 -8
      vertex -4.567926949014801 25.082171569475896 0
    endloop
  endfacet
  facet normal -0.4539904997395467 -0.8910065241883679 0
    outer loop
      vertex -10.5 27.00961894323342 -8
      vertex -9.101049646137003 26.296818135360986 0
      vertex -10.5 27.00961894323342 0
    endloop
  endfacet
  facet normal -0.5446390350150283 -0.8386705679454233 0
    outer loop
      vertex -11.816778784387097 27.86474508437579 -8
      vertex -10.5 27.00961894323342 0
      vertex -11.816778784387097 27.86474508437579 0
    endloop
  endfacet
  facet normal -0.6293203910498376 -0.7771459614569707 0
    outer loop
      vertex -11.816778784387097 27.86474508437579 -8
      vertex -11.816778784387097 27.86474508437579 0
      vertex -13.03695909538287 28.852827617839086 0
    endloop
  endfacet
  facet normal -0.7071067811865452 -0.7071067811865498 0
    outer loop
      vertex -14.147172382160917 29.963040904617127 -8
      vertex -13.03695909538287 28.852827617839086 0
      vertex -14.147172382160917 29.963040904617127 0
    endloop
  endfacet
  facet normal -0.7771459614569727 -0.6293203910498352 0
    outer loop
      vertex -14.147172382160917 29.963040904617127 -8
      vertex -14.147172382160917 29.963040904617127 0
      vertex -15.135254915624209 31.183221215612903 0
    endloop
  endfacet
  facet normal -0.8386705679454233 -0.5446390350150283 0
    outer loop
      vertex -15.135254915624209 31.183221215612903 0
      vertex -15.99038105676658 32.5 0
      vertex -15.99038105676658 32.5 -8
    endloop
  endfacet
  facet normal 0 0 1
    outer loop
      vertex -14.147172382160917 29.963040904617127 0
      vertex 4 36 0
      vertex -15.135254915624209 31.183221215612903 0
    endloop
  endfacet
  facet normal -0.3583679495453003 -0.9335804264972017 0
    outer loop
      vertex -7.635254915624209 25.734152255572695 -8
      vertex -7.635254915624209 25.734152255572695 0
      vertex -9.101049646137003 26.296818135360986 0
    endloop
  endfacet
  facet normal -0.2588190451025211 -0.9659258262890683 0
    outer loop
      vertex -6.118675362266391 25.327785988992915 -8
      vertex -6.118675362266391 25.327785988992915 0
      vertex -7.635254915624209 25.734152255572695 0
    endloop
  endfacet
  facet normal -0.1564344650402324 -0.9876883405951375 0
    outer loop
      vertex -6.118675362266391 25.327785988992915 -8
      vertex -4.567926949014801 25.082171569475896 0
      vertex -6.118675362266391 25.327785988992915 0
    endloop
  endfacet
  facet normal -0.05233595624294164 -0.9986295347545739 0
    outer loop
      vertex -3 25 -8
      vertex -3 25 0
      vertex -4.567926949014801 25.082171569475896 0
    endloop
  endfacet
  facet normal 0 -1 0
    outer loop
      vertex -3 25 -8
      vertex 8.071215360212445 25 -1.3588700224794952
      vertex -3 25 0
    endloop
  endfacet
  facet normal 0 0 1
    outer loop
      vertex -4.567926949014801 25.082171569475896 0
      vertex -3 25 0
      vertex 8 36 0
    endloop
  endfacet
  facet normal 0 0 1
    outer loop
      vertex -11.816778784387097 27.86474508437579 0
      vertex -10.5 27.00961894323342 0
      vertex 8 36 0
    endloop
  endfacet
  facet normal 0 0 1
    outer loop
      vertex -9.101049646137003 26.296818135360986 0
      vertex 8 36 0
      vertex -10.5 27.00961894323342 0
    endloop
  endfacet
  facet normal 0 0 1
    outer loop
      vertex -14.147172382160917 29.963040904617127 0
      vertex -13.03695909538287 28.852827617839086 0
      vertex 4 36 0
    endloop
  endfacet
  facet normal 0 0 1
    outer loop
      vertex -11.816778784387097 27.86474508437579 0
      vertex 8 36 0
      vertex -13.03695909538287 28.852827617839086 0
    endloop
  endfacet
  facet normal 0 0 1
    outer loop
      vertex -9.101049646137003 26.296818135360986 0
      vertex -7.635254915624209 25.734152255572695 0
      vertex 8 36 0
    endloop
  endfacet
  facet normal 0 0 1
    outer loop
      vertex -7.635254915624209 25.734152255572695 0
      vertex -6.118675362266391 25.327785988992915 0
      vertex 8 36 0
    endloop
  endfacet
  facet normal 0 0 1
    outer loop
      vertex -6.118675362266391 25.327785988992915 0
      vertex -4.567926949014801 25.082171569475896 0
      vertex 8 36 0
    endloop
  endfacet
  facet normal -0.8910065241883685 -0.4539904997395458 0
    outer loop
      vertex -15.99038105676658 32.5 -8
      vertex -16.703181864639014 33.898950353863 0
      vertex -16.703181864639014 33.898950353863 -8
    endloop
  endfacet
  facet normal -0.9335804264972015 -0.35836794954530105 0
    outer loop
      vertex -16.703181864639014 33.898950353863 -8
      vertex -16.703181864639014 33.898950353863 0
      vertex -17.265847744427305 35.36474508437579 -8
    endloop
  endfacet
  facet normal -0.9659258262890684 -0.2588190451025205 0
    outer loop
      vertex -17.265847744427305 35.36474508437579 -8
      vertex -17.672214011007085 36.88132463773361 0
      vertex -17.672214011007085 36.88132463773361 -8
    endloop
  endfacet
  facet normal -0.9876883405951373 -0.1564344650402331 0
    outer loop
      vertex -17.672214011007085 36.88132463773361 -8
      vertex -17.672214011007085 36.88132463773361 0
      vertex -17.917828430524104 38.432073050985196 -8
    endloop
  endfacet
  facet normal -0.9986295347545739 -0.05233595624294152 0
    outer loop
      vertex -17.917828430524104 38.432073050985196 -8
      vertex -18 40 0
      vertex -18 40 -8
    endloop
  endfacet
  facet normal -0.8910065241883685 -0.4539904997395458 0
    outer loop
      vertex -15.99038105676658 32.5 -8
      vertex -15.99038105676658 32.5 0
      vertex -16.703181864639014 33.898950353863 0
    endloop
  endfacet
  facet normal -0.9335804264972015 -0.35836794954530105 0
    outer loop
      vertex -17.265847744427305 35.36474508437579 -8
      vertex -16.703181864639014 33.898950353863 0
      vertex -17.265847744427305 35.36474508437579 0
    endloop
  endfacet
  facet normal -0.9659258262890684 -0.2588190451025205 0
    outer loop
      vertex -17.265847744427305 35.36474508437579 -8
      vertex -17.265847744427305 35.36474508437579 0
      vertex -17.672214011007085 36.88132463773361 0
    endloop
  endfacet
  facet normal 0 0 1
    outer loop
      vertex -15.135254915624209 31.183221215612903 0
      vertex 4 36 0
      vertex -15.99038105676658 32.5 0
    endloop
  endfacet
  facet normal 0 0 1
    outer loop
      vertex -15.99038105676658 32.5 0
      vertex 4 36 0
      vertex -16.703181864639014 33.898950353863 0
    endloop
  endfacet
  facet normal 0 0 1
    outer loop
      vertex -16.703181864639014 33.898950353863 0
      vertex -3.9499999999999993 38.35455173280957 0
      vertex -17.265847744427305 35.36474508437579 0
    endloop
  endfacet
  facet normal -0.9876883405951373 -0.1564344650402331 0
    outer loop
      vertex -17.917828430524104 38.432073050985196 -8
      vertex -17.672214011007085 36.88132463773361 0
      vertex -17.917828430524104 38.432073050985196 0
    endloop
  endfacet
  facet normal -0.9986295347545739 -0.05233595624294152 0
    outer loop
      vertex -17.917828430524104 38.432073050985196 -8
      vertex -17.917828430524104 38.432073050985196 0
      vertex -18 40 0
    endloop
  endfacet
  facet normal 0 0 1
    outer loop
      vertex -17.265847744427305 35.36474508437579 0
      vertex -4.8070073809607905 39.4128677106876 0
      vertex -17.672214011007085 36.88132463773361 0
    endloop
  endfacet
  facet normal 0 0 1
    outer loop
      vertex -17.672214011007085 36.88132463773361 0
      vertex -4.8584804413942315 39.604967787446256 0
      vertex -17.917828430524104 38.432073050985196 0
    endloop
  endfacet
  facet normal 0 0 1
    outer loop
      vertex -17.917828430524104 38.432073050985196 0
      vertex -4.735736369520943 40.77279962184402 0
      vertex -18 40 0
    endloop
  endfacet
  facet normal 0 0 1
    outer loop
      vertex -17.265847744427305 35.36474508437579 0
      vertex -3.9499999999999993 38.35455173280957 0
      vertex -4.1167919793557 38.4628677106876 0
    endloop
  endfacet
  facet normal 0 0 1
    outer loop
      vertex -17.265847744427305 35.36474508437579 0
      vertex -4.271348152081831 38.58802483159295 0
      vertex -4.41197516840705 38.72865184791817 0
    endloop
  endfacet
  facet normal 0 0 1
    outer loop
      vertex -17.265847744427305 35.36474508437579 0
      vertex -4.1167919793557 38.4628677106876 0
      vertex -4.271348152081831 38.58802483159295 0
    endloop
  endfacet
  facet normal 0 0 1
    outer loop
      vertex -17.265847744427305 35.36474508437579 0
      vertex -4.645448267190432 39.05 0
      vertex -4.735736369520943 39.22720037815598 0
    endloop
  endfacet
  facet normal 0 0 1
    outer loop
      vertex -17.265847744427305 35.36474508437579 0
      vertex -4.735736369520943 39.22720037815598 0
      vertex -4.8070073809607905 39.4128677106876 0
    endloop
  endfacet
  facet normal 0 0 1
    outer loop
      vertex -17.265847744427305 35.36474508437579 0
      vertex -4.41197516840705 38.72865184791817 0
      vertex -4.5371322893123995 38.883208020644304 0
    endloop
  endfacet
  facet normal 0 0 1
    outer loop
      vertex -17.265847744427305 35.36474508437579 0
      vertex -4.5371322893123995 38.883208020644304 0
      vertex -4.645448267190432 39.05 0
    endloop
  endfacet
  facet normal 0 0 1
    outer loop
      vertex -17.672214011007085 36.88132463773361 0
      vertex -4.8070073809607905 39.4128677106876 0
      vertex -4.8584804413942315 39.604967787446256 0
    endloop
  endfacet
  facet normal 0 0 1
    outer loop
      vertex -17.917828430524104 38.432073050985196 0
      vertex -4.8584804413942315 39.604967787446256 0
      vertex -4.889591601199719 39.80139591979146 0
    endloop
  endfacet
  facet normal 0 0 1
    outer loop
      vertex -17.917828430524104 38.432073050985196 0
      vertex -4.889591601199719 39.80139591979146 0
      vertex -4.899999999999999 40 0
    endloop
  endfacet
  facet normal 0 0 1
    outer loop
      vertex -17.917828430524104 38.432073050985196 0
      vertex -4.899999999999999 40 0
      vertex -4.889591601199719 40.19860408020854 0
    endloop
  endfacet
  facet normal 0 0 1
    outer loop
      vertex -17.917828430524104 38.432073050985196 0
      vertex -4.889591601199719 40.19860408020854 0
      vertex -4.8584804413942315 40.395032212553744 0
    endloop
  endfacet
  facet normal 0 0 1
    outer loop
      vertex -17.917828430524104 38.432073050985196 0
      vertex -4.8584804413942315 40.395032212553744 0
      vertex -4.8070073809607905 40.5871322893124 0
    endloop
  endfacet
  facet normal 0 0 1
    outer loop
      vertex -17.917828430524104 38.432073050985196 0
      vertex -4.8070073809607905 40.5871322893124 0
      vertex -4.735736369520943 40.77279962184402 0
    endloop
  endfacet
  facet normal 0 0 1
    outer loop
      vertex -16.703181864639014 33.898950353863 0
      vertex 4 36 0
      vertex -2.4128677106875998 38.19299261903921 0
    endloop
  endfacet
  facet normal 0 0 1
    outer loop
      vertex -13.03695909538287 28.852827617839086 0
      vertex 8 36 0
      vertex 4 36 0
    endloop
  endfacet
  facet normal 0 0 1
    outer loop
      vertex -16.703181864639014 33.898950353863 0
      vertex -3.19860408020854 38.11040839880028 0
      vertex -3.395032212553744 38.14151955860577 0
    endloop
  endfacet
  facet normal 0 0 1
    outer loop
      vertex -16.703181864639014 33.898950353863 0
      vertex -3 38.1 0
      vertex -3.19860408020854 38.11040839880028 0
    endloop
  endfacet
  facet normal 0 0 1
    outer loop
      vertex -16.703181864639014 33.898950353863 0
      vertex -2.80139591979146 38.11040839880028 0
      vertex -3 38.1 0
    endloop
  endfacet
  facet normal 0 0 1
    outer loop
      vertex -16.703181864639014 33.898950353863 0
      vertex -2.604967787446256 38.14151955860577 0
      vertex -2.80139591979146 38.11040839880028 0
    endloop
  endfacet
  facet normal 0 0 1
    outer loop
      vertex -16.703181864639014 33.898950353863 0
      vertex -3.5871322893124002 38.19299261903921 0
      vertex -3.772799621844019 38.26426363047906 0
    endloop
  endfacet
  facet normal 0 0 1
    outer loop
      vertex -16.703181864639014 33.898950353863 0
      vertex -3.772799621844019 38.26426363047906 0
      vertex -3.9499999999999993 38.35455173280957 0
    endloop
  endfacet
  facet normal 0 0 1
    outer loop
      vertex -16.703181864639014 33.898950353863 0
      vertex -3.395032212553744 38.14151955860577 0
      vertex -3.5871322893124002 38.19299261903921 0
    endloop
  endfacet
  facet normal 0 0 1
    outer loop
      vertex -16.703181864639014 33.898950353863 0
      vertex -2.4128677106875998 38.19299261903921 0
      vertex -2.604967787446256 38.14151955860577 0
    endloop
  endfacet
  facet normal 0 0 1
    outer loop
      vertex 4 36 0
      vertex -2.227200378155981 38.26426363047906 0
      vertex -2.4128677106875998 38.19299261903921 0
    endloop
  endfacet
  facet normal 0 0 1
    outer loop
      vertex 4 36 0
      vertex -2.0500000000000007 38.35455173280957 0
      vertex -2.227200378155981 38.26426363047906 0
    endloop
  endfacet
  facet normal 0 0 1
    outer loop
      vertex 4 36 0
      vertex -1.8832080206443003 38.4628677106876 0
      vertex -2.0500000000000007 38.35455173280957 0
    endloop
  endfacet
  facet normal 0 0 1
    outer loop
      vertex 4 36 0
      vertex -1.7286518479181687 38.58802483159295 0
      vertex -1.8832080206443003 38.4628677106876 0
    endloop
  endfacet
  facet normal 0 0 1
    outer loop
      vertex 4 36 0
      vertex -1.58802483159295 38.72865184791817 0
      vertex -1.7286518479181687 38.58802483159295 0
    endloop
  endfacet
  facet normal 0 0 1
    outer loop
      vertex 4 36 0
      vertex -1.4628677106876005 38.883208020644304 0
      vertex -1.58802483159295 38.72865184791817 0
    endloop
  endfacet
  facet normal 0 0 1
    outer loop
      vertex 4 36 0
      vertex -1.3545517328095684 39.05 0
      vertex -1.4628677106876005 38.883208020644304 0
    endloop
  endfacet
  facet normal 0 0 1
    outer loop
      vertex 4 36 0
      vertex -1.264263630479057 39.22720037815598 0
      vertex -1.3545517328095684 39.05 0
    endloop
  endfacet
  facet normal 0 0 1
    outer loop
      vertex 4 36 0
      vertex -1.1929926190392095 39.4128677106876 0
      vertex -1.264263630479057 39.22720037815598 0
    endloop
  endfacet
  facet normal 0 0 1
    outer loop
      vertex 4 36 0
      vertex -1.1415195586057685 39.604967787446256 0
      vertex -1.1929926190392095 39.4128677106876 0
    endloop
  endfacet
  facet normal 0 0 1
    outer loop
      vertex 4 36 0
      vertex -1.1104083988002813 39.80139591979146 0
      vertex -1.1415195586057685 39.604967787446256 0
    endloop
  endfacet
  facet normal 0 0 1
    outer loop
      vertex 4 36 0
      vertex -1.1000000000000014 40 0
      vertex -1.1104083988002813 39.80139591979146 0
    endloop
  endfacet
  facet normal 0 -1 0
    outer loop
      vertex -3 25 -8
      vertex 11.339117268793874 25 -8.698697882665158
      vertex 10.482779073125684 25 -7.641208279802151
    endloop
  endfacet
  facet normal 0 -1 0
    outer loop
      vertex -3 25 -8
      vertex 10.482779073125684 25 -7.641208279802151
      vertex 9.741669750802298 25 -6.5
    endloop
  endfacet
  facet normal 0 -1 0
    outer loop
      vertex -3 25 -8
      vertex 13.35879172019785 25 -10.517220926874316
      vertex 12.301302117334842 25 -9.660882731206126
    endloop
  endfacet
  facet normal 0 -1 0
    outer loop
      vertex -3 25 -8
      vertex 12.301302117334842 25 -9.660882731206126
      vertex 11.339117268793874 25 -8.698697882665158
    endloop
  endfacet
  facet normal 0 -1 0
    outer loop
      vertex -3 25 -8
      vertex 9.741669750802298 25 -6.5
      vertex 9.123909050646189 25 -5.287576359985403
    endloop
  endfacet
  facet normal 0 -1 0
    outer loop
      vertex -3 25 -8
      vertex 9.123909050646189 25 -5.287576359985403
      vertex 8.636265288163003 25 -4.017220926874316
    endloop
  endfacet
  facet normal 0 -1 0
    outer loop
      vertex -3 25 -8
      vertex 8.636265288163003 25 -4.017220926874316
      vertex 8.284081190460528 25 -2.7028519806308715
    endloop
  endfacet
  facet normal 0 -1 0
    outer loop
      vertex -3 25 -8
      vertex 8.284081190460528 25 -2.7028519806308715
      vertex 8.071215360212445 25 -1.3588700224794952
    endloop
  endfacet
  facet normal 0 -1 0
    outer loop
      vertex -3 25 0
      vertex 8.071215360212445 25 -1.3588700224794952
      vertex 8 25 0
    endloop
  endfacet
  facet normal 0 0 1
    outer loop
      vertex -3 25 0
      vertex 8 25 0
      vertex 8 36 0
    endloop
  endfacet
  facet normal -0.4166547104932152 6.376236273046673e-16 -0.9090648228942835
    outer loop
      vertex 6 55 -19
      vertex -0.6580428777439948 42.60100688917088 -15.948397014367336
      vertex -0.942751616976345 42.831559480312315 -15.817905508885842
    endloop
  endfacet
  facet normal -0.4166547104932119 -1.2605918568131038e-15 -0.909064822894285
    outer loop
      vertex 6 55 -19
      vertex -0.942751616976345 42.831559480312315 -15.817905508885842
      vertex -1.25 43.03108891324553 -15.677083333333334
    endloop
  endfacet
  facet normal -0.41665471049321334 6.418974902864181e-16 -0.9090648228942844
    outer loop
      vertex 6 55 -19
      vertex -1.5764217492347008 43.1974091017491 -15.527473364934096
      vertex -1.9184405196876853 43.32869780703304 -15.370714761809811
    endloop
  endfacet
  facet normal -0.41665471049321345 0 -0.9090648228942844
    outer loop
      vertex 6 55 -19
      vertex -1.25 43.03108891324553 -15.677083333333334
      vertex -1.5764217492347008 43.1974091017491 -15.527473364934096
    endloop
  endfacet
  facet normal -0.41665471049322594 8.140150800650268e-15 -0.9090648228942786
    outer loop
      vertex 6 55 -19
      vertex -4.75 43.03108891324553 -14.072916666666666
      vertex -4.9090909090909065 42.927774068873205 -14
    endloop
  endfacet
  facet normal -0.4166547104932164 3.048316597053438e-15 -0.909064822894283
    outer loop
      vertex 6 55 -19
      vertex -4.423578250765299 43.1974091017491 -14.222526635065904
      vertex -4.75 43.03108891324553 -14.072916666666666
    endloop
  endfacet
  facet normal -0.4166547104932173 3.557511281703012e-15 -0.9090648228942826
    outer loop
      vertex 6 55 -19
      vertex -3.3658496214367872 43.48082663378896 -14.70731892350814
      vertex -3.7276909178621587 43.42351660256832 -14.541474995979843
    endloop
  endfacet
  facet normal -0.41665471049321257 -1.600931293971898e-15 -0.9090648228942848
    outer loop
      vertex 6 55 -19
      vertex -3 43.5 -14.875
      vertex -3.3658496214367872 43.48082663378896 -14.70731892350814
    endloop
  endfacet
  facet normal -0.4166547104932106 -1.4747815948469444e-15 -0.9090648228942857
    outer loop
      vertex 6 55 -19
      vertex -2.6341503785632128 43.48082663378896 -15.04268107649186
      vertex -3 43.5 -14.875
    endloop
  endfacet
  facet normal -0.4166547104932136 0 -0.9090648228942843
    outer loop
      vertex 6 55 -19
      vertex -1.9184405196876853 43.32869780703304 -15.370714761809811
      vertex -2.2723090821378413 43.42351660256832 -15.208525004020157
    endloop
  endfacet
  facet normal -0.4166547104932159 2.7704836566170226e-15 -0.9090648228942831
    outer loop
      vertex 6 55 -19
      vertex -2.2723090821378413 43.42351660256832 -15.208525004020157
      vertex -2.6341503785632128 43.48082663378896 -15.04268107649186
    endloop
  endfacet
  facet normal -0.41665471049321406 0 -0.909064822894284
    outer loop
      vertex 6 55 -19
      vertex -3.7276909178621587 43.42351660256832 -14.541474995979843
      vertex -4.081559480312315 43.32869780703304 -14.379285238190189
    endloop
  endfacet
  facet normal -0.4166547104932131 0 -0.9090648228942845
    outer loop
      vertex 6 55 -19
      vertex -4.081559480312315 43.32869780703304 -14.379285238190189
      vertex -4.423578250765299 43.1974091017491 -14.222526635065904
    endloop
  endfacet
  facet normal -0.4166547104932137 7.115014559113652e-16 -0.9090648228942843
    outer loop
      vertex -18 40 -8
      vertex -4.9090909090909065 42.927774068873205 -14
      vertex -4.90909090909091 40.15381883751937 -14
    endloop
  endfacet
  facet normal -0.42810414009375175 0.022435987284188677 -0.9034508684533836
    outer loop
      vertex 6 55 -19
      vertex -18 40 -8
      vertex -17.917828430524104 41.567926949014804 -8
    endloop
  endfacet
  facet normal -0.44950156185294043 0.0711940532990842 -0.8904379555402017
    outer loop
      vertex 6 55 -19
      vertex -17.917828430524104 41.567926949014804 -8
      vertex -17.672214011007085 43.11867536226639 -8
    endloop
  endfacet
  facet normal -0.41665471049321345 -2.0489911909035524e-16 -0.9090648228942844
    outer loop
      vertex 6 55 -19
      vertex -4.9090909090909065 42.927774068873205 -14
      vertex -18 40 -8
    endloop
  endfacet
  facet normal -0.4692672761394845 0.12573978767592692 -0.8740581956253495
    outer loop
      vertex 6 55 -19
      vertex -17.672214011007085 43.11867536226639 -8
      vertex -17.265847744427305 44.63525491562421 -8
    endloop
  endfacet
  facet normal -0.48669449143504356 0.18682451131176603 -0.8533610455017877
    outer loop
      vertex 6 55 -19
      vertex -17.265847744427305 44.63525491562421 -8
      vertex -16.703181864639014 46.101049646137 -8
    endloop
  endfacet
  facet normal -0.5007641730641266 0.2551520903712041 -0.8271231188611562
    outer loop
      vertex 6 55 -19
      vertex -16.703181864639014 46.101049646137 -8
      vertex -15.99038105676658 47.5 -8
    endloop
  endfacet
  facet normal -0.5100482193168203 0.3312291865212136 -0.7938123455630027
    outer loop
      vertex 6 55 -19
      vertex -15.99038105676658 47.5 -8
      vertex -15.135254915624209 48.8167787843871 -8
    endloop
  endfacet
  facet normal -0.5126191727375637 0.41511082119251147 -0.7516013503651616
    outer loop
      vertex 6 55 -19
      vertex -15.135254915624209 48.8167787843871 -8
      vertex -14.147172382160917 50.03695909538287 -8
    endloop
  endfacet
  facet normal -0.506017101666476 0.506017101666476 -0.6984936546899468
    outer loop
      vertex 6 55 -19
      vertex -14.147172382160917 50.03695909538287 -8
      vertex -13.03695909538287 51.14717238216092 -8
    endloop
  endfacet
  facet normal -0.48736799559405175 0.6018493519452838 -0.6326529810517598
    outer loop
      vertex 6 55 -19
      vertex -13.03695909538287 51.14717238216092 -8
      vertex -11.816778784387097 52.13525491562421 -8
    endloop
  endfacet
  facet normal -0.4537791670151844 0.6987586405956456 -0.5530106958964996
    outer loop
      vertex 6 55 -19
      vertex -11.816778784387097 52.13525491562421 -8
      vertex -10.5 52.99038105676658 -8
    endloop
  endfacet
  facet normal -0.40308368402798506 0.7910962728710429 -0.46009806641625006
    outer loop
      vertex 6 55 -19
      vertex -10.5 52.99038105676658 -8
      vertex -9.101049646137003 53.703181864639014 -8
    endloop
  endfacet
  facet normal -0.334783295764748 0.8721403028388955 -0.35677925534001137
    outer loop
      vertex 6 55 -19
      vertex -9.101049646137003 53.703181864639014 -8
      vertex -7.635254915624209 54.265847744427305 -8
    endloop
  endfacet
  facet normal -0.25071186873221885 0.935669432169178 -0.24832694694899032
    outer loop
      vertex 6 55 -19
      vertex -7.635254915624209 54.265847744427305 -8
      vertex -6.118675362266391 54.672214011007085 -8
    endloop
  endfacet
  facet normal -0.1548610375952328 0.9777541106810403 -0.14147423115626223
    outer loop
      vertex 6 55 -19
      vertex -6.118675362266391 54.672214011007085 -8
      vertex -4.567926949014801 54.917828430524104 -8
    endloop
  endfacet
  facet normal -0.05228804103140239 0.9977152580537718 -0.04278112448023832
    outer loop
      vertex 6 55 -19
      vertex -4.567926949014801 54.917828430524104 -8
      vertex -3 55 -8
    endloop
  endfacet
  facet normal -0.41665471049329944 3.349829160222278e-14 -0.9090648228942448
    outer loop
      vertex 6 55 -19
      vertex 0.32869780703303775 38.918440519687685 -16.40065316155681
      vertex 0.4235166025683199 39.272309082137845 -16.444111776177145
    endloop
  endfacet
  facet normal -0.4166547104931957 -7.231972305837288e-15 -0.9090648228942925
    outer loop
      vertex 6 55 -19
      vertex 0.4235166025683199 39.272309082137845 -16.444111776177145
      vertex 0.48082663378895774 39.63415037856321 -16.47037887381994
    endloop
  endfacet
  facet normal -0.4166547104932051 -2.8090850099026445e-15 -0.9090648228942881
    outer loop
      vertex 6 55 -19
      vertex 0.48082663378895774 39.63415037856321 -16.47037887381994
      vertex 0.5 40 -16.479166666666668
    endloop
  endfacet
  facet normal -0.416654710493218 2.1064990679101942e-15 -0.9090648228942821
    outer loop
      vertex 6 55 -19
      vertex 0.5 40 -16.479166666666668
      vertex 0.48082663378895774 40.36584962143679 -16.47037887381994
    endloop
  endfacet
  facet normal -0.41665471049322067 2.847261556786378e-15 -0.909064822894281
    outer loop
      vertex 6 55 -19
      vertex 0.48082663378895774 40.36584962143679 -16.47037887381994
      vertex 0.4235166025683199 40.727690917862155 -16.444111776177145
    endloop
  endfacet
  facet normal -0.41665471049320396 -4.854239237201658e-15 -0.9090648228942886
    outer loop
      vertex 6 55 -19
      vertex 0.4235166025683199 40.727690917862155 -16.444111776177145
      vertex 0.32869780703303775 41.081559480312315 -16.40065316155681
    endloop
  endfacet
  facet normal -0.4166547104932224 5.144079976893727e-15 -0.90906482289428
    outer loop
      vertex 6 55 -19
      vertex 0.32869780703303775 41.081559480312315 -16.40065316155681
      vertex 0.19740910174910198 41.4235782507653 -16.340479171635003
    endloop
  endfacet
  facet normal -0.41665471049321035 -2.3334898003236034e-15 -0.9090648228942856
    outer loop
      vertex 6 55 -19
      vertex 0.19740910174910198 41.4235782507653 -16.340479171635003
      vertex 0.03108891324553653 41.75 -16.264249085237537
    endloop
  endfacet
  facet normal -0.41665471049321523 1.4425462516038343e-15 -0.9090648228942836
    outer loop
      vertex 6 55 -19
      vertex 0.03108891324553653 41.75 -16.264249085237537
      vertex -0.16844051968768525 42.057248383023655 -16.172798095143143
    endloop
  endfacet
  facet normal -0.4166547104932092 -2.0439968090087074e-15 -0.9090648228942861
    outer loop
      vertex 6 55 -19
      vertex -0.16844051968768525 42.057248383023655 -16.172798095143143
      vertex -0.3989931108291209 42.341957122256005 -16.067128157536654
    endloop
  endfacet
  facet normal -0.4166547104932151 1.9626269383516056e-15 -0.9090648228942836
    outer loop
      vertex 6 55 -19
      vertex -0.3989931108291209 42.341957122256005 -16.067128157536654
      vertex -0.6580428777439948 42.60100688917088 -15.948397014367336
    endloop
  endfacet
  facet normal 0 0 -1
    outer loop
      vertex 6 25 -19
      vertex 6 55 -19
      vertex 36 55 -19
    endloop
  endfacet
  facet normal 0 1 0
    outer loop
      vertex 6 55 -19
      vertex 15.712423640014597 55 -11.876090949353811
      vertex 16.982779073125684 55 -12.363734711836997
    endloop
  endfacet
  facet normal 0 1 0
    outer loop
      vertex 6 55 -19
      vertex 18.29714801936913 55 -12.715918809539472
      vertex 19.641129977520507 55 -12.928784639787555
    endloop
  endfacet
  facet normal 0 1 0
    outer loop
      vertex 6 55 -19
      vertex 19.641129977520507 55 -12.928784639787555
      vertex 21 55 -13
    endloop
  endfacet
  facet normal 0 1 0
    outer loop
      vertex 6 55 -19
      vertex 16.982779073125684 55 -12.363734711836997
      vertex 18.29714801936913 55 -12.715918809539472
    endloop
  endfacet
  facet normal 0 1 0
    outer loop
      vertex 6 55 -19
      vertex 21 55 -13
      vertex 22.358870022479493 55 -12.928784639787555
    endloop
  endfacet
  facet normal 0 1 0
    outer loop
      vertex 6 55 -19
      vertex 22.358870022479493 55 -12.928784639787555
      vertex 23.70285198063087 55 -12.715918809539472
    endloop
  endfacet
  facet normal 0 1 0
    outer loop
      vertex 6 55 -19
      vertex -3 55 -8
      vertex 11.339117268793874 55 -8.698697882665158
    endloop
  endfacet
  facet normal 0 1 0
    outer loop
      vertex 6 55 -19
      vertex 12.301302117334842 55 -9.660882731206126
      vertex 13.35879172019785 55 -10.517220926874316
    endloop
  endfacet
  facet normal 0 1 0
    outer loop
      vertex 6 55 -19
      vertex 11.339117268793874 55 -8.698697882665158
      vertex 12.301302117334842 55 -9.660882731206126
    endloop
  endfacet
  facet normal 0 1 0
    outer loop
      vertex 6 55 -19
      vertex 14.5 55 -11.258330249197702
      vertex 15.712423640014597 55 -11.876090949353811
    endloop
  endfacet
  facet normal 0 1 0
    outer loop
      vertex 6 55 -19
      vertex 13.35879172019785 55 -10.517220926874316
      vertex 14.5 55 -11.258330249197702
    endloop
  endfacet
  facet normal -0.9986295347545739 0.05233595624294152 0
    outer loop
      vertex -18 40 -8
      vertex -18 40 0
      vertex -17.917828430524104 41.567926949014804 -8
    endloop
  endfacet
  facet normal -0.9876883405951373 0.1564344650402331 0
    outer loop
      vertex -17.917828430524104 41.567926949014804 -8
      vertex -17.672214011007085 43.11867536226639 0
      vertex -17.672214011007085 43.11867536226639 -8
    endloop
  endfacet
  facet normal -0.9659258262890684 0.2588190451025205 0
    outer loop
      vertex -17.672214011007085 43.11867536226639 -8
      vertex -17.672214011007085 43.11867536226639 0
      vertex -17.265847744427305 44.63525491562421 -8
    endloop
  endfacet
  facet normal -0.9335804264972015 0.35836794954530105 0
    outer loop
      vertex -17.265847744427305 44.63525491562421 -8
      vertex -17.265847744427305 44.63525491562421 0
      vertex -16.703181864639014 46.101049646137 -8
    endloop
  endfacet
  facet normal -0.8910065241883685 0.4539904997395458 0
    outer loop
      vertex -16.703181864639014 46.101049646137 -8
      vertex -15.99038105676658 47.5 0
      vertex -15.99038105676658 47.5 -8
    endloop
  endfacet
  facet normal -0.9986295347545739 0.05233595624294152 0
    outer loop
      vertex -17.917828430524104 41.567926949014804 -8
      vertex -18 40 0
      vertex -17.917828430524104 41.567926949014804 0
    endloop
  endfacet
  facet normal -0.9876883405951373 0.1564344650402331 0
    outer loop
      vertex -17.917828430524104 41.567926949014804 -8
      vertex -17.917828430524104 41.567926949014804 0
      vertex -17.672214011007085 43.11867536226639 0
    endloop
  endfacet
  facet normal 0 0 1
    outer loop
      vertex -18 40 0
      vertex -4.735736369520943 40.77279962184402 0
      vertex -4.645448267190432 40.95 0
    endloop
  endfacet
  facet normal 0 0 1
    outer loop
      vertex -18 40 0
      vertex -4.645448267190432 40.95 0
      vertex -4.5371322893123995 41.116791979355696 0
    endloop
  endfacet
  facet normal 0 0 1
    outer loop
      vertex -18 40 0
      vertex -4.5371322893123995 41.116791979355696 0
      vertex -4.41197516840705 41.27134815208183 0
    endloop
  endfacet
  facet normal 0 0 1
    outer loop
      vertex -18 40 0
      vertex -4.41197516840705 41.27134815208183 0
      vertex -4.271348152081831 41.41197516840705 0
    endloop
  endfacet
  facet normal 0 0 1
    outer loop
      vertex -18 40 0
      vertex 4 44 0
      vertex -17.917828430524104 41.567926949014804 0
    endloop
  endfacet
  facet normal 0 0 1
    outer loop
      vertex -18 40 0
      vertex -4.271348152081831 41.41197516840705 0
      vertex -4.1167919793557 41.5371322893124 0
    endloop
  endfacet
  facet normal 0 0 1
    outer loop
      vertex -18 40 0
      vertex -4.1167919793557 41.5371322893124 0
      vertex -3.9499999999999993 41.64544826719043 0
    endloop
  endfacet
  facet normal 0 0 1
    outer loop
      vertex -18 40 0
      vertex -3.9499999999999993 41.64544826719043 0
      vertex -3.772799621844019 41.73573636952094 0
    endloop
  endfacet
  facet normal 0 0 1
    outer loop
      vertex -18 40 0
      vertex -3.772799621844019 41.73573636952094 0
      vertex -3.5871322893124002 41.80700738096079 0
    endloop
  endfacet
  facet normal 0 0 1
    outer loop
      vertex -18 40 0
      vertex -3.5871322893124002 41.80700738096079 0
      vertex -3.395032212553744 41.85848044139423 0
    endloop
  endfacet
  facet normal -0.9659258262890684 0.2588190451025205 0
    outer loop
      vertex -17.265847744427305 44.63525491562421 -8
      vertex -17.672214011007085 43.11867536226639 0
      vertex -17.265847744427305 44.63525491562421 0
    endloop
  endfacet
  facet normal -0.9335804264972015 0.35836794954530105 0
    outer loop
      vertex -16.703181864639014 46.101049646137 -8
      vertex -17.265847744427305 44.63525491562421 0
      vertex -16.703181864639014 46.101049646137 0
    endloop
  endfacet
  facet normal -0.8910065241883685 0.4539904997395458 0
    outer loop
      vertex -16.703181864639014 46.101049646137 -8
      vertex -16.703181864639014 46.101049646137 0
      vertex -15.99038105676658 47.5 0
    endloop
  endfacet
  facet normal 0 0 1
    outer loop
      vertex -17.917828430524104 41.567926949014804 0
      vertex 8 55 0
      vertex -17.672214011007085 43.11867536226639 0
    endloop
  endfacet
  facet normal 0 0 1
    outer loop
      vertex -18 40 0
      vertex -3.395032212553744 41.85848044139423 0
      vertex -3.19860408020854 41.88959160119972 0
    endloop
  endfacet
  facet normal 0 0 1
    outer loop
      vertex -18 40 0
      vertex -3.19860408020854 41.88959160119972 0
      vertex 4 44 0
    endloop
  endfacet
  facet normal 0 0 1
    outer loop
      vertex 4 44 0
      vertex -1.1104083988002813 40.19860408020854 0
      vertex -1.1000000000000014 40 0
    endloop
  endfacet
  facet normal 0 0 1
    outer loop
      vertex 4 44 0
      vertex -1.1415195586057685 40.395032212553744 0
      vertex -1.1104083988002813 40.19860408020854 0
    endloop
  endfacet
  facet normal 0 0 1
    outer loop
      vertex 4 44 0
      vertex -1.1929926190392095 40.5871322893124 0
      vertex -1.1415195586057685 40.395032212553744 0
    endloop
  endfacet
  facet normal 0 0 1
    outer loop
      vertex 4 44 0
      vertex -1.264263630479057 40.77279962184402 0
      vertex -1.1929926190392095 40.5871322893124 0
    endloop
  endfacet
  facet normal 0 0 1
    outer loop
      vertex 4 44 0
      vertex -1.7286518479181687 41.41197516840705 0
      vertex -1.58802483159295 41.27134815208183 0
    endloop
  endfacet
  facet normal 0 0 1
    outer loop
      vertex 4 44 0
      vertex -1.8832080206443003 41.5371322893124 0
      vertex -1.7286518479181687 41.41197516840705 0
    endloop
  endfacet
  facet normal 0 0 1
    outer loop
      vertex 4 44 0
      vertex -2.604967787446256 41.85848044139423 0
      vertex -2.4128677106875998 41.80700738096079 0
    endloop
  endfacet
  facet normal 0 0 1
    outer loop
      vertex 4 44 0
      vertex -3.19860408020854 41.88959160119972 0
      vertex -3 41.9 0
    endloop
  endfacet
  facet normal 0 0 1
    outer loop
      vertex 4 44 0
      vertex -3 41.9 0
      vertex -2.80139591979146 41.88959160119972 0
    endloop
  endfacet
  facet normal 0 0 1
    outer loop
      vertex 4 44 0
      vertex -2.80139591979146 41.88959160119972 0
      vertex -2.604967787446256 41.85848044139423 0
    endloop
  endfacet
  facet normal 0 0 1
    outer loop
      vertex 4 44 0
      vertex -2.227200378155981 41.73573636952094 0
      vertex -2.0500000000000007 41.64544826719043 0
    endloop
  endfacet
  facet normal 0 0 1
    outer loop
      vertex 4 44 0
      vertex -2.4128677106875998 41.80700738096079 0
      vertex -2.227200378155981 41.73573636952094 0
    endloop
  endfacet
  facet normal 0 0 1
    outer loop
      vertex 4 44 0
      vertex -2.0500000000000007 41.64544826719043 0
      vertex -1.8832080206443003 41.5371322893124 0
    endloop
  endfacet
  facet normal 0 0 1
    outer loop
      vertex 4 44 0
      vertex -1.3545517328095684 40.95 0
      vertex -1.264263630479057 40.77279962184402 0
    endloop
  endfacet
  facet normal 0 0 1
    outer loop
      vertex 4 44 0
      vertex -1.4628677106876005 41.116791979355696 0
      vertex -1.3545517328095684 40.95 0
    endloop
  endfacet
  facet normal 0 0 1
    outer loop
      vertex 4 44 0
      vertex -1.58802483159295 41.27134815208183 0
      vertex -1.4628677106876005 41.116791979355696 0
    endloop
  endfacet
  facet normal 0 0 1
    outer loop
      vertex -17.917828430524104 41.567926949014804 0
      vertex 4 44 0
      vertex 8 55 0
    endloop
  endfacet
  facet normal -0.8386705679454233 0.5446390350150283 0
    outer loop
      vertex -15.99038105676658 47.5 -8
      vertex -15.135254915624209 48.8167787843871 0
      vertex -15.135254915624209 48.8167787843871 -8
    endloop
  endfacet
  facet normal -0.7771459614569719 0.6293203910498364 0
    outer loop
      vertex -15.135254915624209 48.8167787843871 -8
      vertex -15.135254915624209 48.8167787843871 0
      vertex -14.147172382160917 50.03695909538287 -8
    endloop
  endfacet
  facet normal -0.7071067811865475 0.7071067811865475 0
    outer loop
      vertex -14.147172382160917 50.03695909538287 -8
      vertex -13.03695909538287 51.14717238216092 0
      vertex -13.03695909538287 51.14717238216092 -8
    endloop
  endfacet
  facet normal -0.6293203910498364 0.7771459614569719 0
    outer loop
      vertex -13.03695909538287 51.14717238216092 -8
      vertex -13.03695909538287 51.14717238216092 0
      vertex -11.816778784387097 52.13525491562421 -8
    endloop
  endfacet
  facet normal -0.5446390350150283 0.8386705679454233 0
    outer loop
      vertex -11.816778784387097 52.13525491562421 -8
      vertex -10.5 52.99038105676658 0
      vertex -10.5 52.99038105676658 -8
    endloop
  endfacet
  facet normal -0.4539904997395467 0.8910065241883679 0
    outer loop
      vertex -10.5 52.99038105676658 -8
      vertex -10.5 52.99038105676658 0
      vertex -9.101049646137003 53.703181864639014 -8
    endloop
  endfacet
  facet normal -0.3583679495453003 0.9335804264972017 0
    outer loop
      vertex -9.101049646137003 53.703181864639014 -8
      vertex -7.635254915624209 54.265847744427305 0
      vertex -7.635254915624209 54.265847744427305 -8
    endloop
  endfacet
  facet normal -0.2588190451025211 0.9659258262890683 0
    outer loop
      vertex -7.635254915624209 54.265847744427305 -8
      vertex -6.118675362266391 54.672214011007085 0
      vertex -6.118675362266391 54.672214011007085 -8
    endloop
  endfacet
  facet normal -0.1564344650402324 0.9876883405951375 0
    outer loop
      vertex -6.118675362266391 54.672214011007085 -8
      vertex -6.118675362266391 54.672214011007085 0
      vertex -4.567926949014801 54.917828430524104 -8
    endloop
  endfacet
  facet normal -0.05233595624294164 0.9986295347545739 0
    outer loop
      vertex -4.567926949014801 54.917828430524104 -8
      vertex -4.567926949014801 54.917828430524104 0
      vertex -3 55 -8
    endloop
  endfacet
  facet normal -0.8386705679454233 0.5446390350150283 0
    outer loop
      vertex -15.99038105676658 47.5 -8
      vertex -15.99038105676658 47.5 0
      vertex -15.135254915624209 48.8167787843871 0
    endloop
  endfacet
  facet normal -0.7771459614569719 0.6293203910498364 0
    outer loop
      vertex -14.147172382160917 50.03695909538287 -8
      vertex -15.135254915624209 48.8167787843871 0
      vertex -14.147172382160917 50.03695909538287 0
    endloop
  endfacet
  facet normal -0.7071067811865475 0.7071067811865475 0
    outer loop
      vertex -14.147172382160917 50.03695909538287 -8
      vertex -14.147172382160917 50.03695909538287 0
      vertex -13.03695909538287 51.14717238216092 0
    endloop
  endfacet
  facet normal 0 0 1
    outer loop
      vertex -17.672214011007085 43.11867536226639 0
      vertex 8 55 0
      vertex -17.265847744427305 44.63525491562421 0
    endloop
  endfacet
  facet normal 0 0 1
    outer loop
      vertex -17.265847744427305 44.63525491562421 0
      vertex 8 55 0
      vertex -16.703181864639014 46.101049646137 0
    endloop
  endfacet
  facet normal -0.6293203910498364 0.7771459614569719 0
    outer loop
      vertex -11.816778784387097 52.13525491562421 -8
      vertex -13.03695909538287 51.14717238216092 0
      vertex -11.816778784387097 52.13525491562421 0
    endloop
  endfacet
  facet normal -0.5446390350150283 0.8386705679454233 0
    outer loop
      vertex -11.816778784387097 52.13525491562421 -8
      vertex -11.816778784387097 52.13525491562421 0
      vertex -10.5 52.99038105676658 0
    endloop
  endfacet
  facet normal -0.4539904997395467 0.8910065241883679 0
    outer loop
      vertex -9.101049646137003 53.703181864639014 -8
      vertex -10.5 52.99038105676658 0
      vertex -9.101049646137003 53.703181864639014 0
    endloop
  endfacet
  facet normal -0.3583679495453003 0.9335804264972017 0
    outer loop
      vertex -9.101049646137003 53.703181864639014 -8
      vertex -9.101049646137003 53.703181864639014 0
      vertex -7.635254915624209 54.265847744427305 0
    endloop
  endfacet
  facet normal 0 0 1
    outer loop
      vertex -16.703181864639014 46.101049646137 0
      vertex 8 55 0
      vertex -15.99038105676658 47.5 0
    endloop
  endfacet
  facet normal 0 0 1
    outer loop
      vertex -15.99038105676658 47.5 0
      vertex 8 55 0
      vertex -15.135254915624209 48.8167787843871 0
    endloop
  endfacet
  facet normal -0.2588190451025211 0.9659258262890683 0
    outer loop
      vertex -7.635254915624209 54.265847744427305 -8
      vertex -7.635254915624209 54.265847744427305 0
      vertex -6.118675362266391 54.672214011007085 0
    endloop
  endfacet
  facet normal -0.1564344650402324 0.9876883405951375 0
    outer loop
      vertex -4.567926949014801 54.917828430524104 -8
      vertex -6.118675362266391 54.672214011007085 0
      vertex -4.567926949014801 54.917828430524104 0
    endloop
  endfacet
  facet normal -0.05233595624294164 0.9986295347545739 0
    outer loop
      vertex -3 55 -8
      vertex -4.567926949014801 54.917828430524104 0
      vertex -3 55 0
    endloop
  endfacet
  facet normal 0 1 0
    outer loop
      vertex -3 55 -8
      vertex -3 55 0
      vertex 8.284081190460528 55 -2.7028519806308715
    endloop
  endfacet
  facet normal 0 0 1
    outer loop
      vertex -15.135254915624209 48.8167787843871 0
      vertex 8 55 0
      vertex -14.147172382160917 50.03695909538287 0
    endloop
  endfacet
  facet normal 0 0 1
    outer loop
      vertex -14.147172382160917 50.03695909538287 0
      vertex 8 55 0
      vertex -13.03695909538287 51.14717238216092 0
    endloop
  endfacet
  facet normal 0 0 1
    outer loop
      vertex -13.03695909538287 51.14717238216092 0
      vertex 8 55 0
      vertex -11.816778784387097 52.13525491562421 0
    endloop
  endfacet
  facet normal 0 0 1
    outer loop
      vertex -11.816778784387097 52.13525491562421 0
      vertex 8 55 0
      vertex -10.5 52.99038105676658 0
    endloop
  endfacet
  facet normal 0 0 1
    outer loop
      vertex -10.5 52.99038105676658 0
      vertex 8 55 0
      vertex -9.101049646137003 53.703181864639014 0
    endloop
  endfacet
  facet normal 0 0 1
    outer loop
      vertex -9.101049646137003 53.703181864639014 0
      vertex 8 55 0
      vertex -7.635254915624209 54.265847744427305 0
    endloop
  endfacet
  facet normal 0 0 1
    outer loop
      vertex -7.635254915624209 54.265847744427305 0
      vertex 8 55 0
      vertex -6.118675362266391 54.672214011007085 0
    endloop
  endfacet
  facet normal 0 0 1
    outer loop
      vertex -6.118675362266391 54.672214011007085 0
      vertex 8 55 0
      vertex -4.567926949014801 54.917828430524104 0
    endloop
  endfacet
  facet normal 0 0 1
    outer loop
      vertex -4.567926949014801 54.917828430524104 0
      vertex 8 55 0
      vertex -3 55 0
    endloop
  endfacet
  facet normal 0 0 1
    outer loop
      vertex 4 36 0
      vertex 4 44 0
      vertex -1.1000000000000014 40 0
    endloop
  endfacet
  facet normal 0 1 0
    outer loop
      vertex -3 55 -8
      vertex 10.482779073125684 55 -7.641208279802151
      vertex 11.339117268793874 55 -8.698697882665158
    endloop
  endfacet
  facet normal 0 1 0
    outer loop
      vertex -3 55 -8
      vertex 9.741669750802298 55 -6.5
      vertex 10.482779073125684 55 -7.641208279802151
    endloop
  endfacet
  facet normal 0 1 0
    outer loop
      vertex -3 55 -8
      vertex 9.123909050646189 55 -5.287576359985403
      vertex 9.741669750802298 55 -6.5
    endloop
  endfacet
  facet normal 0 1 0
    outer loop
      vertex -3 55 -8
      vertex 8.636265288163003 55 -4.017220926874316
      vertex 9.123909050646189 55 -5.287576359985403
    endloop
  endfacet
  facet normal 0 1 0
    outer loop
      vertex -3 55 -8
      vertex 8.284081190460528 55 -2.7028519806308715
      vertex 8.636265288163003 55 -4.017220926874316
    endloop
  endfacet
  facet normal 0 0 1
    outer loop
      vertex 8 55 0
      vertex 4 44 0
      vertex 8 44 0
    endloop
  endfacet
  facet normal 0 1 0
    outer loop
      vertex -3 55 0
      vertex 8.071215360212445 55 -1.3588700224794952
      vertex 8.284081190460528 55 -2.7028519806308715
    endloop
  endfacet
  facet normal 0 1 0
    outer loop
      vertex -3 55 0
      vertex 8 55 0
      vertex 8.071215360212445 55 -1.3588700224794952
    endloop
  endfacet
  facet normal 0 -1 0
    outer loop
      vertex 36 25 -19
      vertex 19.641129977520507 25 -12.928784639787555
      vertex 18.29714801936913 25 -12.715918809539472
    endloop
  endfacet
  facet normal 0 -1 0
    outer loop
      vertex 36 25 -19
      vertex 21 25 -13
      vertex 19.641129977520507 25 -12.928784639787555
    endloop
  endfacet
  facet normal 0 -1 0
    outer loop
      vertex 36 25 -19
      vertex 22.358870022479493 25 -12.928784639787555
      vertex 21 25 -13
    endloop
  endfacet
  facet normal 0 -1 0
    outer loop
      vertex 36 25 -19
      vertex 23.70285198063087 25 -12.715918809539472
      vertex 22.358870022479493 25 -12.928784639787555
    endloop
  endfacet
  facet normal 0 -1 0
    outer loop
      vertex 36 25 -19
      vertex 25.017220926874316 25 -12.363734711836997
      vertex 23.70285198063087 25 -12.715918809539472
    endloop
  endfacet
  facet normal 0 -1 0
    outer loop
      vertex 36 25 -19
      vertex 26.2875763599854 25 -11.876090949353811
      vertex 25.017220926874316 25 -12.363734711836997
    endloop
  endfacet
  facet normal 0 -1 0
    outer loop
      vertex 36 25 -19
      vertex 27.5 25 -11.258330249197702
      vertex 26.2875763599854 25 -11.876090949353811
    endloop
  endfacet
  facet normal 0 -1 0
    outer loop
      vertex 36 25 -19
      vertex 28.64120827980215 25 -10.517220926874316
      vertex 27.5 25 -11.258330249197702
    endloop
  endfacet
  facet normal 0 -1 0
    outer loop
      vertex 36 25 -19
      vertex 29.698697882665158 25 -9.660882731206126
      vertex 28.64120827980215 25 -10.517220926874316
    endloop
  endfacet
  facet normal 0 -1 0
    outer loop
      vertex 36 25 -19
      vertex 30.660882731206126 25 -8.698697882665158
      vertex 29.698697882665158 25 -9.660882731206126
    endloop
  endfacet
  facet normal 0 -1 0
    outer loop
      vertex 36 25 -19
      vertex 45 25 -8
      vertex 30.660882731206126 25 -8.698697882665158
    endloop
  endfacet
  facet normal 0 0 -1
    outer loop
      vertex 6 25 -19
      vertex 36 55 -19
      vertex 36 25 -19
    endloop
  endfacet
  facet normal 0.41665471049321806 -3.925253876703239e-15 -0.909064822894282
    outer loop
      vertex 36 25 -19
      vertex 42.398993110829124 37.658042877743995 -16.067128157536654
      vertex 42.658042877743995 37.39899311082912 -15.948397014367336
    endloop
  endfacet
  facet normal 0.4166547104932224 -5.144079976893727e-15 -0.90906482289428
    outer loop
      vertex 36 25 -19
      vertex 41.67130219296696 38.918440519687685 -16.40065316155681
      vertex 41.8025908982509 38.5764217492347 -16.340479171635003
    endloop
  endfacet
  facet normal 0.4166547104932061 4.087993618017385e-15 -0.9090648228942877
    outer loop
      vertex 36 25 -19
      vertex 42.168440519687685 37.942751616976345 -16.172798095143143
      vertex 42.398993110829124 37.658042877743995 -16.067128157536654
    endloop
  endfacet
  facet normal 0.4166547104932119 7.212731258019114e-16 -0.909064822894285
    outer loop
      vertex 36 25 -19
      vertex 41.96891108675446 38.25 -16.264249085237537
      vertex 42.168440519687685 37.942751616976345 -16.172798095143143
    endloop
  endfacet
  facet normal 0.4166547104932139 0 -0.909064822894284
    outer loop
      vertex 36 25 -19
      vertex 41.8025908982509 38.5764217492347 -16.340479171635003
      vertex 41.96891108675446 38.25 -16.264249085237537
    endloop
  endfacet
  facet normal 0.41665471049320396 4.854239237201658e-15 -0.9090648228942886
    outer loop
      vertex 36 25 -19
      vertex 41.57648339743168 39.272309082137845 -16.444111776177145
      vertex 41.67130219296696 38.918440519687685 -16.40065316155681
    endloop
  endfacet
  facet normal 0.41665471049322067 -2.847261556786378e-15 -0.909064822894281
    outer loop
      vertex 36 25 -19
      vertex 41.51917336621104 39.63415037856321 -16.47037887381994
      vertex 41.57648339743168 39.272309082137845 -16.444111776177145
    endloop
  endfacet
  facet normal 0.416654710493218 -2.1064990679101942e-15 -0.9090648228942821
    outer loop
      vertex 36 25 -19
      vertex 41.5 40 -16.479166666666668
      vertex 41.51917336621104 39.63415037856321 -16.47037887381994
    endloop
  endfacet
  facet normal 0.052288041031402256 -0.9977152580537718 -0.042781124480238214
    outer loop
      vertex 36 25 -19
      vertex 46.567926949014804 25.082171569475896 -8
      vertex 45 25 -8
    endloop
  endfacet
  facet normal 0.15486103759523367 -0.9777541106810402 -0.14147423115626306
    outer loop
      vertex 36 25 -19
      vertex 48.11867536226639 25.327785988992915 -8
      vertex 46.567926949014804 25.082171569475896 -8
    endloop
  endfacet
  facet normal 0.2507118687322181 -0.9356694321691785 -0.24832694694898944
    outer loop
      vertex 36 25 -19
      vertex 49.63525491562421 25.734152255572695 -8
      vertex 48.11867536226639 25.327785988992915 -8
    endloop
  endfacet
  facet normal 0.3347832957647484 -0.872140302838895 -0.356779255340012
    outer loop
      vertex 36 25 -19
      vertex 51.101049646137 26.296818135360986 -8
      vertex 49.63525491562421 25.734152255572695 -8
    endloop
  endfacet
  facet normal 0.40308368402798467 -0.7910962728710436 -0.4600980664162493
    outer loop
      vertex 36 25 -19
      vertex 52.5 27.00961894323342 -8
      vertex 51.101049646137 26.296818135360986 -8
    endloop
  endfacet
  facet normal 0.4537791670151844 -0.6987586405956456 -0.5530106958964996
    outer loop
      vertex 36 25 -19
      vertex 53.8167787843871 27.86474508437579 -8
      vertex 52.5 27.00961894323342 -8
    endloop
  endfacet
  facet normal 0.48736799559405214 -0.6018493519452819 -0.632652981051761
    outer loop
      vertex 36 25 -19
      vertex 55.03695909538287 28.852827617839086 -8
      vertex 53.8167787843871 27.86474508437579 -8
    endloop
  endfacet
  facet normal 0.5060171016664754 -0.506017101666479 -0.6984936546899451
    outer loop
      vertex 36 25 -19
      vertex 56.14717238216092 29.963040904617127 -8
      vertex 55.03695909538287 28.852827617839086 -8
    endloop
  endfacet
  facet normal 0.5126191727375639 -0.4151108211925102 -0.7516013503651625
    outer loop
      vertex 36 25 -19
      vertex 57.13525491562421 31.183221215612903 -8
      vertex 56.14717238216092 29.963040904617127 -8
    endloop
  endfacet
  facet normal 0.5100482193168203 -0.3312291865212136 -0.7938123455630027
    outer loop
      vertex 36 25 -19
      vertex 57.99038105676658 32.5 -8
      vertex 57.13525491562421 31.183221215612903 -8
    endloop
  endfacet
  facet normal 0.5007641730641266 -0.2551520903712041 -0.8271231188611562
    outer loop
      vertex 36 25 -19
      vertex 58.703181864639014 33.898950353863 -8
      vertex 57.99038105676658 32.5 -8
    endloop
  endfacet
  facet normal 0.48669449143504356 -0.18682451131176603 -0.8533610455017877
    outer loop
      vertex 36 25 -19
      vertex 59.265847744427305 35.36474508437579 -8
      vertex 58.703181864639014 33.898950353863 -8
    endloop
  endfacet
  facet normal 0.4692672761394845 -0.12573978767592692 -0.8740581956253495
    outer loop
      vertex 36 25 -19
      vertex 59.672214011007085 36.88132463773361 -8
      vertex 59.265847744427305 35.36474508437579 -8
    endloop
  endfacet
  facet normal 0.4166547104932163 -2.5267474247314563e-15 -0.9090648228942829
    outer loop
      vertex 36 25 -19
      vertex 43.25 36.96891108675447 -15.677083333333334
      vertex 43.5764217492347 36.8025908982509 -15.527473364934096
    endloop
  endfacet
  facet normal 0.41665471049321046 1.9256924708592414e-15 -0.9090648228942857
    outer loop
      vertex 36 25 -19
      vertex 43.5764217492347 36.8025908982509 -15.527473364934096
      vertex 43.918440519687685 36.67130219296696 -15.370714761809811
    endloop
  endfacet
  facet normal 0.4166547104932152 -6.376236273046673e-16 -0.9090648228942835
    outer loop
      vertex 36 25 -19
      vertex 42.658042877743995 37.39899311082912 -15.948397014367336
      vertex 42.942751616976345 37.168440519687685 -15.817905508885842
    endloop
  endfacet
  facet normal 0.4166547104932119 1.2605918568131038e-15 -0.909064822894285
    outer loop
      vertex 36 25 -19
      vertex 42.942751616976345 37.168440519687685 -15.817905508885842
      vertex 43.25 36.96891108675447 -15.677083333333334
    endloop
  endfacet
  facet normal 0.4166547104932138 0 -0.9090648228942841
    outer loop
      vertex 36 25 -19
      vertex 44.27230908213784 36.57648339743168 -15.208525004020157
      vertex 44.63415037856321 36.51917336621104 -15.04268107649186
    endloop
  endfacet
  facet normal 0.4166547104932166 -2.6467505604497586e-15 -0.9090648228942828
    outer loop
      vertex 36 25 -19
      vertex 43.918440519687685 36.67130219296696 -15.370714761809811
      vertex 44.27230908213784 36.57648339743168 -15.208525004020157
    endloop
  endfacet
  facet normal 0.4166547104932106 1.4747815948469444e-15 -0.9090648228942857
    outer loop
      vertex 36 25 -19
      vertex 44.63415037856321 36.51917336621104 -15.04268107649186
      vertex 45 36.5 -14.875
    endloop
  endfacet
  facet normal 0.41665471049321257 1.600931293971898e-15 -0.9090648228942848
    outer loop
      vertex 36 25 -19
      vertex 45 36.5 -14.875
      vertex 45.36584962143679 36.51917336621104 -14.70731892350814
    endloop
  endfacet
  facet normal 0.41665471049321456 1.7787556408514946e-15 -0.9090648228942838
    outer loop
      vertex 36 25 -19
      vertex 45.36584962143679 36.51917336621104 -14.70731892350814
      vertex 45.72769091786216 36.57648339743168 -14.541474995979843
    endloop
  endfacet
  facet normal 0.41665471049321867 -4.069890594013864e-15 -0.9090648228942819
    outer loop
      vertex 36 25 -19
      vertex 45.72769091786216 36.57648339743168 -14.541474995979843
      vertex 46.081559480312315 36.67130219296696 -14.379285238190189
    endloop
  endfacet
  facet normal 0.4166547104932076 4.841669276424878e-15 -0.909064822894287
    outer loop
      vertex 36 25 -19
      vertex 46.081559480312315 36.67130219296696 -14.379285238190189
      vertex 46.4235782507653 36.8025908982509 -14.222526635065904
    endloop
  endfacet
  facet normal 0.4166547104932232 -9.144949791160465e-15 -0.9090648228942797
    outer loop
      vertex 36 25 -19
      vertex 46.4235782507653 36.8025908982509 -14.222526635065904
      vertex 46.75 36.96891108675447 -14.072916666666666
    endloop
  endfacet
  facet normal 0.41665471049322594 -8.140150800650268e-15 -0.9090648228942786
    outer loop
      vertex 36 25 -19
      vertex 46.75 36.96891108675447 -14.072916666666666
      vertex 46.90909090909091 37.072225931126795 -14
    endloop
  endfacet
  facet normal 0.41665471049321345 2.0489911909035524e-16 -0.9090648228942844
    outer loop
      vertex 36 25 -19
      vertex 46.90909090909091 37.072225931126795 -14
      vertex 60 40 -8
    endloop
  endfacet
  facet normal 0.44950156185294043 -0.0711940532990842 -0.8904379555402017
    outer loop
      vertex 36 25 -19
      vertex 59.917828430524104 38.432073050985196 -8
      vertex 59.672214011007085 36.88132463773361 -8
    endloop
  endfacet
  facet normal 0.42810414009375175 -0.022435987284188677 -0.9034508684533836
    outer loop
      vertex 36 25 -19
      vertex 60 40 -8
      vertex 59.917828430524104 38.432073050985196 -8
    endloop
  endfacet
  facet normal 0 -1 0
    outer loop
      vertex 45 25 -8
      vertex 31.517220926874316 25 -7.641208279802151
      vertex 30.660882731206126 25 -8.698697882665158
    endloop
  endfacet
  facet normal 0 -1 0
    outer loop
      vertex 45 25 -8
      vertex 32.2583302491977 25 -6.5
      vertex 31.517220926874316 25 -7.641208279802151
    endloop
  endfacet
  facet normal 0 -1 0
    outer loop
      vertex 45 25 -8
      vertex 32.87609094935381 25 -5.287576359985403
      vertex 32.2583302491977 25 -6.5
    endloop
  endfacet
  facet normal 0 -1 0
    outer loop
      vertex 45 25 -8
      vertex 33.363734711837 25 -4.017220926874316
      vertex 32.87609094935381 25 -5.287576359985403
    endloop
  endfacet
  facet normal 0 -1 0
    outer loop
      vertex 45 25 -8
      vertex 33.715918809539474 25 -2.7028519806308715
      vertex 33.363734711837 25 -4.017220926874316
    endloop
  endfacet
  facet normal 0 -1 0
    outer loop
      vertex 45 25 0
      vertex 33.92878463978755 25 -1.3588700224794952
      vertex 33.715918809539474 25 -2.7028519806308715
    endloop
  endfacet
  facet normal 0 -1 0
    outer loop
      vertex 45 25 0
      vertex 34 25 0
      vertex 33.92878463978755 25 -1.3588700224794952
    endloop
  endfacet
  facet normal 0 0 1
    outer loop
      vertex 45 25 0
      vertex 38 36 0
      vertex 34 25 0
    endloop
  endfacet
  facet normal 0 0 1
    outer loop
      vertex 34 25 0
      vertex 38 36 0
      vertex 34 36 0
    endloop
  endfacet
  facet normal 0.05233595624294152 -0.9986295347545739 0
    outer loop
      vertex 45 25 -8
      vertex 46.567926949014804 25.082171569475896 -8
      vertex 46.567926949014804 25.082171569475896 0
    endloop
  endfacet
  facet normal 0.1564344650402331 -0.9876883405951373 0
    outer loop
      vertex 46.567926949014804 25.082171569475896 -8
      vertex 48.11867536226639 25.327785988992915 -8
      vertex 46.567926949014804 25.082171569475896 0
    endloop
  endfacet
  facet normal 0.2588190451025205 -0.9659258262890684 0
    outer loop
      vertex 48.11867536226639 25.327785988992915 -8
      vertex 49.63525491562421 25.734152255572695 -8
      vertex 49.63525491562421 25.734152255572695 0
    endloop
  endfacet
  facet normal 0.35836794954530105 -0.9335804264972015 0
    outer loop
      vertex 49.63525491562421 25.734152255572695 -8
      vertex 51.101049646137 26.296818135360986 -8
      vertex 49.63525491562421 25.734152255572695 0
    endloop
  endfacet
  facet normal 0.4539904997395458 -0.8910065241883685 0
    outer loop
      vertex 51.101049646137 26.296818135360986 -8
      vertex 52.5 27.00961894323342 -8
      vertex 52.5 27.00961894323342 0
    endloop
  endfacet
  facet normal 0.5446390350150283 -0.8386705679454233 0
    outer loop
      vertex 52.5 27.00961894323342 -8
      vertex 53.8167787843871 27.86474508437579 -8
      vertex 52.5 27.00961894323342 0
    endloop
  endfacet
  facet normal 0.6293203910498376 -0.7771459614569707 0
    outer loop
      vertex 53.8167787843871 27.86474508437579 -8
      vertex 55.03695909538287 28.852827617839086 -8
      vertex 55.03695909538287 28.852827617839086 0
    endloop
  endfacet
  facet normal 0.7071067811865452 -0.7071067811865498 0
    outer loop
      vertex 55.03695909538287 28.852827617839086 -8
      vertex 56.14717238216092 29.963040904617127 -8
      vertex 55.03695909538287 28.852827617839086 0
    endloop
  endfacet
  facet normal 0.7771459614569727 -0.6293203910498352 0
    outer loop
      vertex 56.14717238216092 29.963040904617127 -8
      vertex 57.13525491562421 31.183221215612903 -8
      vertex 56.14717238216092 29.963040904617127 0
    endloop
  endfacet
  facet normal 0.8386705679454233 -0.5446390350150283 0
    outer loop
      vertex 57.13525491562421 31.183221215612903 -8
      vertex 57.99038105676658 32.5 -8
      vertex 57.99038105676658 32.5 0
    endloop
  endfacet
  facet normal 0 -1 0
    outer loop
      vertex 45 25 -8
      vertex 45 25 0
      vertex 33.715918809539474 25 -2.7028519806308715
    endloop
  endfacet
  facet normal 0.05233595624294152 -0.9986295347545739 0
    outer loop
      vertex 45 25 -8
      vertex 46.567926949014804 25.082171569475896 0
      vertex 45 25 0
    endloop
  endfacet
  facet normal 0.1564344650402331 -0.9876883405951373 0
    outer loop
      vertex 48.11867536226639 25.327785988992915 -8
      vertex 48.11867536226639 25.327785988992915 0
      vertex 46.567926949014804 25.082171569475896 0
    endloop
  endfacet
  facet normal 0.2588190451025205 -0.9659258262890684 0
    outer loop
      vertex 48.11867536226639 25.327785988992915 -8
      vertex 49.63525491562421 25.734152255572695 0
      vertex 48.11867536226639 25.327785988992915 0
    endloop
  endfacet
  facet normal 0.35836794954530105 -0.9335804264972015 0
    outer loop
      vertex 51.101049646137 26.296818135360986 -8
      vertex 51.101049646137 26.296818135360986 0
      vertex 49.63525491562421 25.734152255572695 0
    endloop
  endfacet
  facet normal 0.4539904997395458 -0.8910065241883685 0
    outer loop
      vertex 51.101049646137 26.296818135360986 -8
      vertex 52.5 27.00961894323342 0
      vertex 51.101049646137 26.296818135360986 0
    endloop
  endfacet
  facet normal 0.5446390350150283 -0.8386705679454233 0
    outer loop
      vertex 53.8167787843871 27.86474508437579 -8
      vertex 53.8167787843871 27.86474508437579 0
      vertex 52.5 27.00961894323342 0
    endloop
  endfacet
  facet normal 0.6293203910498376 -0.7771459614569707 0
    outer loop
      vertex 53.8167787843871 27.86474508437579 -8
      vertex 55.03695909538287 28.852827617839086 0
      vertex 53.8167787843871 27.86474508437579 0
    endloop
  endfacet
  facet normal 0.7071067811865452 -0.7071067811865498 0
    outer loop
      vertex 56.14717238216092 29.963040904617127 -8
      vertex 56.14717238216092 29.963040904617127 0
      vertex 55.03695909538287 28.852827617839086 0
    endloop
  endfacet
  facet normal 0.7771459614569727 -0.6293203910498352 0
    outer loop
      vertex 57.13525491562421 31.183221215612903 -8
      vertex 57.13525491562421 31.183221215612903 0
      vertex 56.14717238216092 29.963040904617127 0
    endloop
  endfacet
  facet normal 0.8386705679454233 -0.5446390350150283 0
    outer loop
      vertex 57.13525491562421 31.183221215612903 -8
      vertex 57.99038105676658 32.5 0
      vertex 57.13525491562421 31.183221215612903 0
    endloop
  endfacet
  facet normal 0.8910065241883685 -0.4539904997395458 0
    outer loop
      vertex 57.99038105676658 32.5 -8
      vertex 58.703181864639014 33.898950353863 -8
      vertex 58.703181864639014 33.898950353863 0
    endloop
  endfacet
  facet normal 0.9335804264972015 -0.35836794954530105 0
    outer loop
      vertex 58.703181864639014 33.898950353863 -8
      vertex 59.265847744427305 35.36474508437579 -8
      vertex 58.703181864639014 33.898950353863 0
    endloop
  endfacet
  facet normal 0.9659258262890684 -0.2588190451025205 0
    outer loop
      vertex 59.265847744427305 35.36474508437579 -8
      vertex 59.672214011007085 36.88132463773361 -8
      vertex 59.672214011007085 36.88132463773361 0
    endloop
  endfacet
  facet normal 0.9876883405951373 -0.1564344650402331 0
    outer loop
      vertex 59.672214011007085 36.88132463773361 -8
      vertex 59.917828430524104 38.432073050985196 -8
      vertex 59.672214011007085 36.88132463773361 0
    endloop
  endfacet
  facet normal 0.9986295347545739 -0.05233595624294152 0
    outer loop
      vertex 59.917828430524104 38.432073050985196 -8
      vertex 60 40 -8
      vertex 60 40 0
    endloop
  endfacet
  facet normal 0 0 1
    outer loop
      vertex 45 25 0
      vertex 43.588024831592946 38.72865184791817 0
      vertex 38 36 0
    endloop
  endfacet
  facet normal 0 0 1
    outer loop
      vertex 45 25 0
      vertex 43.72865184791817 38.58802483159295 0
      vertex 43.588024831592946 38.72865184791817 0
    endloop
  endfacet
  facet normal 0 0 1
    outer loop
      vertex 45 25 0
      vertex 44.227200378155985 38.26426363047906 0
      vertex 44.05 38.35455173280957 0
    endloop
  endfacet
  facet normal 0 0 1
    outer loop
      vertex 45 25 0
      vertex 44.604967787446256 38.14151955860577 0
      vertex 44.4128677106876 38.19299261903921 0
    endloop
  endfacet
  facet normal 0 0 1
    outer loop
      vertex 45 25 0
      vertex 44.4128677106876 38.19299261903921 0
      vertex 44.227200378155985 38.26426363047906 0
    endloop
  endfacet
  facet normal 0 0 1
    outer loop
      vertex 45 25 0
      vertex 44.80139591979146 38.11040839880028 0
      vertex 44.604967787446256 38.14151955860577 0
    endloop
  endfacet
  facet normal 0 0 1
    outer loop
      vertex 45 25 0
      vertex 45 38.1 0
      vertex 44.80139591979146 38.11040839880028 0
    endloop
  endfacet
  facet normal 0 0 1
    outer loop
      vertex 45 25 0
      vertex 45.19860408020854 38.11040839880028 0
      vertex 45 38.1 0
    endloop
  endfacet
  facet normal 0 0 1
    outer loop
      vertex 45 25 0
      vertex 45.395032212553744 38.14151955860577 0
      vertex 45.19860408020854 38.11040839880028 0
    endloop
  endfacet
  facet normal 0 0 1
    outer loop
      vertex 45 25 0
      vertex 45.5871322893124 38.19299261903921 0
      vertex 45.395032212553744 38.14151955860577 0
    endloop
  endfacet
  facet normal 0 0 1
    outer loop
      vertex 45 25 0
      vertex 43.883208020644304 38.4628677106876 0
      vertex 43.72865184791817 38.58802483159295 0
    endloop
  endfacet
  facet normal 0 0 1
    outer loop
      vertex 45 25 0
      vertex 44.05 38.35455173280957 0
      vertex 43.883208020644304 38.4628677106876 0
    endloop
  endfacet
  facet normal 0 0 1
    outer loop
      vertex 45 25 0
      vertex 45.772799621844015 38.26426363047906 0
      vertex 45.5871322893124 38.19299261903921 0
    endloop
  endfacet
  facet normal 0 0 1
    outer loop
      vertex 45 25 0
      vertex 45.95 38.35455173280957 0
      vertex 45.772799621844015 38.26426363047906 0
    endloop
  endfacet
  facet normal 0 0 1
    outer loop
      vertex 45 25 0
      vertex 46.116791979355696 38.4628677106876 0
      vertex 45.95 38.35455173280957 0
    endloop
  endfacet
  facet normal 0 0 1
    outer loop
      vertex 45 25 0
      vertex 46.27134815208183 38.58802483159295 0
      vertex 46.116791979355696 38.4628677106876 0
    endloop
  endfacet
  facet normal 0 0 1
    outer loop
      vertex 45 25 0
      vertex 46.411975168407054 38.72865184791817 0
      vertex 46.27134815208183 38.58802483159295 0
    endloop
  endfacet
  facet normal 0 0 1
    outer loop
      vertex 45 25 0
      vertex 46.537132289312396 38.883208020644304 0
      vertex 46.411975168407054 38.72865184791817 0
    endloop
  endfacet
  facet normal 0 0 1
    outer loop
      vertex 45 25 0
      vertex 46.567926949014804 25.082171569475896 0
      vertex 55.03695909538287 51.14717238216092 0
    endloop
  endfacet
  facet normal 0 0 1
    outer loop
      vertex 46.567926949014804 25.082171569475896 0
      vertex 48.11867536226639 25.327785988992915 0
      vertex 55.03695909538287 51.14717238216092 0
    endloop
  endfacet
  facet normal 0 0 1
    outer loop
      vertex 38 36 0
      vertex 43.588024831592946 38.72865184791817 0
      vertex 43.462867710687604 38.883208020644304 0
    endloop
  endfacet
  facet normal 0 0 1
    outer loop
      vertex 38 36 0
      vertex 43.462867710687604 38.883208020644304 0
      vertex 43.35455173280957 39.05 0
    endloop
  endfacet
  facet normal 0 0 1
    outer loop
      vertex 38 36 0
      vertex 43.35455173280957 39.05 0
      vertex 43.26426363047906 39.22720037815598 0
    endloop
  endfacet
  facet normal 0 0 1
    outer loop
      vertex 38 36 0
      vertex 43.26426363047906 39.22720037815598 0
      vertex 43.19299261903921 39.4128677106876 0
    endloop
  endfacet
  facet normal 0 0 1
    outer loop
      vertex 38 36 0
      vertex 43.19299261903921 39.4128677106876 0
      vertex 43.141519558605765 39.604967787446256 0
    endloop
  endfacet
  facet normal 0 0 1
    outer loop
      vertex 38 36 0
      vertex 43.141519558605765 39.604967787446256 0
      vertex 43.11040839880028 39.80139591979146 0
    endloop
  endfacet
  facet normal 0 0 1
    outer loop
      vertex 38 36 0
      vertex 43.11040839880028 39.80139591979146 0
      vertex 43.1 40 0
    endloop
  endfacet
  facet normal 0 0 1
    outer loop
      vertex 38 36 0
      vertex 43.1 40 0
      vertex 43.11040839880028 40.19860408020854 0
    endloop
  endfacet
  facet normal 0 0 1
    outer loop
      vertex 38 36 0
      vertex 43.11040839880028 40.19860408020854 0
      vertex 43.141519558605765 40.395032212553744 0
    endloop
  endfacet
  facet normal 0 0 1
    outer loop
      vertex 45 25 0
      vertex 55.03695909538287 51.14717238216092 0
      vertex 46.537132289312396 38.883208020644304 0
    endloop
  endfacet
  facet normal 0.8910065241883685 -0.4539904997395458 0
    outer loop
      vertex 57.99038105676658 32.5 -8
      vertex 58.703181864639014 33.898950353863 0
      vertex 57.99038105676658 32.5 0
    endloop
  endfacet
  facet normal 0.9335804264972015 -0.35836794954530105 0
    outer loop
      vertex 59.265847744427305 35.36474508437579 -8
      vertex 59.265847744427305 35.36474508437579 0
      vertex 58.703181864639014 33.898950353863 0
    endloop
  endfacet
  facet normal 0.9659258262890684 -0.2588190451025205 0
    outer loop
      vertex 59.265847744427305 35.36474508437579 -8
      vertex 59.672214011007085 36.88132463773361 0
      vertex 59.265847744427305 35.36474508437579 0
    endloop
  endfacet
  facet normal 0 0 1
    outer loop
      vertex 48.11867536226639 25.327785988992915 0
      vertex 49.63525491562421 25.734152255572695 0
      vertex 55.03695909538287 51.14717238216092 0
    endloop
  endfacet
  facet normal 0 0 1
    outer loop
      vertex 49.63525491562421 25.734152255572695 0
      vertex 51.101049646137 26.296818135360986 0
      vertex 55.03695909538287 51.14717238216092 0
    endloop
  endfacet
  facet normal 0 0 1
    outer loop
      vertex 51.101049646137 26.296818135360986 0
      vertex 52.5 27.00961894323342 0
      vertex 55.03695909538287 51.14717238216092 0
    endloop
  endfacet
  facet normal 0 0 1
    outer loop
      vertex 52.5 27.00961894323342 0
      vertex 53.8167787843871 27.86474508437579 0
      vertex 55.03695909538287 51.14717238216092 0
    endloop
  endfacet
  facet normal 0 0 1
    outer loop
      vertex 53.8167787843871 27.86474508437579 0
      vertex 55.03695909538287 28.852827617839086 0
      vertex 55.03695909538287 51.14717238216092 0
    endloop
  endfacet
  facet normal 0.9876883405951373 -0.1564344650402331 0
    outer loop
      vertex 59.917828430524104 38.432073050985196 -8
      vertex 59.917828430524104 38.432073050985196 0
      vertex 59.672214011007085 36.88132463773361 0
    endloop
  endfacet
  facet normal 0.9986295347545739 -0.05233595624294152 0
    outer loop
      vertex 59.917828430524104 38.432073050985196 -8
      vertex 60 40 0
      vertex 59.917828430524104 38.432073050985196 0
    endloop
  endfacet
  facet normal 0 0 1
    outer loop
      vertex 55.03695909538287 28.852827617839086 0
      vertex 56.14717238216092 29.963040904617127 0
      vertex 55.03695909538287 51.14717238216092 0
    endloop
  endfacet
  facet normal 0 0 1
    outer loop
      vertex 56.14717238216092 29.963040904617127 0
      vertex 57.13525491562421 31.183221215612903 0
      vertex 55.03695909538287 51.14717238216092 0
    endloop
  endfacet
  facet normal 0 0 1
    outer loop
      vertex 57.13525491562421 31.183221215612903 0
      vertex 57.99038105676658 32.5 0
      vertex 55.03695909538287 51.14717238216092 0
    endloop
  endfacet
  facet normal 0 0 1
    outer loop
      vertex 57.99038105676658 32.5 0
      vertex 58.703181864639014 33.898950353863 0
      vertex 55.03695909538287 51.14717238216092 0
    endloop
  endfacet
  facet normal 0.4166547104932135 0 -0.9090648228942844
    outer loop
      vertex 36 25 -19
      vertex 36 55 -19
      vertex 41.5 40 -16.479166666666668
    endloop
  endfacet
  facet normal 0.416654710493218 2.1064990679101942e-15 -0.9090648228942821
    outer loop
      vertex 36 55 -19
      vertex 41.51917336621104 40.36584962143679 -16.47037887381994
      vertex 41.5 40 -16.479166666666668
    endloop
  endfacet
  facet normal 0.41665471049322067 2.847261556786378e-15 -0.909064822894281
    outer loop
      vertex 36 55 -19
      vertex 41.57648339743168 40.727690917862155 -16.444111776177145
      vertex 41.51917336621104 40.36584962143679 -16.47037887381994
    endloop
  endfacet
  facet normal 0.41665471049320396 -4.854239237201658e-15 -0.9090648228942886
    outer loop
      vertex 36 55 -19
      vertex 41.67130219296696 41.081559480312315 -16.40065316155681
      vertex 41.57648339743168 40.727690917862155 -16.444111776177145
    endloop
  endfacet
  facet normal 0.4166547104932224 5.144079976893727e-15 -0.90906482289428
    outer loop
      vertex 36 55 -19
      vertex 41.8025908982509 41.4235782507653 -16.340479171635003
      vertex 41.67130219296696 41.081559480312315 -16.40065316155681
    endloop
  endfacet
  facet normal 0.4166547104932139 0 -0.909064822894284
    outer loop
      vertex 36 55 -19
      vertex 41.96891108675446 41.75 -16.264249085237537
      vertex 41.8025908982509 41.4235782507653 -16.340479171635003
    endloop
  endfacet
  facet normal 0.4166547104932119 -7.212731258019114e-16 -0.909064822894285
    outer loop
      vertex 36 55 -19
      vertex 42.168440519687685 42.057248383023655 -16.172798095143143
      vertex 41.96891108675446 41.75 -16.264249085237537
    endloop
  endfacet
  facet normal 0.4166547104932061 -4.087993618017385e-15 -0.9090648228942877
    outer loop
      vertex 36 55 -19
      vertex 42.398993110829124 42.341957122256005 -16.067128157536654
      vertex 42.168440519687685 42.057248383023655 -16.172798095143143
    endloop
  endfacet
  facet normal 0.41665471049321806 3.925253876703239e-15 -0.909064822894282
    outer loop
      vertex 36 55 -19
      vertex 42.658042877743995 42.60100688917088 -15.948397014367336
      vertex 42.398993110829124 42.341957122256005 -16.067128157536654
    endloop
  endfacet
  facet normal 0 1 0
    outer loop
      vertex 6 55 -19
      vertex 45 55 -8
      vertex 36 55 -19
    endloop
  endfacet
  facet normal 0 1 0
    outer loop
      vertex 6 55 -19
      vertex 23.70285198063087 55 -12.715918809539472
      vertex 45 55 -8
    endloop
  endfacet
  facet normal 0 1 0
    outer loop
      vertex 45 55 -8
      vertex 23.70285198063087 55 -12.715918809539472
      vertex 25.017220926874316 55 -12.363734711836997
    endloop
  endfacet
  facet normal 0 1 0
    outer loop
      vertex 45 55 -8
      vertex 25.017220926874316 55 -12.363734711836997
      vertex 26.2875763599854 55 -11.876090949353811
    endloop
  endfacet
  facet normal 0 1 0
    outer loop
      vertex 45 55 -8
      vertex 26.2875763599854 55 -11.876090949353811
      vertex 27.5 55 -11.258330249197702
    endloop
  endfacet
  facet normal 0 1 0
    outer loop
      vertex 45 55 -8
      vertex 27.5 55 -11.258330249197702
      vertex 28.64120827980215 55 -10.517220926874316
    endloop
  endfacet
  facet normal 0.4166547104932152 6.376236273046673e-16 -0.9090648228942835
    outer loop
      vertex 36 55 -19
      vertex 42.942751616976345 42.831559480312315 -15.817905508885842
      vertex 42.658042877743995 42.60100688917088 -15.948397014367336
    endloop
  endfacet
  facet normal 0.4166547104932119 -1.2605918568131038e-15 -0.909064822894285
    outer loop
      vertex 36 55 -19
      vertex 43.25 43.03108891324553 -15.677083333333334
      vertex 42.942751616976345 42.831559480312315 -15.817905508885842
    endloop
  endfacet
  facet normal 0.4166547104932163 2.5267474247314563e-15 -0.9090648228942829
    outer loop
      vertex 36 55 -19
      vertex 43.5764217492347 43.1974091017491 -15.527473364934096
      vertex 43.25 43.03108891324553 -15.677083333333334
    endloop
  endfacet
  facet normal 0.41665471049321046 -1.9256924708592414e-15 -0.9090648228942857
    outer loop
      vertex 36 55 -19
      vertex 43.918440519687685 43.32869780703304 -15.370714761809811
      vertex 43.5764217492347 43.1974091017491 -15.527473364934096
    endloop
  endfacet
  facet normal 0.4166547104932166 2.6467505604497586e-15 -0.9090648228942828
    outer loop
      vertex 36 55 -19
      vertex 44.27230908213784 43.42351660256832 -15.208525004020157
      vertex 43.918440519687685 43.32869780703304 -15.370714761809811
    endloop
  endfacet
  facet normal 0.4166547104932138 0 -0.9090648228942841
    outer loop
      vertex 36 55 -19
      vertex 44.63415037856321 43.48082663378896 -15.04268107649186
      vertex 44.27230908213784 43.42351660256832 -15.208525004020157
    endloop
  endfacet
  facet normal 0.4166547104932106 -1.4747815948469444e-15 -0.9090648228942857
    outer loop
      vertex 36 55 -19
      vertex 45 43.5 -14.875
      vertex 44.63415037856321 43.48082663378896 -15.04268107649186
    endloop
  endfacet
  facet normal 0.41665471049321257 -1.600931293971898e-15 -0.9090648228942848
    outer loop
      vertex 36 55 -19
      vertex 45.36584962143679 43.48082663378896 -14.70731892350814
      vertex 45 43.5 -14.875
    endloop
  endfacet
  facet normal 0.41665471049321456 -1.7787556408514946e-15 -0.9090648228942838
    outer loop
      vertex 36 55 -19
      vertex 45.72769091786216 43.42351660256832 -14.541474995979843
      vertex 45.36584962143679 43.48082663378896 -14.70731892350814
    endloop
  endfacet
  facet normal 0.4166547104932138 1.9585453063438048e-16 -0.9090648228942841
    outer loop
      vertex 36 55 -19
      vertex 60 40 -8
      vertex 45.72769091786216 43.42351660256832 -14.541474995979843
    endloop
  endfacet
  facet normal 0.4166547104932135 0 -0.9090648228942844
    outer loop
      vertex 60 40 -8
      vertex 46.90909090909091 37.072225931126795 -14
      vertex 46.90909090909091 42.927774068873205 -14
    endloop
  endfacet
  facet normal 0.41665471049321845 1.875365993360657e-14 -0.909064822894282
    outer loop
      vertex 60 40 -8
      vertex 46.4235782507653 43.1974091017491 -14.222526635065904
      vertex 46.081559480312315 43.32869780703304 -14.379285238190189
    endloop
  endfacet
  facet normal 0.41665471049319164 -1.8219796656421195e-13 -0.9090648228942942
    outer loop
      vertex 60 40 -8
      vertex 46.081559480312315 43.32869780703304 -14.379285238190189
      vertex 45.72769091786216 43.42351660256832 -14.541474995979843
    endloop
  endfacet
  facet normal 0.4166547104932107 -1.0638456713315113e-14 -0.9090648228942856
    outer loop
      vertex 60 40 -8
      vertex 46.75 43.03108891324553 -14.072916666666666
      vertex 46.4235782507653 43.1974091017491 -14.222526635065904
    endloop
  endfacet
  facet normal 0.41665471049321307 -1.4569239267031704e-14 -0.9090648228942844
    outer loop
      vertex 60 40 -8
      vertex 46.90909090909091 42.927774068873205 -14
      vertex 46.75 43.03108891324553 -14.072916666666666
    endloop
  endfacet
  facet normal 0.42810414009375175 0.022435987284188677 -0.9034508684533836
    outer loop
      vertex 36 55 -19
      vertex 59.917828430524104 41.567926949014804 -8
      vertex 60 40 -8
    endloop
  endfacet
  facet normal 0.44950156185294043 0.0711940532990842 -0.8904379555402017
    outer loop
      vertex 36 55 -19
      vertex 59.672214011007085 43.11867536226639 -8
      vertex 59.917828430524104 41.567926949014804 -8
    endloop
  endfacet
  facet normal 0.052288041031402256 0.9977152580537718 -0.042781124480238214
    outer loop
      vertex 36 55 -19
      vertex 45 55 -8
      vertex 46.567926949014804 54.917828430524104 -8
    endloop
  endfacet
  facet normal 0.15486103759523367 0.9777541106810402 -0.14147423115626306
    outer loop
      vertex 36 55 -19
      vertex 46.567926949014804 54.917828430524104 -8
      vertex 48.11867536226639 54.672214011007085 -8
    endloop
  endfacet
  facet normal 0.2507118687322181 0.9356694321691785 -0.24832694694898944
    outer loop
      vertex 36 55 -19
      vertex 48.11867536226639 54.672214011007085 -8
      vertex 49.63525491562421 54.265847744427305 -8
    endloop
  endfacet
  facet normal 0.5126191727375637 0.41511082119251147 -0.7516013503651616
    outer loop
      vertex 36 55 -19
      vertex 56.14717238216092 50.03695909538287 -8
      vertex 57.13525491562421 48.8167787843871 -8
    endloop
  endfacet
  facet normal 0.506017101666476 0.506017101666476 -0.6984936546899468
    outer loop
      vertex 36 55 -19
      vertex 55.03695909538287 51.14717238216092 -8
      vertex 56.14717238216092 50.03695909538287 -8
    endloop
  endfacet
  facet normal 0.48736799559405175 0.6018493519452838 -0.6326529810517598
    outer loop
      vertex 36 55 -19
      vertex 53.8167787843871 52.13525491562421 -8
      vertex 55.03695909538287 51.14717238216092 -8
    endloop
  endfacet
  facet normal 0.40308368402798467 0.7910962728710436 -0.4600980664162493
    outer loop
      vertex 36 55 -19
      vertex 51.101049646137 53.703181864639014 -8
      vertex 52.5 52.99038105676658 -8
    endloop
  endfacet
  facet normal 0.4537791670151844 0.6987586405956456 -0.5530106958964996
    outer loop
      vertex 36 55 -19
      vertex 52.5 52.99038105676658 -8
      vertex 53.8167787843871 52.13525491562421 -8
    endloop
  endfacet
  facet normal 0.3347832957647484 0.872140302838895 -0.356779255340012
    outer loop
      vertex 36 55 -19
      vertex 49.63525491562421 54.265847744427305 -8
      vertex 51.101049646137 53.703181864639014 -8
    endloop
  endfacet
  facet normal 0.4692672761394845 0.12573978767592692 -0.8740581956253495
    outer loop
      vertex 36 55 -19
      vertex 59.265847744427305 44.63525491562421 -8
      vertex 59.672214011007085 43.11867536226639 -8
    endloop
  endfacet
  facet normal 0.48669449143504356 0.18682451131176603 -0.8533610455017877
    outer loop
      vertex 36 55 -19
      vertex 58.703181864639014 46.101049646137 -8
      vertex 59.265847744427305 44.63525491562421 -8
    endloop
  endfacet
  facet normal 0.5007641730641266 0.2551520903712041 -0.8271231188611562
    outer loop
      vertex 36 55 -19
      vertex 57.99038105676658 47.5 -8
      vertex 58.703181864639014 46.101049646137 -8
    endloop
  endfacet
  facet normal 0.5100482193168203 0.3312291865212136 -0.7938123455630027
    outer loop
      vertex 36 55 -19
      vertex 57.13525491562421 48.8167787843871 -8
      vertex 57.99038105676658 47.5 -8
    endloop
  endfacet
  facet normal 0 0 1
    outer loop
      vertex 38 44 0
      vertex 38 36 0
      vertex 43.141519558605765 40.395032212553744 0
    endloop
  endfacet
  facet normal 0 1 0
    outer loop
      vertex 45 55 -8
      vertex 28.64120827980215 55 -10.517220926874316
      vertex 29.698697882665158 55 -9.660882731206126
    endloop
  endfacet
  facet normal 0 1 0
    outer loop
      vertex 45 55 -8
      vertex 29.698697882665158 55 -9.660882731206126
      vertex 30.660882731206126 55 -8.698697882665158
    endloop
  endfacet
  facet normal 0 1 0
    outer loop
      vertex 45 55 -8
      vertex 30.660882731206126 55 -8.698697882665158
      vertex 31.517220926874316 55 -7.641208279802151
    endloop
  endfacet
  facet normal 0 1 0
    outer loop
      vertex 45 55 -8
      vertex 31.517220926874316 55 -7.641208279802151
      vertex 32.2583302491977 55 -6.5
    endloop
  endfacet
  facet normal 0 1 0
    outer loop
      vertex 45 55 -8
      vertex 32.2583302491977 55 -6.5
      vertex 32.87609094935381 55 -5.287576359985403
    endloop
  endfacet
  facet normal 0 1 0
    outer loop
      vertex 45 55 -8
      vertex 32.87609094935381 55 -5.287576359985403
      vertex 33.363734711837 55 -4.017220926874316
    endloop
  endfacet
  facet normal 0 1 0
    outer loop
      vertex 45 55 -8
      vertex 33.363734711837 55 -4.017220926874316
      vertex 33.715918809539474 55 -2.7028519806308715
    endloop
  endfacet
  facet normal 0 1 0
    outer loop
      vertex 45 55 -8
      vertex 33.715918809539474 55 -2.7028519806308715
      vertex 33.92878463978755 55 -1.3588700224794952
    endloop
  endfacet
  facet normal 0 0 1
    outer loop
      vertex 45 55 0
      vertex 34 55 0
      vertex 34 44 0
    endloop
  endfacet
  facet normal 0 1 0
    outer loop
      vertex 45 55 0
      vertex 33.92878463978755 55 -1.3588700224794952
      vertex 34 55 0
    endloop
  endfacet
  facet normal 0.9986295347545739 0.05233595624294152 0
    outer loop
      vertex 60 40 -8
      vertex 59.917828430524104 41.567926949014804 -8
      vertex 60 40 0
    endloop
  endfacet
  facet normal 0.9876883405951373 0.1564344650402331 0
    outer loop
      vertex 59.917828430524104 41.567926949014804 -8
      vertex 59.672214011007085 43.11867536226639 -8
      vertex 59.672214011007085 43.11867536226639 0
    endloop
  endfacet
  facet normal 0.9659258262890684 0.2588190451025205 0
    outer loop
      vertex 59.672214011007085 43.11867536226639 -8
      vertex 59.265847744427305 44.63525491562421 -8
      vertex 59.672214011007085 43.11867536226639 0
    endloop
  endfacet
  facet normal 0.9335804264972015 0.35836794954530105 0
    outer loop
      vertex 59.265847744427305 44.63525491562421 -8
      vertex 58.703181864639014 46.101049646137 -8
      vertex 59.265847744427305 44.63525491562421 0
    endloop
  endfacet
  facet normal 0.8910065241883685 0.4539904997395458 0
    outer loop
      vertex 58.703181864639014 46.101049646137 -8
      vertex 57.99038105676658 47.5 -8
      vertex 57.99038105676658 47.5 0
    endloop
  endfacet
  facet normal 0 0 1
    outer loop
      vertex 38 44 0
      vertex 43.141519558605765 40.395032212553744 0
      vertex 43.19299261903921 40.5871322893124 0
    endloop
  endfacet
  facet normal 0 0 1
    outer loop
      vertex 38 44 0
      vertex 43.19299261903921 40.5871322893124 0
      vertex 43.26426363047906 40.77279962184402 0
    endloop
  endfacet
  facet normal 0 0 1
    outer loop
      vertex 38 44 0
      vertex 43.26426363047906 40.77279962184402 0
      vertex 43.35455173280957 40.95 0
    endloop
  endfacet
  facet normal 0 0 1
    outer loop
      vertex 38 44 0
      vertex 43.35455173280957 40.95 0
      vertex 43.462867710687604 41.116791979355696 0
    endloop
  endfacet
  facet normal 0 0 1
    outer loop
      vertex 38 44 0
      vertex 43.462867710687604 41.116791979355696 0
      vertex 43.588024831592946 41.27134815208183 0
    endloop
  endfacet
  facet normal 0 0 1
    outer loop
      vertex 38 44 0
      vertex 43.588024831592946 41.27134815208183 0
      vertex 43.72865184791817 41.41197516840705 0
    endloop
  endfacet
  facet normal 0 0 1
    outer loop
      vertex 38 44 0
      vertex 43.72865184791817 41.41197516840705 0
      vertex 43.883208020644304 41.5371322893124 0
    endloop
  endfacet
  facet normal 0 0 1
    outer loop
      vertex 38 44 0
      vertex 43.883208020644304 41.5371322893124 0
      vertex 44.05 41.64544826719043 0
    endloop
  endfacet
  facet normal 0 0 1
    outer loop
      vertex 38 44 0
      vertex 44.05 41.64544826719043 0
      vertex 44.227200378155985 41.73573636952094 0
    endloop
  endfacet
  facet normal 0 0 1
    outer loop
      vertex 38 44 0
      vertex 44.227200378155985 41.73573636952094 0
      vertex 44.4128677106876 41.80700738096079 0
    endloop
  endfacet
  facet normal 0 0 1
    outer loop
      vertex 38 44 0
      vertex 44.4128677106876 41.80700738096079 0
      vertex 44.604967787446256 41.85848044139423 0
    endloop
  endfacet
  facet normal 0 0 1
    outer loop
      vertex 38 44 0
      vertex 44.604967787446256 41.85848044139423 0
      vertex 44.80139591979146 41.88959160119972 0
    endloop
  endfacet
  facet normal 0 0 1
    outer loop
      vertex 38 44 0
      vertex 44.80139591979146 41.88959160119972 0
      vertex 45 41.9 0
    endloop
  endfacet
  facet normal 0 0 1
    outer loop
      vertex 38 44 0
      vertex 45 41.9 0
      vertex 45.19860408020854 41.88959160119972 0
    endloop
  endfacet
  facet normal 0 0 1
    outer loop
      vertex 38 44 0
      vertex 45.19860408020854 41.88959160119972 0
      vertex 45.395032212553744 41.85848044139423 0
    endloop
  endfacet
  facet normal 0 0 1
    outer loop
      vertex 55.03695909538287 51.14717238216092 0
      vertex 46.64544826719043 39.05 0
      vertex 46.537132289312396 38.883208020644304 0
    endloop
  endfacet
  facet normal 0 0 1
    outer loop
      vertex 55.03695909538287 51.14717238216092 0
      vertex 46.73573636952094 39.22720037815598 0
      vertex 46.64544826719043 39.05 0
    endloop
  endfacet
  facet normal 0 0 1
    outer loop
      vertex 55.03695909538287 51.14717238216092 0
      vertex 46.80700738096079 39.4128677106876 0
      vertex 46.73573636952094 39.22720037815598 0
    endloop
  endfacet
  facet normal 0 0 1
    outer loop
      vertex 55.03695909538287 51.14717238216092 0
      vertex 46.858480441394235 39.604967787446256 0
      vertex 46.80700738096079 39.4128677106876 0
    endloop
  endfacet
  facet normal 0 0 1
    outer loop
      vertex 55.03695909538287 51.14717238216092 0
      vertex 46.88959160119972 39.80139591979146 0
      vertex 46.858480441394235 39.604967787446256 0
    endloop
  endfacet
  facet normal 0 0 1
    outer loop
      vertex 55.03695909538287 51.14717238216092 0
      vertex 46.9 40 0
      vertex 46.88959160119972 39.80139591979146 0
    endloop
  endfacet
  facet normal 0 0 1
    outer loop
      vertex 55.03695909538287 51.14717238216092 0
      vertex 34 44 0
      vertex 38 44 0
    endloop
  endfacet
  facet normal 0 0 1
    outer loop
      vertex 55.03695909538287 51.14717238216092 0
      vertex 46.88959160119972 40.19860408020854 0
      vertex 46.9 40 0
    endloop
  endfacet
  facet normal 0 0 1
    outer loop
      vertex 55.03695909538287 51.14717238216092 0
      vertex 46.858480441394235 40.395032212553744 0
      vertex 46.88959160119972 40.19860408020854 0
    endloop
  endfacet
  facet normal 0 0 1
    outer loop
      vertex 55.03695909538287 51.14717238216092 0
      vertex 46.80700738096079 40.5871322893124 0
      vertex 46.858480441394235 40.395032212553744 0
    endloop
  endfacet
  facet normal 0 0 1
    outer loop
      vertex 55.03695909538287 51.14717238216092 0
      vertex 46.73573636952094 40.77279962184402 0
      vertex 46.80700738096079 40.5871322893124 0
    endloop
  endfacet
  facet normal 0 0 1
    outer loop
      vertex 55.03695909538287 51.14717238216092 0
      vertex 46.64544826719043 40.95 0
      vertex 46.73573636952094 40.77279962184402 0
    endloop
  endfacet
  facet normal 0 0 1
    outer loop
      vertex 55.03695909538287 51.14717238216092 0
      vertex 46.537132289312396 41.116791979355696 0
      vertex 46.64544826719043 40.95 0
    endloop
  endfacet
  facet normal 0 0 1
    outer loop
      vertex 55.03695909538287 51.14717238216092 0
      vertex 46.411975168407054 41.27134815208183 0
      vertex 46.537132289312396 41.116791979355696 0
    endloop
  endfacet
  facet normal 0 0 1
    outer loop
      vertex 55.03695909538287 51.14717238216092 0
      vertex 46.27134815208183 41.41197516840705 0
      vertex 46.411975168407054 41.27134815208183 0
    endloop
  endfacet
  facet normal 0 0 1
    outer loop
      vertex 55.03695909538287 51.14717238216092 0
      vertex 45.5871322893124 41.80700738096079 0
      vertex 45.772799621844015 41.73573636952094 0
    endloop
  endfacet
  facet normal 0 0 1
    outer loop
      vertex 55.03695909538287 51.14717238216092 0
      vertex 45.772799621844015 41.73573636952094 0
      vertex 45.95 41.64544826719043 0
    endloop
  endfacet
  facet normal 0 0 1
    outer loop
      vertex 55.03695909538287 51.14717238216092 0
      vertex 45.395032212553744 41.85848044139423 0
      vertex 45.5871322893124 41.80700738096079 0
    endloop
  endfacet
  facet normal 0 0 1
    outer loop
      vertex 55.03695909538287 51.14717238216092 0
      vertex 46.116791979355696 41.5371322893124 0
      vertex 46.27134815208183 41.41197516840705 0
    endloop
  endfacet
  facet normal 0 0 1
    outer loop
      vertex 55.03695909538287 51.14717238216092 0
      vertex 45.95 41.64544826719043 0
      vertex 46.116791979355696 41.5371322893124 0
    endloop
  endfacet
  facet normal 0 0 1
    outer loop
      vertex 55.03695909538287 51.14717238216092 0
      vertex 38 44 0
      vertex 45.395032212553744 41.85848044139423 0
    endloop
  endfacet
  facet normal 0.9986295347545739 0.05233595624294152 0
    outer loop
      vertex 59.917828430524104 41.567926949014804 -8
      vertex 59.917828430524104 41.567926949014804 0
      vertex 60 40 0
    endloop
  endfacet
  facet normal 0.9876883405951373 0.1564344650402331 0
    outer loop
      vertex 59.917828430524104 41.567926949014804 -8
      vertex 59.672214011007085 43.11867536226639 0
      vertex 59.917828430524104 41.567926949014804 0
    endloop
  endfacet
  facet normal 0 0 1
    outer loop
      vertex 58.703181864639014 33.898950353863 0
      vertex 59.265847744427305 35.36474508437579 0
      vertex 55.03695909538287 51.14717238216092 0
    endloop
  endfacet
  facet normal 0 0 1
    outer loop
      vertex 59.265847744427305 35.36474508437579 0
      vertex 59.672214011007085 36.88132463773361 0
      vertex 55.03695909538287 51.14717238216092 0
    endloop
  endfacet
  facet normal 0 0 1
    outer loop
      vertex 59.672214011007085 36.88132463773361 0
      vertex 59.917828430524104 38.432073050985196 0
      vertex 55.03695909538287 51.14717238216092 0
    endloop
  endfacet
  facet normal 0 0 1
    outer loop
      vertex 59.917828430524104 38.432073050985196 0
      vertex 60 40 0
      vertex 55.03695909538287 51.14717238216092 0
    endloop
  endfacet
  facet normal 0.9659258262890684 0.2588190451025205 0
    outer loop
      vertex 59.265847744427305 44.63525491562421 -8
      vertex 59.265847744427305 44.63525491562421 0
      vertex 59.672214011007085 43.11867536226639 0
    endloop
  endfacet
  facet normal 0.9335804264972015 0.35836794954530105 0
    outer loop
      vertex 58.703181864639014 46.101049646137 -8
      vertex 58.703181864639014 46.101049646137 0
      vertex 59.265847744427305 44.63525491562421 0
    endloop
  endfacet
  facet normal 0.8910065241883685 0.4539904997395458 0
    outer loop
      vertex 58.703181864639014 46.101049646137 -8
      vertex 57.99038105676658 47.5 0
      vertex 58.703181864639014 46.101049646137 0
    endloop
  endfacet
  facet normal 0 0 1
    outer loop
      vertex 60 40 0
      vertex 59.917828430524104 41.567926949014804 0
      vertex 55.03695909538287 51.14717238216092 0
    endloop
  endfacet
  facet normal 0 0 1
    outer loop
      vertex 59.917828430524104 41.567926949014804 0
      vertex 59.672214011007085 43.11867536226639 0
      vertex 55.03695909538287 51.14717238216092 0
    endloop
  endfacet
  facet normal 0 0 1
    outer loop
      vertex 59.672214011007085 43.11867536226639 0
      vertex 59.265847744427305 44.63525491562421 0
      vertex 55.03695909538287 51.14717238216092 0
    endloop
  endfacet
  facet normal 0 0 1
    outer loop
      vertex 59.265847744427305 44.63525491562421 0
      vertex 58.703181864639014 46.101049646137 0
      vertex 55.03695909538287 51.14717238216092 0
    endloop
  endfacet
  facet normal 0.05233595624294152 0.9986295347545739 0
    outer loop
      vertex 45 55 -8
      vertex 46.567926949014804 54.917828430524104 0
      vertex 46.567926949014804 54.917828430524104 -8
    endloop
  endfacet
  facet normal 0.1564344650402331 0.9876883405951373 0
    outer loop
      vertex 46.567926949014804 54.917828430524104 -8
      vertex 46.567926949014804 54.917828430524104 0
      vertex 48.11867536226639 54.672214011007085 -8
    endloop
  endfacet
  facet normal 0.2588190451025205 0.9659258262890684 0
    outer loop
      vertex 48.11867536226639 54.672214011007085 -8
      vertex 49.63525491562421 54.265847744427305 0
      vertex 49.63525491562421 54.265847744427305 -8
    endloop
  endfacet
  facet normal 0.35836794954530105 0.9335804264972015 0
    outer loop
      vertex 49.63525491562421 54.265847744427305 -8
      vertex 49.63525491562421 54.265847744427305 0
      vertex 51.101049646137 53.703181864639014 -8
    endloop
  endfacet
  facet normal 0.8386705679454233 0.5446390350150283 0
    outer loop
      vertex 57.13525491562421 48.8167787843871 -8
      vertex 57.13525491562421 48.8167787843871 0
      vertex 57.99038105676658 47.5 -8
    endloop
  endfacet
  facet normal 0.7771459614569719 0.6293203910498364 0
    outer loop
      vertex 57.13525491562421 48.8167787843871 -8
      vertex 56.14717238216092 50.03695909538287 -8
      vertex 57.13525491562421 48.8167787843871 0
    endloop
  endfacet
  facet normal 0.7071067811865475 0.7071067811865475 0
    outer loop
      vertex 55.03695909538287 51.14717238216092 -8
      vertex 55.03695909538287 51.14717238216092 0
      vertex 56.14717238216092 50.03695909538287 -8
    endloop
  endfacet
  facet normal 0.6293203910498364 0.7771459614569719 0
    outer loop
      vertex 55.03695909538287 51.14717238216092 -8
      vertex 53.8167787843871 52.13525491562421 -8
      vertex 55.03695909538287 51.14717238216092 0
    endloop
  endfacet
  facet normal 0.5446390350150283 0.8386705679454233 0
    outer loop
      vertex 52.5 52.99038105676658 -8
      vertex 53.8167787843871 52.13525491562421 0
      vertex 53.8167787843871 52.13525491562421 -8
    endloop
  endfacet
  facet normal 0.4539904997395458 0.8910065241883685 0
    outer loop
      vertex 52.5 52.99038105676658 -8
      vertex 51.101049646137 53.703181864639014 -8
      vertex 51.101049646137 53.703181864639014 0
    endloop
  endfacet
  facet normal 0 0 1
    outer loop
      vertex 45 55 0
      vertex 34 44 0
      vertex 55.03695909538287 51.14717238216092 0
    endloop
  endfacet
  facet normal 0 1 0
    outer loop
      vertex 45 55 -8
      vertex 33.92878463978755 55 -1.3588700224794952
      vertex 45 55 0
    endloop
  endfacet
  facet normal 0.05233595624294152 0.9986295347545739 0
    outer loop
      vertex 45 55 -8
      vertex 45 55 0
      vertex 46.567926949014804 54.917828430524104 0
    endloop
  endfacet
  facet normal 0.1564344650402331 0.9876883405951373 0
    outer loop
      vertex 48.11867536226639 54.672214011007085 -8
      vertex 46.567926949014804 54.917828430524104 0
      vertex 48.11867536226639 54.672214011007085 0
    endloop
  endfacet
  facet normal 0.2588190451025205 0.9659258262890684 0
    outer loop
      vertex 48.11867536226639 54.672214011007085 -8
      vertex 48.11867536226639 54.672214011007085 0
      vertex 49.63525491562421 54.265847744427305 0
    endloop
  endfacet
  facet normal 0 0 1
    outer loop
      vertex 45 55 0
      vertex 55.03695909538287 51.14717238216092 0
      vertex 46.567926949014804 54.917828430524104 0
    endloop
  endfacet
  facet normal 0 0 1
    outer loop
      vertex 46.567926949014804 54.917828430524104 0
      vertex 55.03695909538287 51.14717238216092 0
      vertex 48.11867536226639 54.672214011007085 0
    endloop
  endfacet
  facet normal 0.8386705679454233 0.5446390350150283 0
    outer loop
      vertex 57.99038105676658 47.5 -8
      vertex 57.13525491562421 48.8167787843871 0
      vertex 57.99038105676658 47.5 0
    endloop
  endfacet
  facet normal 0.7771459614569719 0.6293203910498364 0
    outer loop
      vertex 56.14717238216092 50.03695909538287 -8
      vertex 56.14717238216092 50.03695909538287 0
      vertex 57.13525491562421 48.8167787843871 0
    endloop
  endfacet
  facet normal 0.7071067811865475 0.7071067811865475 0
    outer loop
      vertex 56.14717238216092 50.03695909538287 -8
      vertex 55.03695909538287 51.14717238216092 0
      vertex 56.14717238216092 50.03695909538287 0
    endloop
  endfacet
  facet normal 0 0 1
    outer loop
      vertex 58.703181864639014 46.101049646137 0
      vertex 57.99038105676658 47.5 0
      vertex 55.03695909538287 51.14717238216092 0
    endloop
  endfacet
  facet normal 0 0 1
    outer loop
      vertex 55.03695909538287 51.14717238216092 0
      vertex 57.99038105676658 47.5 0
      vertex 57.13525491562421 48.8167787843871 0
    endloop
  endfacet
  facet normal 0 0 1
    outer loop
      vertex 55.03695909538287 51.14717238216092 0
      vertex 57.13525491562421 48.8167787843871 0
      vertex 56.14717238216092 50.03695909538287 0
    endloop
  endfacet
  facet normal 0.6293203910498364 0.7771459614569719 0
    outer loop
      vertex 53.8167787843871 52.13525491562421 -8
      vertex 53.8167787843871 52.13525491562421 0
      vertex 55.03695909538287 51.14717238216092 0
    endloop
  endfacet
  facet normal 0.5446390350150283 0.8386705679454233 0
    outer loop
      vertex 52.5 52.99038105676658 -8
      vertex 52.5 52.99038105676658 0
      vertex 53.8167787843871 52.13525491562421 0
    endloop
  endfacet
  facet normal 0.35836794954530105 0.9335804264972015 0
    outer loop
      vertex 51.101049646137 53.703181864639014 -8
      vertex 49.63525491562421 54.265847744427305 0
      vertex 51.101049646137 53.703181864639014 0
    endloop
  endfacet
  facet normal 0.4539904997395458 0.8910065241883685 0
    outer loop
      vertex 52.5 52.99038105676658 -8
      vertex 51.101049646137 53.703181864639014 0
      vertex 52.5 52.99038105676658 0
    endloop
  endfacet
  facet normal 0 0 1
    outer loop
      vertex 49.63525491562421 54.265847744427305 0
      vertex 55.03695909538287 51.14717238216092 0
      vertex 51.101049646137 53.703181864639014 0
    endloop
  endfacet
  facet normal 0 0 1
    outer loop
      vertex 55.03695909538287 51.14717238216092 0
      vertex 53.8167787843871 52.13525491562421 0
      vertex 52.5 52.99038105676658 0
    endloop
  endfacet
  facet normal 0 0 1
    outer loop
      vertex 55.03695909538287 51.14717238216092 0
      vertex 52.5 52.99038105676658 0
      vertex 51.101049646137 53.703181864639014 0
    endloop
  endfacet
  facet normal 0 0 1
    outer loop
      vertex 48.11867536226639 54.672214011007085 0
      vertex 55.03695909538287 51.14717238216092 0
      vertex 49.63525491562421 54.265847744427305 0
    endloop
  endfacet
  facet normal 0.2588190451025195 0 0.9659258262890686
    outer loop
      vertex 18.29714801936913 36 -12.715918809539472
      vertex 16.982779073125684 25 -12.363734711836997
      vertex 18.29714801936913 25 -12.715918809539472
    endloop
  endfacet
  facet normal 0.358367949545301 0 0.9335804264972014
    outer loop
      vertex 16.982779073125684 36 -12.363734711836997
      vertex 15.712423640014597 25 -11.876090949353811
      vertex 16.982779073125684 25 -12.363734711836997
    endloop
  endfacet
  facet normal 0.15643446504023245 0 0.9876883405951374
    outer loop
      vertex 19.641129977520507 36 -12.928784639787555
      vertex 18.29714801936913 25 -12.715918809539472
      vertex 19.641129977520507 25 -12.928784639787555
    endloop
  endfacet
  facet normal 0.052335956242942884 0 0.9986295347545739
    outer loop
      vertex 21 36 -13
      vertex 19.641129977520507 25 -12.928784639787555
      vertex 21 25 -13
    endloop
  endfacet
  facet normal 0.4539904997395471 0 0.8910065241883678
    outer loop
      vertex 15.712423640014597 36 -11.876090949353811
      vertex 14.5 25 -11.258330249197702
      vertex 15.712423640014597 25 -11.876090949353811
    endloop
  endfacet
  facet normal 0.5446390350150271 0 0.838670567945424
    outer loop
      vertex 14.5 36 -11.258330249197702
      vertex 13.35879172019785 25 -10.517220926874316
      vertex 14.5 25 -11.258330249197702
    endloop
  endfacet
  facet normal 0.6293203910498362 0 0.7771459614569718
    outer loop
      vertex 13.35879172019785 36 -10.517220926874316
      vertex 12.301302117334842 25 -9.660882731206126
      vertex 13.35879172019785 25 -10.517220926874316
    endloop
  endfacet
  facet normal 0.2588190451025195 0 0.9659258262890686
    outer loop
      vertex 18.29714801936913 36 -12.715918809539472
      vertex 16.982779073125684 36 -12.363734711836997
      vertex 16.982779073125684 25 -12.363734711836997
    endloop
  endfacet
  facet normal 0.358367949545301 0 0.9335804264972014
    outer loop
      vertex 15.712423640014597 36 -11.876090949353811
      vertex 15.712423640014597 25 -11.876090949353811
      vertex 16.982779073125684 36 -12.363734711836997
    endloop
  endfacet
  facet normal 0.15643446504023245 0 0.9876883405951374
    outer loop
      vertex 18.29714801936913 36 -12.715918809539472
      vertex 18.29714801936913 25 -12.715918809539472
      vertex 19.641129977520507 36 -12.928784639787555
    endloop
  endfacet
  facet normal 0.052335956242942884 0 0.9986295347545739
    outer loop
      vertex 19.641129977520507 36 -12.928784639787555
      vertex 19.641129977520507 25 -12.928784639787555
      vertex 21 36 -13
    endloop
  endfacet
  facet normal 0.4539904997395471 0 0.8910065241883678
    outer loop
      vertex 14.5 36 -11.258330249197702
      vertex 14.5 25 -11.258330249197702
      vertex 15.712423640014597 36 -11.876090949353811
    endloop
  endfacet
  facet normal 0.5446390350150271 0 0.838670567945424
    outer loop
      vertex 13.35879172019785 36 -10.517220926874316
      vertex 13.35879172019785 25 -10.517220926874316
      vertex 14.5 36 -11.258330249197702
    endloop
  endfacet
  facet normal 0.6293203910498362 0 0.7771459614569718
    outer loop
      vertex 12.301302117334842 36 -9.660882731206126
      vertex 12.301302117334842 25 -9.660882731206126
      vertex 13.35879172019785 36 -10.517220926874316
    endloop
  endfacet
  facet normal 0.7771459614569716 0 0.6293203910498366
    outer loop
      vertex 11.339117268793874 36 -8.698697882665158
      vertex 10.482779073125684 25 -7.641208279802151
      vertex 11.339117268793874 25 -8.698697882665158
    endloop
  endfacet
  facet normal 0.8386705679454243 0 0.5446390350150268
    outer loop
      vertex 10.482779073125684 36 -7.641208279802151
      vertex 9.741669750802298 25 -6.5
      vertex 10.482779073125684 25 -7.641208279802151
    endloop
  endfacet
  facet normal 0.8910065241883678 0 0.4539904997395471
    outer loop
      vertex 9.741669750802298 36 -6.5
      vertex 9.123909050646189 25 -5.287576359985403
      vertex 9.741669750802298 25 -6.5
    endloop
  endfacet
  facet normal 0.9335804264972014 0 0.358367949545301
    outer loop
      vertex 9.123909050646189 36 -5.287576359985403
      vertex 8.636265288163003 25 -4.017220926874316
      vertex 9.123909050646189 25 -5.287576359985403
    endloop
  endfacet
  facet normal 0.7771459614569716 0 0.6293203910498366
    outer loop
      vertex 10.482779073125684 36 -7.641208279802151
      vertex 10.482779073125684 25 -7.641208279802151
      vertex 11.339117268793874 36 -8.698697882665158
    endloop
  endfacet
  facet normal 0.8386705679454243 0 0.5446390350150268
    outer loop
      vertex 9.741669750802298 36 -6.5
      vertex 9.741669750802298 25 -6.5
      vertex 10.482779073125684 36 -7.641208279802151
    endloop
  endfacet
  facet normal 0.8910065241883678 0 0.4539904997395471
    outer loop
      vertex 9.741669750802298 36 -6.5
      vertex 9.123909050646189 36 -5.287576359985403
      vertex 9.123909050646189 25 -5.287576359985403
    endloop
  endfacet
  facet normal 0.7071067811865476 0 0.7071067811865476
    outer loop
      vertex 12.301302117334842 36 -9.660882731206126
      vertex 11.339117268793874 25 -8.698697882665158
      vertex 12.301302117334842 25 -9.660882731206126
    endloop
  endfacet
  facet normal 0.7071067811865476 0 0.7071067811865476
    outer loop
      vertex 12.301302117334842 36 -9.660882731206126
      vertex 11.339117268793874 36 -8.698697882665158
      vertex 11.339117268793874 25 -8.698697882665158
    endloop
  endfacet
  facet normal 0.9659258262890686 0 0.2588190451025195
    outer loop
      vertex 8.636265288163003 36 -4.017220926874316
      vertex 8.284081190460528 25 -2.7028519806308715
      vertex 8.636265288163003 25 -4.017220926874316
    endloop
  endfacet
  facet normal 0.9876883405951374 0 0.15643446504023265
    outer loop
      vertex 8.284081190460528 36 -2.7028519806308715
      vertex 8.071215360212445 25 -1.3588700224794952
      vertex 8.284081190460528 25 -2.7028519806308715
    endloop
  endfacet
  facet normal 0.9986295347545739 0 0.052335956242942815
    outer loop
      vertex 8.071215360212445 36 -1.3588700224794952
      vertex 8 25 0
      vertex 8.071215360212445 25 -1.3588700224794952
    endloop
  endfacet
  facet normal 0.9335804264972014 0 0.358367949545301
    outer loop
      vertex 8.636265288163003 36 -4.017220926874316
      vertex 8.636265288163003 25 -4.017220926874316
      vertex 9.123909050646189 36 -5.287576359985403
    endloop
  endfacet
  facet normal 0.9659258262890686 0 0.2588190451025195
    outer loop
      vertex 8.636265288163003 36 -4.017220926874316
      vertex 8.284081190460528 36 -2.7028519806308715
      vertex 8.284081190460528 25 -2.7028519806308715
    endloop
  endfacet
  facet normal 0.9876883405951374 0 0.15643446504023265
    outer loop
      vertex 8.071215360212445 36 -1.3588700224794952
      vertex 8.071215360212445 25 -1.3588700224794952
      vertex 8.284081190460528 36 -2.7028519806308715
    endloop
  endfacet
  facet normal 0.9986295347545739 0 0.052335956242942815
    outer loop
      vertex 8.071215360212445 36 -1.3588700224794952
      vertex 8 36 0
      vertex 8 25 0
    endloop
  endfacet
  facet normal 0.2588190451025195 0 0.9659258262890686
    outer loop
      vertex 18.29714801936913 44 -12.715918809539472
      vertex 18.29714801936913 55 -12.715918809539472
      vertex 16.982779073125684 44 -12.363734711836997
    endloop
  endfacet
  facet normal 0.358367949545301 0 0.9335804264972014
    outer loop
      vertex 15.712423640014597 44 -11.876090949353811
      vertex 16.982779073125684 44 -12.363734711836997
      vertex 16.982779073125684 55 -12.363734711836997
    endloop
  endfacet
  facet normal 0.15643446504023245 0 0.9876883405951374
    outer loop
      vertex 18.29714801936913 44 -12.715918809539472
      vertex 19.641129977520507 44 -12.928784639787555
      vertex 19.641129977520507 55 -12.928784639787555
    endloop
  endfacet
  facet normal 0.052335956242942884 0 0.9986295347545739
    outer loop
      vertex 19.641129977520507 44 -12.928784639787555
      vertex 21 44 -13
      vertex 21 55 -13
    endloop
  endfacet
  facet normal 0.4539904997395471 0 0.8910065241883678
    outer loop
      vertex 14.5 44 -11.258330249197702
      vertex 15.712423640014597 44 -11.876090949353811
      vertex 15.712423640014597 55 -11.876090949353811
    endloop
  endfacet
  facet normal 0.5446390350150271 0 0.838670567945424
    outer loop
      vertex 13.35879172019785 44 -10.517220926874316
      vertex 14.5 44 -11.258330249197702
      vertex 14.5 55 -11.258330249197702
    endloop
  endfacet
  facet normal 0.6293203910498362 0 0.7771459614569718
    outer loop
      vertex 12.301302117334842 44 -9.660882731206126
      vertex 13.35879172019785 44 -10.517220926874316
      vertex 13.35879172019785 55 -10.517220926874316
    endloop
  endfacet
  facet normal 0.2588190451025195 0 0.9659258262890686
    outer loop
      vertex 16.982779073125684 44 -12.363734711836997
      vertex 18.29714801936913 55 -12.715918809539472
      vertex 16.982779073125684 55 -12.363734711836997
    endloop
  endfacet
  facet normal 0.358367949545301 0 0.9335804264972014
    outer loop
      vertex 15.712423640014597 44 -11.876090949353811
      vertex 16.982779073125684 55 -12.363734711836997
      vertex 15.712423640014597 55 -11.876090949353811
    endloop
  endfacet
  facet normal 0.15643446504023245 0 0.9876883405951374
    outer loop
      vertex 18.29714801936913 44 -12.715918809539472
      vertex 19.641129977520507 55 -12.928784639787555
      vertex 18.29714801936913 55 -12.715918809539472
    endloop
  endfacet
  facet normal 0.052335956242942884 0 0.9986295347545739
    outer loop
      vertex 19.641129977520507 44 -12.928784639787555
      vertex 21 55 -13
      vertex 19.641129977520507 55 -12.928784639787555
    endloop
  endfacet
  facet normal 0.4539904997395471 0 0.8910065241883678
    outer loop
      vertex 14.5 44 -11.258330249197702
      vertex 15.712423640014597 55 -11.876090949353811
      vertex 14.5 55 -11.258330249197702
    endloop
  endfacet
  facet normal 0.5446390350150271 0 0.838670567945424
    outer loop
      vertex 13.35879172019785 44 -10.517220926874316
      vertex 14.5 55 -11.258330249197702
      vertex 13.35879172019785 55 -10.517220926874316
    endloop
  endfacet
  facet normal 0.6293203910498362 0 0.7771459614569718
    outer loop
      vertex 12.301302117334842 44 -9.660882731206126
      vertex 13.35879172019785 55 -10.517220926874316
      vertex 12.301302117334842 55 -9.660882731206126
    endloop
  endfacet
  facet normal 0.7771459614569716 0 0.6293203910498366
    outer loop
      vertex 10.482779073125684 44 -7.641208279802151
      vertex 11.339117268793874 44 -8.698697882665158
      vertex 11.339117268793874 55 -8.698697882665158
    endloop
  endfacet
  facet normal 0.8386705679454243 0 0.5446390350150268
    outer loop
      vertex 9.741669750802298 44 -6.5
      vertex 10.482779073125684 44 -7.641208279802151
      vertex 10.482779073125684 55 -7.641208279802151
    endloop
  endfacet
  facet normal 0.8910065241883678 0 0.4539904997395471
    outer loop
      vertex 9.741669750802298 44 -6.5
      vertex 9.741669750802298 55 -6.5
      vertex 9.123909050646189 44 -5.287576359985403
    endloop
  endfacet
  facet normal 0.9335804264972014 0 0.358367949545301
    outer loop
      vertex 8.636265288163003 44 -4.017220926874316
      vertex 9.123909050646189 44 -5.287576359985403
      vertex 9.123909050646189 55 -5.287576359985403
    endloop
  endfacet
  facet normal 0.7771459614569716 0 0.6293203910498366
    outer loop
      vertex 10.482779073125684 44 -7.641208279802151
      vertex 11.339117268793874 55 -8.698697882665158
      vertex 10.482779073125684 55 -7.641208279802151
    endloop
  endfacet
  facet normal 0.8386705679454243 0 0.5446390350150268
    outer loop
      vertex 9.741669750802298 44 -6.5
      vertex 10.482779073125684 55 -7.641208279802151
      vertex 9.741669750802298 55 -6.5
    endloop
  endfacet
  facet normal 0.8910065241883678 0 0.4539904997395471
    outer loop
      vertex 9.123909050646189 44 -5.287576359985403
      vertex 9.741669750802298 55 -6.5
      vertex 9.123909050646189 55 -5.287576359985403
    endloop
  endfacet
  facet normal 0.7071067811865476 0 0.7071067811865476
    outer loop
      vertex 12.301302117334842 44 -9.660882731206126
      vertex 12.301302117334842 55 -9.660882731206126
      vertex 11.339117268793874 44 -8.698697882665158
    endloop
  endfacet
  facet normal 0.7071067811865476 0 0.7071067811865476
    outer loop
      vertex 11.339117268793874 44 -8.698697882665158
      vertex 12.301302117334842 55 -9.660882731206126
      vertex 11.339117268793874 55 -8.698697882665158
    endloop
  endfacet
  facet normal 0.9659258262890686 0 0.2588190451025195
    outer loop
      vertex 8.636265288163003 44 -4.017220926874316
      vertex 8.636265288163003 55 -4.017220926874316
      vertex 8.284081190460528 44 -2.7028519806308715
    endloop
  endfacet
  facet normal 0.9876883405951374 0 0.15643446504023265
    outer loop
      vertex 8.071215360212445 44 -1.3588700224794952
      vertex 8.284081190460528 44 -2.7028519806308715
      vertex 8.284081190460528 55 -2.7028519806308715
    endloop
  endfacet
  facet normal 0.9986295347545739 0 0.052335956242942815
    outer loop
      vertex 8.071215360212445 44 -1.3588700224794952
      vertex 8 55 0
      vertex 8 44 0
    endloop
  endfacet
  facet normal 0.9335804264972014 0 0.358367949545301
    outer loop
      vertex 8.636265288163003 44 -4.017220926874316
      vertex 9.123909050646189 55 -5.287576359985403
      vertex 8.636265288163003 55 -4.017220926874316
    endloop
  endfacet
  facet normal 0.9659258262890686 0 0.2588190451025195
    outer loop
      vertex 8.284081190460528 44 -2.7028519806308715
      vertex 8.636265288163003 55 -4.017220926874316
      vertex 8.284081190460528 55 -2.7028519806308715
    endloop
  endfacet
  facet normal 0.9876883405951374 0 0.15643446504023265
    outer loop
      vertex 8.071215360212445 44 -1.3588700224794952
      vertex 8.284081190460528 55 -2.7028519806308715
      vertex 8.071215360212445 55 -1.3588700224794952
    endloop
  endfacet
  facet normal 0.9986295347545739 0 0.052335956242942815
    outer loop
      vertex 8.071215360212445 44 -1.3588700224794952
      vertex 8.071215360212445 55 -1.3588700224794952
      vertex 8 55 0
    endloop
  endfacet
  facet normal -0.052335956242942884 0 0.9986295347545739
    outer loop
      vertex 22.358870022479493 36 -12.928784639787555
      vertex 21 25 -13
      vertex 22.358870022479493 25 -12.928784639787555
    endloop
  endfacet
  facet normal -0.15643446504023245 0 0.9876883405951374
    outer loop
      vertex 23.70285198063087 36 -12.715918809539472
      vertex 22.358870022479493 25 -12.928784639787555
      vertex 23.70285198063087 25 -12.715918809539472
    endloop
  endfacet
  facet normal -0.2588190451025195 0 0.9659258262890686
    outer loop
      vertex 25.017220926874316 36 -12.363734711836997
      vertex 23.70285198063087 25 -12.715918809539472
      vertex 25.017220926874316 25 -12.363734711836997
    endloop
  endfacet
  facet normal -0.3583679495453014 0 0.9335804264972012
    outer loop
      vertex 26.2875763599854 36 -11.876090949353811
      vertex 25.017220926874316 25 -12.363734711836997
      vertex 26.2875763599854 25 -11.876090949353811
    endloop
  endfacet
  facet normal -0.4539904997395466 0 0.891006524188368
    outer loop
      vertex 27.5 36 -11.258330249197702
      vertex 26.2875763599854 25 -11.876090949353811
      vertex 27.5 25 -11.258330249197702
    endloop
  endfacet
  facet normal -0.5446390350150271 0 0.838670567945424
    outer loop
      vertex 28.64120827980215 36 -10.517220926874316
      vertex 27.5 25 -11.258330249197702
      vertex 28.64120827980215 25 -10.517220926874316
    endloop
  endfacet
  facet normal -0.6293203910498362 0 0.7771459614569718
    outer loop
      vertex 29.698697882665158 36 -9.660882731206126
      vertex 28.64120827980215 25 -10.517220926874316
      vertex 29.698697882665158 25 -9.660882731206126
    endloop
  endfacet
  facet normal -0.052335956242942884 0 0.9986295347545739
    outer loop
      vertex 21 36 -13
      vertex 21 25 -13
      vertex 22.358870022479493 36 -12.928784639787555
    endloop
  endfacet
  facet normal -0.15643446504023245 0 0.9876883405951374
    outer loop
      vertex 22.358870022479493 36 -12.928784639787555
      vertex 22.358870022479493 25 -12.928784639787555
      vertex 23.70285198063087 36 -12.715918809539472
    endloop
  endfacet
  facet normal -0.2588190451025195 0 0.9659258262890686
    outer loop
      vertex 23.70285198063087 36 -12.715918809539472
      vertex 23.70285198063087 25 -12.715918809539472
      vertex 25.017220926874316 36 -12.363734711836997
    endloop
  endfacet
  facet normal -0.3583679495453014 0 0.9335804264972012
    outer loop
      vertex 25.017220926874316 36 -12.363734711836997
      vertex 25.017220926874316 25 -12.363734711836997
      vertex 26.2875763599854 36 -11.876090949353811
    endloop
  endfacet
  facet normal -0.4539904997395466 0 0.891006524188368
    outer loop
      vertex 26.2875763599854 36 -11.876090949353811
      vertex 26.2875763599854 25 -11.876090949353811
      vertex 27.5 36 -11.258330249197702
    endloop
  endfacet
  facet normal -0.5446390350150271 0 0.838670567945424
    outer loop
      vertex 27.5 36 -11.258330249197702
      vertex 27.5 25 -11.258330249197702
      vertex 28.64120827980215 36 -10.517220926874316
    endloop
  endfacet
  facet normal -0.6293203910498362 0 0.7771459614569718
    outer loop
      vertex 28.64120827980215 36 -10.517220926874316
      vertex 28.64120827980215 25 -10.517220926874316
      vertex 29.698697882665158 36 -9.660882731206126
    endloop
  endfacet
  facet normal -0.7071067811865476 0 0.7071067811865476
    outer loop
      vertex 30.660882731206126 36 -8.698697882665158
      vertex 29.698697882665158 25 -9.660882731206126
      vertex 30.660882731206126 25 -8.698697882665158
    endloop
  endfacet
  facet normal -0.7071067811865476 0 0.7071067811865476
    outer loop
      vertex 29.698697882665158 36 -9.660882731206126
      vertex 29.698697882665158 25 -9.660882731206126
      vertex 30.660882731206126 36 -8.698697882665158
    endloop
  endfacet
  facet normal -0.7771459614569716 0 0.6293203910498366
    outer loop
      vertex 31.517220926874316 36 -7.641208279802151
      vertex 30.660882731206126 25 -8.698697882665158
      vertex 31.517220926874316 25 -7.641208279802151
    endloop
  endfacet
  facet normal -0.8386705679454254 0 0.5446390350150249
    outer loop
      vertex 32.2583302491977 36 -6.5
      vertex 31.517220926874316 25 -7.641208279802151
      vertex 32.2583302491977 25 -6.5
    endloop
  endfacet
  facet normal -0.8910065241883671 0 0.4539904997395481
    outer loop
      vertex 32.87609094935381 36 -5.287576359985403
      vertex 32.2583302491977 25 -6.5
      vertex 32.87609094935381 25 -5.287576359985403
    endloop
  endfacet
  facet normal -0.7771459614569716 0 0.6293203910498366
    outer loop
      vertex 30.660882731206126 36 -8.698697882665158
      vertex 30.660882731206126 25 -8.698697882665158
      vertex 31.517220926874316 36 -7.641208279802151
    endloop
  endfacet
  facet normal -0.8386705679454254 0 0.5446390350150249
    outer loop
      vertex 31.517220926874316 36 -7.641208279802151
      vertex 31.517220926874316 25 -7.641208279802151
      vertex 32.2583302491977 36 -6.5
    endloop
  endfacet
  facet normal -0.8910065241883671 0 0.4539904997395481
    outer loop
      vertex 32.2583302491977 36 -6.5
      vertex 32.2583302491977 25 -6.5
      vertex 32.87609094935381 36 -5.287576359985403
    endloop
  endfacet
  facet normal -0.9335804264972011 0 0.35836794954530216
    outer loop
      vertex 32.87609094935381 36 -5.287576359985403
      vertex 32.87609094935381 25 -5.287576359985403
      vertex 33.363734711837 36 -4.017220926874316
    endloop
  endfacet
  facet normal -0.9335804264972011 0 0.35836794954530216
    outer loop
      vertex 33.363734711837 36 -4.017220926874316
      vertex 32.87609094935381 25 -5.287576359985403
      vertex 33.363734711837 25 -4.017220926874316
    endloop
  endfacet
  facet normal -0.9659258262890683 0 0.25881904510252074
    outer loop
      vertex 33.715918809539474 36 -2.7028519806308715
      vertex 33.363734711837 25 -4.017220926874316
      vertex 33.715918809539474 25 -2.7028519806308715
    endloop
  endfacet
  facet normal -0.9876883405951381 0 0.15643446504022884
    outer loop
      vertex 33.92878463978755 36 -1.3588700224794952
      vertex 33.715918809539474 25 -2.7028519806308715
      vertex 33.92878463978755 25 -1.3588700224794952
    endloop
  endfacet
  facet normal -0.9986295347545738 0 0.052335956242945424
    outer loop
      vertex 34 25 0
      vertex 34 36 0
      vertex 33.92878463978755 25 -1.3588700224794952
    endloop
  endfacet
  facet normal -0.9659258262890683 0 0.25881904510252074
    outer loop
      vertex 33.363734711837 36 -4.017220926874316
      vertex 33.363734711837 25 -4.017220926874316
      vertex 33.715918809539474 36 -2.7028519806308715
    endloop
  endfacet
  facet normal -0.9876883405951381 0 0.15643446504022884
    outer loop
      vertex 33.715918809539474 36 -2.7028519806308715
      vertex 33.715918809539474 25 -2.7028519806308715
      vertex 33.92878463978755 36 -1.3588700224794952
    endloop
  endfacet
  facet normal -0.9986295347545738 0 0.052335956242945424
    outer loop
      vertex 33.92878463978755 36 -1.3588700224794952
      vertex 33.92878463978755 25 -1.3588700224794952
      vertex 34 36 0
    endloop
  endfacet
  facet normal -0.052335956242942884 0 0.9986295347545739
    outer loop
      vertex 21 44 -13
      vertex 22.358870022479493 44 -12.928784639787555
      vertex 22.358870022479493 55 -12.928784639787555
    endloop
  endfacet
  facet normal -0.15643446504023245 0 0.9876883405951374
    outer loop
      vertex 22.358870022479493 44 -12.928784639787555
      vertex 23.70285198063087 44 -12.715918809539472
      vertex 23.70285198063087 55 -12.715918809539472
    endloop
  endfacet
  facet normal -0.2588190451025195 0 0.9659258262890686
    outer loop
      vertex 23.70285198063087 44 -12.715918809539472
      vertex 25.017220926874316 44 -12.363734711836997
      vertex 25.017220926874316 55 -12.363734711836997
    endloop
  endfacet
  facet normal -0.3583679495453014 0 0.9335804264972012
    outer loop
      vertex 25.017220926874316 44 -12.363734711836997
      vertex 26.2875763599854 44 -11.876090949353811
      vertex 26.2875763599854 55 -11.876090949353811
    endloop
  endfacet
  facet normal -0.4539904997395466 0 0.891006524188368
    outer loop
      vertex 26.2875763599854 44 -11.876090949353811
      vertex 27.5 44 -11.258330249197702
      vertex 27.5 55 -11.258330249197702
    endloop
  endfacet
  facet normal -0.5446390350150271 0 0.838670567945424
    outer loop
      vertex 27.5 44 -11.258330249197702
      vertex 28.64120827980215 44 -10.517220926874316
      vertex 28.64120827980215 55 -10.517220926874316
    endloop
  endfacet
  facet normal -0.6293203910498362 0 0.7771459614569718
    outer loop
      vertex 28.64120827980215 44 -10.517220926874316
      vertex 29.698697882665158 44 -9.660882731206126
      vertex 29.698697882665158 55 -9.660882731206126
    endloop
  endfacet
  facet normal -0.052335956242942884 0 0.9986295347545739
    outer loop
      vertex 21 44 -13
      vertex 22.358870022479493 55 -12.928784639787555
      vertex 21 55 -13
    endloop
  endfacet
  facet normal -0.15643446504023245 0 0.9876883405951374
    outer loop
      vertex 22.358870022479493 44 -12.928784639787555
      vertex 23.70285198063087 55 -12.715918809539472
      vertex 22.358870022479493 55 -12.928784639787555
    endloop
  endfacet
  facet normal -0.2588190451025195 0 0.9659258262890686
    outer loop
      vertex 23.70285198063087 44 -12.715918809539472
      vertex 25.017220926874316 55 -12.363734711836997
      vertex 23.70285198063087 55 -12.715918809539472
    endloop
  endfacet
  facet normal -0.3583679495453014 0 0.9335804264972012
    outer loop
      vertex 25.017220926874316 44 -12.363734711836997
      vertex 26.2875763599854 55 -11.876090949353811
      vertex 25.017220926874316 55 -12.363734711836997
    endloop
  endfacet
  facet normal -0.4539904997395466 0 0.891006524188368
    outer loop
      vertex 26.2875763599854 44 -11.876090949353811
      vertex 27.5 55 -11.258330249197702
      vertex 26.2875763599854 55 -11.876090949353811
    endloop
  endfacet
  facet normal -0.5446390350150271 0 0.838670567945424
    outer loop
      vertex 27.5 44 -11.258330249197702
      vertex 28.64120827980215 55 -10.517220926874316
      vertex 27.5 55 -11.258330249197702
    endloop
  endfacet
  facet normal -0.6293203910498362 0 0.7771459614569718
    outer loop
      vertex 28.64120827980215 44 -10.517220926874316
      vertex 29.698697882665158 55 -9.660882731206126
      vertex 28.64120827980215 55 -10.517220926874316
    endloop
  endfacet
  facet normal -0.7071067811865476 0 0.7071067811865476
    outer loop
      vertex 29.698697882665158 44 -9.660882731206126
      vertex 30.660882731206126 44 -8.698697882665158
      vertex 30.660882731206126 55 -8.698697882665158
    endloop
  endfacet
  facet normal -0.7071067811865476 0 0.7071067811865476
    outer loop
      vertex 29.698697882665158 44 -9.660882731206126
      vertex 30.660882731206126 55 -8.698697882665158
      vertex 29.698697882665158 55 -9.660882731206126
    endloop
  endfacet
  facet normal -0.7771459614569716 0 0.6293203910498366
    outer loop
      vertex 30.660882731206126 44 -8.698697882665158
      vertex 31.517220926874316 44 -7.641208279802151
      vertex 31.517220926874316 55 -7.641208279802151
    endloop
  endfacet
  facet normal -0.8386705679454254 0 0.5446390350150249
    outer loop
      vertex 31.517220926874316 44 -7.641208279802151
      vertex 32.2583302491977 44 -6.5
      vertex 32.2583302491977 55 -6.5
    endloop
  endfacet
  facet normal -0.8910065241883671 0 0.4539904997395481
    outer loop
      vertex 32.2583302491977 44 -6.5
      vertex 32.87609094935381 44 -5.287576359985403
      vertex 32.87609094935381 55 -5.287576359985403
    endloop
  endfacet
  facet normal -0.7771459614569716 0 0.6293203910498366
    outer loop
      vertex 30.660882731206126 44 -8.698697882665158
      vertex 31.517220926874316 55 -7.641208279802151
      vertex 30.660882731206126 55 -8.698697882665158
    endloop
  endfacet
  facet normal -0.8386705679454254 0 0.5446390350150249
    outer loop
      vertex 31.517220926874316 44 -7.641208279802151
      vertex 32.2583302491977 55 -6.5
      vertex 31.517220926874316 55 -7.641208279802151
    endloop
  endfacet
  facet normal -0.8910065241883671 0 0.4539904997395481
    outer loop
      vertex 32.2583302491977 44 -6.5
      vertex 32.87609094935381 55 -5.287576359985403
      vertex 32.2583302491977 55 -6.5
    endloop
  endfacet
  facet normal -0.9335804264972011 0 0.35836794954530216
    outer loop
      vertex 32.87609094935381 44 -5.287576359985403
      vertex 33.363734711837 55 -4.017220926874316
      vertex 32.87609094935381 55 -5.287576359985403
    endloop
  endfacet
  facet normal -0.9335804264972011 0 0.35836794954530216
    outer loop
      vertex 32.87609094935381 44 -5.287576359985403
      vertex 33.363734711837 44 -4.017220926874316
      vertex 33.363734711837 55 -4.017220926874316
    endloop
  endfacet
  facet normal -0.9659258262890683 0 0.25881904510252074
    outer loop
      vertex 33.363734711837 44 -4.017220926874316
      vertex 33.715918809539474 44 -2.7028519806308715
      vertex 33.715918809539474 55 -2.7028519806308715
    endloop
  endfacet
  facet normal -0.9876883405951381 0 0.15643446504022884
    outer loop
      vertex 33.715918809539474 44 -2.7028519806308715
      vertex 33.92878463978755 44 -1.3588700224794952
      vertex 33.92878463978755 55 -1.3588700224794952
    endloop
  endfacet
  facet normal -0.9986295347545738 0 0.052335956242945424
    outer loop
      vertex 33.92878463978755 44 -1.3588700224794952
      vertex 34 44 0
      vertex 34 55 0
    endloop
  endfacet
  facet normal -0.9659258262890683 0 0.25881904510252074
    outer loop
      vertex 33.363734711837 44 -4.017220926874316
      vertex 33.715918809539474 55 -2.7028519806308715
      vertex 33.363734711837 55 -4.017220926874316
    endloop
  endfacet
  facet normal -0.9876883405951381 0 0.15643446504022884
    outer loop
      vertex 33.715918809539474 44 -2.7028519806308715
      vertex 33.92878463978755 55 -1.3588700224794952
      vertex 33.715918809539474 55 -2.7028519806308715
    endloop
  endfacet
  facet normal -0.9986295347545738 0 0.052335956242945424
    outer loop
      vertex 33.92878463978755 44 -1.3588700224794952
      vertex 34 55 0
      vertex 33.92878463978755 55 -1.3588700224794952
    endloop
  endfacet
  facet normal 0 1 0
    outer loop
      vertex 17.46550125609809 36 -16.628509212474693
      vertex 24.53449874390191 36 -16.628509212474693
      vertex 19.22301612444989 36 -16.90687222126065
    endloop
  endfacet
  facet normal 0 1 0
    outer loop
      vertex 15.746711095625894 36 -16.167960777017612
      vertex 26.253288904374106 36 -16.167960777017612
      vertex 17.46550125609809 36 -16.628509212474693
    endloop
  endfacet
  facet normal 0 1 0
    outer loop
      vertex 14.085477067711397 36 -15.530272779924214
      vertex 27.914522932288605 36 -15.530272779924214
      vertex 15.746711095625894 36 -16.167960777017612
    endloop
  endfacet
  facet normal 0 1 0
    outer loop
      vertex 12.5 36 -14.722431864335457
      vertex 29.5 36 -14.722431864335457
      vertex 14.085477067711397 36 -15.530272779924214
    endloop
  endfacet
  facet normal 0.1564344650402333 0 0.9876883405951372
    outer loop
      vertex 17.46550125609809 36 -16.628509212474693
      vertex 19.22301612444989 36 -16.90687222126065
      vertex 19.22301612444989 44 -16.90687222126065
    endloop
  endfacet
  facet normal 0.05233595624294268 0 0.9986295347545739
    outer loop
      vertex 19.22301612444989 36 -16.90687222126065
      vertex 21 36 -17
      vertex 21 44 -17
    endloop
  endfacet
  facet normal 0.35836794954530127 0 0.9335804264972013
    outer loop
      vertex 14.085477067711397 36 -15.530272779924214
      vertex 15.746711095625894 36 -16.167960777017612
      vertex 15.746711095625894 44 -16.167960777017612
    endloop
  endfacet
  facet normal 0.4539904997395464 0 0.891006524188368
    outer loop
      vertex 12.5 36 -14.722431864335457
      vertex 14.085477067711397 36 -15.530272779924214
      vertex 14.085477067711397 44 -15.530272779924214
    endloop
  endfacet
  facet normal 0.5446390350150278 0 0.8386705679454236
    outer loop
      vertex 11.007650711027956 36 -13.753288904374104
      vertex 12.5 36 -14.722431864335457
      vertex 12.5 44 -14.722431864335457
    endloop
  endfacet
  facet normal 0.25881904510251896 0 0.9659258262890688
    outer loop
      vertex 15.746711095625894 36 -16.167960777017612
      vertex 17.46550125609809 36 -16.628509212474693
      vertex 17.46550125609809 44 -16.628509212474693
    endloop
  endfacet
  facet normal 0 1 0
    outer loop
      vertex 9.624779691899409 36 -12.633462033115702
      vertex 8.366537966884298 36 -11.375220308100591
      vertex 14.5 36 -11.258330249197702
    endloop
  endfacet
  facet normal 0 1 0
    outer loop
      vertex 7.246711095625896 36 -9.992349288972044
      vertex 12.301302117334842 36 -9.660882731206126
      vertex 8.366537966884298 36 -11.375220308100591
    endloop
  endfacet
  facet normal 0.6293203910498365 0 0.7771459614569717
    outer loop
      vertex 9.624779691899409 36 -12.633462033115702
      vertex 11.007650711027956 36 -13.753288904374104
      vertex 11.007650711027956 44 -13.753288904374104
    endloop
  endfacet
  facet normal 0.7071067811865476 0 0.7071067811865476
    outer loop
      vertex 9.624779691899409 36 -12.633462033115702
      vertex 8.366537966884298 44 -11.375220308100591
      vertex 8.366537966884298 36 -11.375220308100591
    endloop
  endfacet
  facet normal 0.7771459614569717 0 0.6293203910498365
    outer loop
      vertex 7.246711095625896 36 -9.992349288972044
      vertex 8.366537966884298 36 -11.375220308100591
      vertex 7.246711095625896 44 -9.992349288972044
    endloop
  endfacet
  facet normal 0 1 0
    outer loop
      vertex 9.624779691899409 36 -12.633462033115702
      vertex 16.982779073125684 36 -12.363734711836997
      vertex 11.007650711027956 36 -13.753288904374104
    endloop
  endfacet
  facet normal 0 1 0
    outer loop
      vertex 9.624779691899409 36 -12.633462033115702
      vertex 14.5 36 -11.258330249197702
      vertex 15.712423640014597 36 -11.876090949353811
    endloop
  endfacet
  facet normal 0 1 0
    outer loop
      vertex 11.007650711027956 36 -13.753288904374104
      vertex 16.982779073125684 36 -12.363734711836997
      vertex 18.29714801936913 36 -12.715918809539472
    endloop
  endfacet
  facet normal 0 1 0
    outer loop
      vertex 9.624779691899409 36 -12.633462033115702
      vertex 15.712423640014597 36 -11.876090949353811
      vertex 16.982779073125684 36 -12.363734711836997
    endloop
  endfacet
  facet normal 0 1 0
    outer loop
      vertex 11.007650711027956 36 -13.753288904374104
      vertex 30.992349288972044 36 -13.753288904374104
      vertex 12.5 36 -14.722431864335457
    endloop
  endfacet
  facet normal 0 1 0
    outer loop
      vertex 11.007650711027956 36 -13.753288904374104
      vertex 18.29714801936913 36 -12.715918809539472
      vertex 19.641129977520507 36 -12.928784639787555
    endloop
  endfacet
  facet normal 0 1 0
    outer loop
      vertex 11.007650711027956 36 -13.753288904374104
      vertex 19.641129977520507 36 -12.928784639787555
      vertex 21 36 -13
    endloop
  endfacet
  facet normal 0 1 0
    outer loop
      vertex 8.366537966884298 36 -11.375220308100591
      vertex 13.35879172019785 36 -10.517220926874316
      vertex 14.5 36 -11.258330249197702
    endloop
  endfacet
  facet normal 0 1 0
    outer loop
      vertex 8.366537966884298 36 -11.375220308100591
      vertex 12.301302117334842 36 -9.660882731206126
      vertex 13.35879172019785 36 -10.517220926874316
    endloop
  endfacet
  facet normal 0 1 0
    outer loop
      vertex 7.246711095625896 36 -9.992349288972044
      vertex 6.277568135664543 36 -8.5
      vertex 10.482779073125684 36 -7.641208279802151
    endloop
  endfacet
  facet normal 0 1 0
    outer loop
      vertex 7.246711095625896 36 -9.992349288972044
      vertex 11.339117268793874 36 -8.698697882665158
      vertex 12.301302117334842 36 -9.660882731206126
    endloop
  endfacet
  facet normal 0 1 0
    outer loop
      vertex 7.246711095625896 36 -9.992349288972044
      vertex 10.482779073125684 36 -7.641208279802151
      vertex 11.339117268793874 36 -8.698697882665158
    endloop
  endfacet
  facet normal 0 1 0
    outer loop
      vertex 5.469727220075786 36 -6.9145229322886035
      vertex 9.741669750802298 36 -6.5
      vertex 6.277568135664543 36 -8.5
    endloop
  endfacet
  facet normal 0 1 0
    outer loop
      vertex 6.277568135664543 36 -8.5
      vertex 9.741669750802298 36 -6.5
      vertex 10.482779073125684 36 -7.641208279802151
    endloop
  endfacet
  facet normal 0 1 0
    outer loop
      vertex 5.469727220075786 36 -6.9145229322886035
      vertex 4.832039222982388 36 -5.253288904374106
      vertex 8.636265288163003 36 -4.017220926874316
    endloop
  endfacet
  facet normal 0 1 0
    outer loop
      vertex 5.469727220075786 36 -6.9145229322886035
      vertex 9.123909050646189 36 -5.287576359985403
      vertex 9.741669750802298 36 -6.5
    endloop
  endfacet
  facet normal 0 1 0
    outer loop
      vertex 5.469727220075786 36 -6.9145229322886035
      vertex 8.636265288163003 36 -4.017220926874316
      vertex 9.123909050646189 36 -5.287576359985403
    endloop
  endfacet
  facet normal 0.891006524188368 0 0.4539904997395464
    outer loop
      vertex 5.469727220075786 36 -6.9145229322886035
      vertex 6.277568135664543 36 -8.5
      vertex 5.469727220075786 44 -6.9145229322886035
    endloop
  endfacet
  facet normal 0.8386705679454236 0 0.5446390350150278
    outer loop
      vertex 7.246711095625896 36 -9.992349288972044
      vertex 6.277568135664543 44 -8.5
      vertex 6.277568135664543 36 -8.5
    endloop
  endfacet
  facet normal 0.9335804264972013 0 0.35836794954530127
    outer loop
      vertex 5.469727220075786 36 -6.9145229322886035
      vertex 4.832039222982388 44 -5.253288904374106
      vertex 4.832039222982388 36 -5.253288904374106
    endloop
  endfacet
  facet normal 0 1 0
    outer loop
      vertex 4.371490787525307 36 -3.5344987439019087
      vertex 8.284081190460528 36 -2.7028519806308715
      vertex 4.832039222982388 36 -5.253288904374106
    endloop
  endfacet
  facet normal 0 1 0
    outer loop
      vertex 4.832039222982388 36 -5.253288904374106
      vertex 8.284081190460528 36 -2.7028519806308715
      vertex 8.636265288163003 36 -4.017220926874316
    endloop
  endfacet
  facet normal 0 1 0
    outer loop
      vertex 4.371490787525307 36 -3.5344987439019087
      vertex 8.071215360212445 36 -1.3588700224794952
      vertex 8.284081190460528 36 -2.7028519806308715
    endloop
  endfacet
  facet normal 0 1 0
    outer loop
      vertex 4.371490787525307 36 -3.5344987439019087
      vertex 4.093127778739351 36 -1.776983875550109
      vertex 8.071215360212445 36 -1.3588700224794952
    endloop
  endfacet
  facet normal 0 1 0
    outer loop
      vertex 4.093127778739351 36 -1.776983875550109
      vertex 4 36 0
      vertex 8 36 0
    endloop
  endfacet
  facet normal 0 1 0
    outer loop
      vertex 4.093127778739351 36 -1.776983875550109
      vertex 8 36 0
      vertex 8.071215360212445 36 -1.3588700224794952
    endloop
  endfacet
  facet normal 0.9659258262890688 0 0.25881904510251874
    outer loop
      vertex 4.371490787525307 36 -3.5344987439019087
      vertex 4.832039222982388 36 -5.253288904374106
      vertex 4.371490787525307 44 -3.5344987439019087
    endloop
  endfacet
  facet normal 0.9876883405951372 0 0.15643446504023348
    outer loop
      vertex 4.371490787525307 36 -3.5344987439019087
      vertex 4.093127778739351 44 -1.776983875550109
      vertex 4.093127778739351 36 -1.776983875550109
    endloop
  endfacet
  facet normal 0.9986295347545739 0 0.05233595624294266
    outer loop
      vertex 4.093127778739351 36 -1.776983875550109
      vertex 4 44 0
      vertex 4 36 0
    endloop
  endfacet
  facet normal 0.1564344650402333 0 0.9876883405951372
    outer loop
      vertex 17.46550125609809 36 -16.628509212474693
      vertex 19.22301612444989 44 -16.90687222126065
      vertex 17.46550125609809 44 -16.628509212474693
    endloop
  endfacet
  facet normal 0.05233595624294268 0 0.9986295347545739
    outer loop
      vertex 19.22301612444989 36 -16.90687222126065
      vertex 21 44 -17
      vertex 19.22301612444989 44 -16.90687222126065
    endloop
  endfacet
  facet normal 0.35836794954530127 0 0.9335804264972013
    outer loop
      vertex 14.085477067711397 36 -15.530272779924214
      vertex 15.746711095625894 44 -16.167960777017612
      vertex 14.085477067711397 44 -15.530272779924214
    endloop
  endfacet
  facet normal 0.4539904997395464 0 0.891006524188368
    outer loop
      vertex 12.5 36 -14.722431864335457
      vertex 14.085477067711397 44 -15.530272779924214
      vertex 12.5 44 -14.722431864335457
    endloop
  endfacet
  facet normal 0.25881904510251896 0 0.9659258262890688
    outer loop
      vertex 15.746711095625894 36 -16.167960777017612
      vertex 17.46550125609809 44 -16.628509212474693
      vertex 15.746711095625894 44 -16.167960777017612
    endloop
  endfacet
  facet normal 0 -1 0
    outer loop
      vertex 17.46550125609809 44 -16.628509212474693
      vertex 19.22301612444989 44 -16.90687222126065
      vertex 22.77698387555011 44 -16.90687222126065
    endloop
  endfacet
  facet normal 0 -1 0
    outer loop
      vertex 15.746711095625894 44 -16.167960777017612
      vertex 17.46550125609809 44 -16.628509212474693
      vertex 24.53449874390191 44 -16.628509212474693
    endloop
  endfacet
  facet normal 0 -1 0
    outer loop
      vertex 14.085477067711397 44 -15.530272779924214
      vertex 15.746711095625894 44 -16.167960777017612
      vertex 26.253288904374106 44 -16.167960777017612
    endloop
  endfacet
  facet normal 0 -1 0
    outer loop
      vertex 12.5 44 -14.722431864335457
      vertex 14.085477067711397 44 -15.530272779924214
      vertex 27.914522932288605 44 -15.530272779924214
    endloop
  endfacet
  facet normal 0 -1 0
    outer loop
      vertex 11.007650711027956 44 -13.753288904374104
      vertex 12.5 44 -14.722431864335457
      vertex 29.5 44 -14.722431864335457
    endloop
  endfacet
  facet normal 0.6293203910498365 0 0.7771459614569717
    outer loop
      vertex 9.624779691899409 36 -12.633462033115702
      vertex 11.007650711027956 44 -13.753288904374104
      vertex 9.624779691899409 44 -12.633462033115702
    endloop
  endfacet
  facet normal 0.7071067811865476 0 0.7071067811865476
    outer loop
      vertex 9.624779691899409 36 -12.633462033115702
      vertex 9.624779691899409 44 -12.633462033115702
      vertex 8.366537966884298 44 -11.375220308100591
    endloop
  endfacet
  facet normal 0.7771459614569717 0 0.6293203910498365
    outer loop
      vertex 8.366537966884298 36 -11.375220308100591
      vertex 8.366537966884298 44 -11.375220308100591
      vertex 7.246711095625896 44 -9.992349288972044
    endloop
  endfacet
  facet normal 0 -1 0
    outer loop
      vertex 9.624779691899409 44 -12.633462033115702
      vertex 15.712423640014597 44 -11.876090949353811
      vertex 8.366537966884298 44 -11.375220308100591
    endloop
  endfacet
  facet normal 0 -1 0
    outer loop
      vertex 7.246711095625896 44 -9.992349288972044
      vertex 8.366537966884298 44 -11.375220308100591
      vertex 13.35879172019785 44 -10.517220926874316
    endloop
  endfacet
  facet normal 0 -1 0
    outer loop
      vertex 7.246711095625896 44 -9.992349288972044
      vertex 13.35879172019785 44 -10.517220926874316
      vertex 12.301302117334842 44 -9.660882731206126
    endloop
  endfacet
  facet normal 0.5446390350150278 0 0.8386705679454236
    outer loop
      vertex 11.007650711027956 36 -13.753288904374104
      vertex 12.5 44 -14.722431864335457
      vertex 11.007650711027956 44 -13.753288904374104
    endloop
  endfacet
  facet normal 0 -1 0
    outer loop
      vertex 9.624779691899409 44 -12.633462033115702
      vertex 18.29714801936913 44 -12.715918809539472
      vertex 16.982779073125684 44 -12.363734711836997
    endloop
  endfacet
  facet normal 0 -1 0
    outer loop
      vertex 9.624779691899409 44 -12.633462033115702
      vertex 19.641129977520507 44 -12.928784639787555
      vertex 18.29714801936913 44 -12.715918809539472
    endloop
  endfacet
  facet normal 0 -1 0
    outer loop
      vertex 9.624779691899409 44 -12.633462033115702
      vertex 16.982779073125684 44 -12.363734711836997
      vertex 15.712423640014597 44 -11.876090949353811
    endloop
  endfacet
  facet normal 0 -1 0
    outer loop
      vertex 9.624779691899409 44 -12.633462033115702
      vertex 11.007650711027956 44 -13.753288904374104
      vertex 30.992349288972044 44 -13.753288904374104
    endloop
  endfacet
  facet normal 0 -1 0
    outer loop
      vertex 9.624779691899409 44 -12.633462033115702
      vertex 30.992349288972044 44 -13.753288904374104
      vertex 21 44 -13
    endloop
  endfacet
  facet normal 0 -1 0
    outer loop
      vertex 9.624779691899409 44 -12.633462033115702
      vertex 21 44 -13
      vertex 19.641129977520507 44 -12.928784639787555
    endloop
  endfacet
  facet normal 0 -1 0
    outer loop
      vertex 8.366537966884298 44 -11.375220308100591
      vertex 15.712423640014597 44 -11.876090949353811
      vertex 14.5 44 -11.258330249197702
    endloop
  endfacet
  facet normal 0 -1 0
    outer loop
      vertex 8.366537966884298 44 -11.375220308100591
      vertex 14.5 44 -11.258330249197702
      vertex 13.35879172019785 44 -10.517220926874316
    endloop
  endfacet
  facet normal 0.891006524188368 0 0.4539904997395464
    outer loop
      vertex 6.277568135664543 36 -8.5
      vertex 6.277568135664543 44 -8.5
      vertex 5.469727220075786 44 -6.9145229322886035
    endloop
  endfacet
  facet normal 0.8386705679454236 0 0.5446390350150278
    outer loop
      vertex 7.246711095625896 36 -9.992349288972044
      vertex 7.246711095625896 44 -9.992349288972044
      vertex 6.277568135664543 44 -8.5
    endloop
  endfacet
  facet normal 0.9335804264972013 0 0.35836794954530127
    outer loop
      vertex 5.469727220075786 36 -6.9145229322886035
      vertex 5.469727220075786 44 -6.9145229322886035
      vertex 4.832039222982388 44 -5.253288904374106
    endloop
  endfacet
  facet normal 0 -1 0
    outer loop
      vertex 7.246711095625896 44 -9.992349288972044
      vertex 12.301302117334842 44 -9.660882731206126
      vertex 6.277568135664543 44 -8.5
    endloop
  endfacet
  facet normal 0 -1 0
    outer loop
      vertex 6.277568135664543 44 -8.5
      vertex 12.301302117334842 44 -9.660882731206126
      vertex 11.339117268793874 44 -8.698697882665158
    endloop
  endfacet
  facet normal 0 -1 0
    outer loop
      vertex 5.469727220075786 44 -6.9145229322886035
      vertex 6.277568135664543 44 -8.5
      vertex 10.482779073125684 44 -7.641208279802151
    endloop
  endfacet
  facet normal 0 -1 0
    outer loop
      vertex 6.277568135664543 44 -8.5
      vertex 11.339117268793874 44 -8.698697882665158
      vertex 10.482779073125684 44 -7.641208279802151
    endloop
  endfacet
  facet normal 0 -1 0
    outer loop
      vertex 5.469727220075786 44 -6.9145229322886035
      vertex 10.482779073125684 44 -7.641208279802151
      vertex 9.741669750802298 44 -6.5
    endloop
  endfacet
  facet normal 0 -1 0
    outer loop
      vertex 5.469727220075786 44 -6.9145229322886035
      vertex 9.741669750802298 44 -6.5
      vertex 4.832039222982388 44 -5.253288904374106
    endloop
  endfacet
  facet normal 0 -1 0
    outer loop
      vertex 4.832039222982388 44 -5.253288904374106
      vertex 9.741669750802298 44 -6.5
      vertex 9.123909050646189 44 -5.287576359985403
    endloop
  endfacet
  facet normal 0 -1 0
    outer loop
      vertex 4.832039222982388 44 -5.253288904374106
      vertex 9.123909050646189 44 -5.287576359985403
      vertex 8.636265288163003 44 -4.017220926874316
    endloop
  endfacet
  facet normal 0.9659258262890688 0 0.25881904510251874
    outer loop
      vertex 4.832039222982388 36 -5.253288904374106
      vertex 4.832039222982388 44 -5.253288904374106
      vertex 4.371490787525307 44 -3.5344987439019087
    endloop
  endfacet
  facet normal 0.9876883405951372 0 0.15643446504023348
    outer loop
      vertex 4.371490787525307 36 -3.5344987439019087
      vertex 4.371490787525307 44 -3.5344987439019087
      vertex 4.093127778739351 44 -1.776983875550109
    endloop
  endfacet
  facet normal 0.9986295347545739 0 0.05233595624294266
    outer loop
      vertex 4.093127778739351 36 -1.776983875550109
      vertex 4.093127778739351 44 -1.776983875550109
      vertex 4 44 0
    endloop
  endfacet
  facet normal 0 -1 0
    outer loop
      vertex 4.371490787525307 44 -3.5344987439019087
      vertex 4.832039222982388 44 -5.253288904374106
      vertex 8.636265288163003 44 -4.017220926874316
    endloop
  endfacet
  facet normal 0 -1 0
    outer loop
      vertex 4.371490787525307 44 -3.5344987439019087
      vertex 8.284081190460528 44 -2.7028519806308715
      vertex 4.093127778739351 44 -1.776983875550109
    endloop
  endfacet
  facet normal 0 -1 0
    outer loop
      vertex 4.371490787525307 44 -3.5344987439019087
      vertex 8.636265288163003 44 -4.017220926874316
      vertex 8.284081190460528 44 -2.7028519806308715
    endloop
  endfacet
  facet normal 0 -1 0
    outer loop
      vertex 4.093127778739351 44 -1.776983875550109
      vertex 8.071215360212445 44 -1.3588700224794952
      vertex 4 44 0
    endloop
  endfacet
  facet normal 0 -1 0
    outer loop
      vertex 4.093127778739351 44 -1.776983875550109
      vertex 8.284081190460528 44 -2.7028519806308715
      vertex 8.071215360212445 44 -1.3588700224794952
    endloop
  endfacet
  facet normal 0 -1 0
    outer loop
      vertex 8.071215360212445 44 -1.3588700224794952
      vertex 8 44 0
      vertex 4 44 0
    endloop
  endfacet
  facet normal 0 1 0
    outer loop
      vertex 19.22301612444989 36 -16.90687222126065
      vertex 22.77698387555011 36 -16.90687222126065
      vertex 21 36 -17
    endloop
  endfacet
  facet normal 0 1 0
    outer loop
      vertex 19.22301612444989 36 -16.90687222126065
      vertex 24.53449874390191 36 -16.628509212474693
      vertex 22.77698387555011 36 -16.90687222126065
    endloop
  endfacet
  facet normal 0 1 0
    outer loop
      vertex 17.46550125609809 36 -16.628509212474693
      vertex 26.253288904374106 36 -16.167960777017612
      vertex 24.53449874390191 36 -16.628509212474693
    endloop
  endfacet
  facet normal 0 1 0
    outer loop
      vertex 15.746711095625894 36 -16.167960777017612
      vertex 27.914522932288605 36 -15.530272779924214
      vertex 26.253288904374106 36 -16.167960777017612
    endloop
  endfacet
  facet normal 0 1 0
    outer loop
      vertex 14.085477067711397 36 -15.530272779924214
      vertex 29.5 36 -14.722431864335457
      vertex 27.914522932288605 36 -15.530272779924214
    endloop
  endfacet
  facet normal 0 1 0
    outer loop
      vertex 12.5 36 -14.722431864335457
      vertex 30.992349288972044 36 -13.753288904374104
      vertex 29.5 36 -14.722431864335457
    endloop
  endfacet
  facet normal -0.05233595624294268 0 0.9986295347545739
    outer loop
      vertex 21 36 -17
      vertex 22.77698387555011 36 -16.90687222126065
      vertex 22.77698387555011 44 -16.90687222126065
    endloop
  endfacet
  facet normal -0.1564344650402333 0 0.9876883405951372
    outer loop
      vertex 22.77698387555011 36 -16.90687222126065
      vertex 24.53449874390191 36 -16.628509212474693
      vertex 24.53449874390191 44 -16.628509212474693
    endloop
  endfacet
  facet normal -0.25881904510251896 0 0.9659258262890688
    outer loop
      vertex 24.53449874390191 36 -16.628509212474693
      vertex 26.253288904374106 36 -16.167960777017612
      vertex 26.253288904374106 44 -16.167960777017612
    endloop
  endfacet
  facet normal -0.358367949545301 0 0.9335804264972015
    outer loop
      vertex 26.253288904374106 36 -16.167960777017612
      vertex 27.914522932288605 36 -15.530272779924214
      vertex 27.914522932288605 44 -15.530272779924214
    endloop
  endfacet
  facet normal -0.4539904997395468 0 0.8910065241883679
    outer loop
      vertex 27.914522932288605 36 -15.530272779924214
      vertex 29.5 36 -14.722431864335457
      vertex 29.5 44 -14.722431864335457
    endloop
  endfacet
  facet normal 0 1 0
    outer loop
      vertex 11.007650711027956 36 -13.753288904374104
      vertex 21 36 -13
      vertex 32.375220308100594 36 -12.633462033115702
    endloop
  endfacet
  facet normal 0 1 0
    outer loop
      vertex 11.007650711027956 36 -13.753288904374104
      vertex 32.375220308100594 36 -12.633462033115702
      vertex 30.992349288972044 36 -13.753288904374104
    endloop
  endfacet
  facet normal 0 1 0
    outer loop
      vertex 21 36 -13
      vertex 22.358870022479493 36 -12.928784639787555
      vertex 32.375220308100594 36 -12.633462033115702
    endloop
  endfacet
  facet normal 0 1 0
    outer loop
      vertex 22.358870022479493 36 -12.928784639787555
      vertex 23.70285198063087 36 -12.715918809539472
      vertex 32.375220308100594 36 -12.633462033115702
    endloop
  endfacet
  facet normal 0 1 0
    outer loop
      vertex 23.70285198063087 36 -12.715918809539472
      vertex 25.017220926874316 36 -12.363734711836997
      vertex 32.375220308100594 36 -12.633462033115702
    endloop
  endfacet
  facet normal 0 1 0
    outer loop
      vertex 25.017220926874316 36 -12.363734711836997
      vertex 26.2875763599854 36 -11.876090949353811
      vertex 32.375220308100594 36 -12.633462033115702
    endloop
  endfacet
  facet normal 0 1 0
    outer loop
      vertex 26.2875763599854 36 -11.876090949353811
      vertex 27.5 36 -11.258330249197702
      vertex 33.633462033115705 36 -11.375220308100591
    endloop
  endfacet
  facet normal 0 1 0
    outer loop
      vertex 27.5 36 -11.258330249197702
      vertex 28.64120827980215 36 -10.517220926874316
      vertex 33.633462033115705 36 -11.375220308100591
    endloop
  endfacet
  facet normal -0.5446390350150278 0 0.8386705679454236
    outer loop
      vertex 29.5 36 -14.722431864335457
      vertex 30.992349288972044 36 -13.753288904374104
      vertex 30.992349288972044 44 -13.753288904374104
    endloop
  endfacet
  facet normal 0 1 0
    outer loop
      vertex 26.2875763599854 36 -11.876090949353811
      vertex 33.633462033115705 36 -11.375220308100591
      vertex 32.375220308100594 36 -12.633462033115702
    endloop
  endfacet
  facet normal 0 1 0
    outer loop
      vertex 28.64120827980215 36 -10.517220926874316
      vertex 34.7532889043741 36 -9.992349288972044
      vertex 33.633462033115705 36 -11.375220308100591
    endloop
  endfacet
  facet normal 0 1 0
    outer loop
      vertex 28.64120827980215 36 -10.517220926874316
      vertex 29.698697882665158 36 -9.660882731206126
      vertex 34.7532889043741 36 -9.992349288972044
    endloop
  endfacet
  facet normal -0.6293203910498355 0 0.7771459614569725
    outer loop
      vertex 30.992349288972044 36 -13.753288904374104
      vertex 32.375220308100594 36 -12.633462033115702
      vertex 32.375220308100594 44 -12.633462033115702
    endloop
  endfacet
  facet normal -0.7071067811865476 0 0.7071067811865476
    outer loop
      vertex 32.375220308100594 36 -12.633462033115702
      vertex 33.633462033115705 36 -11.375220308100591
      vertex 32.375220308100594 44 -12.633462033115702
    endloop
  endfacet
  facet normal -0.7771459614569731 0 0.6293203910498346
    outer loop
      vertex 33.633462033115705 36 -11.375220308100591
      vertex 34.7532889043741 36 -9.992349288972044
      vertex 33.633462033115705 44 -11.375220308100591
    endloop
  endfacet
  facet normal 0 1 0
    outer loop
      vertex 29.698697882665158 36 -9.660882731206126
      vertex 30.660882731206126 36 -8.698697882665158
      vertex 35.722431864335455 36 -8.5
    endloop
  endfacet
  facet normal 0 1 0
    outer loop
      vertex 29.698697882665158 36 -9.660882731206126
      vertex 35.722431864335455 36 -8.5
      vertex 34.7532889043741 36 -9.992349288972044
    endloop
  endfacet
  facet normal 0 1 0
    outer loop
      vertex 30.660882731206126 36 -8.698697882665158
      vertex 31.517220926874316 36 -7.641208279802151
      vertex 35.722431864335455 36 -8.5
    endloop
  endfacet
  facet normal 0 1 0
    outer loop
      vertex 31.517220926874316 36 -7.641208279802151
      vertex 36.53027277992422 36 -6.9145229322886035
      vertex 35.722431864335455 36 -8.5
    endloop
  endfacet
  facet normal 0 1 0
    outer loop
      vertex 31.517220926874316 36 -7.641208279802151
      vertex 32.2583302491977 36 -6.5
      vertex 36.53027277992422 36 -6.9145229322886035
    endloop
  endfacet
  facet normal 0 1 0
    outer loop
      vertex 32.2583302491977 36 -6.5
      vertex 37.16796077701761 36 -5.253288904374106
      vertex 36.53027277992422 36 -6.9145229322886035
    endloop
  endfacet
  facet normal 0 1 0
    outer loop
      vertex 32.2583302491977 36 -6.5
      vertex 32.87609094935381 36 -5.287576359985403
      vertex 37.16796077701761 36 -5.253288904374106
    endloop
  endfacet
  facet normal 0 1 0
    outer loop
      vertex 32.87609094935381 36 -5.287576359985403
      vertex 33.363734711837 36 -4.017220926874316
      vertex 37.16796077701761 36 -5.253288904374106
    endloop
  endfacet
  facet normal -0.8386705679454236 0 0.5446390350150278
    outer loop
      vertex 34.7532889043741 36 -9.992349288972044
      vertex 35.722431864335455 36 -8.5
      vertex 34.7532889043741 44 -9.992349288972044
    endloop
  endfacet
  facet normal -0.8910065241883668 0 0.45399049973954875
    outer loop
      vertex 35.722431864335455 36 -8.5
      vertex 36.53027277992422 36 -6.9145229322886035
      vertex 35.722431864335455 44 -8.5
    endloop
  endfacet
  facet normal -0.9335804264972021 0 0.35836794954529955
    outer loop
      vertex 36.53027277992422 36 -6.9145229322886035
      vertex 37.16796077701761 36 -5.253288904374106
      vertex 36.53027277992422 44 -6.9145229322886035
    endloop
  endfacet
  facet normal 0 1 0
    outer loop
      vertex 33.363734711837 36 -4.017220926874316
      vertex 33.715918809539474 36 -2.7028519806308715
      vertex 37.6285092124747 36 -3.5344987439019087
    endloop
  endfacet
  facet normal 0 1 0
    outer loop
      vertex 33.363734711837 36 -4.017220926874316
      vertex 37.6285092124747 36 -3.5344987439019087
      vertex 37.16796077701761 36 -5.253288904374106
    endloop
  endfacet
  facet normal 0 1 0
    outer loop
      vertex 33.715918809539474 36 -2.7028519806308715
      vertex 37.90687222126065 36 -1.776983875550109
      vertex 37.6285092124747 36 -3.5344987439019087
    endloop
  endfacet
  facet normal 0 1 0
    outer loop
      vertex 33.715918809539474 36 -2.7028519806308715
      vertex 33.92878463978755 36 -1.3588700224794952
      vertex 37.90687222126065 36 -1.776983875550109
    endloop
  endfacet
  facet normal 0 1 0
    outer loop
      vertex 33.92878463978755 36 -1.3588700224794952
      vertex 34 36 0
      vertex 38 36 0
    endloop
  endfacet
  facet normal 0 1 0
    outer loop
      vertex 33.92878463978755 36 -1.3588700224794952
      vertex 38 36 0
      vertex 37.90687222126065 36 -1.776983875550109
    endloop
  endfacet
  facet normal -0.9659258262890684 0 0.2588190451025207
    outer loop
      vertex 37.16796077701761 36 -5.253288904374106
      vertex 37.6285092124747 36 -3.5344987439019087
      vertex 37.16796077701761 44 -5.253288904374106
    endloop
  endfacet
  facet normal -0.9876883405951377 0 0.15643446504023154
    outer loop
      vertex 37.6285092124747 36 -3.5344987439019087
      vertex 37.90687222126065 36 -1.776983875550109
      vertex 37.6285092124747 44 -3.5344987439019087
    endloop
  endfacet
  facet normal -0.9986295347545739 0 0.05233595624294266
    outer loop
      vertex 37.90687222126065 36 -1.776983875550109
      vertex 38 36 0
      vertex 37.90687222126065 44 -1.776983875550109
    endloop
  endfacet
  facet normal -0.05233595624294268 0 0.9986295347545739
    outer loop
      vertex 21 36 -17
      vertex 22.77698387555011 44 -16.90687222126065
      vertex 21 44 -17
    endloop
  endfacet
  facet normal -0.1564344650402333 0 0.9876883405951372
    outer loop
      vertex 22.77698387555011 36 -16.90687222126065
      vertex 24.53449874390191 44 -16.628509212474693
      vertex 22.77698387555011 44 -16.90687222126065
    endloop
  endfacet
  facet normal -0.25881904510251896 0 0.9659258262890688
    outer loop
      vertex 24.53449874390191 36 -16.628509212474693
      vertex 26.253288904374106 44 -16.167960777017612
      vertex 24.53449874390191 44 -16.628509212474693
    endloop
  endfacet
  facet normal -0.358367949545301 0 0.9335804264972015
    outer loop
      vertex 26.253288904374106 36 -16.167960777017612
      vertex 27.914522932288605 44 -15.530272779924214
      vertex 26.253288904374106 44 -16.167960777017612
    endloop
  endfacet
  facet normal -0.4539904997395468 0 0.8910065241883679
    outer loop
      vertex 27.914522932288605 36 -15.530272779924214
      vertex 29.5 44 -14.722431864335457
      vertex 27.914522932288605 44 -15.530272779924214
    endloop
  endfacet
  facet normal -0.5446390350150278 0 0.8386705679454236
    outer loop
      vertex 29.5 36 -14.722431864335457
      vertex 30.992349288972044 44 -13.753288904374104
      vertex 29.5 44 -14.722431864335457
    endloop
  endfacet
  facet normal 0 -1 0
    outer loop
      vertex 19.22301612444989 44 -16.90687222126065
      vertex 21 44 -17
      vertex 22.77698387555011 44 -16.90687222126065
    endloop
  endfacet
  facet normal 0 -1 0
    outer loop
      vertex 17.46550125609809 44 -16.628509212474693
      vertex 22.77698387555011 44 -16.90687222126065
      vertex 24.53449874390191 44 -16.628509212474693
    endloop
  endfacet
  facet normal 0 -1 0
    outer loop
      vertex 15.746711095625894 44 -16.167960777017612
      vertex 24.53449874390191 44 -16.628509212474693
      vertex 26.253288904374106 44 -16.167960777017612
    endloop
  endfacet
  facet normal 0 -1 0
    outer loop
      vertex 14.085477067711397 44 -15.530272779924214
      vertex 26.253288904374106 44 -16.167960777017612
      vertex 27.914522932288605 44 -15.530272779924214
    endloop
  endfacet
  facet normal 0 -1 0
    outer loop
      vertex 12.5 44 -14.722431864335457
      vertex 27.914522932288605 44 -15.530272779924214
      vertex 29.5 44 -14.722431864335457
    endloop
  endfacet
  facet normal 0 -1 0
    outer loop
      vertex 11.007650711027956 44 -13.753288904374104
      vertex 29.5 44 -14.722431864335457
      vertex 30.992349288972044 44 -13.753288904374104
    endloop
  endfacet
  facet normal 0 -1 0
    outer loop
      vertex 21 44 -13
      vertex 30.992349288972044 44 -13.753288904374104
      vertex 22.358870022479493 44 -12.928784639787555
    endloop
  endfacet
  facet normal 0 -1 0
    outer loop
      vertex 22.358870022479493 44 -12.928784639787555
      vertex 30.992349288972044 44 -13.753288904374104
      vertex 23.70285198063087 44 -12.715918809539472
    endloop
  endfacet
  facet normal 0 -1 0
    outer loop
      vertex 23.70285198063087 44 -12.715918809539472
      vertex 30.992349288972044 44 -13.753288904374104
      vertex 25.017220926874316 44 -12.363734711836997
    endloop
  endfacet
  facet normal 0 -1 0
    outer loop
      vertex 25.017220926874316 44 -12.363734711836997
      vertex 32.375220308100594 44 -12.633462033115702
      vertex 26.2875763599854 44 -11.876090949353811
    endloop
  endfacet
  facet normal 0 -1 0
    outer loop
      vertex 25.017220926874316 44 -12.363734711836997
      vertex 30.992349288972044 44 -13.753288904374104
      vertex 32.375220308100594 44 -12.633462033115702
    endloop
  endfacet
  facet normal 0 -1 0
    outer loop
      vertex 26.2875763599854 44 -11.876090949353811
      vertex 32.375220308100594 44 -12.633462033115702
      vertex 27.5 44 -11.258330249197702
    endloop
  endfacet
  facet normal 0 -1 0
    outer loop
      vertex 27.5 44 -11.258330249197702
      vertex 33.633462033115705 44 -11.375220308100591
      vertex 28.64120827980215 44 -10.517220926874316
    endloop
  endfacet
  facet normal 0 -1 0
    outer loop
      vertex 28.64120827980215 44 -10.517220926874316
      vertex 33.633462033115705 44 -11.375220308100591
      vertex 29.698697882665158 44 -9.660882731206126
    endloop
  endfacet
  facet normal -0.6293203910498355 0 0.7771459614569725
    outer loop
      vertex 30.992349288972044 36 -13.753288904374104
      vertex 32.375220308100594 44 -12.633462033115702
      vertex 30.992349288972044 44 -13.753288904374104
    endloop
  endfacet
  facet normal -0.7071067811865476 0 0.7071067811865476
    outer loop
      vertex 33.633462033115705 36 -11.375220308100591
      vertex 33.633462033115705 44 -11.375220308100591
      vertex 32.375220308100594 44 -12.633462033115702
    endloop
  endfacet
  facet normal -0.7771459614569731 0 0.6293203910498346
    outer loop
      vertex 34.7532889043741 36 -9.992349288972044
      vertex 34.7532889043741 44 -9.992349288972044
      vertex 33.633462033115705 44 -11.375220308100591
    endloop
  endfacet
  facet normal 0 -1 0
    outer loop
      vertex 27.5 44 -11.258330249197702
      vertex 32.375220308100594 44 -12.633462033115702
      vertex 33.633462033115705 44 -11.375220308100591
    endloop
  endfacet
  facet normal 0 -1 0
    outer loop
      vertex 29.698697882665158 44 -9.660882731206126
      vertex 33.633462033115705 44 -11.375220308100591
      vertex 34.7532889043741 44 -9.992349288972044
    endloop
  endfacet
  facet normal -0.8386705679454236 0 0.5446390350150278
    outer loop
      vertex 35.722431864335455 36 -8.5
      vertex 35.722431864335455 44 -8.5
      vertex 34.7532889043741 44 -9.992349288972044
    endloop
  endfacet
  facet normal -0.8910065241883668 0 0.45399049973954875
    outer loop
      vertex 36.53027277992422 36 -6.9145229322886035
      vertex 36.53027277992422 44 -6.9145229322886035
      vertex 35.722431864335455 44 -8.5
    endloop
  endfacet
  facet normal -0.9335804264972021 0 0.35836794954529955
    outer loop
      vertex 37.16796077701761 36 -5.253288904374106
      vertex 37.16796077701761 44 -5.253288904374106
      vertex 36.53027277992422 44 -6.9145229322886035
    endloop
  endfacet
  facet normal 0 -1 0
    outer loop
      vertex 29.698697882665158 44 -9.660882731206126
      vertex 34.7532889043741 44 -9.992349288972044
      vertex 30.660882731206126 44 -8.698697882665158
    endloop
  endfacet
  facet normal 0 -1 0
    outer loop
      vertex 30.660882731206126 44 -8.698697882665158
      vertex 34.7532889043741 44 -9.992349288972044
      vertex 31.517220926874316 44 -7.641208279802151
    endloop
  endfacet
  facet normal 0 -1 0
    outer loop
      vertex 31.517220926874316 44 -7.641208279802151
      vertex 34.7532889043741 44 -9.992349288972044
      vertex 35.722431864335455 44 -8.5
    endloop
  endfacet
  facet normal 0 -1 0
    outer loop
      vertex 31.517220926874316 44 -7.641208279802151
      vertex 35.722431864335455 44 -8.5
      vertex 32.2583302491977 44 -6.5
    endloop
  endfacet
  facet normal 0 -1 0
    outer loop
      vertex 32.2583302491977 44 -6.5
      vertex 35.722431864335455 44 -8.5
      vertex 36.53027277992422 44 -6.9145229322886035
    endloop
  endfacet
  facet normal 0 -1 0
    outer loop
      vertex 32.2583302491977 44 -6.5
      vertex 36.53027277992422 44 -6.9145229322886035
      vertex 32.87609094935381 44 -5.287576359985403
    endloop
  endfacet
  facet normal 0 -1 0
    outer loop
      vertex 32.87609094935381 44 -5.287576359985403
      vertex 36.53027277992422 44 -6.9145229322886035
      vertex 33.363734711837 44 -4.017220926874316
    endloop
  endfacet
  facet normal 0 -1 0
    outer loop
      vertex 33.363734711837 44 -4.017220926874316
      vertex 36.53027277992422 44 -6.9145229322886035
      vertex 37.16796077701761 44 -5.253288904374106
    endloop
  endfacet
  facet normal -0.9659258262890684 0 0.2588190451025207
    outer loop
      vertex 37.6285092124747 36 -3.5344987439019087
      vertex 37.6285092124747 44 -3.5344987439019087
      vertex 37.16796077701761 44 -5.253288904374106
    endloop
  endfacet
  facet normal -0.9876883405951377 0 0.15643446504023154
    outer loop
      vertex 37.90687222126065 36 -1.776983875550109
      vertex 37.90687222126065 44 -1.776983875550109
      vertex 37.6285092124747 44 -3.5344987439019087
    endloop
  endfacet
  facet normal -0.9986295347545739 0 0.05233595624294266
    outer loop
      vertex 37.90687222126065 44 -1.776983875550109
      vertex 38 36 0
      vertex 38 44 0
    endloop
  endfacet
  facet normal 0 -1 0
    outer loop
      vertex 33.363734711837 44 -4.017220926874316
      vertex 37.16796077701761 44 -5.253288904374106
      vertex 33.715918809539474 44 -2.7028519806308715
    endloop
  endfacet
  facet normal 0 -1 0
    outer loop
      vertex 33.715918809539474 44 -2.7028519806308715
      vertex 37.6285092124747 44 -3.5344987439019087
      vertex 33.92878463978755 44 -1.3588700224794952
    endloop
  endfacet
  facet normal 0 -1 0
    outer loop
      vertex 33.715918809539474 44 -2.7028519806308715
      vertex 37.16796077701761 44 -5.253288904374106
      vertex 37.6285092124747 44 -3.5344987439019087
    endloop
  endfacet
  facet normal 0 -1 0
    outer loop
      vertex 33.92878463978755 44 -1.3588700224794952
      vertex 37.90687222126065 44 -1.776983875550109
      vertex 34 44 0
    endloop
  endfacet
  facet normal 0 -1 0
    outer loop
      vertex 33.92878463978755 44 -1.3588700224794952
      vertex 37.6285092124747 44 -3.5344987439019087
      vertex 37.90687222126065 44 -1.776983875550109
    endloop
  endfacet
  facet normal 0 -1 0
    outer loop
      vertex 37.90687222126065 44 -1.776983875550109
      vertex 38 44 0
      vertex 34 44 0
    endloop
  endfacet
  facet normal 0.05233595624294041 0.998629534754574 0
    outer loop
      vertex 44.80139591979146 38.11040839880028 -14
      vertex 44.80139591979146 38.11040839880028 0
      vertex 45 38.1 -14
    endloop
  endfacet
  facet normal -0.05233595624294041 0.998629534754574 0
    outer loop
      vertex 45 38.1 -14
      vertex 45 38.1 0
      vertex 45.19860408020854 38.11040839880028 -14
    endloop
  endfacet
  facet normal -0.15643446504023883 0.9876883405951364 0
    outer loop
      vertex 45.19860408020854 38.11040839880028 -14
      vertex 45.19860408020854 38.11040839880028 0
      vertex 45.395032212553744 38.14151955860577 -14
    endloop
  endfacet
  facet normal 0.45399049973954303 0.8910065241883698 0
    outer loop
      vertex 44.05 38.35455173280957 -14
      vertex 44.05 38.35455173280957 0
      vertex 44.227200378155985 38.26426363047906 -14
    endloop
  endfacet
  facet normal 0.6293203910498545 0.777145961456957 0
    outer loop
      vertex 43.72865184791817 38.58802483159295 -14
      vertex 43.72865184791817 38.58802483159295 0
      vertex 43.883208020644304 38.4628677106876 -14
    endloop
  endfacet
  facet normal 0.5446390350150229 0.8386705679454268 0
    outer loop
      vertex 43.883208020644304 38.4628677106876 -14
      vertex 43.883208020644304 38.4628677106876 0
      vertex 44.05 38.35455173280957 -14
    endloop
  endfacet
  facet normal 0.777145961456992 0.6293203910498113 0
    outer loop
      vertex 43.588024831592946 38.72865184791817 -14
      vertex 43.462867710687604 38.883208020644304 -14
      vertex 43.462867710687604 38.883208020644304 0
    endloop
  endfacet
  facet normal 0.8386705679454105 0.5446390350150481 0
    outer loop
      vertex 43.35455173280957 39.05 -14
      vertex 43.35455173280957 39.05 0
      vertex 43.462867710687604 38.883208020644304 -14
    endloop
  endfacet
  facet normal 0.7071067811865297 0.7071067811865654 0
    outer loop
      vertex 43.588024831592946 38.72865184791817 -14
      vertex 43.588024831592946 38.72865184791817 0
      vertex 43.72865184791817 38.58802483159295 -14
    endloop
  endfacet
  facet normal 0.35836794954529794 0.9335804264972025 0
    outer loop
      vertex 44.227200378155985 38.26426363047906 -14
      vertex 44.227200378155985 38.26426363047906 0
      vertex 44.4128677106876 38.19299261903921 -14
    endloop
  endfacet
  facet normal 0.2588190451025153 0.9659258262890698 0
    outer loop
      vertex 44.4128677106876 38.19299261903921 -14
      vertex 44.4128677106876 38.19299261903921 0
      vertex 44.604967787446256 38.14151955860577 -14
    endloop
  endfacet
  facet normal 0.15643446504023883 0.9876883405951364 0
    outer loop
      vertex 44.604967787446256 38.14151955860577 -14
      vertex 44.604967787446256 38.14151955860577 0
      vertex 44.80139591979146 38.11040839880028 -14
    endloop
  endfacet
  facet normal 0.8910065241883623 0.45399049973955746 0
    outer loop
      vertex 43.26426363047906 39.22720037815598 -14
      vertex 43.26426363047906 39.22720037815598 0
      vertex 43.35455173280957 39.05 -14
    endloop
  endfacet
  facet normal 0.9335804264972071 0.358367949545286 0
    outer loop
      vertex 43.26426363047906 39.22720037815598 -14
      vertex 43.19299261903921 39.4128677106876 -14
      vertex 43.19299261903921 39.4128677106876 0
    endloop
  endfacet
  facet normal 0.9659258262890608 0.25881904510254866 0
    outer loop
      vertex 43.19299261903921 39.4128677106876 -14
      vertex 43.141519558605765 39.604967787446256 -14
      vertex 43.141519558605765 39.604967787446256 0
    endloop
  endfacet
  facet normal 0.987688340595142 0.15643446504020397 0
    outer loop
      vertex 43.11040839880028 39.80139591979146 -14
      vertex 43.11040839880028 39.80139591979146 0
      vertex 43.141519558605765 39.604967787446256 -14
    endloop
  endfacet
  facet normal 0.998629534754574 0.05233595624294041 0
    outer loop
      vertex 43.11040839880028 39.80139591979146 -14
      vertex 43.1 40 -14
      vertex 43.1 40 0
    endloop
  endfacet
  facet normal -0.2588190451025153 0.9659258262890698 0
    outer loop
      vertex 45.395032212553744 38.14151955860577 -14
      vertex 45.395032212553744 38.14151955860577 0
      vertex 45.5871322893124 38.19299261903921 -14
    endloop
  endfacet
  facet normal -0.35836794954529794 0.9335804264972025 0
    outer loop
      vertex 45.5871322893124 38.19299261903921 -14
      vertex 45.5871322893124 38.19299261903921 0
      vertex 45.772799621844015 38.26426363047906 -14
    endloop
  endfacet
  facet normal -0.45399049973954303 0.8910065241883698 0
    outer loop
      vertex 45.772799621844015 38.26426363047906 -14
      vertex 45.772799621844015 38.26426363047906 0
      vertex 45.95 38.35455173280957 -14
    endloop
  endfacet
  facet normal -0.5446390350150229 0.8386705679454268 0
    outer loop
      vertex 45.95 38.35455173280957 -14
      vertex 45.95 38.35455173280957 0
      vertex 46.116791979355696 38.4628677106876 -14
    endloop
  endfacet
  facet normal -0.6293203910498545 0.777145961456957 0
    outer loop
      vertex 46.116791979355696 38.4628677106876 -14
      vertex 46.116791979355696 38.4628677106876 0
      vertex 46.27134815208183 38.58802483159295 -14
    endloop
  endfacet
  facet normal -0.7071067811865297 0.7071067811865654 0
    outer loop
      vertex 46.27134815208183 38.58802483159295 -14
      vertex 46.27134815208183 38.58802483159295 0
      vertex 46.411975168407054 38.72865184791817 -14
    endloop
  endfacet
  facet normal -0.777145961456992 0.6293203910498113 0
    outer loop
      vertex 46.411975168407054 38.72865184791817 -14
      vertex 46.411975168407054 38.72865184791817 0
      vertex 46.537132289312396 38.883208020644304 -14
    endloop
  endfacet
  facet normal -0.8386705679454105 0.5446390350150481 0
    outer loop
      vertex 46.537132289312396 38.883208020644304 -14
      vertex 46.537132289312396 38.883208020644304 0
      vertex 46.64544826719043 39.05 -14
    endloop
  endfacet
  facet normal -0.8910065241883623 0.45399049973955746 0
    outer loop
      vertex 46.64544826719043 39.05 -14
      vertex 46.64544826719043 39.05 0
      vertex 46.73573636952094 39.22720037815598 -14
    endloop
  endfacet
  facet normal -0.9335804264972071 0.358367949545286 0
    outer loop
      vertex 46.73573636952094 39.22720037815598 -14
      vertex 46.73573636952094 39.22720037815598 0
      vertex 46.80700738096079 39.4128677106876 -14
    endloop
  endfacet
  facet normal -0.9659258262890608 0.25881904510254866 0
    outer loop
      vertex 46.80700738096079 39.4128677106876 -14
      vertex 46.80700738096079 39.4128677106876 0
      vertex 46.858480441394235 39.604967787446256 -14
    endloop
  endfacet
  facet normal -0.987688340595142 0.15643446504020397 0
    outer loop
      vertex 46.858480441394235 39.604967787446256 -14
      vertex 46.858480441394235 39.604967787446256 0
      vertex 46.88959160119972 39.80139591979146 -14
    endloop
  endfacet
  facet normal -0.998629534754574 0.05233595624294041 0
    outer loop
      vertex 46.88959160119972 39.80139591979146 -14
      vertex 46.88959160119972 39.80139591979146 0
      vertex 46.9 40 -14
    endloop
  endfacet
  facet normal 0.15643446504023883 0.9876883405951364 0
    outer loop
      vertex 44.80139591979146 38.11040839880028 -14
      vertex 44.604967787446256 38.14151955860577 0
      vertex 44.80139591979146 38.11040839880028 0
    endloop
  endfacet
  facet normal 0.05233595624294041 0.998629534754574 0
    outer loop
      vertex 45 38.1 -14
      vertex 44.80139591979146 38.11040839880028 0
      vertex 45 38.1 0
    endloop
  endfacet
  facet normal -0.05233595624294041 0.998629534754574 0
    outer loop
      vertex 45.19860408020854 38.11040839880028 -14
      vertex 45 38.1 0
      vertex 45.19860408020854 38.11040839880028 0
    endloop
  endfacet
  facet normal 0.6293203910498545 0.777145961456957 0
    outer loop
      vertex 43.883208020644304 38.4628677106876 -14
      vertex 43.72865184791817 38.58802483159295 0
      vertex 43.883208020644304 38.4628677106876 0
    endloop
  endfacet
  facet normal 0.5446390350150229 0.8386705679454268 0
    outer loop
      vertex 44.05 38.35455173280957 -14
      vertex 43.883208020644304 38.4628677106876 0
      vertex 44.05 38.35455173280957 0
    endloop
  endfacet
  facet normal 0.777145961456992 0.6293203910498113 0
    outer loop
      vertex 43.588024831592946 38.72865184791817 -14
      vertex 43.462867710687604 38.883208020644304 0
      vertex 43.588024831592946 38.72865184791817 0
    endloop
  endfacet
  facet normal 0.8386705679454105 0.5446390350150481 0
    outer loop
      vertex 43.462867710687604 38.883208020644304 -14
      vertex 43.35455173280957 39.05 0
      vertex 43.462867710687604 38.883208020644304 0
    endloop
  endfacet
  facet normal 0.7071067811865297 0.7071067811865654 0
    outer loop
      vertex 43.72865184791817 38.58802483159295 -14
      vertex 43.588024831592946 38.72865184791817 0
      vertex 43.72865184791817 38.58802483159295 0
    endloop
  endfacet
  facet normal 0.35836794954529794 0.9335804264972025 0
    outer loop
      vertex 44.4128677106876 38.19299261903921 -14
      vertex 44.227200378155985 38.26426363047906 0
      vertex 44.4128677106876 38.19299261903921 0
    endloop
  endfacet
  facet normal 0.45399049973954303 0.8910065241883698 0
    outer loop
      vertex 44.227200378155985 38.26426363047906 -14
      vertex 44.05 38.35455173280957 0
      vertex 44.227200378155985 38.26426363047906 0
    endloop
  endfacet
  facet normal 0.2588190451025153 0.9659258262890698 0
    outer loop
      vertex 44.604967787446256 38.14151955860577 -14
      vertex 44.4128677106876 38.19299261903921 0
      vertex 44.604967787446256 38.14151955860577 0
    endloop
  endfacet
  facet normal -0.15643446504023883 0.9876883405951364 0
    outer loop
      vertex 45.395032212553744 38.14151955860577 -14
      vertex 45.19860408020854 38.11040839880028 0
      vertex 45.395032212553744 38.14151955860577 0
    endloop
  endfacet
  facet normal 0.9335804264972071 0.358367949545286 0
    outer loop
      vertex 43.26426363047906 39.22720037815598 -14
      vertex 43.19299261903921 39.4128677106876 0
      vertex 43.26426363047906 39.22720037815598 0
    endloop
  endfacet
  facet normal 0.8910065241883623 0.45399049973955746 0
    outer loop
      vertex 43.35455173280957 39.05 -14
      vertex 43.26426363047906 39.22720037815598 0
      vertex 43.35455173280957 39.05 0
    endloop
  endfacet
  facet normal 0.9659258262890608 0.25881904510254866 0
    outer loop
      vertex 43.19299261903921 39.4128677106876 -14
      vertex 43.141519558605765 39.604967787446256 0
      vertex 43.19299261903921 39.4128677106876 0
    endloop
  endfacet
  facet normal 0.987688340595142 0.15643446504020397 0
    outer loop
      vertex 43.141519558605765 39.604967787446256 -14
      vertex 43.11040839880028 39.80139591979146 0
      vertex 43.141519558605765 39.604967787446256 0
    endloop
  endfacet
  facet normal 0.998629534754574 0.05233595624294041 0
    outer loop
      vertex 43.11040839880028 39.80139591979146 -14
      vertex 43.1 40 0
      vertex 43.11040839880028 39.80139591979146 0
    endloop
  endfacet
  facet normal -0.2588190451025153 0.9659258262890698 0
    outer loop
      vertex 45.5871322893124 38.19299261903921 -14
      vertex 45.395032212553744 38.14151955860577 0
      vertex 45.5871322893124 38.19299261903921 0
    endloop
  endfacet
  facet normal -0.35836794954529794 0.9335804264972025 0
    outer loop
      vertex 45.772799621844015 38.26426363047906 -14
      vertex 45.5871322893124 38.19299261903921 0
      vertex 45.772799621844015 38.26426363047906 0
    endloop
  endfacet
  facet normal -0.45399049973954303 0.8910065241883698 0
    outer loop
      vertex 45.95 38.35455173280957 -14
      vertex 45.772799621844015 38.26426363047906 0
      vertex 45.95 38.35455173280957 0
    endloop
  endfacet
  facet normal -0.5446390350150229 0.8386705679454268 0
    outer loop
      vertex 46.116791979355696 38.4628677106876 -14
      vertex 45.95 38.35455173280957 0
      vertex 46.116791979355696 38.4628677106876 0
    endloop
  endfacet
  facet normal -0.6293203910498545 0.777145961456957 0
    outer loop
      vertex 46.27134815208183 38.58802483159295 -14
      vertex 46.116791979355696 38.4628677106876 0
      vertex 46.27134815208183 38.58802483159295 0
    endloop
  endfacet
  facet normal -0.7071067811865297 0.7071067811865654 0
    outer loop
      vertex 46.411975168407054 38.72865184791817 -14
      vertex 46.27134815208183 38.58802483159295 0
      vertex 46.411975168407054 38.72865184791817 0
    endloop
  endfacet
  facet normal -0.777145961456992 0.6293203910498113 0
    outer loop
      vertex 46.537132289312396 38.883208020644304 -14
      vertex 46.411975168407054 38.72865184791817 0
      vertex 46.537132289312396 38.883208020644304 0
    endloop
  endfacet
  facet normal -0.8386705679454105 0.5446390350150481 0
    outer loop
      vertex 46.64544826719043 39.05 -14
      vertex 46.537132289312396 38.883208020644304 0
      vertex 46.64544826719043 39.05 0
    endloop
  endfacet
  facet normal -0.8910065241883623 0.45399049973955746 0
    outer loop
      vertex 46.73573636952094 39.22720037815598 -14
      vertex 46.64544826719043 39.05 0
      vertex 46.73573636952094 39.22720037815598 0
    endloop
  endfacet
  facet normal -0.9335804264972071 0.358367949545286 0
    outer loop
      vertex 46.80700738096079 39.4128677106876 -14
      vertex 46.73573636952094 39.22720037815598 0
      vertex 46.80700738096079 39.4128677106876 0
    endloop
  endfacet
  facet normal -0.9659258262890608 0.25881904510254866 0
    outer loop
      vertex 46.858480441394235 39.604967787446256 -14
      vertex 46.80700738096079 39.4128677106876 0
      vertex 46.858480441394235 39.604967787446256 0
    endloop
  endfacet
  facet normal -0.987688340595142 0.15643446504020397 0
    outer loop
      vertex 46.88959160119972 39.80139591979146 -14
      vertex 46.858480441394235 39.604967787446256 0
      vertex 46.88959160119972 39.80139591979146 0
    endloop
  endfacet
  facet normal -0.998629534754574 0.05233595624294041 0
    outer loop
      vertex 46.9 40 -14
      vertex 46.88959160119972 39.80139591979146 0
      vertex 46.9 40 0
    endloop
  endfacet
  facet normal 0.998629534754574 -0.05233595624294041 0
    outer loop
      vertex 43.1 40 -14
      vertex 43.11040839880028 40.19860408020854 -14
      vertex 43.11040839880028 40.19860408020854 0
    endloop
  endfacet
  facet normal 0.987688340595142 -0.15643446504020397 0
    outer loop
      vertex 43.11040839880028 40.19860408020854 -14
      vertex 43.141519558605765 40.395032212553744 -14
      vertex 43.141519558605765 40.395032212553744 0
    endloop
  endfacet
  facet normal 0.9659258262890608 -0.25881904510254866 0
    outer loop
      vertex 43.141519558605765 40.395032212553744 -14
      vertex 43.19299261903921 40.5871322893124 -14
      vertex 43.19299261903921 40.5871322893124 0
    endloop
  endfacet
  facet normal 0.9335804264972071 -0.358367949545286 0
    outer loop
      vertex 43.19299261903921 40.5871322893124 -14
      vertex 43.26426363047906 40.77279962184402 -14
      vertex 43.26426363047906 40.77279962184402 0
    endloop
  endfacet
  facet normal 0.8910065241883623 -0.45399049973955746 0
    outer loop
      vertex 43.26426363047906 40.77279962184402 -14
      vertex 43.35455173280957 40.95 -14
      vertex 43.35455173280957 40.95 0
    endloop
  endfacet
  facet normal 0.8386705679454105 -0.5446390350150481 0
    outer loop
      vertex 43.35455173280957 40.95 -14
      vertex 43.462867710687604 41.116791979355696 -14
      vertex 43.462867710687604 41.116791979355696 0
    endloop
  endfacet
  facet normal 0.777145961456992 -0.6293203910498113 0
    outer loop
      vertex 43.462867710687604 41.116791979355696 -14
      vertex 43.588024831592946 41.27134815208183 -14
      vertex 43.588024831592946 41.27134815208183 0
    endloop
  endfacet
  facet normal 0.7071067811865297 -0.7071067811865654 0
    outer loop
      vertex 43.588024831592946 41.27134815208183 -14
      vertex 43.72865184791817 41.41197516840705 -14
      vertex 43.72865184791817 41.41197516840705 0
    endloop
  endfacet
  facet normal 0.6293203910498545 -0.777145961456957 0
    outer loop
      vertex 43.72865184791817 41.41197516840705 -14
      vertex 43.883208020644304 41.5371322893124 -14
      vertex 43.883208020644304 41.5371322893124 0
    endloop
  endfacet
  facet normal 0.5446390350150229 -0.8386705679454268 0
    outer loop
      vertex 43.883208020644304 41.5371322893124 -14
      vertex 44.05 41.64544826719043 -14
      vertex 44.05 41.64544826719043 0
    endloop
  endfacet
  facet normal 0.45399049973954303 -0.8910065241883698 0
    outer loop
      vertex 44.05 41.64544826719043 -14
      vertex 44.227200378155985 41.73573636952094 -14
      vertex 44.227200378155985 41.73573636952094 0
    endloop
  endfacet
  facet normal 0.35836794954529794 -0.9335804264972025 0
    outer loop
      vertex 44.227200378155985 41.73573636952094 -14
      vertex 44.4128677106876 41.80700738096079 -14
      vertex 44.4128677106876 41.80700738096079 0
    endloop
  endfacet
  facet normal 0.2588190451025153 -0.9659258262890698 0
    outer loop
      vertex 44.4128677106876 41.80700738096079 -14
      vertex 44.604967787446256 41.85848044139423 -14
      vertex 44.604967787446256 41.85848044139423 0
    endloop
  endfacet
  facet normal -0.15643446504023883 -0.9876883405951364 0
    outer loop
      vertex 45.395032212553744 41.85848044139423 -14
      vertex 45.395032212553744 41.85848044139423 0
      vertex 45.19860408020854 41.88959160119972 -14
    endloop
  endfacet
  facet normal 0.15643446504023883 -0.9876883405951364 0
    outer loop
      vertex 44.604967787446256 41.85848044139423 -14
      vertex 44.80139591979146 41.88959160119972 -14
      vertex 44.80139591979146 41.88959160119972 0
    endloop
  endfacet
  facet normal 0.05233595624294041 -0.998629534754574 0
    outer loop
      vertex 44.80139591979146 41.88959160119972 -14
      vertex 45 41.9 -14
      vertex 45 41.9 0
    endloop
  endfacet
  facet normal -0.05233595624294041 -0.998629534754574 0
    outer loop
      vertex 45 41.9 -14
      vertex 45.19860408020854 41.88959160119972 -14
      vertex 45.19860408020854 41.88959160119972 0
    endloop
  endfacet
  facet normal -0.998629534754574 -0.05233595624294041 0
    outer loop
      vertex 46.9 40 -14
      vertex 46.9 40 0
      vertex 46.88959160119972 40.19860408020854 -14
    endloop
  endfacet
  facet normal -0.987688340595142 -0.15643446504020397 0
    outer loop
      vertex 46.88959160119972 40.19860408020854 -14
      vertex 46.88959160119972 40.19860408020854 0
      vertex 46.858480441394235 40.395032212553744 -14
    endloop
  endfacet
  facet normal -0.9659258262890608 -0.25881904510254866 0
    outer loop
      vertex 46.858480441394235 40.395032212553744 -14
      vertex 46.858480441394235 40.395032212553744 0
      vertex 46.80700738096079 40.5871322893124 -14
    endloop
  endfacet
  facet normal -0.9335804264972071 -0.358367949545286 0
    outer loop
      vertex 46.73573636952094 40.77279962184402 -14
      vertex 46.80700738096079 40.5871322893124 -14
      vertex 46.80700738096079 40.5871322893124 0
    endloop
  endfacet
  facet normal -0.8910065241883623 -0.45399049973955746 0
    outer loop
      vertex 46.73573636952094 40.77279962184402 -14
      vertex 46.73573636952094 40.77279962184402 0
      vertex 46.64544826719043 40.95 -14
    endloop
  endfacet
  facet normal -0.777145961456992 -0.6293203910498113 0
    outer loop
      vertex 46.537132289312396 41.116791979355696 -14
      vertex 46.537132289312396 41.116791979355696 0
      vertex 46.411975168407054 41.27134815208183 -14
    endloop
  endfacet
  facet normal -0.7071067811865297 -0.7071067811865654 0
    outer loop
      vertex 46.27134815208183 41.41197516840705 -14
      vertex 46.411975168407054 41.27134815208183 -14
      vertex 46.411975168407054 41.27134815208183 0
    endloop
  endfacet
  facet normal -0.2588190451025153 -0.9659258262890698 0
    outer loop
      vertex 45.395032212553744 41.85848044139423 -14
      vertex 45.5871322893124 41.80700738096079 -14
      vertex 45.5871322893124 41.80700738096079 0
    endloop
  endfacet
  facet normal -0.45399049973954303 -0.8910065241883698 0
    outer loop
      vertex 45.772799621844015 41.73573636952094 -14
      vertex 45.95 41.64544826719043 -14
      vertex 45.95 41.64544826719043 0
    endloop
  endfacet
  facet normal -0.35836794954529794 -0.9335804264972025 0
    outer loop
      vertex 45.5871322893124 41.80700738096079 -14
      vertex 45.772799621844015 41.73573636952094 -14
      vertex 45.772799621844015 41.73573636952094 0
    endloop
  endfacet
  facet normal -0.6293203910498545 -0.777145961456957 0
    outer loop
      vertex 46.116791979355696 41.5371322893124 -14
      vertex 46.27134815208183 41.41197516840705 -14
      vertex 46.27134815208183 41.41197516840705 0
    endloop
  endfacet
  facet normal -0.5446390350150229 -0.8386705679454268 0
    outer loop
      vertex 46.116791979355696 41.5371322893124 -14
      vertex 46.116791979355696 41.5371322893124 0
      vertex 45.95 41.64544826719043 -14
    endloop
  endfacet
  facet normal -0.8386705679454105 -0.5446390350150481 0
    outer loop
      vertex 46.537132289312396 41.116791979355696 -14
      vertex 46.64544826719043 40.95 -14
      vertex 46.64544826719043 40.95 0
    endloop
  endfacet
  facet normal 0.998629534754574 -0.05233595624294041 0
    outer loop
      vertex 43.1 40 -14
      vertex 43.11040839880028 40.19860408020854 0
      vertex 43.1 40 0
    endloop
  endfacet
  facet normal 0.987688340595142 -0.15643446504020397 0
    outer loop
      vertex 43.11040839880028 40.19860408020854 -14
      vertex 43.141519558605765 40.395032212553744 0
      vertex 43.11040839880028 40.19860408020854 0
    endloop
  endfacet
  facet normal 0.9659258262890608 -0.25881904510254866 0
    outer loop
      vertex 43.141519558605765 40.395032212553744 -14
      vertex 43.19299261903921 40.5871322893124 0
      vertex 43.141519558605765 40.395032212553744 0
    endloop
  endfacet
  facet normal 0.9335804264972071 -0.358367949545286 0
    outer loop
      vertex 43.19299261903921 40.5871322893124 -14
      vertex 43.26426363047906 40.77279962184402 0
      vertex 43.19299261903921 40.5871322893124 0
    endloop
  endfacet
  facet normal 0.8910065241883623 -0.45399049973955746 0
    outer loop
      vertex 43.26426363047906 40.77279962184402 -14
      vertex 43.35455173280957 40.95 0
      vertex 43.26426363047906 40.77279962184402 0
    endloop
  endfacet
  facet normal 0.8386705679454105 -0.5446390350150481 0
    outer loop
      vertex 43.35455173280957 40.95 -14
      vertex 43.462867710687604 41.116791979355696 0
      vertex 43.35455173280957 40.95 0
    endloop
  endfacet
  facet normal 0.777145961456992 -0.6293203910498113 0
    outer loop
      vertex 43.462867710687604 41.116791979355696 -14
      vertex 43.588024831592946 41.27134815208183 0
      vertex 43.462867710687604 41.116791979355696 0
    endloop
  endfacet
  facet normal 0.7071067811865297 -0.7071067811865654 0
    outer loop
      vertex 43.588024831592946 41.27134815208183 -14
      vertex 43.72865184791817 41.41197516840705 0
      vertex 43.588024831592946 41.27134815208183 0
    endloop
  endfacet
  facet normal 0.6293203910498545 -0.777145961456957 0
    outer loop
      vertex 43.72865184791817 41.41197516840705 -14
      vertex 43.883208020644304 41.5371322893124 0
      vertex 43.72865184791817 41.41197516840705 0
    endloop
  endfacet
  facet normal 0.5446390350150229 -0.8386705679454268 0
    outer loop
      vertex 43.883208020644304 41.5371322893124 -14
      vertex 44.05 41.64544826719043 0
      vertex 43.883208020644304 41.5371322893124 0
    endloop
  endfacet
  facet normal 0.45399049973954303 -0.8910065241883698 0
    outer loop
      vertex 44.05 41.64544826719043 -14
      vertex 44.227200378155985 41.73573636952094 0
      vertex 44.05 41.64544826719043 0
    endloop
  endfacet
  facet normal 0.35836794954529794 -0.9335804264972025 0
    outer loop
      vertex 44.227200378155985 41.73573636952094 -14
      vertex 44.4128677106876 41.80700738096079 0
      vertex 44.227200378155985 41.73573636952094 0
    endloop
  endfacet
  facet normal 0.2588190451025153 -0.9659258262890698 0
    outer loop
      vertex 44.4128677106876 41.80700738096079 -14
      vertex 44.604967787446256 41.85848044139423 0
      vertex 44.4128677106876 41.80700738096079 0
    endloop
  endfacet
  facet normal 0.15643446504023883 -0.9876883405951364 0
    outer loop
      vertex 44.604967787446256 41.85848044139423 -14
      vertex 44.80139591979146 41.88959160119972 0
      vertex 44.604967787446256 41.85848044139423 0
    endloop
  endfacet
  facet normal 0.05233595624294041 -0.998629534754574 0
    outer loop
      vertex 44.80139591979146 41.88959160119972 -14
      vertex 45 41.9 0
      vertex 44.80139591979146 41.88959160119972 0
    endloop
  endfacet
  facet normal -0.05233595624294041 -0.998629534754574 0
    outer loop
      vertex 45 41.9 -14
      vertex 45.19860408020854 41.88959160119972 0
      vertex 45 41.9 0
    endloop
  endfacet
  facet normal -0.15643446504023883 -0.9876883405951364 0
    outer loop
      vertex 45.19860408020854 41.88959160119972 -14
      vertex 45.395032212553744 41.85848044139423 0
      vertex 45.19860408020854 41.88959160119972 0
    endloop
  endfacet
  facet normal -0.998629534754574 -0.05233595624294041 0
    outer loop
      vertex 46.88959160119972 40.19860408020854 -14
      vertex 46.9 40 0
      vertex 46.88959160119972 40.19860408020854 0
    endloop
  endfacet
  facet normal -0.987688340595142 -0.15643446504020397 0
    outer loop
      vertex 46.858480441394235 40.395032212553744 -14
      vertex 46.88959160119972 40.19860408020854 0
      vertex 46.858480441394235 40.395032212553744 0
    endloop
  endfacet
  facet normal -0.9659258262890608 -0.25881904510254866 0
    outer loop
      vertex 46.80700738096079 40.5871322893124 -14
      vertex 46.858480441394235 40.395032212553744 0
      vertex 46.80700738096079 40.5871322893124 0
    endloop
  endfacet
  facet normal -0.9335804264972071 -0.358367949545286 0
    outer loop
      vertex 46.73573636952094 40.77279962184402 -14
      vertex 46.80700738096079 40.5871322893124 0
      vertex 46.73573636952094 40.77279962184402 0
    endloop
  endfacet
  facet normal -0.8910065241883623 -0.45399049973955746 0
    outer loop
      vertex 46.64544826719043 40.95 -14
      vertex 46.73573636952094 40.77279962184402 0
      vertex 46.64544826719043 40.95 0
    endloop
  endfacet
  facet normal -0.8386705679454105 -0.5446390350150481 0
    outer loop
      vertex 46.537132289312396 41.116791979355696 -14
      vertex 46.64544826719043 40.95 0
      vertex 46.537132289312396 41.116791979355696 0
    endloop
  endfacet
  facet normal -0.777145961456992 -0.6293203910498113 0
    outer loop
      vertex 46.411975168407054 41.27134815208183 -14
      vertex 46.537132289312396 41.116791979355696 0
      vertex 46.411975168407054 41.27134815208183 0
    endloop
  endfacet
  facet normal -0.7071067811865297 -0.7071067811865654 0
    outer loop
      vertex 46.27134815208183 41.41197516840705 -14
      vertex 46.411975168407054 41.27134815208183 0
      vertex 46.27134815208183 41.41197516840705 0
    endloop
  endfacet
  facet normal -0.2588190451025153 -0.9659258262890698 0
    outer loop
      vertex 45.395032212553744 41.85848044139423 -14
      vertex 45.5871322893124 41.80700738096079 0
      vertex 45.395032212553744 41.85848044139423 0
    endloop
  endfacet
  facet normal -0.35836794954529794 -0.9335804264972025 0
    outer loop
      vertex 45.5871322893124 41.80700738096079 -14
      vertex 45.772799621844015 41.73573636952094 0
      vertex 45.5871322893124 41.80700738096079 0
    endloop
  endfacet
  facet normal -0.45399049973954303 -0.8910065241883698 0
    outer loop
      vertex 45.772799621844015 41.73573636952094 -14
      vertex 45.95 41.64544826719043 0
      vertex 45.772799621844015 41.73573636952094 0
    endloop
  endfacet
  facet normal -0.6293203910498545 -0.777145961456957 0
    outer loop
      vertex 46.116791979355696 41.5371322893124 -14
      vertex 46.27134815208183 41.41197516840705 0
      vertex 46.116791979355696 41.5371322893124 0
    endloop
  endfacet
  facet normal -0.5446390350150229 -0.8386705679454268 0
    outer loop
      vertex 45.95 41.64544826719043 -14
      vertex 46.116791979355696 41.5371322893124 0
      vertex 45.95 41.64544826719043 0
    endloop
  endfacet
  facet normal 0.8386705679454186 0.5446390350150354 0
    outer loop
      vertex -4.645448267190432 39.05 -14
      vertex -4.645448267190432 39.05 0
      vertex -4.5371322893123995 38.883208020644304 -14
    endloop
  endfacet
  facet normal 0.5446390350150065 0.8386705679454374 0
    outer loop
      vertex -3.9499999999999993 38.35455173280957 -14
      vertex -4.1167919793557 38.4628677106876 -14
      vertex -4.1167919793557 38.4628677106876 0
    endloop
  endfacet
  facet normal 0.6293203910498545 0.777145961456957 0
    outer loop
      vertex -4.271348152081831 38.58802483159295 -14
      vertex -4.271348152081831 38.58802483159295 0
      vertex -4.1167919793557 38.4628677106876 -14
    endloop
  endfacet
  facet normal 0.358367949545292 0.9335804264972049 0
    outer loop
      vertex -3.772799621844019 38.26426363047906 -14
      vertex -3.772799621844019 38.26426363047906 0
      vertex -3.5871322893124002 38.19299261903921 -14
    endloop
  endfacet
  facet normal 0.45399049973955746 0.8910065241883623 0
    outer loop
      vertex -3.9499999999999993 38.35455173280957 -14
      vertex -3.9499999999999993 38.35455173280957 0
      vertex -3.772799621844019 38.26426363047906 -14
    endloop
  endfacet
  facet normal 0.2588190451025153 0.9659258262890698 0
    outer loop
      vertex -3.5871322893124002 38.19299261903921 -14
      vertex -3.5871322893124002 38.19299261903921 0
      vertex -3.395032212553744 38.14151955860577 -14
    endloop
  endfacet
  facet normal 0.7071067811865476 0.7071067811865476 0
    outer loop
      vertex -4.41197516840705 38.72865184791817 -14
      vertex -4.41197516840705 38.72865184791817 0
      vertex -4.271348152081831 38.58802483159295 -14
    endloop
  endfacet
  facet normal 0.7771459614569746 0.629320391049833 0
    outer loop
      vertex -4.41197516840705 38.72865184791817 -14
      vertex -4.5371322893123995 38.883208020644304 -14
      vertex -4.5371322893123995 38.883208020644304 0
    endloop
  endfacet
  facet normal 0.8910065241883623 0.45399049973955746 0
    outer loop
      vertex -4.645448267190432 39.05 -14
      vertex -4.735736369520943 39.22720037815598 -14
      vertex -4.735736369520943 39.22720037815598 0
    endloop
  endfacet
  facet normal 0.9335804264972071 0.358367949545286 0
    outer loop
      vertex -4.8070073809607905 39.4128677106876 -14
      vertex -4.8070073809607905 39.4128677106876 0
      vertex -4.735736369520943 39.22720037815598 -14
    endloop
  endfacet
  facet normal 0.9659258262890652 0.25881904510253195 0
    outer loop
      vertex -4.8070073809607905 39.4128677106876 -14
      vertex -4.8584804413942315 39.604967787446256 -14
      vertex -4.8584804413942315 39.604967787446256 0
    endloop
  endfacet
  facet normal 0.9876883405951392 0.15643446504022138 0
    outer loop
      vertex -4.8584804413942315 39.604967787446256 -14
      vertex -4.889591601199719 39.80139591979146 -14
      vertex -4.889591601199719 39.80139591979146 0
    endloop
  endfacet
  facet normal 0.998629534754574 0.05233595624294041 0
    outer loop
      vertex -4.889591601199719 39.80139591979146 -14
      vertex -4.899999999999999 40 -14
      vertex -4.899999999999999 40 0
    endloop
  endfacet
  facet normal 0.05233595624294041 0.998629534754574 0
    outer loop
      vertex -3.19860408020854 38.11040839880028 -14
      vertex -3.19860408020854 38.11040839880028 0
      vertex -3 38.1 -14
    endloop
  endfacet
  facet normal -0.05233595624294041 0.998629534754574 0
    outer loop
      vertex -3 38.1 -14
      vertex -3 38.1 0
      vertex -2.80139591979146 38.11040839880028 -14
    endloop
  endfacet
  facet normal -0.15643446504023883 0.9876883405951364 0
    outer loop
      vertex -2.80139591979146 38.11040839880028 -14
      vertex -2.80139591979146 38.11040839880028 0
      vertex -2.604967787446256 38.14151955860577 -14
    endloop
  endfacet
  facet normal 0.15643446504023883 0.9876883405951364 0
    outer loop
      vertex -3.19860408020854 38.11040839880028 -14
      vertex -3.395032212553744 38.14151955860577 -14
      vertex -3.395032212553744 38.14151955860577 0
    endloop
  endfacet
  facet normal -0.2588190451025153 0.9659258262890698 0
    outer loop
      vertex -2.604967787446256 38.14151955860577 -14
      vertex -2.604967787446256 38.14151955860577 0
      vertex -2.4128677106875998 38.19299261903921 -14
    endloop
  endfacet
  facet normal -0.358367949545292 0.9335804264972049 0
    outer loop
      vertex -2.4128677106875998 38.19299261903921 -14
      vertex -2.4128677106875998 38.19299261903921 0
      vertex -2.227200378155981 38.26426363047906 -14
    endloop
  endfacet
  facet normal -0.45399049973955746 0.8910065241883623 0
    outer loop
      vertex -2.227200378155981 38.26426363047906 -14
      vertex -2.227200378155981 38.26426363047906 0
      vertex -2.0500000000000007 38.35455173280957 -14
    endloop
  endfacet
  facet normal -0.5446390350150065 0.8386705679454374 0
    outer loop
      vertex -2.0500000000000007 38.35455173280957 -14
      vertex -2.0500000000000007 38.35455173280957 0
      vertex -1.8832080206443003 38.4628677106876 -14
    endloop
  endfacet
  facet normal -0.6293203910498545 0.777145961456957 0
    outer loop
      vertex -1.8832080206443003 38.4628677106876 -14
      vertex -1.8832080206443003 38.4628677106876 0
      vertex -1.7286518479181687 38.58802483159295 -14
    endloop
  endfacet
  facet normal -0.7071067811865476 0.7071067811865476 0
    outer loop
      vertex -1.7286518479181687 38.58802483159295 -14
      vertex -1.7286518479181687 38.58802483159295 0
      vertex -1.58802483159295 38.72865184791817 -14
    endloop
  endfacet
  facet normal -0.7771459614569746 0.629320391049833 0
    outer loop
      vertex -1.58802483159295 38.72865184791817 -14
      vertex -1.58802483159295 38.72865184791817 0
      vertex -1.4628677106876005 38.883208020644304 -14
    endloop
  endfacet
  facet normal -0.8386705679454186 0.5446390350150354 0
    outer loop
      vertex -1.4628677106876005 38.883208020644304 -14
      vertex -1.4628677106876005 38.883208020644304 0
      vertex -1.3545517328095684 39.05 -14
    endloop
  endfacet
  facet normal -0.8910065241883623 0.45399049973955746 0
    outer loop
      vertex -1.3545517328095684 39.05 -14
      vertex -1.3545517328095684 39.05 0
      vertex -1.264263630479057 39.22720037815598 -14
    endloop
  endfacet
  facet normal -0.9335804264972071 0.358367949545286 0
    outer loop
      vertex -1.264263630479057 39.22720037815598 -14
      vertex -1.264263630479057 39.22720037815598 0
      vertex -1.1929926190392095 39.4128677106876 -14
    endloop
  endfacet
  facet normal -0.9659258262890652 0.25881904510253195 0
    outer loop
      vertex -1.1929926190392095 39.4128677106876 -14
      vertex -1.1929926190392095 39.4128677106876 0
      vertex -1.1415195586057685 39.604967787446256 -14
    endloop
  endfacet
  facet normal -0.9876883405951392 0.15643446504022138 0
    outer loop
      vertex -1.1415195586057685 39.604967787446256 -14
      vertex -1.1415195586057685 39.604967787446256 0
      vertex -1.1104083988002813 39.80139591979146 -14
    endloop
  endfacet
  facet normal -0.998629534754574 0.05233595624294041 0
    outer loop
      vertex -1.1104083988002813 39.80139591979146 -14
      vertex -1.1104083988002813 39.80139591979146 0
      vertex -1.1000000000000014 40 -14
    endloop
  endfacet
  facet normal 0.5446390350150065 0.8386705679454374 0
    outer loop
      vertex -3.9499999999999993 38.35455173280957 -14
      vertex -4.1167919793557 38.4628677106876 0
      vertex -3.9499999999999993 38.35455173280957 0
    endloop
  endfacet
  facet normal 0.6293203910498545 0.777145961456957 0
    outer loop
      vertex -4.1167919793557 38.4628677106876 -14
      vertex -4.271348152081831 38.58802483159295 0
      vertex -4.1167919793557 38.4628677106876 0
    endloop
  endfacet
  facet normal 0.45399049973955746 0.8910065241883623 0
    outer loop
      vertex -3.772799621844019 38.26426363047906 -14
      vertex -3.9499999999999993 38.35455173280957 0
      vertex -3.772799621844019 38.26426363047906 0
    endloop
  endfacet
  facet normal 0.358367949545292 0.9335804264972049 0
    outer loop
      vertex -3.5871322893124002 38.19299261903921 -14
      vertex -3.772799621844019 38.26426363047906 0
      vertex -3.5871322893124002 38.19299261903921 0
    endloop
  endfacet
  facet normal 0.2588190451025153 0.9659258262890698 0
    outer loop
      vertex -3.395032212553744 38.14151955860577 -14
      vertex -3.5871322893124002 38.19299261903921 0
      vertex -3.395032212553744 38.14151955860577 0
    endloop
  endfacet
  facet normal 0.7071067811865476 0.7071067811865476 0
    outer loop
      vertex -4.271348152081831 38.58802483159295 -14
      vertex -4.41197516840705 38.72865184791817 0
      vertex -4.271348152081831 38.58802483159295 0
    endloop
  endfacet
  facet normal 0.7771459614569746 0.629320391049833 0
    outer loop
      vertex -4.41197516840705 38.72865184791817 -14
      vertex -4.5371322893123995 38.883208020644304 0
      vertex -4.41197516840705 38.72865184791817 0
    endloop
  endfacet
  facet normal 0.8386705679454186 0.5446390350150354 0
    outer loop
      vertex -4.5371322893123995 38.883208020644304 -14
      vertex -4.645448267190432 39.05 0
      vertex -4.5371322893123995 38.883208020644304 0
    endloop
  endfacet
  facet normal 0.8910065241883623 0.45399049973955746 0
    outer loop
      vertex -4.645448267190432 39.05 -14
      vertex -4.735736369520943 39.22720037815598 0
      vertex -4.645448267190432 39.05 0
    endloop
  endfacet
  facet normal 0.9335804264972071 0.358367949545286 0
    outer loop
      vertex -4.735736369520943 39.22720037815598 -14
      vertex -4.8070073809607905 39.4128677106876 0
      vertex -4.735736369520943 39.22720037815598 0
    endloop
  endfacet
  facet normal 0.9659258262890652 0.25881904510253195 0
    outer loop
      vertex -4.8070073809607905 39.4128677106876 -14
      vertex -4.8584804413942315 39.604967787446256 0
      vertex -4.8070073809607905 39.4128677106876 0
    endloop
  endfacet
  facet normal 0.9876883405951392 0.15643446504022138 0
    outer loop
      vertex -4.8584804413942315 39.604967787446256 -14
      vertex -4.889591601199719 39.80139591979146 0
      vertex -4.8584804413942315 39.604967787446256 0
    endloop
  endfacet
  facet normal 0.998629534754574 0.05233595624294041 0
    outer loop
      vertex -4.889591601199719 39.80139591979146 -14
      vertex -4.899999999999999 40 0
      vertex -4.889591601199719 39.80139591979146 0
    endloop
  endfacet
  facet normal 0.15643446504023883 0.9876883405951364 0
    outer loop
      vertex -3.19860408020854 38.11040839880028 -14
      vertex -3.395032212553744 38.14151955860577 0
      vertex -3.19860408020854 38.11040839880028 0
    endloop
  endfacet
  facet normal 0.05233595624294041 0.998629534754574 0
    outer loop
      vertex -3 38.1 -14
      vertex -3.19860408020854 38.11040839880028 0
      vertex -3 38.1 0
    endloop
  endfacet
  facet normal -0.05233595624294041 0.998629534754574 0
    outer loop
      vertex -2.80139591979146 38.11040839880028 -14
      vertex -3 38.1 0
      vertex -2.80139591979146 38.11040839880028 0
    endloop
  endfacet
  facet normal -0.15643446504023883 0.9876883405951364 0
    outer loop
      vertex -2.604967787446256 38.14151955860577 -14
      vertex -2.80139591979146 38.11040839880028 0
      vertex -2.604967787446256 38.14151955860577 0
    endloop
  endfacet
  facet normal -0.2588190451025153 0.9659258262890698 0
    outer loop
      vertex -2.4128677106875998 38.19299261903921 -14
      vertex -2.604967787446256 38.14151955860577 0
      vertex -2.4128677106875998 38.19299261903921 0
    endloop
  endfacet
  facet normal -0.358367949545292 0.9335804264972049 0
    outer loop
      vertex -2.227200378155981 38.26426363047906 -14
      vertex -2.4128677106875998 38.19299261903921 0
      vertex -2.227200378155981 38.26426363047906 0
    endloop
  endfacet
  facet normal -0.45399049973955746 0.8910065241883623 0
    outer loop
      vertex -2.0500000000000007 38.35455173280957 -14
      vertex -2.227200378155981 38.26426363047906 0
      vertex -2.0500000000000007 38.35455173280957 0
    endloop
  endfacet
  facet normal -0.5446390350150065 0.8386705679454374 0
    outer loop
      vertex -1.8832080206443003 38.4628677106876 -14
      vertex -2.0500000000000007 38.35455173280957 0
      vertex -1.8832080206443003 38.4628677106876 0
    endloop
  endfacet
  facet normal -0.6293203910498545 0.777145961456957 0
    outer loop
      vertex -1.7286518479181687 38.58802483159295 -14
      vertex -1.8832080206443003 38.4628677106876 0
      vertex -1.7286518479181687 38.58802483159295 0
    endloop
  endfacet
  facet normal -0.7071067811865476 0.7071067811865476 0
    outer loop
      vertex -1.58802483159295 38.72865184791817 -14
      vertex -1.7286518479181687 38.58802483159295 0
      vertex -1.58802483159295 38.72865184791817 0
    endloop
  endfacet
  facet normal -0.7771459614569746 0.629320391049833 0
    outer loop
      vertex -1.4628677106876005 38.883208020644304 -14
      vertex -1.58802483159295 38.72865184791817 0
      vertex -1.4628677106876005 38.883208020644304 0
    endloop
  endfacet
  facet normal -0.8386705679454186 0.5446390350150354 0
    outer loop
      vertex -1.3545517328095684 39.05 -14
      vertex -1.4628677106876005 38.883208020644304 0
      vertex -1.3545517328095684 39.05 0
    endloop
  endfacet
  facet normal -0.8910065241883623 0.45399049973955746 0
    outer loop
      vertex -1.264263630479057 39.22720037815598 -14
      vertex -1.3545517328095684 39.05 0
      vertex -1.264263630479057 39.22720037815598 0
    endloop
  endfacet
  facet normal -0.9335804264972071 0.358367949545286 0
    outer loop
      vertex -1.1929926190392095 39.4128677106876 -14
      vertex -1.264263630479057 39.22720037815598 0
      vertex -1.1929926190392095 39.4128677106876 0
    endloop
  endfacet
  facet normal -0.9659258262890652 0.25881904510253195 0
    outer loop
      vertex -1.1415195586057685 39.604967787446256 -14
      vertex -1.1929926190392095 39.4128677106876 0
      vertex -1.1415195586057685 39.604967787446256 0
    endloop
  endfacet
  facet normal -0.9876883405951392 0.15643446504022138 0
    outer loop
      vertex -1.1104083988002813 39.80139591979146 -14
      vertex -1.1415195586057685 39.604967787446256 0
      vertex -1.1104083988002813 39.80139591979146 0
    endloop
  endfacet
  facet normal -0.998629534754574 0.05233595624294041 0
    outer loop
      vertex -1.1000000000000014 40 -14
      vertex -1.1104083988002813 39.80139591979146 0
      vertex -1.1000000000000014 40 0
    endloop
  endfacet
  facet normal 0.998629534754574 -0.05233595624294041 0
    outer loop
      vertex -4.899999999999999 40 -14
      vertex -4.889591601199719 40.19860408020854 -14
      vertex -4.889591601199719 40.19860408020854 0
    endloop
  endfacet
  facet normal 0.9876883405951392 -0.15643446504022138 0
    outer loop
      vertex -4.889591601199719 40.19860408020854 -14
      vertex -4.8584804413942315 40.395032212553744 -14
      vertex -4.8584804413942315 40.395032212553744 0
    endloop
  endfacet
  facet normal 0.9659258262890652 -0.25881904510253195 0
    outer loop
      vertex -4.8584804413942315 40.395032212553744 -14
      vertex -4.8070073809607905 40.5871322893124 -14
      vertex -4.8070073809607905 40.5871322893124 0
    endloop
  endfacet
  facet normal 0.9335804264972071 -0.358367949545286 0
    outer loop
      vertex -4.8070073809607905 40.5871322893124 -14
      vertex -4.735736369520943 40.77279962184402 -14
      vertex -4.735736369520943 40.77279962184402 0
    endloop
  endfacet
  facet normal 0.8910065241883623 -0.45399049973955746 0
    outer loop
      vertex -4.735736369520943 40.77279962184402 -14
      vertex -4.645448267190432 40.95 -14
      vertex -4.645448267190432 40.95 0
    endloop
  endfacet
  facet normal 0.8386705679454186 -0.5446390350150354 0
    outer loop
      vertex -4.645448267190432 40.95 -14
      vertex -4.5371322893123995 41.116791979355696 -14
      vertex -4.5371322893123995 41.116791979355696 0
    endloop
  endfacet
  facet normal 0.7771459614569746 -0.629320391049833 0
    outer loop
      vertex -4.5371322893123995 41.116791979355696 -14
      vertex -4.41197516840705 41.27134815208183 -14
      vertex -4.41197516840705 41.27134815208183 0
    endloop
  endfacet
  facet normal 0.7071067811865476 -0.7071067811865476 0
    outer loop
      vertex -4.41197516840705 41.27134815208183 -14
      vertex -4.271348152081831 41.41197516840705 -14
      vertex -4.271348152081831 41.41197516840705 0
    endloop
  endfacet
  facet normal 0.6293203910498545 -0.777145961456957 0
    outer loop
      vertex -4.271348152081831 41.41197516840705 -14
      vertex -4.1167919793557 41.5371322893124 -14
      vertex -4.1167919793557 41.5371322893124 0
    endloop
  endfacet
  facet normal 0.5446390350150065 -0.8386705679454374 0
    outer loop
      vertex -4.1167919793557 41.5371322893124 -14
      vertex -3.9499999999999993 41.64544826719043 -14
      vertex -3.9499999999999993 41.64544826719043 0
    endloop
  endfacet
  facet normal 0.45399049973955746 -0.8910065241883623 0
    outer loop
      vertex -3.9499999999999993 41.64544826719043 -14
      vertex -3.772799621844019 41.73573636952094 -14
      vertex -3.772799621844019 41.73573636952094 0
    endloop
  endfacet
  facet normal 0.358367949545292 -0.9335804264972049 0
    outer loop
      vertex -3.772799621844019 41.73573636952094 -14
      vertex -3.5871322893124002 41.80700738096079 -14
      vertex -3.5871322893124002 41.80700738096079 0
    endloop
  endfacet
  facet normal 0.2588190451025153 -0.9659258262890698 0
    outer loop
      vertex -3.5871322893124002 41.80700738096079 -14
      vertex -3.395032212553744 41.85848044139423 -14
      vertex -3.395032212553744 41.85848044139423 0
    endloop
  endfacet
  facet normal -0.998629534754574 -0.05233595624294041 0
    outer loop
      vertex -1.1000000000000014 40 -14
      vertex -1.1000000000000014 40 0
      vertex -1.1104083988002813 40.19860408020854 -14
    endloop
  endfacet
  facet normal -0.9876883405951392 -0.15643446504022138 0
    outer loop
      vertex -1.1415195586057685 40.395032212553744 -14
      vertex -1.1104083988002813 40.19860408020854 -14
      vertex -1.1104083988002813 40.19860408020854 0
    endloop
  endfacet
  facet normal -0.9659258262890652 -0.25881904510253195 0
    outer loop
      vertex -1.1415195586057685 40.395032212553744 -14
      vertex -1.1415195586057685 40.395032212553744 0
      vertex -1.1929926190392095 40.5871322893124 -14
    endloop
  endfacet
  facet normal -0.9335804264972071 -0.358367949545286 0
    outer loop
      vertex -1.1929926190392095 40.5871322893124 -14
      vertex -1.1929926190392095 40.5871322893124 0
      vertex -1.264263630479057 40.77279962184402 -14
    endloop
  endfacet
  facet normal -0.8910065241883623 -0.45399049973955746 0
    outer loop
      vertex -1.3545517328095684 40.95 -14
      vertex -1.264263630479057 40.77279962184402 -14
      vertex -1.264263630479057 40.77279962184402 0
    endloop
  endfacet
  facet normal -0.15643446504023883 -0.9876883405951364 0
    outer loop
      vertex -2.80139591979146 41.88959160119972 -14
      vertex -2.604967787446256 41.85848044139423 -14
      vertex -2.604967787446256 41.85848044139423 0
    endloop
  endfacet
  facet normal -0.2588190451025153 -0.9659258262890698 0
    outer loop
      vertex -2.604967787446256 41.85848044139423 -14
      vertex -2.4128677106875998 41.80700738096079 -14
      vertex -2.4128677106875998 41.80700738096079 0
    endloop
  endfacet
  facet normal -0.358367949545292 -0.9335804264972049 0
    outer loop
      vertex -2.4128677106875998 41.80700738096079 -14
      vertex -2.227200378155981 41.73573636952094 -14
      vertex -2.227200378155981 41.73573636952094 0
    endloop
  endfacet
  facet normal -0.7071067811865476 -0.7071067811865476 0
    outer loop
      vertex -1.7286518479181687 41.41197516840705 -14
      vertex -1.58802483159295 41.27134815208183 -14
      vertex -1.58802483159295 41.27134815208183 0
    endloop
  endfacet
  facet normal -0.8386705679454186 -0.5446390350150354 0
    outer loop
      vertex -1.4628677106876005 41.116791979355696 -14
      vertex -1.3545517328095684 40.95 -14
      vertex -1.3545517328095684 40.95 0
    endloop
  endfacet
  facet normal -0.7771459614569746 -0.629320391049833 0
    outer loop
      vertex -1.4628677106876005 41.116791979355696 -14
      vertex -1.4628677106876005 41.116791979355696 0
      vertex -1.58802483159295 41.27134815208183 -14
    endloop
  endfacet
  facet normal -0.5446390350150065 -0.8386705679454374 0
    outer loop
      vertex -2.0500000000000007 41.64544826719043 -14
      vertex -1.8832080206443003 41.5371322893124 -14
      vertex -1.8832080206443003 41.5371322893124 0
    endloop
  endfacet
  facet normal -0.6293203910498545 -0.777145961456957 0
    outer loop
      vertex -1.8832080206443003 41.5371322893124 -14
      vertex -1.7286518479181687 41.41197516840705 -14
      vertex -1.7286518479181687 41.41197516840705 0
    endloop
  endfacet
  facet normal -0.45399049973955746 -0.8910065241883623 0
    outer loop
      vertex -2.227200378155981 41.73573636952094 -14
      vertex -2.0500000000000007 41.64544826719043 -14
      vertex -2.0500000000000007 41.64544826719043 0
    endloop
  endfacet
  facet normal 0.15643446504023883 -0.9876883405951364 0
    outer loop
      vertex -3.395032212553744 41.85848044139423 -14
      vertex -3.19860408020854 41.88959160119972 -14
      vertex -3.19860408020854 41.88959160119972 0
    endloop
  endfacet
  facet normal 0.05233595624294041 -0.998629534754574 0
    outer loop
      vertex -3.19860408020854 41.88959160119972 -14
      vertex -3 41.9 -14
      vertex -3 41.9 0
    endloop
  endfacet
  facet normal -0.05233595624294041 -0.998629534754574 0
    outer loop
      vertex -3 41.9 -14
      vertex -2.80139591979146 41.88959160119972 -14
      vertex -2.80139591979146 41.88959160119972 0
    endloop
  endfacet
  facet normal 0.998629534754574 -0.05233595624294041 0
    outer loop
      vertex -4.899999999999999 40 -14
      vertex -4.889591601199719 40.19860408020854 0
      vertex -4.899999999999999 40 0
    endloop
  endfacet
  facet normal 0.9876883405951392 -0.15643446504022138 0
    outer loop
      vertex -4.889591601199719 40.19860408020854 -14
      vertex -4.8584804413942315 40.395032212553744 0
      vertex -4.889591601199719 40.19860408020854 0
    endloop
  endfacet
  facet normal 0.9659258262890652 -0.25881904510253195 0
    outer loop
      vertex -4.8584804413942315 40.395032212553744 -14
      vertex -4.8070073809607905 40.5871322893124 0
      vertex -4.8584804413942315 40.395032212553744 0
    endloop
  endfacet
  facet normal 0.9335804264972071 -0.358367949545286 0
    outer loop
      vertex -4.8070073809607905 40.5871322893124 -14
      vertex -4.735736369520943 40.77279962184402 0
      vertex -4.8070073809607905 40.5871322893124 0
    endloop
  endfacet
  facet normal 0.8910065241883623 -0.45399049973955746 0
    outer loop
      vertex -4.735736369520943 40.77279962184402 -14
      vertex -4.645448267190432 40.95 0
      vertex -4.735736369520943 40.77279962184402 0
    endloop
  endfacet
  facet normal 0.8386705679454186 -0.5446390350150354 0
    outer loop
      vertex -4.645448267190432 40.95 -14
      vertex -4.5371322893123995 41.116791979355696 0
      vertex -4.645448267190432 40.95 0
    endloop
  endfacet
  facet normal 0.7771459614569746 -0.629320391049833 0
    outer loop
      vertex -4.5371322893123995 41.116791979355696 -14
      vertex -4.41197516840705 41.27134815208183 0
      vertex -4.5371322893123995 41.116791979355696 0
    endloop
  endfacet
  facet normal 0.7071067811865476 -0.7071067811865476 0
    outer loop
      vertex -4.41197516840705 41.27134815208183 -14
      vertex -4.271348152081831 41.41197516840705 0
      vertex -4.41197516840705 41.27134815208183 0
    endloop
  endfacet
  facet normal 0.6293203910498545 -0.777145961456957 0
    outer loop
      vertex -4.271348152081831 41.41197516840705 -14
      vertex -4.1167919793557 41.5371322893124 0
      vertex -4.271348152081831 41.41197516840705 0
    endloop
  endfacet
  facet normal 0.5446390350150065 -0.8386705679454374 0
    outer loop
      vertex -4.1167919793557 41.5371322893124 -14
      vertex -3.9499999999999993 41.64544826719043 0
      vertex -4.1167919793557 41.5371322893124 0
    endloop
  endfacet
  facet normal 0.45399049973955746 -0.8910065241883623 0
    outer loop
      vertex -3.9499999999999993 41.64544826719043 -14
      vertex -3.772799621844019 41.73573636952094 0
      vertex -3.9499999999999993 41.64544826719043 0
    endloop
  endfacet
  facet normal 0.358367949545292 -0.9335804264972049 0
    outer loop
      vertex -3.772799621844019 41.73573636952094 -14
      vertex -3.5871322893124002 41.80700738096079 0
      vertex -3.772799621844019 41.73573636952094 0
    endloop
  endfacet
  facet normal 0.2588190451025153 -0.9659258262890698 0
    outer loop
      vertex -3.5871322893124002 41.80700738096079 -14
      vertex -3.395032212553744 41.85848044139423 0
      vertex -3.5871322893124002 41.80700738096079 0
    endloop
  endfacet
  facet normal -0.998629534754574 -0.05233595624294041 0
    outer loop
      vertex -1.1104083988002813 40.19860408020854 -14
      vertex -1.1000000000000014 40 0
      vertex -1.1104083988002813 40.19860408020854 0
    endloop
  endfacet
  facet normal -0.9876883405951392 -0.15643446504022138 0
    outer loop
      vertex -1.1415195586057685 40.395032212553744 -14
      vertex -1.1104083988002813 40.19860408020854 0
      vertex -1.1415195586057685 40.395032212553744 0
    endloop
  endfacet
  facet normal -0.9659258262890652 -0.25881904510253195 0
    outer loop
      vertex -1.1929926190392095 40.5871322893124 -14
      vertex -1.1415195586057685 40.395032212553744 0
      vertex -1.1929926190392095 40.5871322893124 0
    endloop
  endfacet
  facet normal -0.8910065241883623 -0.45399049973955746 0
    outer loop
      vertex -1.3545517328095684 40.95 -14
      vertex -1.264263630479057 40.77279962184402 0
      vertex -1.3545517328095684 40.95 0
    endloop
  endfacet
  facet normal -0.9335804264972071 -0.358367949545286 0
    outer loop
      vertex -1.264263630479057 40.77279962184402 -14
      vertex -1.1929926190392095 40.5871322893124 0
      vertex -1.264263630479057 40.77279962184402 0
    endloop
  endfacet
  facet normal 0.15643446504023883 -0.9876883405951364 0
    outer loop
      vertex -3.395032212553744 41.85848044139423 -14
      vertex -3.19860408020854 41.88959160119972 0
      vertex -3.395032212553744 41.85848044139423 0
    endloop
  endfacet
  facet normal -0.2588190451025153 -0.9659258262890698 0
    outer loop
      vertex -2.604967787446256 41.85848044139423 -14
      vertex -2.4128677106875998 41.80700738096079 0
      vertex -2.604967787446256 41.85848044139423 0
    endloop
  endfacet
  facet normal -0.45399049973955746 -0.8910065241883623 0
    outer loop
      vertex -2.227200378155981 41.73573636952094 -14
      vertex -2.0500000000000007 41.64544826719043 0
      vertex -2.227200378155981 41.73573636952094 0
    endloop
  endfacet
  facet normal -0.358367949545292 -0.9335804264972049 0
    outer loop
      vertex -2.4128677106875998 41.80700738096079 -14
      vertex -2.227200378155981 41.73573636952094 0
      vertex -2.4128677106875998 41.80700738096079 0
    endloop
  endfacet
  facet normal -0.7071067811865476 -0.7071067811865476 0
    outer loop
      vertex -1.7286518479181687 41.41197516840705 -14
      vertex -1.58802483159295 41.27134815208183 0
      vertex -1.7286518479181687 41.41197516840705 0
    endloop
  endfacet
  facet normal -0.8386705679454186 -0.5446390350150354 0
    outer loop
      vertex -1.4628677106876005 41.116791979355696 -14
      vertex -1.3545517328095684 40.95 0
      vertex -1.4628677106876005 41.116791979355696 0
    endloop
  endfacet
  facet normal -0.7771459614569746 -0.629320391049833 0
    outer loop
      vertex -1.58802483159295 41.27134815208183 -14
      vertex -1.4628677106876005 41.116791979355696 0
      vertex -1.58802483159295 41.27134815208183 0
    endloop
  endfacet
  facet normal -0.5446390350150065 -0.8386705679454374 0
    outer loop
      vertex -2.0500000000000007 41.64544826719043 -14
      vertex -1.8832080206443003 41.5371322893124 0
      vertex -2.0500000000000007 41.64544826719043 0
    endloop
  endfacet
  facet normal -0.6293203910498545 -0.777145961456957 0
    outer loop
      vertex -1.8832080206443003 41.5371322893124 -14
      vertex -1.7286518479181687 41.41197516840705 0
      vertex -1.8832080206443003 41.5371322893124 0
    endloop
  endfacet
  facet normal 0.05233595624294041 -0.998629534754574 0
    outer loop
      vertex -3.19860408020854 41.88959160119972 -14
      vertex -3 41.9 0
      vertex -3.19860408020854 41.88959160119972 0
    endloop
  endfacet
  facet normal -0.05233595624294041 -0.998629534754574 0
    outer loop
      vertex -3 41.9 -14
      vertex -2.80139591979146 41.88959160119972 0
      vertex -3 41.9 0
    endloop
  endfacet
  facet normal -0.15643446504023883 -0.9876883405951364 0
    outer loop
      vertex -2.80139591979146 41.88959160119972 -14
      vertex -2.604967787446256 41.85848044139423 0
      vertex -2.80139591979146 41.88959160119972 0
    endloop
  endfacet
  facet normal 0.6293203910498275 0.7771459614569788 0
    outer loop
      vertex 42.658042877743995 37.39899311082912 -14
      vertex 42.942751616976345 37.168440519687685 -15.817905508885842
      vertex 42.658042877743995 37.39899311082912 -15.948397014367336
    endloop
  endfacet
  facet normal 0.7071067811865572 0.7071067811865379 0
    outer loop
      vertex 42.398993110829124 37.658042877743995 -14
      vertex 42.658042877743995 37.39899311082912 -15.948397014367336
      vertex 42.398993110829124 37.658042877743995 -16.067128157536654
    endloop
  endfacet
  facet normal 0.7771459614569692 0.6293203910498393 0
    outer loop
      vertex 42.168440519687685 37.942751616976345 -14
      vertex 42.398993110829124 37.658042877743995 -16.067128157536654
      vertex 42.168440519687685 37.942751616976345 -16.172798095143143
    endloop
  endfacet
  facet normal 0.6293203910498276 0.7771459614569789 0
    outer loop
      vertex 42.658042877743995 37.39899311082912 -14
      vertex 42.942751616976345 37.168440519687685 -14
      vertex 42.942751616976345 37.168440519687685 -15.817905508885842
    endloop
  endfacet
  facet normal 0.7071067811865572 0.7071067811865378 0
    outer loop
      vertex 42.658042877743995 37.39899311082912 -14
      vertex 42.658042877743995 37.39899311082912 -15.948397014367336
      vertex 42.398993110829124 37.658042877743995 -14
    endloop
  endfacet
  facet normal 0.7771459614569693 0.6293203910498393 0
    outer loop
      vertex 42.168440519687685 37.942751616976345 -14
      vertex 42.398993110829124 37.658042877743995 -14
      vertex 42.398993110829124 37.658042877743995 -16.067128157536654
    endloop
  endfacet
  facet normal 0.8386705679454157 0.54463903501504 0
    outer loop
      vertex 41.96891108675446 38.25 -14
      vertex 42.168440519687685 37.942751616976345 -14
      vertex 42.168440519687685 37.942751616976345 -16.172798095143143
    endloop
  endfacet
  facet normal 0.25881904510252457 0.9659258262890674 0
    outer loop
      vertex 43.918440519687685 36.67130219296696 -14
      vertex 44.27230908213784 36.57648339743168 -15.208525004020157
      vertex 43.918440519687685 36.67130219296696 -15.370714761809811
    endloop
  endfacet
  facet normal 0.5446390350150263 0.8386705679454246 0
    outer loop
      vertex 42.942751616976345 37.168440519687685 -14
      vertex 43.25 36.96891108675447 -15.677083333333334
      vertex 42.942751616976345 37.168440519687685 -15.817905508885842
    endloop
  endfacet
  facet normal 0.45399049973955136 0.8910065241883655 0
    outer loop
      vertex 43.25 36.96891108675447 -14
      vertex 43.5764217492347 36.8025908982509 -15.527473364934096
      vertex 43.25 36.96891108675447 -15.677083333333334
    endloop
  endfacet
  facet normal 0.35836794954530066 0.9335804264972017 0
    outer loop
      vertex 43.5764217492347 36.8025908982509 -14
      vertex 43.918440519687685 36.67130219296696 -15.370714761809811
      vertex 43.5764217492347 36.8025908982509 -15.527473364934096
    endloop
  endfacet
  facet normal 0.35836794954530066 0.9335804264972017 0
    outer loop
      vertex 43.5764217492347 36.8025908982509 -14
      vertex 43.918440519687685 36.67130219296696 -14
      vertex 43.918440519687685 36.67130219296696 -15.370714761809811
    endloop
  endfacet
  facet normal 0.25881904510252457 0.9659258262890673 0
    outer loop
      vertex 43.918440519687685 36.67130219296696 -14
      vertex 44.27230908213784 36.57648339743168 -14
      vertex 44.27230908213784 36.57648339743168 -15.208525004020157
    endloop
  endfacet
  facet normal 0.5446390350150262 0.8386705679454246 0
    outer loop
      vertex 42.942751616976345 37.168440519687685 -14
      vertex 43.25 36.96891108675447 -14
      vertex 43.25 36.96891108675447 -15.677083333333334
    endloop
  endfacet
  facet normal 0.4539904997395514 0.8910065241883655 0
    outer loop
      vertex 43.25 36.96891108675447 -14
      vertex 43.5764217492347 36.8025908982509 -14
      vertex 43.5764217492347 36.8025908982509 -15.527473364934096
    endloop
  endfacet
  facet normal 0.1564344650402313 0.9876883405951375 0
    outer loop
      vertex 44.27230908213784 36.57648339743168 -14
      vertex 44.63415037856321 36.51917336621104 -15.04268107649186
      vertex 44.27230908213784 36.57648339743168 -15.208525004020157
    endloop
  endfacet
  facet normal 0.052335956242940955 0.998629534754574 0
    outer loop
      vertex 44.63415037856321 36.51917336621104 -14
      vertex 45 36.5 -14.875
      vertex 44.63415037856321 36.51917336621104 -15.04268107649186
    endloop
  endfacet
  facet normal 0.15643446504023134 0.9876883405951377 0
    outer loop
      vertex 44.27230908213784 36.57648339743168 -14
      vertex 44.63415037856321 36.51917336621104 -14
      vertex 44.63415037856321 36.51917336621104 -15.04268107649186
    endloop
  endfacet
  facet normal -0.05233595624294094 0.998629534754574 0
    outer loop
      vertex 45 36.5 -14
      vertex 45.36584962143679 36.51917336621104 -14.70731892350814
      vertex 45 36.5 -14.875
    endloop
  endfacet
  facet normal 0.05233595624294094 0.998629534754574 0
    outer loop
      vertex 44.63415037856321 36.51917336621104 -14
      vertex 45 36.5 -14
      vertex 45 36.5 -14.875
    endloop
  endfacet
  facet normal 0.9335804264972015 0.3583679495453006 0
    outer loop
      vertex 41.67130219296696 38.918440519687685 -14
      vertex 41.8025908982509 38.5764217492347 -16.340479171635003
      vertex 41.67130219296696 38.918440519687685 -16.40065316155681
    endloop
  endfacet
  facet normal 0.8386705679454156 0.5446390350150399 0
    outer loop
      vertex 41.96891108675446 38.25 -14
      vertex 42.168440519687685 37.942751616976345 -16.172798095143143
      vertex 41.96891108675446 38.25 -16.264249085237537
    endloop
  endfacet
  facet normal 0.8910065241883732 0.4539904997395361 0
    outer loop
      vertex 41.8025908982509 38.5764217492347 -14
      vertex 41.96891108675446 38.25 -16.264249085237537
      vertex 41.8025908982509 38.5764217492347 -16.340479171635003
    endloop
  endfacet
  facet normal 0.9659258262890685 0.2588190451025197 0
    outer loop
      vertex 41.57648339743168 39.272309082137845 -14
      vertex 41.67130219296696 38.918440519687685 -16.40065316155681
      vertex 41.57648339743168 39.272309082137845 -16.444111776177145
    endloop
  endfacet
  facet normal 0.9876883405951372 0.15643446504023434 0
    outer loop
      vertex 41.51917336621104 39.63415037856321 -14
      vertex 41.57648339743168 39.272309082137845 -16.444111776177145
      vertex 41.51917336621104 39.63415037856321 -16.47037887381994
    endloop
  endfacet
  facet normal 0.998629534754574 0.05233595624294094 0
    outer loop
      vertex 41.5 40 -14
      vertex 41.51917336621104 39.63415037856321 -16.47037887381994
      vertex 41.5 40 -16.479166666666668
    endloop
  endfacet
  facet normal 0.9659258262890685 0.2588190451025197 0
    outer loop
      vertex 41.57648339743168 39.272309082137845 -14
      vertex 41.67130219296696 38.918440519687685 -14
      vertex 41.67130219296696 38.918440519687685 -16.40065316155681
    endloop
  endfacet
  facet normal 0.8910065241883733 0.4539904997395361 0
    outer loop
      vertex 41.8025908982509 38.5764217492347 -14
      vertex 41.96891108675446 38.25 -14
      vertex 41.96891108675446 38.25 -16.264249085237537
    endloop
  endfacet
  facet normal 0.9335804264972016 0.3583679495453006 0
    outer loop
      vertex 41.8025908982509 38.5764217492347 -14
      vertex 41.8025908982509 38.5764217492347 -16.340479171635003
      vertex 41.67130219296696 38.918440519687685 -14
    endloop
  endfacet
  facet normal 0.9876883405951371 0.15643446504023434 0
    outer loop
      vertex 41.57648339743168 39.272309082137845 -14
      vertex 41.57648339743168 39.272309082137845 -16.444111776177145
      vertex 41.51917336621104 39.63415037856321 -14
    endloop
  endfacet
  facet normal 0.9986295347545739 0.05233595624294094 0
    outer loop
      vertex 41.51917336621104 39.63415037856321 -14
      vertex 41.51917336621104 39.63415037856321 -16.47037887381994
      vertex 41.5 40 -14
    endloop
  endfacet
  facet normal -0.1564344650402313 0.9876883405951377 0
    outer loop
      vertex 45.36584962143679 36.51917336621104 -14
      vertex 45.72769091786216 36.57648339743168 -14.541474995979843
      vertex 45.36584962143679 36.51917336621104 -14.70731892350814
    endloop
  endfacet
  facet normal -0.2588190451025245 0.9659258262890672 0
    outer loop
      vertex 45.72769091786216 36.57648339743168 -14
      vertex 46.081559480312315 36.67130219296696 -14.379285238190189
      vertex 45.72769091786216 36.57648339743168 -14.541474995979843
    endloop
  endfacet
  facet normal -0.05233595624294094 0.9986295347545739 0
    outer loop
      vertex 45 36.5 -14
      vertex 45.36584962143679 36.51917336621104 -14
      vertex 45.36584962143679 36.51917336621104 -14.70731892350814
    endloop
  endfacet
  facet normal 0 0 -1
    outer loop
      vertex 44.27230908213784 36.57648339743168 -14
      vertex 44.4128677106876 38.19299261903921 -14
      vertex 44.63415037856321 36.51917336621104 -14
    endloop
  endfacet
  facet normal 0 0 -1
    outer loop
      vertex 44.63415037856321 36.51917336621104 -14
      vertex 44.80139591979146 38.11040839880028 -14
      vertex 45 36.5 -14
    endloop
  endfacet
  facet normal 0 0 -1
    outer loop
      vertex 45 36.5 -14
      vertex 45 38.1 -14
      vertex 45.36584962143679 36.51917336621104 -14
    endloop
  endfacet
  facet normal 0 0 -1
    outer loop
      vertex 43.25 36.96891108675447 -14
      vertex 43.462867710687604 38.883208020644304 -14
      vertex 43.5764217492347 36.8025908982509 -14
    endloop
  endfacet
  facet normal 0 0 -1
    outer loop
      vertex 43.5764217492347 36.8025908982509 -14
      vertex 43.72865184791817 38.58802483159295 -14
      vertex 43.918440519687685 36.67130219296696 -14
    endloop
  endfacet
  facet normal 0 0 -1
    outer loop
      vertex 43.918440519687685 36.67130219296696 -14
      vertex 44.05 38.35455173280957 -14
      vertex 44.27230908213784 36.57648339743168 -14
    endloop
  endfacet
  facet normal 0 0 -1
    outer loop
      vertex 43.918440519687685 36.67130219296696 -14
      vertex 43.883208020644304 38.4628677106876 -14
      vertex 44.05 38.35455173280957 -14
    endloop
  endfacet
  facet normal 0 0 -1
    outer loop
      vertex 43.918440519687685 36.67130219296696 -14
      vertex 43.72865184791817 38.58802483159295 -14
      vertex 43.883208020644304 38.4628677106876 -14
    endloop
  endfacet
  facet normal 0 0 -1
    outer loop
      vertex 43.5764217492347 36.8025908982509 -14
      vertex 43.588024831592946 38.72865184791817 -14
      vertex 43.72865184791817 38.58802483159295 -14
    endloop
  endfacet
  facet normal 0 0 -1
    outer loop
      vertex 44.63415037856321 36.51917336621104 -14
      vertex 44.4128677106876 38.19299261903921 -14
      vertex 44.604967787446256 38.14151955860577 -14
    endloop
  endfacet
  facet normal 0 0 -1
    outer loop
      vertex 44.63415037856321 36.51917336621104 -14
      vertex 44.604967787446256 38.14151955860577 -14
      vertex 44.80139591979146 38.11040839880028 -14
    endloop
  endfacet
  facet normal 0 0 -1
    outer loop
      vertex 45 36.5 -14
      vertex 44.80139591979146 38.11040839880028 -14
      vertex 45 38.1 -14
    endloop
  endfacet
  facet normal 0 0 -1
    outer loop
      vertex 45 38.1 -14
      vertex 45.19860408020854 38.11040839880028 -14
      vertex 45.36584962143679 36.51917336621104 -14
    endloop
  endfacet
  facet normal 0 0 -1
    outer loop
      vertex 44.27230908213784 36.57648339743168 -14
      vertex 44.227200378155985 38.26426363047906 -14
      vertex 44.4128677106876 38.19299261903921 -14
    endloop
  endfacet
  facet normal 0 0 -1
    outer loop
      vertex 44.27230908213784 36.57648339743168 -14
      vertex 44.05 38.35455173280957 -14
      vertex 44.227200378155985 38.26426363047906 -14
    endloop
  endfacet
  facet normal 0 0 -1
    outer loop
      vertex 42.658042877743995 37.39899311082912 -14
      vertex 42.658042877743995 42.60100688917088 -14
      vertex 42.942751616976345 37.168440519687685 -14
    endloop
  endfacet
  facet normal 0 0 -1
    outer loop
      vertex 41.8025908982509 38.5764217492347 -14
      vertex 41.67130219296696 38.918440519687685 -14
      vertex 41.67130219296696 41.081559480312315 -14
    endloop
  endfacet
  facet normal 0 0 -1
    outer loop
      vertex 41.57648339743168 39.272309082137845 -14
      vertex 41.57648339743168 40.727690917862155 -14
      vertex 41.67130219296696 38.918440519687685 -14
    endloop
  endfacet
  facet normal 0 0 -1
    outer loop
      vertex 41.57648339743168 39.272309082137845 -14
      vertex 41.51917336621104 39.63415037856321 -14
      vertex 41.51917336621104 40.36584962143679 -14
    endloop
  endfacet
  facet normal 0 0 -1
    outer loop
      vertex 42.168440519687685 37.942751616976345 -14
      vertex 42.168440519687685 42.057248383023655 -14
      vertex 42.398993110829124 37.658042877743995 -14
    endloop
  endfacet
  facet normal 0 0 -1
    outer loop
      vertex 41.8025908982509 38.5764217492347 -14
      vertex 41.8025908982509 41.4235782507653 -14
      vertex 41.96891108675446 38.25 -14
    endloop
  endfacet
  facet normal 0 0 -1
    outer loop
      vertex 41.96891108675446 38.25 -14
      vertex 41.96891108675446 41.75 -14
      vertex 42.168440519687685 37.942751616976345 -14
    endloop
  endfacet
  facet normal 0 0 -1
    outer loop
      vertex 42.658042877743995 37.39899311082912 -14
      vertex 42.398993110829124 37.658042877743995 -14
      vertex 42.398993110829124 42.341957122256005 -14
    endloop
  endfacet
  facet normal 0 0 -1
    outer loop
      vertex 43.5764217492347 36.8025908982509 -14
      vertex 43.462867710687604 38.883208020644304 -14
      vertex 43.588024831592946 38.72865184791817 -14
    endloop
  endfacet
  facet normal 0 0 -1
    outer loop
      vertex 43.25 36.96891108675447 -14
      vertex 43.35455173280957 39.05 -14
      vertex 43.462867710687604 38.883208020644304 -14
    endloop
  endfacet
  facet normal 0 0 -1
    outer loop
      vertex 43.25 36.96891108675447 -14
      vertex 43.19299261903921 39.4128677106876 -14
      vertex 43.26426363047906 39.22720037815598 -14
    endloop
  endfacet
  facet normal 0 0 -1
    outer loop
      vertex 43.25 36.96891108675447 -14
      vertex 43.26426363047906 39.22720037815598 -14
      vertex 43.35455173280957 39.05 -14
    endloop
  endfacet
  facet normal 0 0 -1
    outer loop
      vertex 43.25 36.96891108675447 -14
      vertex 43.141519558605765 39.604967787446256 -14
      vertex 43.19299261903921 39.4128677106876 -14
    endloop
  endfacet
  facet normal 0 0 -1
    outer loop
      vertex 43.25 36.96891108675447 -14
      vertex 43.11040839880028 39.80139591979146 -14
      vertex 43.141519558605765 39.604967787446256 -14
    endloop
  endfacet
  facet normal 0 0 -1
    outer loop
      vertex 42.942751616976345 37.168440519687685 -14
      vertex 42.942751616976345 42.831559480312315 -14
      vertex 43.25 36.96891108675447 -14
    endloop
  endfacet
  facet normal 0 0 -1
    outer loop
      vertex 43.25 36.96891108675447 -14
      vertex 42.942751616976345 42.831559480312315 -14
      vertex 43.11040839880028 39.80139591979146 -14
    endloop
  endfacet
  facet normal -0.1564344650402313 0.9876883405951377 0
    outer loop
      vertex 45.36584962143679 36.51917336621104 -14
      vertex 45.72769091786216 36.57648339743168 -14
      vertex 45.72769091786216 36.57648339743168 -14.541474995979843
    endloop
  endfacet
  facet normal -0.2588190451025245 0.9659258262890672 0
    outer loop
      vertex 45.72769091786216 36.57648339743168 -14
      vertex 46.081559480312315 36.67130219296696 -14
      vertex 46.081559480312315 36.67130219296696 -14.379285238190189
    endloop
  endfacet
  facet normal -0.3583679495453007 0.9335804264972017 0
    outer loop
      vertex 46.081559480312315 36.67130219296696 -14
      vertex 46.4235782507653 36.8025908982509 -14.222526635065904
      vertex 46.081559480312315 36.67130219296696 -14.379285238190189
    endloop
  endfacet
  facet normal 0 0 -1
    outer loop
      vertex 45.36584962143679 36.51917336621104 -14
      vertex 45.19860408020854 38.11040839880028 -14
      vertex 45.72769091786216 36.57648339743168 -14
    endloop
  endfacet
  facet normal 0 0 -1
    outer loop
      vertex 45.72769091786216 36.57648339743168 -14
      vertex 45.5871322893124 38.19299261903921 -14
      vertex 46.081559480312315 36.67130219296696 -14
    endloop
  endfacet
  facet normal -0.3583679495453006 0.9335804264972015 0
    outer loop
      vertex 46.081559480312315 36.67130219296696 -14
      vertex 46.4235782507653 36.8025908982509 -14
      vertex 46.4235782507653 36.8025908982509 -14.222526635065904
    endloop
  endfacet
  facet normal -0.45399049973955147 0.8910065241883655 0
    outer loop
      vertex 46.4235782507653 36.8025908982509 -14
      vertex 46.75 36.96891108675447 -14.072916666666666
      vertex 46.4235782507653 36.8025908982509 -14.222526635065904
    endloop
  endfacet
  facet normal -0.45399049973955147 0.8910065241883653 0
    outer loop
      vertex 46.4235782507653 36.8025908982509 -14
      vertex 46.75 36.96891108675447 -14
      vertex 46.75 36.96891108675447 -14.072916666666666
    endloop
  endfacet
  facet normal -0.5446390350150204 0.8386705679454284 0
    outer loop
      vertex 46.75 36.96891108675447 -14
      vertex 46.90909090909091 37.072225931126795 -14
      vertex 46.75 36.96891108675447 -14.072916666666666
    endloop
  endfacet
  facet normal 0 0 -1
    outer loop
      vertex 45.72769091786216 36.57648339743168 -14
      vertex 45.19860408020854 38.11040839880028 -14
      vertex 45.395032212553744 38.14151955860577 -14
    endloop
  endfacet
  facet normal 0 0 -1
    outer loop
      vertex 45.72769091786216 36.57648339743168 -14
      vertex 45.395032212553744 38.14151955860577 -14
      vertex 45.5871322893124 38.19299261903921 -14
    endloop
  endfacet
  facet normal 0 0 -1
    outer loop
      vertex 46.081559480312315 36.67130219296696 -14
      vertex 45.95 38.35455173280957 -14
      vertex 46.4235782507653 36.8025908982509 -14
    endloop
  endfacet
  facet normal 0 0 -1
    outer loop
      vertex 46.4235782507653 36.8025908982509 -14
      vertex 46.411975168407054 38.72865184791817 -14
      vertex 46.75 36.96891108675447 -14
    endloop
  endfacet
  facet normal 0 0 -1
    outer loop
      vertex 46.081559480312315 36.67130219296696 -14
      vertex 45.5871322893124 38.19299261903921 -14
      vertex 45.772799621844015 38.26426363047906 -14
    endloop
  endfacet
  facet normal 0 0 -1
    outer loop
      vertex 46.081559480312315 36.67130219296696 -14
      vertex 45.772799621844015 38.26426363047906 -14
      vertex 45.95 38.35455173280957 -14
    endloop
  endfacet
  facet normal 0 0 -1
    outer loop
      vertex 46.4235782507653 36.8025908982509 -14
      vertex 45.95 38.35455173280957 -14
      vertex 46.116791979355696 38.4628677106876 -14
    endloop
  endfacet
  facet normal 0 0 -1
    outer loop
      vertex 46.4235782507653 36.8025908982509 -14
      vertex 46.116791979355696 38.4628677106876 -14
      vertex 46.27134815208183 38.58802483159295 -14
    endloop
  endfacet
  facet normal 0 0 -1
    outer loop
      vertex 46.4235782507653 36.8025908982509 -14
      vertex 46.27134815208183 38.58802483159295 -14
      vertex 46.411975168407054 38.72865184791817 -14
    endloop
  endfacet
  facet normal 0 0 -1
    outer loop
      vertex 46.75 36.96891108675447 -14
      vertex 46.73573636952094 39.22720037815598 -14
      vertex 46.90909090909091 37.072225931126795 -14
    endloop
  endfacet
  facet normal 0 0 -1
    outer loop
      vertex 46.75 36.96891108675447 -14
      vertex 46.411975168407054 38.72865184791817 -14
      vertex 46.537132289312396 38.883208020644304 -14
    endloop
  endfacet
  facet normal 0 0 -1
    outer loop
      vertex 46.75 36.96891108675447 -14
      vertex 46.537132289312396 38.883208020644304 -14
      vertex 46.64544826719043 39.05 -14
    endloop
  endfacet
  facet normal 0 0 -1
    outer loop
      vertex 46.75 36.96891108675447 -14
      vertex 46.64544826719043 39.05 -14
      vertex 46.73573636952094 39.22720037815598 -14
    endloop
  endfacet
  facet normal 0 0 -1
    outer loop
      vertex 46.73573636952094 39.22720037815598 -14
      vertex 46.80700738096079 39.4128677106876 -14
      vertex 46.90909090909091 37.072225931126795 -14
    endloop
  endfacet
  facet normal 0 0 -1
    outer loop
      vertex 46.80700738096079 39.4128677106876 -14
      vertex 46.858480441394235 39.604967787446256 -14
      vertex 46.90909090909091 37.072225931126795 -14
    endloop
  endfacet
  facet normal 0 0 -1
    outer loop
      vertex 46.858480441394235 39.604967787446256 -14
      vertex 46.88959160119972 39.80139591979146 -14
      vertex 46.90909090909091 37.072225931126795 -14
    endloop
  endfacet
  facet normal 0 0 -1
    outer loop
      vertex 46.88959160119972 39.80139591979146 -14
      vertex 46.9 40 -14
      vertex 46.90909090909091 37.072225931126795 -14
    endloop
  endfacet
  facet normal 0.9986295347545739 -0.05233595624294094 0
    outer loop
      vertex 41.51917336621104 40.36584962143679 -14
      vertex 41.5 40 -16.479166666666668
      vertex 41.51917336621104 40.36584962143679 -16.47037887381994
    endloop
  endfacet
  facet normal 0.9876883405951371 -0.15643446504023434 0
    outer loop
      vertex 41.57648339743168 40.727690917862155 -14
      vertex 41.51917336621104 40.36584962143679 -16.47037887381994
      vertex 41.57648339743168 40.727690917862155 -16.444111776177145
    endloop
  endfacet
  facet normal 0.9659258262890685 -0.2588190451025197 0
    outer loop
      vertex 41.67130219296696 41.081559480312315 -14
      vertex 41.57648339743168 40.727690917862155 -16.444111776177145
      vertex 41.67130219296696 41.081559480312315 -16.40065316155681
    endloop
  endfacet
  facet normal 0.9335804264972016 -0.3583679495453006 0
    outer loop
      vertex 41.8025908982509 41.4235782507653 -14
      vertex 41.67130219296696 41.081559480312315 -16.40065316155681
      vertex 41.8025908982509 41.4235782507653 -16.340479171635003
    endloop
  endfacet
  facet normal 0.8910065241883733 -0.4539904997395361 0
    outer loop
      vertex 41.96891108675446 41.75 -14
      vertex 41.8025908982509 41.4235782507653 -16.340479171635003
      vertex 41.96891108675446 41.75 -16.264249085237537
    endloop
  endfacet
  facet normal 0.998629534754574 -0.05233595624294094 0
    outer loop
      vertex 41.5 40 -14
      vertex 41.5 40 -16.479166666666668
      vertex 41.51917336621104 40.36584962143679 -14
    endloop
  endfacet
  facet normal 0.9876883405951372 -0.15643446504023434 0
    outer loop
      vertex 41.51917336621104 40.36584962143679 -14
      vertex 41.51917336621104 40.36584962143679 -16.47037887381994
      vertex 41.57648339743168 40.727690917862155 -14
    endloop
  endfacet
  facet normal 0.9659258262890685 -0.2588190451025197 0
    outer loop
      vertex 41.57648339743168 40.727690917862155 -14
      vertex 41.57648339743168 40.727690917862155 -16.444111776177145
      vertex 41.67130219296696 41.081559480312315 -14
    endloop
  endfacet
  facet normal 0.9335804264972015 -0.3583679495453006 0
    outer loop
      vertex 41.67130219296696 41.081559480312315 -14
      vertex 41.67130219296696 41.081559480312315 -16.40065316155681
      vertex 41.8025908982509 41.4235782507653 -14
    endloop
  endfacet
  facet normal 0.8910065241883732 -0.4539904997395361 0
    outer loop
      vertex 41.8025908982509 41.4235782507653 -14
      vertex 41.8025908982509 41.4235782507653 -16.340479171635003
      vertex 41.96891108675446 41.75 -14
    endloop
  endfacet
  facet normal 0.8386705679454156 -0.5446390350150399 0
    outer loop
      vertex 41.96891108675446 41.75 -14
      vertex 41.96891108675446 41.75 -16.264249085237537
      vertex 42.168440519687685 42.057248383023655 -14
    endloop
  endfacet
  facet normal 0.8386705679454157 -0.54463903501504 0
    outer loop
      vertex 42.168440519687685 42.057248383023655 -14
      vertex 41.96891108675446 41.75 -16.264249085237537
      vertex 42.168440519687685 42.057248383023655 -16.172798095143143
    endloop
  endfacet
  facet normal 0.7771459614569693 -0.6293203910498393 0
    outer loop
      vertex 42.398993110829124 42.341957122256005 -14
      vertex 42.168440519687685 42.057248383023655 -16.172798095143143
      vertex 42.398993110829124 42.341957122256005 -16.067128157536654
    endloop
  endfacet
  facet normal 0.7071067811865572 -0.7071067811865379 0
    outer loop
      vertex 42.398993110829124 42.341957122256005 -14
      vertex 42.398993110829124 42.341957122256005 -16.067128157536654
      vertex 42.658042877743995 42.60100688917088 -15.948397014367336
    endloop
  endfacet
  facet normal 0.6293203910498275 -0.7771459614569788 0
    outer loop
      vertex 42.658042877743995 42.60100688917088 -14
      vertex 42.658042877743995 42.60100688917088 -15.948397014367336
      vertex 42.942751616976345 42.831559480312315 -15.817905508885842
    endloop
  endfacet
  facet normal 0.7771459614569692 -0.6293203910498393 0
    outer loop
      vertex 42.168440519687685 42.057248383023655 -14
      vertex 42.168440519687685 42.057248383023655 -16.172798095143143
      vertex 42.398993110829124 42.341957122256005 -14
    endloop
  endfacet
  facet normal 0.7071067811865572 -0.7071067811865378 0
    outer loop
      vertex 42.398993110829124 42.341957122256005 -14
      vertex 42.658042877743995 42.60100688917088 -15.948397014367336
      vertex 42.658042877743995 42.60100688917088 -14
    endloop
  endfacet
  facet normal 0.6293203910498276 -0.7771459614569789 0
    outer loop
      vertex 42.658042877743995 42.60100688917088 -14
      vertex 42.942751616976345 42.831559480312315 -15.817905508885842
      vertex 42.942751616976345 42.831559480312315 -14
    endloop
  endfacet
  facet normal 0.5446390350150263 -0.8386705679454246 0
    outer loop
      vertex 42.942751616976345 42.831559480312315 -14
      vertex 42.942751616976345 42.831559480312315 -15.817905508885842
      vertex 43.25 43.03108891324553 -15.677083333333334
    endloop
  endfacet
  facet normal 0.45399049973955136 -0.8910065241883655 0
    outer loop
      vertex 43.25 43.03108891324553 -14
      vertex 43.25 43.03108891324553 -15.677083333333334
      vertex 43.5764217492347 43.1974091017491 -15.527473364934096
    endloop
  endfacet
  facet normal 0.35836794954530066 -0.9335804264972017 0
    outer loop
      vertex 43.5764217492347 43.1974091017491 -14
      vertex 43.5764217492347 43.1974091017491 -15.527473364934096
      vertex 43.918440519687685 43.32869780703304 -15.370714761809811
    endloop
  endfacet
  facet normal 0.25881904510252457 -0.9659258262890674 0
    outer loop
      vertex 43.918440519687685 43.32869780703304 -14
      vertex 43.918440519687685 43.32869780703304 -15.370714761809811
      vertex 44.27230908213784 43.42351660256832 -15.208525004020157
    endloop
  endfacet
  facet normal 0.5446390350150262 -0.8386705679454246 0
    outer loop
      vertex 42.942751616976345 42.831559480312315 -14
      vertex 43.25 43.03108891324553 -15.677083333333334
      vertex 43.25 43.03108891324553 -14
    endloop
  endfacet
  facet normal 0.4539904997395514 -0.8910065241883655 0
    outer loop
      vertex 43.25 43.03108891324553 -14
      vertex 43.5764217492347 43.1974091017491 -15.527473364934096
      vertex 43.5764217492347 43.1974091017491 -14
    endloop
  endfacet
  facet normal 0.35836794954530066 -0.9335804264972017 0
    outer loop
      vertex 43.5764217492347 43.1974091017491 -14
      vertex 43.918440519687685 43.32869780703304 -15.370714761809811
      vertex 43.918440519687685 43.32869780703304 -14
    endloop
  endfacet
  facet normal 0.25881904510252457 -0.9659258262890673 0
    outer loop
      vertex 43.918440519687685 43.32869780703304 -14
      vertex 44.27230908213784 43.42351660256832 -15.208525004020157
      vertex 44.27230908213784 43.42351660256832 -14
    endloop
  endfacet
  facet normal 0.1564344650402313 -0.9876883405951375 0
    outer loop
      vertex 44.27230908213784 43.42351660256832 -14
      vertex 44.27230908213784 43.42351660256832 -15.208525004020157
      vertex 44.63415037856321 43.48082663378896 -15.04268107649186
    endloop
  endfacet
  facet normal 0.052335956242940955 -0.998629534754574 0
    outer loop
      vertex 44.63415037856321 43.48082663378896 -14
      vertex 44.63415037856321 43.48082663378896 -15.04268107649186
      vertex 45 43.5 -14.875
    endloop
  endfacet
  facet normal 0.15643446504023134 -0.9876883405951377 0
    outer loop
      vertex 44.27230908213784 43.42351660256832 -14
      vertex 44.63415037856321 43.48082663378896 -15.04268107649186
      vertex 44.63415037856321 43.48082663378896 -14
    endloop
  endfacet
  facet normal -0.05233595624294094 -0.998629534754574 0
    outer loop
      vertex 45 43.5 -14
      vertex 45 43.5 -14.875
      vertex 45.36584962143679 43.48082663378896 -14.70731892350814
    endloop
  endfacet
  facet normal 0.05233595624294094 -0.998629534754574 0
    outer loop
      vertex 44.63415037856321 43.48082663378896 -14
      vertex 45 43.5 -14.875
      vertex 45 43.5 -14
    endloop
  endfacet
  facet normal -0.1564344650402313 -0.9876883405951377 0
    outer loop
      vertex 45.36584962143679 43.48082663378896 -14
      vertex 45.36584962143679 43.48082663378896 -14.70731892350814
      vertex 45.72769091786216 43.42351660256832 -14.541474995979843
    endloop
  endfacet
  facet normal -0.2588190451025245 -0.9659258262890672 0
    outer loop
      vertex 45.72769091786216 43.42351660256832 -14
      vertex 45.72769091786216 43.42351660256832 -14.541474995979843
      vertex 46.081559480312315 43.32869780703304 -14.379285238190189
    endloop
  endfacet
  facet normal 0 0 -1
    outer loop
      vertex 41.51917336621104 39.63415037856321 -14
      vertex 41.5 40 -14
      vertex 41.51917336621104 40.36584962143679 -14
    endloop
  endfacet
  facet normal 0 0 -1
    outer loop
      vertex 41.57648339743168 39.272309082137845 -14
      vertex 41.51917336621104 40.36584962143679 -14
      vertex 41.57648339743168 40.727690917862155 -14
    endloop
  endfacet
  facet normal 0 0 -1
    outer loop
      vertex 41.67130219296696 38.918440519687685 -14
      vertex 41.57648339743168 40.727690917862155 -14
      vertex 41.67130219296696 41.081559480312315 -14
    endloop
  endfacet
  facet normal 0 0 -1
    outer loop
      vertex 41.8025908982509 38.5764217492347 -14
      vertex 41.67130219296696 41.081559480312315 -14
      vertex 41.8025908982509 41.4235782507653 -14
    endloop
  endfacet
  facet normal 0 0 -1
    outer loop
      vertex 41.96891108675446 38.25 -14
      vertex 41.8025908982509 41.4235782507653 -14
      vertex 41.96891108675446 41.75 -14
    endloop
  endfacet
  facet normal 0 0 -1
    outer loop
      vertex 42.168440519687685 37.942751616976345 -14
      vertex 41.96891108675446 41.75 -14
      vertex 42.168440519687685 42.057248383023655 -14
    endloop
  endfacet
  facet normal 0 0 -1
    outer loop
      vertex 42.398993110829124 37.658042877743995 -14
      vertex 42.168440519687685 42.057248383023655 -14
      vertex 42.398993110829124 42.341957122256005 -14
    endloop
  endfacet
  facet normal 0 0 -1
    outer loop
      vertex 42.658042877743995 37.39899311082912 -14
      vertex 42.398993110829124 42.341957122256005 -14
      vertex 42.658042877743995 42.60100688917088 -14
    endloop
  endfacet
  facet normal 0 0 -1
    outer loop
      vertex 42.942751616976345 37.168440519687685 -14
      vertex 42.658042877743995 42.60100688917088 -14
      vertex 42.942751616976345 42.831559480312315 -14
    endloop
  endfacet
  facet normal 0 0 -1
    outer loop
      vertex 43.11040839880028 39.80139591979146 -14
      vertex 42.942751616976345 42.831559480312315 -14
      vertex 43.1 40 -14
    endloop
  endfacet
  facet normal 0 0 -1
    outer loop
      vertex 43.1 40 -14
      vertex 42.942751616976345 42.831559480312315 -14
      vertex 43.11040839880028 40.19860408020854 -14
    endloop
  endfacet
  facet normal 0 0 -1
    outer loop
      vertex 43.11040839880028 40.19860408020854 -14
      vertex 42.942751616976345 42.831559480312315 -14
      vertex 43.141519558605765 40.395032212553744 -14
    endloop
  endfacet
  facet normal 0 0 -1
    outer loop
      vertex 43.141519558605765 40.395032212553744 -14
      vertex 42.942751616976345 42.831559480312315 -14
      vertex 43.19299261903921 40.5871322893124 -14
    endloop
  endfacet
  facet normal 0 0 -1
    outer loop
      vertex 43.19299261903921 40.5871322893124 -14
      vertex 42.942751616976345 42.831559480312315 -14
      vertex 43.26426363047906 40.77279962184402 -14
    endloop
  endfacet
  facet normal 0 0 -1
    outer loop
      vertex 43.26426363047906 40.77279962184402 -14
      vertex 43.25 43.03108891324553 -14
      vertex 43.35455173280957 40.95 -14
    endloop
  endfacet
  facet normal 0 0 -1
    outer loop
      vertex 43.25 43.03108891324553 -14
      vertex 43.462867710687604 41.116791979355696 -14
      vertex 43.35455173280957 40.95 -14
    endloop
  endfacet
  facet normal 0 0 -1
    outer loop
      vertex 43.25 43.03108891324553 -14
      vertex 43.588024831592946 41.27134815208183 -14
      vertex 43.462867710687604 41.116791979355696 -14
    endloop
  endfacet
  facet normal 0 0 -1
    outer loop
      vertex 43.26426363047906 40.77279962184402 -14
      vertex 42.942751616976345 42.831559480312315 -14
      vertex 43.25 43.03108891324553 -14
    endloop
  endfacet
  facet normal 0 0 -1
    outer loop
      vertex 43.588024831592946 41.27134815208183 -14
      vertex 43.5764217492347 43.1974091017491 -14
      vertex 43.72865184791817 41.41197516840705 -14
    endloop
  endfacet
  facet normal 0 0 -1
    outer loop
      vertex 43.72865184791817 41.41197516840705 -14
      vertex 43.5764217492347 43.1974091017491 -14
      vertex 43.883208020644304 41.5371322893124 -14
    endloop
  endfacet
  facet normal 0 0 -1
    outer loop
      vertex 43.883208020644304 41.5371322893124 -14
      vertex 43.5764217492347 43.1974091017491 -14
      vertex 44.05 41.64544826719043 -14
    endloop
  endfacet
  facet normal 0 0 -1
    outer loop
      vertex 44.05 41.64544826719043 -14
      vertex 43.918440519687685 43.32869780703304 -14
      vertex 44.227200378155985 41.73573636952094 -14
    endloop
  endfacet
  facet normal 0 0 -1
    outer loop
      vertex 43.25 43.03108891324553 -14
      vertex 43.5764217492347 43.1974091017491 -14
      vertex 43.588024831592946 41.27134815208183 -14
    endloop
  endfacet
  facet normal 0 0 -1
    outer loop
      vertex 44.05 41.64544826719043 -14
      vertex 43.5764217492347 43.1974091017491 -14
      vertex 43.918440519687685 43.32869780703304 -14
    endloop
  endfacet
  facet normal 0 0 -1
    outer loop
      vertex 44.227200378155985 41.73573636952094 -14
      vertex 43.918440519687685 43.32869780703304 -14
      vertex 44.4128677106876 41.80700738096079 -14
    endloop
  endfacet
  facet normal 0 0 -1
    outer loop
      vertex 44.4128677106876 41.80700738096079 -14
      vertex 44.27230908213784 43.42351660256832 -14
      vertex 44.604967787446256 41.85848044139423 -14
    endloop
  endfacet
  facet normal 0 0 -1
    outer loop
      vertex 44.604967787446256 41.85848044139423 -14
      vertex 44.27230908213784 43.42351660256832 -14
      vertex 44.80139591979146 41.88959160119972 -14
    endloop
  endfacet
  facet normal 0 0 -1
    outer loop
      vertex 44.80139591979146 41.88959160119972 -14
      vertex 44.63415037856321 43.48082663378896 -14
      vertex 45 41.9 -14
    endloop
  endfacet
  facet normal 0 0 -1
    outer loop
      vertex 45 41.9 -14
      vertex 45 43.5 -14
      vertex 45.19860408020854 41.88959160119972 -14
    endloop
  endfacet
  facet normal 0 0 -1
    outer loop
      vertex 45.395032212553744 41.85848044139423 -14
      vertex 45.19860408020854 41.88959160119972 -14
      vertex 45.36584962143679 43.48082663378896 -14
    endloop
  endfacet
  facet normal 0 0 -1
    outer loop
      vertex 44.4128677106876 41.80700738096079 -14
      vertex 43.918440519687685 43.32869780703304 -14
      vertex 44.27230908213784 43.42351660256832 -14
    endloop
  endfacet
  facet normal 0 0 -1
    outer loop
      vertex 44.80139591979146 41.88959160119972 -14
      vertex 44.27230908213784 43.42351660256832 -14
      vertex 44.63415037856321 43.48082663378896 -14
    endloop
  endfacet
  facet normal 0 0 -1
    outer loop
      vertex 45 41.9 -14
      vertex 44.63415037856321 43.48082663378896 -14
      vertex 45 43.5 -14
    endloop
  endfacet
  facet normal 0 0 -1
    outer loop
      vertex 45 43.5 -14
      vertex 45.36584962143679 43.48082663378896 -14
      vertex 45.19860408020854 41.88959160119972 -14
    endloop
  endfacet
  facet normal -0.05233595624294094 -0.9986295347545739 0
    outer loop
      vertex 45 43.5 -14
      vertex 45.36584962143679 43.48082663378896 -14.70731892350814
      vertex 45.36584962143679 43.48082663378896 -14
    endloop
  endfacet
  facet normal 0 0 -1
    outer loop
      vertex 46.9 40 -14
      vertex 46.90909090909091 42.927774068873205 -14
      vertex 46.90909090909091 37.072225931126795 -14
    endloop
  endfacet
  facet normal 0 0 -1
    outer loop
      vertex 46.537132289312396 41.116791979355696 -14
      vertex 46.411975168407054 41.27134815208183 -14
      vertex 46.4235782507653 43.1974091017491 -14
    endloop
  endfacet
  facet normal 0 0 -1
    outer loop
      vertex 46.9 40 -14
      vertex 46.88959160119972 40.19860408020854 -14
      vertex 46.90909090909091 42.927774068873205 -14
    endloop
  endfacet
  facet normal 0 0 -1
    outer loop
      vertex 46.75 43.03108891324553 -14
      vertex 46.88959160119972 40.19860408020854 -14
      vertex 46.858480441394235 40.395032212553744 -14
    endloop
  endfacet
  facet normal 0 0 -1
    outer loop
      vertex 46.75 43.03108891324553 -14
      vertex 46.858480441394235 40.395032212553744 -14
      vertex 46.80700738096079 40.5871322893124 -14
    endloop
  endfacet
  facet normal 0 0 -1
    outer loop
      vertex 46.73573636952094 40.77279962184402 -14
      vertex 46.75 43.03108891324553 -14
      vertex 46.80700738096079 40.5871322893124 -14
    endloop
  endfacet
  facet normal 0 0 -1
    outer loop
      vertex 46.73573636952094 40.77279962184402 -14
      vertex 46.64544826719043 40.95 -14
      vertex 46.75 43.03108891324553 -14
    endloop
  endfacet
  facet normal 0 0 -1
    outer loop
      vertex 46.537132289312396 41.116791979355696 -14
      vertex 46.75 43.03108891324553 -14
      vertex 46.64544826719043 40.95 -14
    endloop
  endfacet
  facet normal 0 0 -1
    outer loop
      vertex 45.772799621844015 41.73573636952094 -14
      vertex 45.72769091786216 43.42351660256832 -14
      vertex 45.95 41.64544826719043 -14
    endloop
  endfacet
  facet normal 0 0 -1
    outer loop
      vertex 45.5871322893124 41.80700738096079 -14
      vertex 45.72769091786216 43.42351660256832 -14
      vertex 45.772799621844015 41.73573636952094 -14
    endloop
  endfacet
  facet normal 0 0 -1
    outer loop
      vertex 46.116791979355696 41.5371322893124 -14
      vertex 46.081559480312315 43.32869780703304 -14
      vertex 46.27134815208183 41.41197516840705 -14
    endloop
  endfacet
  facet normal 0 0 -1
    outer loop
      vertex 46.27134815208183 41.41197516840705 -14
      vertex 46.4235782507653 43.1974091017491 -14
      vertex 46.411975168407054 41.27134815208183 -14
    endloop
  endfacet
  facet normal 0 0 -1
    outer loop
      vertex 46.116791979355696 41.5371322893124 -14
      vertex 45.95 41.64544826719043 -14
      vertex 46.081559480312315 43.32869780703304 -14
    endloop
  endfacet
  facet normal 0 0 -1
    outer loop
      vertex 45.395032212553744 41.85848044139423 -14
      vertex 45.36584962143679 43.48082663378896 -14
      vertex 45.5871322893124 41.80700738096079 -14
    endloop
  endfacet
  facet normal 0 0 -1
    outer loop
      vertex 45.95 41.64544826719043 -14
      vertex 45.72769091786216 43.42351660256832 -14
      vertex 46.081559480312315 43.32869780703304 -14
    endloop
  endfacet
  facet normal 0 0 -1
    outer loop
      vertex 46.537132289312396 41.116791979355696 -14
      vertex 46.4235782507653 43.1974091017491 -14
      vertex 46.75 43.03108891324553 -14
    endloop
  endfacet
  facet normal 0 0 -1
    outer loop
      vertex 46.27134815208183 41.41197516840705 -14
      vertex 46.081559480312315 43.32869780703304 -14
      vertex 46.4235782507653 43.1974091017491 -14
    endloop
  endfacet
  facet normal 0 0 -1
    outer loop
      vertex 46.75 43.03108891324553 -14
      vertex 46.90909090909091 42.927774068873205 -14
      vertex 46.88959160119972 40.19860408020854 -14
    endloop
  endfacet
  facet normal 0 0 -1
    outer loop
      vertex 45.5871322893124 41.80700738096079 -14
      vertex 45.36584962143679 43.48082663378896 -14
      vertex 45.72769091786216 43.42351660256832 -14
    endloop
  endfacet
  facet normal -0.45399049973955147 -0.8910065241883655 0
    outer loop
      vertex 46.4235782507653 43.1974091017491 -14
      vertex 46.4235782507653 43.1974091017491 -14.222526635065904
      vertex 46.75 43.03108891324553 -14.072916666666666
    endloop
  endfacet
  facet normal -0.3583679495453006 -0.9335804264972015 0
    outer loop
      vertex 46.081559480312315 43.32869780703304 -14
      vertex 46.4235782507653 43.1974091017491 -14.222526635065904
      vertex 46.4235782507653 43.1974091017491 -14
    endloop
  endfacet
  facet normal -0.1564344650402313 -0.9876883405951377 0
    outer loop
      vertex 45.36584962143679 43.48082663378896 -14
      vertex 45.72769091786216 43.42351660256832 -14.541474995979843
      vertex 45.72769091786216 43.42351660256832 -14
    endloop
  endfacet
  facet normal -0.2588190451025245 -0.9659258262890672 0
    outer loop
      vertex 45.72769091786216 43.42351660256832 -14
      vertex 46.081559480312315 43.32869780703304 -14.379285238190189
      vertex 46.081559480312315 43.32869780703304 -14
    endloop
  endfacet
  facet normal -0.3583679495453007 -0.9335804264972017 0
    outer loop
      vertex 46.081559480312315 43.32869780703304 -14
      vertex 46.081559480312315 43.32869780703304 -14.379285238190189
      vertex 46.4235782507653 43.1974091017491 -14.222526635065904
    endloop
  endfacet
  facet normal -0.5446390350150204 -0.8386705679454284 0
    outer loop
      vertex 46.75 43.03108891324553 -14
      vertex 46.75 43.03108891324553 -14.072916666666666
      vertex 46.90909090909091 42.927774068873205 -14
    endloop
  endfacet
  facet normal -0.45399049973955147 -0.8910065241883653 0
    outer loop
      vertex 46.75 43.03108891324553 -14
      vertex 46.4235782507653 43.1974091017491 -14
      vertex 46.75 43.03108891324553 -14.072916666666666
    endloop
  endfacet
  facet normal 0.15643446504023284 0.9876883405951373 0
    outer loop
      vertex -3.3658496214367872 36.51917336621104 -14
      vertex -3.3658496214367872 36.51917336621104 -14.70731892350814
      vertex -3.7276909178621587 36.57648339743168 -14.541474995979843
    endloop
  endfacet
  facet normal 0.2588190451025221 0.965925826289068 0
    outer loop
      vertex -3.7276909178621587 36.57648339743168 -14
      vertex -3.7276909178621587 36.57648339743168 -14.541474995979843
      vertex -4.081559480312315 36.67130219296696 -14.379285238190189
    endloop
  endfacet
  facet normal -0.83867056794542 0.5446390350150331 0
    outer loop
      vertex -0.16844051968768525 37.942751616976345 -14
      vertex 0.03108891324553653 38.25 -16.264249085237537
      vertex -0.16844051968768525 37.942751616976345 -16.172798095143143
    endloop
  endfacet
  facet normal -0.25881904510252207 0.965925826289068 0
    outer loop
      vertex -1.9184405196876853 36.67130219296696 -14
      vertex -1.9184405196876853 36.67130219296696 -15.370714761809811
      vertex -2.2723090821378413 36.57648339743168 -15.208525004020157
    endloop
  endfacet
  facet normal -0.5446390350150263 0.8386705679454246 0
    outer loop
      vertex -0.942751616976345 37.168440519687685 -14
      vertex -0.942751616976345 37.168440519687685 -15.817905508885842
      vertex -1.25 36.96891108675447 -15.677083333333334
    endloop
  endfacet
  facet normal -0.3583679495453038 0.9335804264972003 0
    outer loop
      vertex -1.5764217492347008 36.8025908982509 -14
      vertex -1.5764217492347008 36.8025908982509 -15.527473364934096
      vertex -1.9184405196876853 36.67130219296696 -15.370714761809811
    endloop
  endfacet
  facet normal -0.4539904997395475 0.8910065241883675 0
    outer loop
      vertex -1.25 36.96891108675447 -14
      vertex -1.25 36.96891108675447 -15.677083333333334
      vertex -1.5764217492347008 36.8025908982509 -15.527473364934096
    endloop
  endfacet
  facet normal -0.1564344650402328 0.9876883405951373 0
    outer loop
      vertex -2.2723090821378413 36.57648339743168 -14
      vertex -2.2723090821378413 36.57648339743168 -15.208525004020157
      vertex -2.6341503785632128 36.51917336621104 -15.04268107649186
    endloop
  endfacet
  facet normal -0.052335956242940955 0.998629534754574 0
    outer loop
      vertex -2.6341503785632128 36.51917336621104 -14
      vertex -2.6341503785632128 36.51917336621104 -15.04268107649186
      vertex -3 36.5 -14.875
    endloop
  endfacet
  facet normal 0.05233595624294094 0.998629534754574 0
    outer loop
      vertex -3 36.5 -14
      vertex -3 36.5 -14.875
      vertex -3.3658496214367872 36.51917336621104 -14.70731892350814
    endloop
  endfacet
  facet normal -0.05233595624294094 0.998629534754574 0
    outer loop
      vertex -3 36.5 -14
      vertex -2.6341503785632128 36.51917336621104 -14
      vertex -3 36.5 -14.875
    endloop
  endfacet
  facet normal -0.1564344650402328 0.9876883405951374 0
    outer loop
      vertex -2.6341503785632128 36.51917336621104 -14
      vertex -2.2723090821378413 36.57648339743168 -14
      vertex -2.6341503785632128 36.51917336621104 -15.04268107649186
    endloop
  endfacet
  facet normal -0.2588190451025221 0.9659258262890679 0
    outer loop
      vertex -2.2723090821378413 36.57648339743168 -14
      vertex -1.9184405196876853 36.67130219296696 -14
      vertex -2.2723090821378413 36.57648339743168 -15.208525004020157
    endloop
  endfacet
  facet normal -0.3583679495453039 0.9335804264972004 0
    outer loop
      vertex -1.9184405196876853 36.67130219296696 -14
      vertex -1.5764217492347008 36.8025908982509 -14
      vertex -1.9184405196876853 36.67130219296696 -15.370714761809811
    endloop
  endfacet
  facet normal -0.5446390350150262 0.8386705679454246 0
    outer loop
      vertex -1.25 36.96891108675447 -14
      vertex -0.942751616976345 37.168440519687685 -14
      vertex -1.25 36.96891108675447 -15.677083333333334
    endloop
  endfacet
  facet normal -0.4539904997395475 0.8910065241883675 0
    outer loop
      vertex -1.5764217492347008 36.8025908982509 -14
      vertex -1.25 36.96891108675447 -14
      vertex -1.5764217492347008 36.8025908982509 -15.527473364934096
    endloop
  endfacet
  facet normal -0.6293203910498275 0.7771459614569788 0
    outer loop
      vertex -0.6580428777439948 37.39899311082912 -14
      vertex -0.6580428777439948 37.39899311082912 -15.948397014367336
      vertex -0.942751616976345 37.168440519687685 -15.817905508885842
    endloop
  endfacet
  facet normal -0.7071067811865523 0.7071067811865427 0
    outer loop
      vertex -0.3989931108291209 37.658042877743995 -14
      vertex -0.3989931108291209 37.658042877743995 -16.067128157536654
      vertex -0.6580428777439948 37.39899311082912 -15.948397014367336
    endloop
  endfacet
  facet normal -0.7771459614569741 0.6293203910498335 0
    outer loop
      vertex -0.3989931108291209 37.658042877743995 -14
      vertex -0.16844051968768525 37.942751616976345 -16.172798095143143
      vertex -0.3989931108291209 37.658042877743995 -16.067128157536654
    endloop
  endfacet
  facet normal -0.6293203910498276 0.7771459614569789 0
    outer loop
      vertex -0.942751616976345 37.168440519687685 -14
      vertex -0.6580428777439948 37.39899311082912 -14
      vertex -0.942751616976345 37.168440519687685 -15.817905508885842
    endloop
  endfacet
  facet normal -0.7071067811865523 0.7071067811865426 0
    outer loop
      vertex -0.6580428777439948 37.39899311082912 -14
      vertex -0.3989931108291209 37.658042877743995 -14
      vertex -0.6580428777439948 37.39899311082912 -15.948397014367336
    endloop
  endfacet
  facet normal -0.777145961456974 0.6293203910498334 0
    outer loop
      vertex -0.3989931108291209 37.658042877743995 -14
      vertex -0.16844051968768525 37.942751616976345 -14
      vertex -0.16844051968768525 37.942751616976345 -16.172798095143143
    endloop
  endfacet
  facet normal -0.8910065241883695 0.45399049973954375 0
    outer loop
      vertex 0.03108891324553653 38.25 -14
      vertex 0.19740910174910198 38.5764217492347 -16.340479171635003
      vertex 0.03108891324553653 38.25 -16.264249085237537
    endloop
  endfacet
  facet normal -0.9335804264972016 0.3583679495453006 0
    outer loop
      vertex 0.19740910174910198 38.5764217492347 -14
      vertex 0.32869780703303775 38.918440519687685 -16.40065316155681
      vertex 0.19740910174910198 38.5764217492347 -16.340479171635003
    endloop
  endfacet
  facet normal -0.9659258262890685 0.2588190451025197 0
    outer loop
      vertex 0.32869780703303775 38.918440519687685 -14
      vertex 0.4235166025683199 39.272309082137845 -16.444111776177145
      vertex 0.32869780703303775 38.918440519687685 -16.40065316155681
    endloop
  endfacet
  facet normal -0.9876883405951371 0.15643446504023434 0
    outer loop
      vertex 0.4235166025683199 39.272309082137845 -14
      vertex 0.48082663378895774 39.63415037856321 -16.47037887381994
      vertex 0.4235166025683199 39.272309082137845 -16.444111776177145
    endloop
  endfacet
  facet normal -0.9986295347545739 0.05233595624294094 0
    outer loop
      vertex 0.48082663378895774 39.63415037856321 -14
      vertex 0.5 40 -16.479166666666668
      vertex 0.48082663378895774 39.63415037856321 -16.47037887381994
    endloop
  endfacet
  facet normal -0.8386705679454202 0.5446390350150331 0
    outer loop
      vertex -0.16844051968768525 37.942751616976345 -14
      vertex 0.03108891324553653 38.25 -14
      vertex 0.03108891324553653 38.25 -16.264249085237537
    endloop
  endfacet
  facet normal -0.8910065241883693 0.4539904997395438 0
    outer loop
      vertex 0.03108891324553653 38.25 -14
      vertex 0.19740910174910198 38.5764217492347 -14
      vertex 0.19740910174910198 38.5764217492347 -16.340479171635003
    endloop
  endfacet
  facet normal -0.9335804264972015 0.3583679495453006 0
    outer loop
      vertex 0.19740910174910198 38.5764217492347 -14
      vertex 0.32869780703303775 38.918440519687685 -14
      vertex 0.32869780703303775 38.918440519687685 -16.40065316155681
    endloop
  endfacet
  facet normal -0.9659258262890685 0.2588190451025197 0
    outer loop
      vertex 0.32869780703303775 38.918440519687685 -14
      vertex 0.4235166025683199 39.272309082137845 -14
      vertex 0.4235166025683199 39.272309082137845 -16.444111776177145
    endloop
  endfacet
  facet normal -0.9876883405951372 0.15643446504023434 0
    outer loop
      vertex 0.4235166025683199 39.272309082137845 -14
      vertex 0.48082663378895774 39.63415037856321 -14
      vertex 0.48082663378895774 39.63415037856321 -16.47037887381994
    endloop
  endfacet
  facet normal -0.998629534754574 0.05233595624294094 0
    outer loop
      vertex 0.48082663378895774 39.63415037856321 -14
      vertex 0.5 40 -14
      vertex 0.5 40 -16.479166666666668
    endloop
  endfacet
  facet normal 0.4539904997395476 0.8910065241883675 0
    outer loop
      vertex -4.423578250765299 36.8025908982509 -14
      vertex -4.75 36.96891108675447 -14.072916666666666
      vertex -4.75 36.96891108675447 -14
    endloop
  endfacet
  facet normal 0.5446390350150204 0.8386705679454284 0
    outer loop
      vertex -4.75 36.96891108675447 -14
      vertex -4.75 36.96891108675447 -14.072916666666666
      vertex -4.9090909090909065 37.072225931126795 -14
    endloop
  endfacet
  facet normal 0.3583679495453038 0.9335804264972003 0
    outer loop
      vertex -4.081559480312315 36.67130219296696 -14
      vertex -4.081559480312315 36.67130219296696 -14.379285238190189
      vertex -4.423578250765299 36.8025908982509 -14.222526635065904
    endloop
  endfacet
  facet normal 0.25881904510252207 0.9659258262890679 0
    outer loop
      vertex -4.081559480312315 36.67130219296696 -14
      vertex -3.7276909178621587 36.57648339743168 -14
      vertex -4.081559480312315 36.67130219296696 -14.379285238190189
    endloop
  endfacet
  facet normal 0.1564344650402328 0.9876883405951373 0
    outer loop
      vertex -3.7276909178621587 36.57648339743168 -14
      vertex -3.3658496214367872 36.51917336621104 -14
      vertex -3.7276909178621587 36.57648339743168 -14.541474995979843
    endloop
  endfacet
  facet normal 0.3583679495453038 0.9335804264972003 0
    outer loop
      vertex -4.423578250765299 36.8025908982509 -14
      vertex -4.081559480312315 36.67130219296696 -14
      vertex -4.423578250765299 36.8025908982509 -14.222526635065904
    endloop
  endfacet
  facet normal 0.4539904997395475 0.8910065241883675 0
    outer loop
      vertex -4.423578250765299 36.8025908982509 -14
      vertex -4.423578250765299 36.8025908982509 -14.222526635065904
      vertex -4.75 36.96891108675447 -14.072916666666666
    endloop
  endfacet
  facet normal 0 0 -1
    outer loop
      vertex -3.7276909178621587 36.57648339743168 -14
      vertex -3.5871322893124002 38.19299261903921 -14
      vertex -3.3658496214367872 36.51917336621104 -14
    endloop
  endfacet
  facet normal 0 0 -1
    outer loop
      vertex -4.889591601199719 39.80139591979146 -14
      vertex -4.75 36.96891108675447 -14
      vertex -4.9090909090909065 37.072225931126795 -14
    endloop
  endfacet
  facet normal 0 0 -1
    outer loop
      vertex -4.423578250765299 36.8025908982509 -14
      vertex -4.271348152081831 38.58802483159295 -14
      vertex -4.081559480312315 36.67130219296696 -14
    endloop
  endfacet
  facet normal 0 0 -1
    outer loop
      vertex -4.423578250765299 36.8025908982509 -14
      vertex -4.75 36.96891108675447 -14
      vertex -4.5371322893123995 38.883208020644304 -14
    endloop
  endfacet
  facet normal 0 0 -1
    outer loop
      vertex -4.081559480312315 36.67130219296696 -14
      vertex -3.9499999999999993 38.35455173280957 -14
      vertex -3.7276909178621587 36.57648339743168 -14
    endloop
  endfacet
  facet normal 0 0 -1
    outer loop
      vertex -3.3658496214367872 36.51917336621104 -14
      vertex -3.5871322893124002 38.19299261903921 -14
      vertex -3.395032212553744 38.14151955860577 -14
    endloop
  endfacet
  facet normal 0 0 -1
    outer loop
      vertex -4.081559480312315 36.67130219296696 -14
      vertex -4.1167919793557 38.4628677106876 -14
      vertex -3.9499999999999993 38.35455173280957 -14
    endloop
  endfacet
  facet normal 0 0 -1
    outer loop
      vertex -4.423578250765299 36.8025908982509 -14
      vertex -4.41197516840705 38.72865184791817 -14
      vertex -4.271348152081831 38.58802483159295 -14
    endloop
  endfacet
  facet normal 0 0 -1
    outer loop
      vertex -4.081559480312315 36.67130219296696 -14
      vertex -4.271348152081831 38.58802483159295 -14
      vertex -4.1167919793557 38.4628677106876 -14
    endloop
  endfacet
  facet normal 0 0 -1
    outer loop
      vertex -3.7276909178621587 36.57648339743168 -14
      vertex -3.772799621844019 38.26426363047906 -14
      vertex -3.5871322893124002 38.19299261903921 -14
    endloop
  endfacet
  facet normal 0 0 -1
    outer loop
      vertex -3.7276909178621587 36.57648339743168 -14
      vertex -3.9499999999999993 38.35455173280957 -14
      vertex -3.772799621844019 38.26426363047906 -14
    endloop
  endfacet
  facet normal 0 0 -1
    outer loop
      vertex -4.75 36.96891108675447 -14
      vertex -4.645448267190432 39.05 -14
      vertex -4.5371322893123995 38.883208020644304 -14
    endloop
  endfacet
  facet normal 0 0 -1
    outer loop
      vertex -4.75 36.96891108675447 -14
      vertex -4.735736369520943 39.22720037815598 -14
      vertex -4.645448267190432 39.05 -14
    endloop
  endfacet
  facet normal 0 0 -1
    outer loop
      vertex -4.8070073809607905 39.4128677106876 -14
      vertex -4.735736369520943 39.22720037815598 -14
      vertex -4.75 36.96891108675447 -14
    endloop
  endfacet
  facet normal 0 0 -1
    outer loop
      vertex -4.8070073809607905 39.4128677106876 -14
      vertex -4.75 36.96891108675447 -14
      vertex -4.8584804413942315 39.604967787446256 -14
    endloop
  endfacet
  facet normal 0 0 -1
    outer loop
      vertex -4.8584804413942315 39.604967787446256 -14
      vertex -4.75 36.96891108675447 -14
      vertex -4.889591601199719 39.80139591979146 -14
    endloop
  endfacet
  facet normal 0 0 -1
    outer loop
      vertex -4.889591601199719 39.80139591979146 -14
      vertex -4.9090909090909065 37.072225931126795 -14
      vertex -4.90909090909091 40.15381883751937 -14
    endloop
  endfacet
  facet normal 0 0 -1
    outer loop
      vertex -4.423578250765299 36.8025908982509 -14
      vertex -4.5371322893123995 38.883208020644304 -14
      vertex -4.41197516840705 38.72865184791817 -14
    endloop
  endfacet
  facet normal 0 0 -1
    outer loop
      vertex -4.889591601199719 39.80139591979146 -14
      vertex -4.90909090909091 40.15381883751937 -14
      vertex -4.899999999999999 40 -14
    endloop
  endfacet
  facet normal 0.05233595624294094 0.9986295347545739 0
    outer loop
      vertex -3.3658496214367872 36.51917336621104 -14
      vertex -3 36.5 -14
      vertex -3.3658496214367872 36.51917336621104 -14.70731892350814
    endloop
  endfacet
  facet normal 0 0 -1
    outer loop
      vertex -3.3658496214367872 36.51917336621104 -14
      vertex -3.19860408020854 38.11040839880028 -14
      vertex -3 36.5 -14
    endloop
  endfacet
  facet normal 0 0 -1
    outer loop
      vertex -3 36.5 -14
      vertex -3 38.1 -14
      vertex -2.6341503785632128 36.51917336621104 -14
    endloop
  endfacet
  facet normal 0 0 -1
    outer loop
      vertex -2.6341503785632128 36.51917336621104 -14
      vertex -2.80139591979146 38.11040839880028 -14
      vertex -2.2723090821378413 36.57648339743168 -14
    endloop
  endfacet
  facet normal 0 0 -1
    outer loop
      vertex -2.2723090821378413 36.57648339743168 -14
      vertex -2.4128677106875998 38.19299261903921 -14
      vertex -1.9184405196876853 36.67130219296696 -14
    endloop
  endfacet
  facet normal 0 0 -1
    outer loop
      vertex -3.3658496214367872 36.51917336621104 -14
      vertex -3.395032212553744 38.14151955860577 -14
      vertex -3.19860408020854 38.11040839880028 -14
    endloop
  endfacet
  facet normal 0 0 -1
    outer loop
      vertex -3.19860408020854 38.11040839880028 -14
      vertex -3 38.1 -14
      vertex -3 36.5 -14
    endloop
  endfacet
  facet normal 0 0 -1
    outer loop
      vertex -2.6341503785632128 36.51917336621104 -14
      vertex -3 38.1 -14
      vertex -2.80139591979146 38.11040839880028 -14
    endloop
  endfacet
  facet normal 0 0 -1
    outer loop
      vertex -2.2723090821378413 36.57648339743168 -14
      vertex -2.80139591979146 38.11040839880028 -14
      vertex -2.604967787446256 38.14151955860577 -14
    endloop
  endfacet
  facet normal 0 0 -1
    outer loop
      vertex -2.2723090821378413 36.57648339743168 -14
      vertex -2.604967787446256 38.14151955860577 -14
      vertex -2.4128677106875998 38.19299261903921 -14
    endloop
  endfacet
  facet normal 0 0 -1
    outer loop
      vertex -1.9184405196876853 36.67130219296696 -14
      vertex -2.4128677106875998 38.19299261903921 -14
      vertex -2.227200378155981 38.26426363047906 -14
    endloop
  endfacet
  facet normal 0 0 -1
    outer loop
      vertex -1.9184405196876853 36.67130219296696 -14
      vertex -2.0500000000000007 38.35455173280957 -14
      vertex -1.5764217492347008 36.8025908982509 -14
    endloop
  endfacet
  facet normal 0 0 -1
    outer loop
      vertex -1.5764217492347008 36.8025908982509 -14
      vertex -1.58802483159295 38.72865184791817 -14
      vertex -1.25 36.96891108675447 -14
    endloop
  endfacet
  facet normal 0 0 -1
    outer loop
      vertex -1.9184405196876853 36.67130219296696 -14
      vertex -2.227200378155981 38.26426363047906 -14
      vertex -2.0500000000000007 38.35455173280957 -14
    endloop
  endfacet
  facet normal 0 0 -1
    outer loop
      vertex -1.5764217492347008 36.8025908982509 -14
      vertex -2.0500000000000007 38.35455173280957 -14
      vertex -1.8832080206443003 38.4628677106876 -14
    endloop
  endfacet
  facet normal 0 0 -1
    outer loop
      vertex -1.5764217492347008 36.8025908982509 -14
      vertex -1.8832080206443003 38.4628677106876 -14
      vertex -1.7286518479181687 38.58802483159295 -14
    endloop
  endfacet
  facet normal 0 0 -1
    outer loop
      vertex -1.5764217492347008 36.8025908982509 -14
      vertex -1.7286518479181687 38.58802483159295 -14
      vertex -1.58802483159295 38.72865184791817 -14
    endloop
  endfacet
  facet normal 0 0 -1
    outer loop
      vertex -1.25 36.96891108675447 -14
      vertex -1.264263630479057 39.22720037815598 -14
      vertex -0.942751616976345 37.168440519687685 -14
    endloop
  endfacet
  facet normal 0 0 -1
    outer loop
      vertex -1.58802483159295 38.72865184791817 -14
      vertex -1.4628677106876005 38.883208020644304 -14
      vertex -1.25 36.96891108675447 -14
    endloop
  endfacet
  facet normal 0 0 -1
    outer loop
      vertex -1.4628677106876005 38.883208020644304 -14
      vertex -1.3545517328095684 39.05 -14
      vertex -1.25 36.96891108675447 -14
    endloop
  endfacet
  facet normal 0 0 -1
    outer loop
      vertex -1.3545517328095684 39.05 -14
      vertex -1.264263630479057 39.22720037815598 -14
      vertex -1.25 36.96891108675447 -14
    endloop
  endfacet
  facet normal 0 0 -1
    outer loop
      vertex -0.942751616976345 37.168440519687685 -14
      vertex -1.264263630479057 39.22720037815598 -14
      vertex -1.1929926190392095 39.4128677106876 -14
    endloop
  endfacet
  facet normal 0 0 -1
    outer loop
      vertex -0.942751616976345 37.168440519687685 -14
      vertex -1.1929926190392095 39.4128677106876 -14
      vertex -1.1415195586057685 39.604967787446256 -14
    endloop
  endfacet
  facet normal 0 0 -1
    outer loop
      vertex -0.942751616976345 37.168440519687685 -14
      vertex -1.1415195586057685 39.604967787446256 -14
      vertex -1.1104083988002813 39.80139591979146 -14
    endloop
  endfacet
  facet normal 0 0 -1
    outer loop
      vertex -0.942751616976345 37.168440519687685 -14
      vertex -1.1104083988002813 39.80139591979146 -14
      vertex -1.1000000000000014 40 -14
    endloop
  endfacet
  facet normal 0 0 -1
    outer loop
      vertex -0.942751616976345 37.168440519687685 -14
      vertex -1.1000000000000014 40 -14
      vertex -1.1104083988002813 40.19860408020854 -14
    endloop
  endfacet
  facet normal 0 0 -1
    outer loop
      vertex -0.942751616976345 37.168440519687685 -14
      vertex -0.942751616976345 42.831559480312315 -14
      vertex -0.6580428777439948 37.39899311082912 -14
    endloop
  endfacet
  facet normal 0 0 -1
    outer loop
      vertex -0.6580428777439948 37.39899311082912 -14
      vertex -0.6580428777439948 42.60100688917088 -14
      vertex -0.3989931108291209 37.658042877743995 -14
    endloop
  endfacet
  facet normal 0 0 -1
    outer loop
      vertex -0.3989931108291209 37.658042877743995 -14
      vertex -0.3989931108291209 42.341957122256005 -14
      vertex -0.16844051968768525 37.942751616976345 -14
    endloop
  endfacet
  facet normal 0 0 -1
    outer loop
      vertex -0.16844051968768525 37.942751616976345 -14
      vertex -0.16844051968768525 42.057248383023655 -14
      vertex 0.03108891324553653 38.25 -14
    endloop
  endfacet
  facet normal 0 0 -1
    outer loop
      vertex 0.03108891324553653 38.25 -14
      vertex 0.03108891324553653 41.75 -14
      vertex 0.19740910174910198 38.5764217492347 -14
    endloop
  endfacet
  facet normal 0 0 -1
    outer loop
      vertex 0.19740910174910198 38.5764217492347 -14
      vertex 0.19740910174910198 41.4235782507653 -14
      vertex 0.32869780703303775 38.918440519687685 -14
    endloop
  endfacet
  facet normal 0 0 -1
    outer loop
      vertex 0.32869780703303775 38.918440519687685 -14
      vertex 0.32869780703303775 41.081559480312315 -14
      vertex 0.4235166025683199 39.272309082137845 -14
    endloop
  endfacet
  facet normal 0 0 -1
    outer loop
      vertex 0.4235166025683199 39.272309082137845 -14
      vertex 0.4235166025683199 40.727690917862155 -14
      vertex 0.48082663378895774 39.63415037856321 -14
    endloop
  endfacet
  facet normal 0.15643446504023284 -0.9876883405951373 0
    outer loop
      vertex -3.3658496214367872 43.48082663378896 -14
      vertex -3.7276909178621587 43.42351660256832 -14.541474995979843
      vertex -3.3658496214367872 43.48082663378896 -14.70731892350814
    endloop
  endfacet
  facet normal 0.2588190451025221 -0.965925826289068 0
    outer loop
      vertex -3.7276909178621587 43.42351660256832 -14
      vertex -4.081559480312315 43.32869780703304 -14.379285238190189
      vertex -3.7276909178621587 43.42351660256832 -14.541474995979843
    endloop
  endfacet
  facet normal -0.998629534754574 -0.05233595624294094 0
    outer loop
      vertex 0.5 40 -14
      vertex 0.48082663378895774 40.36584962143679 -16.47037887381994
      vertex 0.5 40 -16.479166666666668
    endloop
  endfacet
  facet normal -0.9876883405951372 -0.15643446504023434 0
    outer loop
      vertex 0.48082663378895774 40.36584962143679 -14
      vertex 0.4235166025683199 40.727690917862155 -16.444111776177145
      vertex 0.48082663378895774 40.36584962143679 -16.47037887381994
    endloop
  endfacet
  facet normal -0.9659258262890685 -0.2588190451025197 0
    outer loop
      vertex 0.4235166025683199 40.727690917862155 -14
      vertex 0.32869780703303775 41.081559480312315 -16.40065316155681
      vertex 0.4235166025683199 40.727690917862155 -16.444111776177145
    endloop
  endfacet
  facet normal -0.8910065241883693 -0.4539904997395438 0
    outer loop
      vertex 0.19740910174910198 41.4235782507653 -14
      vertex 0.03108891324553653 41.75 -16.264249085237537
      vertex 0.19740910174910198 41.4235782507653 -16.340479171635003
    endloop
  endfacet
  facet normal -0.8386705679454202 -0.5446390350150331 0
    outer loop
      vertex 0.03108891324553653 41.75 -14
      vertex -0.16844051968768525 42.057248383023655 -16.172798095143143
      vertex 0.03108891324553653 41.75 -16.264249085237537
    endloop
  endfacet
  facet normal -0.9335804264972015 -0.3583679495453006 0
    outer loop
      vertex 0.32869780703303775 41.081559480312315 -14
      vertex 0.19740910174910198 41.4235782507653 -16.340479171635003
      vertex 0.32869780703303775 41.081559480312315 -16.40065316155681
    endloop
  endfacet
  facet normal -0.9986295347545739 -0.05233595624294094 0
    outer loop
      vertex 0.5 40 -14
      vertex 0.48082663378895774 40.36584962143679 -14
      vertex 0.48082663378895774 40.36584962143679 -16.47037887381994
    endloop
  endfacet
  facet normal -0.9876883405951371 -0.15643446504023434 0
    outer loop
      vertex 0.48082663378895774 40.36584962143679 -14
      vertex 0.4235166025683199 40.727690917862155 -14
      vertex 0.4235166025683199 40.727690917862155 -16.444111776177145
    endloop
  endfacet
  facet normal -0.9335804264972016 -0.3583679495453006 0
    outer loop
      vertex 0.32869780703303775 41.081559480312315 -14
      vertex 0.19740910174910198 41.4235782507653 -14
      vertex 0.19740910174910198 41.4235782507653 -16.340479171635003
    endloop
  endfacet
  facet normal -0.8910065241883695 -0.45399049973954375 0
    outer loop
      vertex 0.03108891324553653 41.75 -14
      vertex 0.03108891324553653 41.75 -16.264249085237537
      vertex 0.19740910174910198 41.4235782507653 -14
    endloop
  endfacet
  facet normal -0.9659258262890685 -0.2588190451025197 0
    outer loop
      vertex 0.32869780703303775 41.081559480312315 -14
      vertex 0.32869780703303775 41.081559480312315 -16.40065316155681
      vertex 0.4235166025683199 40.727690917862155 -14
    endloop
  endfacet
  facet normal -0.5446390350150263 -0.8386705679454246 0
    outer loop
      vertex -0.942751616976345 42.831559480312315 -14
      vertex -1.25 43.03108891324553 -15.677083333333334
      vertex -0.942751616976345 42.831559480312315 -15.817905508885842
    endloop
  endfacet
  facet normal -0.3583679495453038 -0.9335804264972003 0
    outer loop
      vertex -1.5764217492347008 43.1974091017491 -14
      vertex -1.9184405196876853 43.32869780703304 -15.370714761809811
      vertex -1.5764217492347008 43.1974091017491 -15.527473364934096
    endloop
  endfacet
  facet normal -0.4539904997395475 -0.8910065241883675 0
    outer loop
      vertex -1.25 43.03108891324553 -14
      vertex -1.5764217492347008 43.1974091017491 -15.527473364934096
      vertex -1.25 43.03108891324553 -15.677083333333334
    endloop
  endfacet
  facet normal -0.25881904510252207 -0.965925826289068 0
    outer loop
      vertex -1.9184405196876853 43.32869780703304 -14
      vertex -2.2723090821378413 43.42351660256832 -15.208525004020157
      vertex -1.9184405196876853 43.32869780703304 -15.370714761809811
    endloop
  endfacet
  facet normal -0.1564344650402328 -0.9876883405951373 0
    outer loop
      vertex -2.2723090821378413 43.42351660256832 -14
      vertex -2.6341503785632128 43.48082663378896 -15.04268107649186
      vertex -2.2723090821378413 43.42351660256832 -15.208525004020157
    endloop
  endfacet
  facet normal -0.052335956242940955 -0.998629534754574 0
    outer loop
      vertex -2.6341503785632128 43.48082663378896 -14
      vertex -3 43.5 -14.875
      vertex -2.6341503785632128 43.48082663378896 -15.04268107649186
    endloop
  endfacet
  facet normal 0.05233595624294094 -0.998629534754574 0
    outer loop
      vertex -3 43.5 -14
      vertex -3.3658496214367872 43.48082663378896 -14.70731892350814
      vertex -3 43.5 -14.875
    endloop
  endfacet
  facet normal -0.05233595624294094 -0.998629534754574 0
    outer loop
      vertex -3 43.5 -14
      vertex -3 43.5 -14.875
      vertex -2.6341503785632128 43.48082663378896 -14
    endloop
  endfacet
  facet normal -0.1564344650402328 -0.9876883405951374 0
    outer loop
      vertex -2.6341503785632128 43.48082663378896 -14
      vertex -2.6341503785632128 43.48082663378896 -15.04268107649186
      vertex -2.2723090821378413 43.42351660256832 -14
    endloop
  endfacet
  facet normal -0.5446390350150262 -0.8386705679454246 0
    outer loop
      vertex -1.25 43.03108891324553 -14
      vertex -1.25 43.03108891324553 -15.677083333333334
      vertex -0.942751616976345 42.831559480312315 -14
    endloop
  endfacet
  facet normal -0.4539904997395475 -0.8910065241883675 0
    outer loop
      vertex -1.5764217492347008 43.1974091017491 -14
      vertex -1.5764217492347008 43.1974091017491 -15.527473364934096
      vertex -1.25 43.03108891324553 -14
    endloop
  endfacet
  facet normal -0.2588190451025221 -0.9659258262890679 0
    outer loop
      vertex -2.2723090821378413 43.42351660256832 -14
      vertex -2.2723090821378413 43.42351660256832 -15.208525004020157
      vertex -1.9184405196876853 43.32869780703304 -14
    endloop
  endfacet
  facet normal -0.3583679495453039 -0.9335804264972004 0
    outer loop
      vertex -1.9184405196876853 43.32869780703304 -14
      vertex -1.9184405196876853 43.32869780703304 -15.370714761809811
      vertex -1.5764217492347008 43.1974091017491 -14
    endloop
  endfacet
  facet normal -0.777145961456974 -0.6293203910498334 0
    outer loop
      vertex -0.16844051968768525 42.057248383023655 -14
      vertex -0.3989931108291209 42.341957122256005 -16.067128157536654
      vertex -0.16844051968768525 42.057248383023655 -16.172798095143143
    endloop
  endfacet
  facet normal -0.7071067811865523 -0.7071067811865427 0
    outer loop
      vertex -0.3989931108291209 42.341957122256005 -14
      vertex -0.6580428777439948 42.60100688917088 -15.948397014367336
      vertex -0.3989931108291209 42.341957122256005 -16.067128157536654
    endloop
  endfacet
  facet normal -0.6293203910498275 -0.7771459614569788 0
    outer loop
      vertex -0.6580428777439948 42.60100688917088 -14
      vertex -0.942751616976345 42.831559480312315 -15.817905508885842
      vertex -0.6580428777439948 42.60100688917088 -15.948397014367336
    endloop
  endfacet
  facet normal -0.83867056794542 -0.5446390350150331 0
    outer loop
      vertex -0.16844051968768525 42.057248383023655 -14
      vertex -0.16844051968768525 42.057248383023655 -16.172798095143143
      vertex 0.03108891324553653 41.75 -14
    endloop
  endfacet
  facet normal -0.7771459614569741 -0.6293203910498335 0
    outer loop
      vertex -0.3989931108291209 42.341957122256005 -14
      vertex -0.3989931108291209 42.341957122256005 -16.067128157536654
      vertex -0.16844051968768525 42.057248383023655 -14
    endloop
  endfacet
  facet normal -0.7071067811865523 -0.7071067811865426 0
    outer loop
      vertex -0.3989931108291209 42.341957122256005 -14
      vertex -0.6580428777439948 42.60100688917088 -14
      vertex -0.6580428777439948 42.60100688917088 -15.948397014367336
    endloop
  endfacet
  facet normal -0.6293203910498276 -0.7771459614569789 0
    outer loop
      vertex -0.942751616976345 42.831559480312315 -14
      vertex -0.942751616976345 42.831559480312315 -15.817905508885842
      vertex -0.6580428777439948 42.60100688917088 -14
    endloop
  endfacet
  facet normal 0 0 -1
    outer loop
      vertex -4.899999999999999 40 -14
      vertex -4.90909090909091 40.15381883751937 -14
      vertex -4.889591601199719 40.19860408020854 -14
    endloop
  endfacet
  facet normal 0 0 -1
    outer loop
      vertex -4.889591601199719 40.19860408020854 -14
      vertex -4.90909090909091 40.15381883751937 -14
      vertex -4.8584804413942315 40.395032212553744 -14
    endloop
  endfacet
  facet normal 0 0 -1
    outer loop
      vertex -4.8584804413942315 40.395032212553744 -14
      vertex -4.90909090909091 40.15381883751937 -14
      vertex -4.9090909090909065 42.927774068873205 -14
    endloop
  endfacet
  facet normal 0 0 -1
    outer loop
      vertex -4.8584804413942315 40.395032212553744 -14
      vertex -4.9090909090909065 42.927774068873205 -14
      vertex -4.8070073809607905 40.5871322893124 -14
    endloop
  endfacet
  facet normal 0 0 -1
    outer loop
      vertex -4.8070073809607905 40.5871322893124 -14
      vertex -4.9090909090909065 42.927774068873205 -14
      vertex -4.735736369520943 40.77279962184402 -14
    endloop
  endfacet
  facet normal 0 0 -1
    outer loop
      vertex -4.735736369520943 40.77279962184402 -14
      vertex -4.75 43.03108891324553 -14
      vertex -4.645448267190432 40.95 -14
    endloop
  endfacet
  facet normal 0 0 -1
    outer loop
      vertex -4.645448267190432 40.95 -14
      vertex -4.75 43.03108891324553 -14
      vertex -4.5371322893123995 41.116791979355696 -14
    endloop
  endfacet
  facet normal 0 0 -1
    outer loop
      vertex -4.5371322893123995 41.116791979355696 -14
      vertex -4.75 43.03108891324553 -14
      vertex -4.41197516840705 41.27134815208183 -14
    endloop
  endfacet
  facet normal 0 0 -1
    outer loop
      vertex -4.735736369520943 40.77279962184402 -14
      vertex -4.9090909090909065 42.927774068873205 -14
      vertex -4.75 43.03108891324553 -14
    endloop
  endfacet
  facet normal 0 0 -1
    outer loop
      vertex -4.41197516840705 41.27134815208183 -14
      vertex -4.423578250765299 43.1974091017491 -14
      vertex -4.271348152081831 41.41197516840705 -14
    endloop
  endfacet
  facet normal 0 0 -1
    outer loop
      vertex -4.271348152081831 41.41197516840705 -14
      vertex -4.423578250765299 43.1974091017491 -14
      vertex -4.1167919793557 41.5371322893124 -14
    endloop
  endfacet
  facet normal 0 0 -1
    outer loop
      vertex -4.1167919793557 41.5371322893124 -14
      vertex -4.423578250765299 43.1974091017491 -14
      vertex -3.9499999999999993 41.64544826719043 -14
    endloop
  endfacet
  facet normal 0 0 -1
    outer loop
      vertex -3.9499999999999993 41.64544826719043 -14
      vertex -4.081559480312315 43.32869780703304 -14
      vertex -3.772799621844019 41.73573636952094 -14
    endloop
  endfacet
  facet normal 0 0 -1
    outer loop
      vertex -3.772799621844019 41.73573636952094 -14
      vertex -4.081559480312315 43.32869780703304 -14
      vertex -3.5871322893124002 41.80700738096079 -14
    endloop
  endfacet
  facet normal 0 0 -1
    outer loop
      vertex -4.41197516840705 41.27134815208183 -14
      vertex -4.75 43.03108891324553 -14
      vertex -4.423578250765299 43.1974091017491 -14
    endloop
  endfacet
  facet normal 0 0 -1
    outer loop
      vertex -3.9499999999999993 41.64544826719043 -14
      vertex -4.423578250765299 43.1974091017491 -14
      vertex -4.081559480312315 43.32869780703304 -14
    endloop
  endfacet
  facet normal 0 0 -1
    outer loop
      vertex -3.5871322893124002 41.80700738096079 -14
      vertex -3.7276909178621587 43.42351660256832 -14
      vertex -3.395032212553744 41.85848044139423 -14
    endloop
  endfacet
  facet normal 0 0 -1
    outer loop
      vertex -3.395032212553744 41.85848044139423 -14
      vertex -3.7276909178621587 43.42351660256832 -14
      vertex -3.19860408020854 41.88959160119972 -14
    endloop
  endfacet
  facet normal 0.5446390350150204 -0.8386705679454284 0
    outer loop
      vertex -4.75 43.03108891324553 -14
      vertex -4.9090909090909065 42.927774068873205 -14
      vertex -4.75 43.03108891324553 -14.072916666666666
    endloop
  endfacet
  facet normal 0.4539904997395476 -0.8910065241883675 0
    outer loop
      vertex -4.75 43.03108891324553 -14
      vertex -4.75 43.03108891324553 -14.072916666666666
      vertex -4.423578250765299 43.1974091017491 -14
    endloop
  endfacet
  facet normal 0.4539904997395475 -0.8910065241883675 0
    outer loop
      vertex -4.423578250765299 43.1974091017491 -14
      vertex -4.75 43.03108891324553 -14.072916666666666
      vertex -4.423578250765299 43.1974091017491 -14.222526635065904
    endloop
  endfacet
  facet normal 0.3583679495453038 -0.9335804264972003 0
    outer loop
      vertex -4.423578250765299 43.1974091017491 -14
      vertex -4.423578250765299 43.1974091017491 -14.222526635065904
      vertex -4.081559480312315 43.32869780703304 -14
    endloop
  endfacet
  facet normal 0 0 -1
    outer loop
      vertex -3.5871322893124002 41.80700738096079 -14
      vertex -4.081559480312315 43.32869780703304 -14
      vertex -3.7276909178621587 43.42351660256832 -14
    endloop
  endfacet
  facet normal 0 0 -1
    outer loop
      vertex -3.19860408020854 41.88959160119972 -14
      vertex -3.7276909178621587 43.42351660256832 -14
      vertex -3.3658496214367872 43.48082663378896 -14
    endloop
  endfacet
  facet normal 0.3583679495453038 -0.9335804264972003 0
    outer loop
      vertex -4.081559480312315 43.32869780703304 -14
      vertex -4.423578250765299 43.1974091017491 -14.222526635065904
      vertex -4.081559480312315 43.32869780703304 -14.379285238190189
    endloop
  endfacet
  facet normal 0.25881904510252207 -0.9659258262890679 0
    outer loop
      vertex -4.081559480312315 43.32869780703304 -14
      vertex -4.081559480312315 43.32869780703304 -14.379285238190189
      vertex -3.7276909178621587 43.42351660256832 -14
    endloop
  endfacet
  facet normal 0.1564344650402328 -0.9876883405951373 0
    outer loop
      vertex -3.7276909178621587 43.42351660256832 -14
      vertex -3.7276909178621587 43.42351660256832 -14.541474995979843
      vertex -3.3658496214367872 43.48082663378896 -14
    endloop
  endfacet
  facet normal 0 0 -1
    outer loop
      vertex -0.942751616976345 37.168440519687685 -14
      vertex -1.1104083988002813 40.19860408020854 -14
      vertex -1.25 43.03108891324553 -14
    endloop
  endfacet
  facet normal 0 0 -1
    outer loop
      vertex -0.942751616976345 37.168440519687685 -14
      vertex -1.25 43.03108891324553 -14
      vertex -0.942751616976345 42.831559480312315 -14
    endloop
  endfacet
  facet normal 0 0 -1
    outer loop
      vertex -1.1415195586057685 40.395032212553744 -14
      vertex -1.25 43.03108891324553 -14
      vertex -1.1104083988002813 40.19860408020854 -14
    endloop
  endfacet
  facet normal 0 0 -1
    outer loop
      vertex -1.1415195586057685 40.395032212553744 -14
      vertex -1.1929926190392095 40.5871322893124 -14
      vertex -1.25 43.03108891324553 -14
    endloop
  endfacet
  facet normal 0 0 -1
    outer loop
      vertex -1.3545517328095684 40.95 -14
      vertex -1.25 43.03108891324553 -14
      vertex -1.264263630479057 40.77279962184402 -14
    endloop
  endfacet
  facet normal 0 0 -1
    outer loop
      vertex -1.1929926190392095 40.5871322893124 -14
      vertex -1.264263630479057 40.77279962184402 -14
      vertex -1.25 43.03108891324553 -14
    endloop
  endfacet
  facet normal 0 0 -1
    outer loop
      vertex -1.4628677106876005 41.116791979355696 -14
      vertex -1.25 43.03108891324553 -14
      vertex -1.3545517328095684 40.95 -14
    endloop
  endfacet
  facet normal 0 0 -1
    outer loop
      vertex -1.4628677106876005 41.116791979355696 -14
      vertex -1.58802483159295 41.27134815208183 -14
      vertex -1.5764217492347008 43.1974091017491 -14
    endloop
  endfacet
  facet normal 0 0 -1
    outer loop
      vertex -0.3989931108291209 37.658042877743995 -14
      vertex -0.6580428777439948 42.60100688917088 -14
      vertex -0.3989931108291209 42.341957122256005 -14
    endloop
  endfacet
  facet normal 0 0 -1
    outer loop
      vertex 0.03108891324553653 38.25 -14
      vertex -0.16844051968768525 42.057248383023655 -14
      vertex 0.03108891324553653 41.75 -14
    endloop
  endfacet
  facet normal 0 0 -1
    outer loop
      vertex 0.19740910174910198 38.5764217492347 -14
      vertex 0.03108891324553653 41.75 -14
      vertex 0.19740910174910198 41.4235782507653 -14
    endloop
  endfacet
  facet normal 0 0 -1
    outer loop
      vertex -0.16844051968768525 37.942751616976345 -14
      vertex -0.3989931108291209 42.341957122256005 -14
      vertex -0.16844051968768525 42.057248383023655 -14
    endloop
  endfacet
  facet normal 0 0 -1
    outer loop
      vertex 0.48082663378895774 39.63415037856321 -14
      vertex 0.48082663378895774 40.36584962143679 -14
      vertex 0.5 40 -14
    endloop
  endfacet
  facet normal 0 0 -1
    outer loop
      vertex 0.48082663378895774 39.63415037856321 -14
      vertex 0.4235166025683199 40.727690917862155 -14
      vertex 0.48082663378895774 40.36584962143679 -14
    endloop
  endfacet
  facet normal 0 0 -1
    outer loop
      vertex 0.4235166025683199 39.272309082137845 -14
      vertex 0.32869780703303775 41.081559480312315 -14
      vertex 0.4235166025683199 40.727690917862155 -14
    endloop
  endfacet
  facet normal 0 0 -1
    outer loop
      vertex 0.32869780703303775 38.918440519687685 -14
      vertex 0.19740910174910198 41.4235782507653 -14
      vertex 0.32869780703303775 41.081559480312315 -14
    endloop
  endfacet
  facet normal 0 0 -1
    outer loop
      vertex -0.6580428777439948 37.39899311082912 -14
      vertex -0.942751616976345 42.831559480312315 -14
      vertex -0.6580428777439948 42.60100688917088 -14
    endloop
  endfacet
  facet normal 0 0 -1
    outer loop
      vertex -2.227200378155981 41.73573636952094 -14
      vertex -2.2723090821378413 43.42351660256832 -14
      vertex -2.0500000000000007 41.64544826719043 -14
    endloop
  endfacet
  facet normal 0 0 -1
    outer loop
      vertex -2.4128677106875998 41.80700738096079 -14
      vertex -2.2723090821378413 43.42351660256832 -14
      vertex -2.227200378155981 41.73573636952094 -14
    endloop
  endfacet
  facet normal 0 0 -1
    outer loop
      vertex -3.19860408020854 41.88959160119972 -14
      vertex -3.3658496214367872 43.48082663378896 -14
      vertex -3 41.9 -14
    endloop
  endfacet
  facet normal 0 0 -1
    outer loop
      vertex -3 41.9 -14
      vertex -3 43.5 -14
      vertex -2.80139591979146 41.88959160119972 -14
    endloop
  endfacet
  facet normal 0 0 -1
    outer loop
      vertex -2.80139591979146 41.88959160119972 -14
      vertex -2.6341503785632128 43.48082663378896 -14
      vertex -2.604967787446256 41.85848044139423 -14
    endloop
  endfacet
  facet normal 0 0 -1
    outer loop
      vertex -2.604967787446256 41.85848044139423 -14
      vertex -2.6341503785632128 43.48082663378896 -14
      vertex -2.4128677106875998 41.80700738096079 -14
    endloop
  endfacet
  facet normal 0 0 -1
    outer loop
      vertex -1.7286518479181687 41.41197516840705 -14
      vertex -1.5764217492347008 43.1974091017491 -14
      vertex -1.58802483159295 41.27134815208183 -14
    endloop
  endfacet
  facet normal 0 0 -1
    outer loop
      vertex -1.8832080206443003 41.5371322893124 -14
      vertex -1.9184405196876853 43.32869780703304 -14
      vertex -1.7286518479181687 41.41197516840705 -14
    endloop
  endfacet
  facet normal 0 0 -1
    outer loop
      vertex -2.0500000000000007 41.64544826719043 -14
      vertex -1.9184405196876853 43.32869780703304 -14
      vertex -1.8832080206443003 41.5371322893124 -14
    endloop
  endfacet
  facet normal 0 0 -1
    outer loop
      vertex -2.0500000000000007 41.64544826719043 -14
      vertex -2.2723090821378413 43.42351660256832 -14
      vertex -1.9184405196876853 43.32869780703304 -14
    endloop
  endfacet
  facet normal 0 0 -1
    outer loop
      vertex -1.7286518479181687 41.41197516840705 -14
      vertex -1.9184405196876853 43.32869780703304 -14
      vertex -1.5764217492347008 43.1974091017491 -14
    endloop
  endfacet
  facet normal 0 0 -1
    outer loop
      vertex -1.4628677106876005 41.116791979355696 -14
      vertex -1.5764217492347008 43.1974091017491 -14
      vertex -1.25 43.03108891324553 -14
    endloop
  endfacet
  facet normal 0 0 -1
    outer loop
      vertex -3.3658496214367872 43.48082663378896 -14
      vertex -3 43.5 -14
      vertex -3 41.9 -14
    endloop
  endfacet
  facet normal 0 0 -1
    outer loop
      vertex -2.80139591979146 41.88959160119972 -14
      vertex -3 43.5 -14
      vertex -2.6341503785632128 43.48082663378896 -14
    endloop
  endfacet
  facet normal 0 0 -1
    outer loop
      vertex -2.4128677106875998 41.80700738096079 -14
      vertex -2.6341503785632128 43.48082663378896 -14
      vertex -2.2723090821378413 43.42351660256832 -14
    endloop
  endfacet
  facet normal 0.05233595624294094 -0.9986295347545739 0
    outer loop
      vertex -3.3658496214367872 43.48082663378896 -14
      vertex -3.3658496214367872 43.48082663378896 -14.70731892350814
      vertex -3 43.5 -14
    endloop
  endfacet
endsolid OpenSCAD_Model
